IMF_1,IMF_2,IMF_3,IMF_4,IMF_5,IMF_6,IMF_7,IMF_8,IMF_9,timestamp
-20.72134111506252,10.844049556440046,-1.3481738143799549,5.505238917446299,1.6081902085768711,4.77812640588868,-6.185081284909605,-4.40667561767877,-0.9962445261399876,6164606.5
-21.67265920398671,11.275191308715167,-1.3917016598132421,5.733416163845285,1.3571639310305301,5.044011990419816,-6.224263108835936,-4.415682369388588,-0.9958962218052617,6164643.0
-14.183381543871054,8.859654719140172,-1.2250763100826711,5.8917952708982435,1.0973898608509565,5.306990762222887,-6.262591079038477,-4.424381749517742,-0.9954908004212578,6164679.5
-1.5546973034291682,4.55769803407927,-0.8897890527013886,5.982269762639048,0.8286931874126114,5.566812260295197,-6.300056592286978,-4.432771866800874,-0.9950280990266621,6164716.0
14.291752845136466,-0.5744259517924507,-0.4397837048918254,6.00800248750116,0.5509974605776431,5.8232260236340485,-6.336651045351199,-4.440850829972631,-0.99450795466015,6164752.5
24.30311651993207,-5.355684434108607,0.07099591612358806,5.971678181830799,0.26470434229543144,6.0759815912367845,-6.372365835000933,-4.448616747767655,-0.9939302043604206,6164789.0
17.727698077846053,-8.815744547285004,0.588605993122423,5.875536824461825,-0.029339747972277255,6.324828502100714,-6.407192358005937,-4.456067728920594,-0.9932946851661495,6164825.5
9.629705308628319,-10.839752858598926,1.0591027088822487,5.72170285817657,-0.3301728547122159,6.569516295223163,-6.44112201113599,-4.463201882166093,-0.9926012341160207,6164862.0
-3.0265441740275993,-11.441891449469857,1.4330819363791825,5.512293009278614,-0.6368253059323554,6.809794509601437,-6.474146191160844,-4.470017316238799,-0.9918496882487199,6164898.5
-31.230917834280614,-10.77349452301015,1.6853330769563852,5.2500746752498255,-0.9483274296406757,7.045412684232847,-6.506256294850265,-4.476512139873353,-0.9910398846029385,6164935.0
-26.649591841788126,-8.963064359327964,1.8191927319882546,4.940358836035109,-1.2637095538451424,7.27612035811473,-6.537443718974043,-4.482684461804401,-0.9901716602173634,6164971.5
-13.817622929144667,-6.312471463509997,1.8435741268262413,4.588802635517995,-1.582002006553726,7.501667070244389,-6.567699860301935,-4.4885323907665855,-0.9892448521306546,6165008.0
7.610652688494758,-3.163351195373587,1.76753527201031,4.200727769684631,-1.902235115774407,7.7218023596191525,-6.597016115603713,-4.494054035494556,-0.9882592973815291,6165044.5
41.21017888337153,0.07442099786751738,1.6002180870819338,3.7813720255196515,-2.2234392095151567,7.936275765236331,-6.625383881649139,-4.49924750472296,-0.9872148330086511,6165081.0
34.08147013713725,3.150691059589369,1.350768444273169,3.3359692373171077,-2.5446446157839495,8.144836826093249,-6.652794555207988,-4.504110907186437,-0.9861112960507158,6165117.5
8.382111367668605,5.917096496942939,1.0283322158160701,2.8697532393710588,-2.864881662588753,8.347235081187206,-6.679239533050025,-4.508642351619634,-0.9849485235464048,6165154.0
-21.387303886873873,8.210594696795313,0.6420552739427006,2.387957865975534,-3.1831806779375365,8.54322006951554,-6.704710211945022,-4.512839946757195,-0.9837263525344002,6165190.5
-47.39798120572458,9.961840163408546,0.20108349088511648,1.8958169514246064,-3.498571989838285,8.732541330075563,-6.729197988662749,-4.516701801333768,-0.9824446200533836,6165227.0
-54.30192367639832,11.001062638207694,-0.2861999900072397,1.39856433001232,-3.810085926298961,8.914948401864581,-6.752694259972967,-4.52022602408399,-0.9811031631420547,6165263.5
-43.03677402382043,11.259161212657816,-0.8144637380143812,0.9014338360327251,-4.116752815327542,9.090190823879926,-6.77519042264545,-4.5234107237425185,-0.9797018188390907,6165300.0
3.7374710117913876,10.53352552822818,-1.3747033571281793,0.40965930377988286,-4.417602984931999,9.25801813511891,-6.796677873449969,-4.526254009043991,-0.9782404241831637,6165336.5
60.449141851242395,8.617634094575887,-1.9399844805512818,-0.07152543245216487,-4.71166676312031,9.41817987457886,-6.817148009156301,-4.528753988723049,-0.9767188162129852,6165373.0
26.14983165048054,5.4004518531659835,-2.4782329084369903,-0.5368865383693653,-4.99797447790044,9.570425581257073,-6.836592226534192,-4.530908771514347,-0.9751368319672072,6165409.5
18.150663438808902,1.5652296344877803,-2.957199203317998,-0.9811901796776558,-5.275556457280372,9.71450479415088,-6.855001922353424,-4.5327164661525225,-0.9734943084845338,6165446.0
-17.014232250277413,-2.231181235161421,-3.344633927726991,-1.3992025220830033,-5.543443029268071,9.8501670522576,-6.872368493383767,-4.534175139309225,-0.9717911248666443,6165482.5
-64.89270894531053,-5.178885367457103,-3.6082876441966687,-1.7856897312913418,-5.800664521871508,9.97716189457454,-6.8886833363949815,-4.535282689404106,-0.9700273284672332,6165519.0
-31.21020585079078,-6.800540554798684,-3.715758058567612,-2.135417973008623,-6.046251263098658,10.095238860099027,-6.903937848156845,-4.536036972793819,-0.9682030087029514,6165555.5
7.552510897105765,-7.438063796106419,-3.632206258054388,-2.444906893370149,-6.2792335809575,10.204147487828372,-6.918123425439119,-4.536435821955246,-0.9663182788702578,6165592.0
65.28634910475014,-7.744535188211224,-3.3144092527906794,-2.7176900602286342,-6.498641803455998,10.303637316759904,-6.931231465011587,-4.536476973846205,-0.9643733477846642,6165628.5
59.61736162826447,-8.180898689744184,-2.7157422842612378,-2.958459998036586,-6.7035062586021334,10.393457885890932,-6.943253363644006,-4.53615814154475,-0.9623684481414538,6165665.0
30.878546342066198,-8.60515883568004,-1.802467131220666,-3.1695311359283767,-6.892857274403877,10.473358734218776,-6.954180518106142,-4.535477038128931,-0.9603038126358809,6165701.5
-11.489438441924179,-8.74015119605897,-0.5809904986906606,-3.352623379208861,-7.0657251788691955,10.543089400740739,-6.964004325167761,-4.534431376676793,-0.9581796739632596,6165738.0
-63.742921402556696,-8.207212064036359,0.8569946221927672,-3.5094566331828467,-7.221140300006065,10.602399424454166,-6.972716181598652,-4.533018870266391,-0.9559962648188552,6165774.5
-28.92276253076409,-6.596320406170197,2.3552142257789166,-3.641749893391958,-7.358133875585695,10.65103834435635,-6.980307484168558,-4.531237231975776,-0.9537538178979376,6165811.0
8.659498384081497,-4.1660553294848075,3.744715205322883,-3.7512175658675804,-7.475741732889494,10.688755699444629,-6.986769629647272,-4.529084174882996,-0.9514525658958024,6165847.5
63.19356814868337,-1.1169125888533582,4.8563276658530965,-3.8395693450487456,-7.573004410791243,10.715301028716308,-6.99209401480455,-4.526557412066102,-0.9490927415077213,6165884.0
40.1299858629037,2.190917615951893,5.520880624138207,-3.9085139749171858,-7.648963398622,10.730423871168702,-6.996271526895714,-4.523655166117584,-0.9466745774289622,6165920.5
5.634545152236102,5.006831719527302,5.569389067116986,-3.9599461696247964,-7.702660185712799,10.733873765799132,-6.999291015118374,-4.520377697687664,-0.9441983063548339,6165957.0
-47.70055983907666,6.502516597719987,4.8336386726294815,-3.996531334224666,-7.733136261394731,10.725403318499708,-7.0011436207822735,-4.5167260422092,-0.9416641609805911,6165993.5
-64.97993009044977,5.78138776610743,3.231664813497082,-4.021228084823668,-7.739433114998828,10.704777402741668,-7.001831691703521,-4.512702296187828,-0.9390723740015142,6166030.0
-32.246916633771185,2.2021338570294255,1.0253556084725695,-4.037021847749551,-7.720607733086755,10.67177945612165,-7.00136037732482,-4.508308821397376,-0.9364231781128945,6166066.5
5.045377010614174,-2.415416492644981,-1.437444339763621,-4.046866396626667,-7.6758739707451635,10.626318132057882,-6.999734827088894,-4.50354797961167,-0.9337168060100041,6166103.0
67.30641570538793,-5.7227830290731925,-3.8088904285311016,-4.053480301129932,-7.604949291837346,10.5685704887958,-6.996960190438426,-4.49842213260454,-0.9309534903881238,6166139.5
63.14392012000607,-5.875342992122474,-5.739486368214022,-4.0591170828992675,-7.508079435160765,10.498776811480006,-6.993041616816139,-4.492933642149814,-0.92813346394253,6166176.0
41.65826104230651,-3.6114571435538845,-6.9268094656846335,-4.06592952587966,-7.385610877207805,10.417177385255096,-6.987984255664733,-4.487084870021314,-0.9252569593685258,6166212.5
-7.778713579534283,0.11920328451610236,-7.281506717798364,-4.076065468946193,-7.237895039540741,10.324012495265677,-6.981793256426915,-4.480878177992875,-0.9223242093613522,6166249.0
-67.82930546146724,4.219702068328118,-6.770580330891865,-4.088914997663179,-7.065366231781088,10.219522426656347,-6.974473768545399,-4.474315927838318,-0.9193354466163123,6166285.5
-39.86279582370128,7.72356448838072,-5.371731972308094,-4.093141356904059,-6.868486143234893,10.103947464571702,-6.966030941462869,-4.467400481331484,-0.9162909038286866,6166322.0
-14.398571201512418,9.391818140239609,-3.065338174641556,-4.0747041123955405,-6.6477452771034065,9.977527894156337,-6.956469924622052,-4.4601342002461815,-0.9131908136937388,6166358.5
18.214314311516958,8.063981512948471,0.08174819434158824,-4.0194769421012735,-6.403720024350891,9.840504000554859,-6.945795867465646,-4.452519446356249,-0.9100354089067604,6166395.0
61.01830521583486,2.9703436405664347,3.6088011278293504,-3.913104604191914,-6.137215695734631,9.69311606891186,-6.9340139194363575,-4.444558581435515,-0.9068249221630259,6166431.5
35.36834937876864,-5.530186281117397,6.7767470904004155,-3.74117615934279,-5.84909329950724,9.535604384371952,-6.921129229976895,-4.436253967257806,-0.9035595861578226,6166468.0
9.368405605074027,-13.97651319538288,8.79854474827408,-3.489285292082144,-5.540209220068414,9.368209232079725,-6.907146948529964,-4.427607965596949,-0.9002396335864238,6166504.5
-24.084456387591075,-18.014808958412054,8.889013298114307,-3.144904712794588,-5.211401346406159,9.191170897179777,-6.892072224538267,-4.418622938226773,-0.8968652971441136,6166541.0
-46.34126579544451,-13.727606216671319,6.581145771927115,-2.705969886899585,-4.8635029436555826,9.004729664816722,-6.875910207444527,-4.409301246921098,-0.8934368095261518,6166577.5
-23.53343314615295,-0.0322641018187314,2.6527225864157757,-2.184340847873358,-4.497347276951775,8.80912582013514,-6.858666046691422,-4.399645253453765,-0.8899544034278558,6166614.0
-18.784244625855248,16.701048808799694,-1.8077441281532571,-1.594893638595185,-4.113767611429841,8.604599648279647,-6.84034489172168,-4.389657319598596,-0.8864183115444734,6166650.5
32.97165945449874,28.302132662648944,-5.711742241513535,-0.952504301944342,-3.7135972122248724,8.391391434394826,-6.820951891977994,-4.379339807129413,-0.8828287665712964,6166687.0
28.10719962392339,27.16108198508666,-8.167729241255486,-0.2720488808000869,-3.2976693444719816,8.169741463625291,-6.800492196903081,-4.368695077820051,-0.8791860012036035,6166723.5
14.647967670756177,10.122072113574873,-9.072805791448594,0.4323612870098526,-2.8668172733062445,7.939890021115634,-6.7789709559396405,-4.3577254934443355,-0.8754902481366666,6166760.0
-0.6473222376233206,-14.667082775609668,-8.518183957874884,1.1437566475134948,-2.4218742638627724,7.702077392010457,-6.75639331853038,-4.346433415776095,-0.8717417400657779,6166796.5
-17.970489183926293,-36.1616242560994,-6.572172365965364,1.822264206387787,-1.9636735812766672,7.456543861454359,-6.73276443411801,-4.334821206589153,-0.8679407096861982,6166833.0
15.41914704996673,-40.812789202357436,-3.297162604800403,2.4220939329590476,-1.4930484906830233,7.203529714591941,-6.70808945214523,-4.32289122765734,-0.8640873896932239,6166869.5
-13.39995953024245,-13.560243724725218,1.0118881848356482,2.8974557965535817,-1.0108322572169248,6.943275236567799,-6.682373522054753,-4.310645840754485,-0.8601820127821401,6166906.0
-0.2997151470273759,25.66815850144714,5.12976065534243,3.2025597664977146,-0.517858146013491,6.676020712526535,-6.655621793289276,-4.298087407654415,-0.8562248116482057,6166942.5
10.835143640044056,45.03978968960789,7.598669907415585,3.2916061157749135,-0.014949725864957927,6.402006427612747,-6.62783941529151,-4.2852182901309614,-0.8522160189867062,6166979.0
-10.446907765131165,22.830013196952414,7.39378568906688,3.133744163980146,0.4968556332967912,6.121472666971034,-6.59903153750416,-4.272040849957945,-0.8481558674929309,6167015.5
-4.936759655844268,-18.74403449328767,5.222096337572507,2.758346645765989,1.0152381283697958,5.834659715746002,-6.569203309369939,-4.2585574489091975,-0.8440445898621565,6167052.0
12.130506395722204,-45.397207511777424,2.2235448375247926,2.210901261643434,1.5364982358655475,5.541807859082242,-6.538359880331544,-4.244770448758545,-0.839882418789655,6167088.5
-4.210994782593106,-37.15038514936538,-0.6077390663216182,1.5371774955923734,2.05665464882665,5.243157382124359,-6.506506399831693,-4.230682211279815,-0.835669586970716,6167125.0
-17.60045103971911,-8.280872060782029,-2.860878588562619,0.7829448315926737,2.5717260602957173,4.938948570016949,-6.473648017313077,-4.216295098246839,-0.8314063271006117,6167161.5
-21.47364662241353,22.483175536908675,-4.270810183631801,-0.0060272463757799054,3.0777311633153492,4.629421707904612,-6.439789882218408,-4.20161147143344,-0.8270928718746172,6167198.0
26.164211834533386,40.544969614675246,-4.572470305962722,-0.7839692543331056,3.5706886509281643,4.31481708093195,-6.4049371439904,-4.186633692613446,-0.8227294539880126,6167234.5
-6.118172748437396,37.28109709615803,-3.634145986879266,-1.5063688393120862,4.046617216176759,3.9953749742435654,-6.369094952071749,-4.171364123560691,-0.8183163061361016,6167271.0
-6.139280433210971,18.011241518935257,-1.8575265652666044,-2.133742172396138,4.501535552103763,3.6713356729840374,-6.332268455905156,-4.155805126048998,-0.8138536610141334,6167307.5
-22.575568736747083,-6.223352616437124,0.2223480430997737,-2.627862555681329,4.931462351751758,3.3429394622980033,-6.294462804933354,-4.13995906185219,-0.8093417513173995,6167344.0
-48.618653730768244,-24.800689254640464,2.0704379224443947,-2.950503291263729,5.332416308163375,3.0104266273300215,-6.2556831485990205,-4.1238282927441015,-0.8047808097411877,6167380.5
1.4852877788133447,-29.949719606166372,3.151703156991766,-3.0635107512545323,5.700489184396315,2.6740374532247233,-6.215934636344873,-4.107415180498562,-0.8001710689807501,6167417.0
6.88544431294778,-24.3113899019653,3.0758508458752805,-2.9338993617684324,6.03237047619944,2.3340122251266955,-6.175222417613623,-4.090722086889389,-0.7955127617313962,6167453.5
34.53427910634315,-13.739355861131612,2.043891477540534,-2.5605750443843625,6.326044559859603,1.9905912281805336,-6.133551641847968,-4.073751373690421,-0.7908061206883893,6167490.0
66.64675683091376,-2.0883553335624327,0.4508438740487777,-1.996580813331131,6.579775142756072,1.644040869069122,-6.090927458490608,-4.0565054026754845,-0.7860513785470145,6167526.5
6.246368761855231,7.751791227563859,-1.2959578128620632,-1.3072750125142307,6.791721446114978,1.294732040628515,-6.04735501698427,-4.038986535618402,-0.7812487680025584,6167563.0
-34.68785607066873,14.442237614100746,-2.7891794314540457,-0.5580159858391608,6.960016569624175,0.9430617572330098,-6.002839466771648,-4.0211971342930015,-0.7763985217502873,6167599.5
-72.39647071969266,16.998677701099986,-3.6214868299892418,0.18583792278858785,7.082793612971505,0.5894270332569237,-5.95738595729544,-4.003139560473115,-0.7715008724854856,6167636.0
-58.917045139510925,14.953782158765723,-3.4945804626671686,0.8684940815084026,7.158175182856077,0.2342353760633234,-5.910999637998369,-3.9848161759325658,-0.7665560529034418,6167672.5
-37.71450162172907,9.739949570183523,-2.5462992074371544,1.4724227066392233,7.18424191402209,-0.12206373502983132,-5.863685658323128,-3.9662293424451884,-0.7615642956994102,6167709.0
0.8315624590782499,3.2373724953006673,-1.0235165481859783,1.9896597265448752,7.159056396277875,-0.4790027757687053,-5.815449167712433,-3.9473814217848,-0.7565258335686934,6167745.5
69.42178218344176,-2.6767209610409815,0.8268940311995786,2.4122410695891814,7.080651011643258,-0.8360840141109654,-5.766295315608978,-3.928274775725242,-0.7514408992065602,6167782.0
14.01611023049551,-6.392631292602842,2.7580590468327353,2.7315965005040588,6.947656753822822,-1.1928021660671106,-5.716229251455485,-3.9089117660403305,-0.7463097253082992,6167818.5
-19.389100261222772,-7.877207499247839,4.540217061524488,2.936731129493809,6.76112927104882,-1.5486519476477238,-5.665256124694646,-3.889294754503893,-0.7411325445691826,6167855.0
-63.72640392230138,-7.441932081566462,6.026643907939454,3.0160439031308117,6.522730375185363,-1.903128074863295,-5.613381084769174,-3.8694261028897676,-0.7359095896845004,6167891.5
-56.02826238142949,-5.487647397165926,7.146090273859865,2.957521060972172,6.234534585111855,-2.2557252637243543,-5.560609281121772,-3.849308172971772,-0.7306410933495155,6167928.0
-30.667060432799484,-2.7994966258922944,7.839435650761878,2.749984198561865,5.900267247768935,-2.605938230241433,-5.5069458631951544,-3.828943326523739,-0.7253272882595091,6167964.5
-0.37773231454903405,0.006488320183847995,8.0340946178582,2.3953135928619065,5.524066417112497,-2.9532616904250704,-5.452395980432015,-3.8083339253194963,-0.7199684071097767,6168001.0
57.361586533182965,2.1446865309931273,7.639463347515891,1.9134079276799345,5.110070147098457,-3.297190360285783,-5.3969647822750675,-3.7874823311328694,-0.714564682595581,6168037.5
9.811305416122307,3.128184162600148,6.563302892528296,1.3333949943986338,4.662416491682719,-3.637218955834115,-5.340657418167023,-3.766390905737687,-0.7091163474122233,6168074.0
-18.744778934601722,3.1465205192737584,4.788132918247579,0.6858281982341431,4.185243504821186,-3.972842193080575,-5.283479037550579,-3.7450620109077746,-0.7036236342549564,6168110.5
-46.100785223658704,2.4528678374218487,2.4854838936856907,0.0012609444026483753,3.6826892404697835,-4.303554788035727,-5.225434789868434,-3.723498008416968,-0.69808677581907,6168147.0
-54.53146951754199,1.152742568448971,-0.13457056531829253,-0.6897533618797046,3.1588917525843914,-4.628851456710058,-5.166529824563318,-3.701701260039085,-0.6925060047998579,6168183.5
-22.855162090588244,-0.4465713465069754,-2.8637731248153426,-1.3566613153967502,2.6179890951209446,-4.948226915114125,-5.106769291077912,-3.679674127547958,-0.6868815538925771,6168220.0
2.4719601300060363,-1.9373953134482609,-5.493866450856424,-1.96890951093231,2.0641193220353293,-5.261175879258441,-5.0461583388549425,-3.6574189727174145,-0.6812136557925171,6168256.5
51.99356767018213,-2.757356191514933,-7.816593209492481,-2.4959445432702383,1.5014204872834611,-5.567193065153546,-4.9847021173371,-3.6349381573212844,-0.6755025431949544,6168293.0
54.76761852627025,-2.4711417099317914,-9.632944667078661,-2.9072130071943496,0.9340306448212385,-5.86577318880996,-4.922405775967098,-3.612234043133389,-0.669748448795183,6168329.5
35.18790577764702,-0.8895954948457033,-10.801639276094452,-3.1721614974885157,0.36608784860459337,-6.156410966238211,-4.859274464187648,-3.5893089919275627,-0.6639516052884651,6168366.0
-12.544994295894604,1.356651961506468,-11.290556823345684,-3.260236608936545,-0.19826984741057593,-6.438601113448846,-4.795313331441447,-3.5661653654776284,-0.6581122453700761,6168402.5
-56.47836651473178,3.484726429533511,-11.148174945725437,-3.149038527833187,-0.7548121101457195,-6.711838346452386,-4.730527527171199,-3.542805525557419,-0.6522306017353067,6168439.0
-34.567180144903205,4.794229719697631,-10.405426633566757,-2.8510313755454684,-1.298970912401963,-6.975617381259344,-4.664922200819624,-3.519231833940758,-0.6463069070794432,6168475.5
-4.84549825620248,5.190744446215982,-9.076059599218251,-2.395831141066104,-1.8262116373391755,-7.229432933880255,-4.598502501829415,-3.495446652401476,-0.640341394097771,6168512.0
46.15653305685616,4.75162137103687,-7.179623686640028,-1.8153033824165148,-2.33203109048755,-7.472779720325665,-4.53127357964329,-3.471452342713395,-0.6343342954855358,6168548.5
60.639345546192196,3.4726404275835554,-4.7842707577008845,-1.141057869911389,-2.8121818650839905,-7.705152456606098,-4.463240583703937,-3.4472512666503494,-0.6282858439380534,6168585.0
11.13308178960616,1.4762879361146488,-2.0365968869860134,-0.40368122303875603,-3.2634397051921127,-7.926045858732058,-4.394408663454084,-3.4228457859861647,-0.6221962721505631,6168621.5
-63.413124687142485,-1.3523932234165585,0.8728323432657993,0.36649572642009287,-3.6828361425822065,-8.134954642714105,-4.3247829683364225,-3.398238262494667,-0.616065812818383,6168658.0
-62.88632132750107,-5.008318020334306,3.7089001693000645,1.1391421466838387,-4.067402709024593,-8.331373524562741,-4.2543686477936635,-3.373431057949687,-0.6098946986367699,6168694.5
-12.471490543126373,-8.685567227058355,6.177937598667234,1.8839272059712062,-4.414170936289565,-8.514797220288523,-4.18317085126851,-3.3484265341250485,-0.6036831623010157,6168731.0
67.73431566857737,-11.046573982293994,7.973279590950877,2.5705200725008384,-4.720172356147401,-8.684720445901977,-4.111194728203671,-3.323227052794585,-0.5974314365063879,6168767.5
54.178743647696315,-10.948022110875835,8.841647454373337,3.1685899144914385,-4.982438500368425,-8.840637917413611,-4.038445428041856,-3.297834975732116,-0.5911397539481761,6168804.0
-61.101777949012025,-8.077741480945614,8.774624403008904,3.6484617209456127,-5.198000900722943,-8.982044350833952,-3.9649281002257695,-3.2722526647114774,-0.5848083473216702,6168840.5
-70.97052616667473,-2.450177935721069,7.938279898523961,3.9872499102344277,-5.363891088981238,-9.108434462173568,-3.8906478941981,-3.246482481506495,-0.5784374493221246,6168877.0
-62.83971447749379,5.4346627765744975,6.5133353289498315,4.179389306444491,-5.47714059691363,-9.219302967442935,-3.815609959401584,-3.220526787890993,-0.5720272926448375,6168913.5
7.41090902754429,12.890584526502346,4.676345936084962,4.223796134259426,-5.535096210654567,-9.314142482521165,-3.739821545410362,-3.1943879456388022,-0.5655781099850704,6168950.0
72.00024613107266,16.68041131100406,2.603866961727781,4.121518448825142,-5.537142528035996,-9.39253124152626,-3.6632983023244448,-3.1680683165237467,-0.5590901340381456,6168986.5
-17.220668762881147,14.511138797830101,0.47313935547343483,3.8774028116737025,-5.48604930812637,-9.454458723594477,-3.586057980375269,-3.1415702623196546,-0.5525635974992626,6169023.0
-71.24544373356068,7.655447306815404,-1.5358531018962507,3.497166597342702,-5.385214023872757,-9.500157506988934,-3.508118329794281,-3.1148961448003623,-0.5459987330637796,6169059.5
-59.9701236433965,-1.632194766814843,-3.242440921802796,2.986527180369764,-5.237996878131643,-9.529897440063364,-3.4294971008129345,-3.088048325739691,-0.539395773426933,6169096.0
-21.06811317557907,-11.087119207075558,-4.465954615667623,2.35120193529246,-5.047758073759554,-9.543947635464423,-3.350212779369694,-3.061029166911464,-0.5327549512840126,6169132.5
40.13312872335445,-18.31884283463491,-5.025724694912217,1.596908236648405,-4.817857813613063,-9.542573639596315,-3.2702874176454735,-3.033841030089517,-0.5260764993303072,6169169.0
67.16079074317963,-20.882505906473817,-4.743664031617677,0.7319458196348018,-4.551656300548644,-9.526037769498815,-3.1897462971856627,-3.006486277047673,-0.5193606502610787,6169205.5
26.851526430847798,-17.236324907093344,-3.539662470953089,-0.22036403711875258,-4.2525137374228414,-9.494601718797266,-3.1086153229500413,-2.9789672695597624,-0.5126076367716422,6169242.0
-51.366822490537544,-9.14619157852429,-1.6867823405459745,-1.2153492911466903,-3.9237903270921595,-9.448527181117047,-3.0269203998983802,-2.9512863693996083,-0.5058176915572289,6169278.5
-63.49710825585867,0.8874664248440269,0.45426650152644343,-2.203645799189435,-3.5688462724131274,-9.388075850083519,-2.94468743299045,-2.923445938341044,-0.4989910473131573,6169315.0
-37.58008670661879,10.39974405524309,2.522774197186978,-3.1358894179873054,-3.1910417762422627,-9.31350941932205,-2.861942327186026,-2.8954483381578933,-0.4921279367346794,6169351.5
-23.250187960080222,17.73700654066361,4.15803088835844,-3.962716004280727,-2.7937370414360956,-9.225089582457988,-2.778710987444885,-2.867295930623988,-0.4852285925170939,6169388.0
61.1519612585942,21.217175716996792,4.999326716963567,-4.634761414810039,-2.380292270851134,-9.12307803311671,-2.695019318726799,-2.838991077513153,-0.4782932473556727,6169424.5
13.74658464453832,19.89665762097322,4.784790513975589,-5.113430154594807,-1.953979329251233,-9.007736464923596,-2.6108932259915374,-2.8105361405992157,-0.47132213394568345,6169461.0
-24.05134587313377,14.727569539887604,3.647905866569258,-5.403201321771281,-1.5177167290294649,-8.879326571503977,-2.5263586141988794,-2.781933481656005,-0.4643154849824247,6169497.5
-61.41196266434459,7.238502681207363,1.820995050969743,-5.519282129881307,-1.0743751773597856,-8.738110046483245,-2.4414413883085944,-2.7531854624573477,-0.4572735331611641,6169534.0
-41.743757991471064,-1.0799778551456631,-0.4636196565978371,-5.476639235698874,-0.6270659381840147,-8.584348583486756,-2.3561674532804573,-2.7242944447770707,-0.4501965111772133,6169570.5
-11.515253092516105,-8.84750499362368,-2.9736159799082826,-5.2898850620293025,-0.1792545094126614,-8.418303876139875,-2.270562714074239,-2.6952627903890076,-0.44308465172579153,6169607.0
14.438166769661928,-14.598865633823419,-5.476671642736449,-4.973553606404185,0.2655151857700647,-8.240237618067967,-2.1846530756497233,-2.6660928610669763,-0.43593818750221486,6169643.5
49.50540244246367,-17.057803785600587,-7.740464368857203,-4.542178866355075,0.7036992241798923,-8.050411502896395,-2.0984644429666672,-2.636787018584813,-0.4287573512017641,6169680.0
66.8451985994855,-14.698983341477764,-9.582566825574268,-4.010294839413541,1.131753682632583,-7.849087224250525,-2.012022720984858,-2.607347624716341,-0.4215423755197203,6169716.5
31.74219361037402,-6.987717815912051,-11.02013145430713,-3.392435523111126,1.5461346379438676,-7.636526475755725,-1.9253538146640616,-2.5777770412353895,-0.4142934931513477,6169753.0
-25.236268613865082,3.0335464788093485,-12.11871461573282,-2.704625939250761,1.9432981669295035,-7.4129909510373455,-1.8384836289640554,-2.5480776299157872,-0.40701093679194567,6169789.5
-70.2479780101592,11.000100878332235,-12.937908573442972,-1.9688552067207545,2.319700346405267,-7.178742343720775,-1.751438068844612,-2.5182517525313592,-0.39969493913676785,6169826.0
-27.081980195319787,13.75574819818648,-13.535814566757859,-1.2086034686807463,2.6717972531868814,-6.934042347431363,-1.6642430392654999,-2.4883017708559367,-0.39234573288110264,6169862.5
-2.6661141415617045,11.748041702289303,-13.944279627981679,-0.4473508682903955,2.9960449640901117,-6.67915265579448,-1.5769244451865003,-2.4582300466633416,-0.38496355072025307,6169899.0
44.51282236150132,6.380192643892145,-14.089955027246994,0.2912435171836356,3.2888995559306977,-6.4143349624354835,-1.4895081915673787,-2.42803894172741,-0.3775486253494778,6169935.5
69.02305823739806,-1.1229276439121605,-13.87620529417686,0.9864880769813017,3.546817105524394,-6.139850960979745,-1.4020201833679176,-2.3977308178219627,-0.3701011894640534,6169972.0
29.216531133263246,-8.933969951636715,-13.220948836026016,1.6322450779742044,3.76625368968696,-5.855962345052638,-1.3144863255478831,-2.367308036720831,-0.36262147575926457,6170008.5
7.871353110516197,-13.523957884079248,-12.045787262983819,2.226059989968589,3.9436653852341284,-5.562930808279506,-1.2269325230670498,-2.3367729601978406,-0.35510971693039384,6170045.0
-60.265615366500384,-10.993170432388448,-10.21117160181202,2.7654782827707156,4.075508268981669,-5.26101804428573,-1.1393846808851968,-2.30612795002682,-0.34756614567271155,6170081.5
-15.77402134276179,0.1947975789994924,-7.349674936666928,3.248045426186843,4.158238417745317,-4.950485746696669,-1.05186870396209,-2.275375367981597,-0.3399909946815168,6170118.0
-4.900680352731036,12.768503396128454,-3.0996173326971483,3.6713068900232217,4.188311908340828,-4.631595609137685,-0.964410497257508,-2.2445175758359994,-0.33238449665207276,6170154.5
45.33192896382448,17.06072276145163,2.8839567538437634,4.032808144086107,4.1622014936164655,-4.304626001266655,-0.8770359657312217,-2.213556935363855,-0.3247468842796603,6170191.0
1.726344107208614,7.138346231705607,10.463471912347595,4.3300946581817605,4.076474324507849,-3.9699496908288183,-0.7897710143430051,-2.182495808338992,-0.317078390259556,6170227.5
-33.14627223936431,-9.455996001864921,17.57122891478758,4.560711902116434,3.9278250038123743,-3.628066897431183,-0.7026415480526319,-2.1513365565352363,-0.3093792472870449,6170264.0
-31.29009426248331,-21.236643923857265,21.656997578782274,4.722205345696382,3.7129758282847725,-3.279505534638092,-0.6156734718198745,-2.120081541726419,-0.3016496880574081,6170300.5
-4.874905610821805,-18.28378856961112,20.77730918510919,4.814119771378396,3.429217831697062,-2.9247935160138745,-0.5288926906045079,-2.088733125686364,-0.29388994526591794,6170337.0
22.927054572470567,-1.0164545312970428,15.415740867181599,4.843618977725962,3.076495230385917,-2.564458755122872,-0.44232510936630326,-2.0572936701889026,-0.28610025160787605,6170373.5
-5.429378238794428,22.59398146912629,6.662631221571616,4.818077381853491,2.657109671804931,-2.1990291655294247,-0.3559966330650384,-2.025765537007858,-0.27828083977852497,6170410.0
-20.298332627149858,25.26247059933029,-4.284287988433878,4.742178565809843,2.1760536384732316,-1.829032660797861,-0.2699331666604815,-1.9941510879170625,-0.2704319424731693,6170446.5
20.252160530427076,-7.9256649274638,-15.269911750653703,4.6154920511322395,1.6435525228309753,-1.4551160039018953,-0.18416061511241083,-1.962452684690341,-0.26255379238708604,6170483.0
-20.206443001330975,-25.173264034601246,-21.920539558050027,4.436377783259463,1.0715166910542415,-1.0784013554527303,-0.098704883380597,-1.9306726891015222,-0.25464662221554574,6170519.5
19.261443727140836,0.8872243830656472,-20.676228818497894,4.199143809218019,0.4719753587284775,-0.7001297254709399,-0.013591876424812584,-1.8988134629244346,-0.24671066465383953,6170556.0
-8.648723069931346,21.953294547466115,-13.343270927666069,3.8818905823852927,-0.14304225856086009,-0.32154212397709964,0.0711525007951663,-1.8668773679329054,-0.2387461523972371,6170592.5
-14.018021250695222,22.162688582441138,-3.073239412348924,3.4586666577263974,-0.7615069452283244,0.056120439008211134,0.15550234331956847,-1.8348667659007607,-0.23075331814102393,6170629.0
10.57796645668409,6.7173692476093185,7.070380234898943,2.9035205902064405,-1.3713894856884616,0.4316169534644203,0.2394317461886203,-1.802784018601832,-0.22273239458048283,6170665.5
-7.590559713555273,-8.726128109432866,14.432309171141815,2.1905009347905295,-1.9606606643558226,0.8037064093709526,0.3229148044425462,-1.7706314878099432,-0.21468361441088174,6170702.0
5.827711782286962,-16.85644322150009,16.46025112439299,1.2936562464437753,-2.5172912656449564,1.1711477967072295,0.40592561312157555,-1.7384115352989236,-0.20660721032750426,6170738.5
-5.007418814033216,-8.695935618671413,11.734645368112096,0.21938893389362685,-3.029252073970409,1.5327001054526785,0.48843826726593054,-1.7061265228425997,-0.19850341502563676,6170775.0
-5.530219383014705,4.119691494394534,3.366873357543856,-0.8964831790831076,-3.4845944431662983,1.8872028950062905,0.5704268619158439,-1.673778812214802,-0.19037246120055268,6170811.5
-3.5645366732740613,12.637438678931568,-4.440414103604139,-1.8857884149472743,-3.871692004745026,2.2338180024453407,0.651865492111537,-1.6413707651893557,-0.18221458154753128,6170848.0
4.924752806830272,11.943849082996541,-8.44654683870544,-2.5803550961597206,-4.178998959638555,2.571787834266669,0.7327282528932397,-1.6089047435400905,-0.17403000876185654,6170884.5
10.887797540970041,1.555580716189282,-8.636784224706783,-2.8115319837973294,-4.395449070162815,2.9003547969671204,0.8129892393011755,-1.576383109040831,-0.16581897553880287,6170921.0
-11.227702202004089,-9.68291895792184,-5.734867275132847,-2.4654028108760926,-4.512875329264124,3.218761297043538,0.8926225463755743,-1.5438082234654091,-0.1575817145736503,6170957.5
10.413153644208272,-3.140958571403836,-0.7651019950447081,-1.6541846189278824,-4.527555753600353,3.5262912629422347,0.97160226915666,-1.5111824485876488,-0.14931845856168133,6170994.0
-8.668531355581,7.959124952422113,3.181432605808738,-0.5467476669595063,-4.4369431844947895,3.822422462680398,1.0499025026846618,-1.478508146181381,-0.1410294401981746,6171030.5
1.2631602143523752,6.233010820222507,3.434066536778502,0.6880377860222123,-4.238642992312091,4.106785193316588,1.1274973419998042,-1.445787678020432,-0.13271489217840876,6171067.0
4.198978959480248,-1.1666134280285894,1.1526033775305717,1.8508077876403533,-3.930288299189894,4.379037503682346,1.2043608821423133,-1.4130234058786284,-0.12437504719766358,6171103.5
3.2235302526955536,-5.720441813843895,-1.453921324722957,2.6202236120375804,-3.509512227265838,4.638837442609214,1.2804672181524164,-1.3802176915297983,-0.11601013795121769,6171140.0
0.9660375111960942,-4.105708171655612,-2.4093195607852773,2.6444528399864637,-2.973947898677557,4.885843058928726,1.3557904450703409,-1.3473728967477714,-0.10762039713435113,6171176.5
-0.6639049775380318,2.6634514344102174,-1.0720985436199286,1.712660901822876,-2.3236701035540968,5.119712401472425,1.4303046579363135,-1.314491383306374,-0.0992060574423431,6171213.0
1.4457585632269216,5.84191984322903,1.719620995266797,0.181554613712114,-1.5720702915663014,5.340103519071848,1.5039839517905589,-1.2815755129794342,-0.0907673515704727,6171249.5
-3.3894829379802816,-1.599087559978315,4.39416104465626,-1.4369614083126125,-0.749181530681027,5.546674460558532,1.576802421673305,-1.2486276475407785,-0.08230451221402453,6171286.0
6.26514326595952,-8.316312183601358,3.726309559755866,-2.685791952047982,0.11141312355871597,5.739083274764025,1.6487341626247778,-1.2156501487642362,-0.07381777206827174,6171322.5
-9.736119851427285,5.46354040619142,-2.0537168072310967,-3.341988428850489,0.9768396735455765,5.916988010519858,1.719753269685205,-1.1826453784236346,-0.06530736382849574,6171359.0
13.49856864048712,12.704980935663365,-8.057484062228568,-3.245837242000979,1.8190997221905107,6.080046716657574,1.7898338378948113,-1.149615698292801,-0.056773520189971324,6171395.5
-17.28840452059201,-9.103776683049523,-8.979244764692114,-2.2798925672373493,2.619061405443071,6.227917442008715,1.8589499622938246,-1.1165634701455631,-0.04821647384798873,6171432.0
20.786671695074197,-17.56797150757775,-4.369408159993868,-0.5368003854237458,3.3596322280285045,6.3602582354048165,1.927075737922471,-1.0834910557557493,-0.03963645749782165,6171468.5
-23.546664539083064,8.335464710026509,4.207084711349005,1.5596021684500678,4.02371969467208,6.476727145677419,1.9941852598209768,-1.0504008168971868,-0.03103370383474958,6171505.0
25.06792990089337,20.936231742000473,10.941057612680682,3.511030480717586,4.594231310099082,6.576982221658051,2.060252623029571,-1.0172951153437042,-0.022408445554053105,6171541.5
-25.0270660906551,0.7479227365458446,10.746708419695318,4.8437744790136295,5.054074579034751,6.660681512178274,2.125251922588475,-0.9841763128691278,-0.013760915351005645,6171578.0
-3.317753735097088,-17.942570531846172,5.662841704943049,5.269994683537578,5.386157006204338,6.72748306606961,2.1891572535379207,-0.9510467712472864,-0.005091345920893849,6171614.5
20.757978689630324,-21.033834254471095,-0.8189828874081854,4.871663513539949,5.578438448019333,6.777044932163603,2.2519427109181316,-0.9179088522520077,0.00360003004100803,6171651.0
4.247347344985121,-8.220772074182694,-5.808445128386318,3.7981164088856727,5.63908816763585,6.809025159291794,2.313582389769336,-0.8847649176571192,0.012312979839414723,6171687.5
-13.577233037553661,8.127932347491292,-8.46989274036635,2.1936364577534477,5.58129822628483,6.823111349897136,2.374050385131759,-0.8516173292364483,0.02104727077905005,6171724.0
-9.577107692371722,15.770393902724614,-8.48134043356003,0.2025067483219874,5.417999620026879,6.819251741868695,2.4333212217698255,-0.8184684487638227,0.029802670164633425,6171760.5
7.250199091114692,14.42527588181394,-5.6994537669903185,-2.006862525511182,5.161522388412669,6.797992612676557,2.4913723413768873,-0.7853206380130706,0.03857894530088592,6171797.0
-5.439834271636498,6.709280742756128,-0.9898989951298839,-4.169552746973149,4.824053720268201,6.760017868662718,2.5481864074990295,-0.75217625875802,0.04737586349252968,6171833.5
-3.6435639194266565,-4.1682579582808765,3.4254175779180125,-5.996518193572238,4.417780804419533,6.7060102181370365,2.603747281714461,-0.7190376727724979,0.05619319204428442,6171870.0
4.707157690617528,-6.989062046598915,5.057659085230194,-7.226179880201741,3.9548908296926792,6.636652369409374,2.658038825601402,-0.6859072418303322,0.0650306982608676,6171906.5
-5.1011478417076095,1.5067355543967937,2.509008614925871,-7.747797735616968,3.447570984913649,6.552627030789605,2.711044900738065,-0.6527873277053511,0.07388814944700335,6171943.0
5.404547921069859,4.020807061310136,-1.5587191278876456,-7.641053425237656,2.907075600900101,6.454613919934643,2.762752359355593,-0.6196802921713822,0.08276531290741132,6171979.5
-5.2581554769053085,-3.2655539144479904,-3.6067869752609254,-7.022662143889077,2.3407205735532353,6.34328079188972,2.813160016296847,-0.5865884970022527,0.09166195594680958,6172016.0
4.613396357923026,-0.6495680193152535,-2.612987284668295,-6.003191282995358,1.7540609292340779,6.219292411047123,2.862269677057607,-0.5535143039717908,0.10057784586992165,6172052.5
-3.72619252057274,2.9841916410381533,-0.03481235011149459,-4.675453495654018,1.152444691420703,6.08331354179915,2.91008314713366,-0.5204600748538236,0.10951274998146832,6172089.0
2.971187787915709,-3.280953686018952,2.397906401071853,-3.1278745011016253,0.5412198835912069,5.936008948538083,2.9566022320207956,-0.48742817142218003,0.11846643558616819,6172125.5
-2.6214111255475276,-3.7539622781966666,3.9771183758672857,-1.448880018574767,-0.07426547077634064,5.7780433956562245,3.0018287372147934,-0.45442095545068706,0.12743866998874315,6172162.0
2.724343181274285,2.9023210102203927,4.75902270666219,0.27310423269000905,-0.6886633482038532,5.610081647545852,3.045764468211443,-0.42144078871317237,0.1364292204939118,6172198.5
-3.137026013953955,5.102776080690036,4.510030327228832,1.9523471409006632,-1.2966257252132425,5.432788468599263,3.088411230506528,-0.3884900329834639,0.14543785440639542,6172235.0
-2.7886954111171782,0.9350709198914277,2.9923184193803625,3.520708238552769,-1.8928045783264351,5.246828623208752,3.129770829595833,-0.3555710500353892,0.15446433903091764,6172271.5
3.8834724047035194,-6.7077071649601905,0.4445212641083742,4.9399905236235355,-2.4718518840653485,5.052866875766605,3.169845070975144,-0.32268620164277606,0.16350844167219422,6172308.0
-3.877252383300523,-7.794277076086972,-2.774938930939847,6.178809208599439,-3.028419618951897,4.851567990665113,3.20863576014025,-0.2898378495794522,0.17256992963494655,6172344.5
3.624697031505785,-1.074394391749992,-6.2370117055218435,7.2057795059669445,-3.557159759507996,4.643596732296574,3.2461447025869323,-0.2570283556192457,0.18164857022389816,6172381.0
-3.4660266228977448,3.174008078064383,-9.230133589014617,7.989516628212574,-4.052724282255574,4.429617865053275,3.282373703810976,-0.22426008153598384,0.19074413074376928,6172417.5
3.8082650686611967,6.559589783582132,-10.972112858199967,8.49950531486834,-4.510634690762104,4.210296153327508,3.317324569308171,-0.19153538910349463,0.19985637849927687,6172454.0
-2.982306166398162,12.000774562782315,-10.679730080761095,8.70768070454991,-4.929890596777303,3.9862963615115565,3.350999104574298,-0.15885664009560568,0.20898508079514444,6172490.5
-6.489440283465417,11.668396596819555,-7.711058743657464,8.59319735167694,-5.310225768945373,3.7582832539977216,3.3833991151051466,-0.12622619628614454,0.21813000493609114,6172527.0
-2.1785885573145594,-2.0297447510812856,-2.253134868652126,8.17602500218249,-5.650832495306157,3.5269215951783024,3.4145264063964946,-0.09364641944893935,0.22729091822683775,6172563.5
10.957530899184544,-14.535725734357154,4.368100881945499,7.486594127152566,-5.950767693748385,3.2928761494455667,3.4443827839441363,-0.061119671357817616,0.236467587972104,6172600.0
-13.23842768900232,-2.595148619570948,10.620683121116267,6.555335197673192,-6.209088282160816,3.056811681191821,3.472970053243855,-0.028648313786607097,0.2456597814766145,6172636.5
15.201502600649375,15.300254243119099,15.14204844787764,5.412678684830397,-6.424851178432195,2.819392954809357,3.500290019791433,0.003765291490864454,0.25486726604508286,6172673.0
-16.78039104590995,7.699404825411754,17.03020897596419,4.0890550597102076,-6.597113300451264,2.581284734690462,3.5263444890826574,0.03611878270076963,0.2640898089822332,6172709.5
-3.6067536906140614,-8.268048125941737,17.050462141470067,2.620509543870752,-6.724931566106773,2.3431517852274273,3.5511352666133136,0.06840979806928021,0.2733271775927897,6172746.0
19.388726394215688,-14.297142072010386,16.361975029850306,1.0674427277171497,-6.8073628932874675,2.105658870812544,3.574664157879189,0.10063597582256843,0.2825791391814702,6172782.5
-3.906646969430785,-1.8222312593664323,15.645666199445627,-0.496544580039223,-6.843464199882095,1.8694707558381043,3.596932968376066,0.13279495418680695,0.2918454610529907,6172819.0
-22.21350569545005,12.19494503653659,13.720364606405989,-1.9959552037284454,-6.832258699496978,1.635218500413976,3.6179435035997303,0.16488437138816786,0.3011259105120766,6172855.5
-8.880680431167384,10.41474509806915,9.311792382486068,-3.3552919676806043,-6.7725947215125935,1.4033582804241793,3.6376975690459705,0.19690186565282344,0.3104202548634501,6172892.0
14.985630999512965,-0.6470014138717384,2.7097644574929456,-4.499057696225773,-6.663126622642348,1.1741522990856657,3.6561969702105683,0.22884507520694577,0.3197282614118251,6172928.5
26.066512613896496,-8.337427605617528,-5.118655312747546,-5.351755213694049,-6.502468692503481,0.9478226925192217,3.673443512589311,0.2607116382767075,0.3290496974619243,6172965.0
-26.412695083483797,-2.831325637442375,-12.623776505694401,-5.837887344415504,-6.28922781623151,0.724584192363907,3.689439001677983,0.292499193088281,0.3383843303184735,6173001.5
25.769794695597103,6.358192505335835,-16.373750657454902,-5.880895789945089,-6.023042383810091,0.5046219123318013,3.7041852429723705,0.32420537786783765,0.34773192728619173,6173038.0
23.7378879494126,1.5130063996849796,-14.028687220252506,-5.433738044547702,-5.70769244424917,0.2881135616532547,3.7176840419682584,0.3558278308415508,0.3570922556697927,6173074.5
-20.752745971064105,-5.462229160254735,-7.473156791311087,-4.5833516149546885,-5.3476374589639715,0.0752368495586092,3.729937204161436,0.38736419023559127,0.3664650827740109,6173111.0
16.535307096313918,-0.8064789168599894,0.5276516137066327,-3.45043429170781,-4.94724146177726,-0.1338305147217893,3.740946535047683,0.4188120942761338,0.37585017590354136,6173147.5
-5.622907906004525,5.457861626301906,7.446089460026623,-2.1556838653488173,-4.510868486511802,-0.33891082195759054,3.750713840122786,0.4501691811893485,0.38524730236312904,6173184.0
-7.426888612703663,3.109287437253602,11.150121318417975,-0.8197981264194679,-4.042882566990358,-0.5398263629184574,3.7592409248825334,0.48143308920140765,0.39465622945748585,6173220.5
4.113497803333804,-5.863863338751871,11.189148120617856,0.43652513453848296,-3.5476477370356982,-0.736399428374039,3.766529594822708,0.512601456538485,0.40407672449132936,6173257.0
-2.5742377719718474,-5.89210851930118,8.63050307505993,1.5065417543234942,-3.029528030470588,-0.9284523090939909,3.7725816554390983,0.543671921426751,0.413508554769388,6173293.5
1.9214815694213654,-1.4282405222716696,4.598179458985996,2.3393220790948814,-2.492887481117789,-1.1158072958479663,3.7773989122274854,0.5746421220923793,0.42295148759637774,6173330.0
3.667257534795713,2.6602742786064697,0.3630800789101744,2.89789008235218,-1.9420901228000729,-1.2982866794056178,3.780983170683657,0.6055096967615418,0.4324052902770154,6173366.5
-5.073432427662065,5.215751597583357,-2.9307327875381812,3.1452697375949135,-1.3814999893401958,-1.475712750536609,3.7833362363034007,0.6362722836604103,0.44186973011602754,6173403.0
-1.7869738384572669,5.862793630245762,-4.87501257537433,3.0437532429667113,-0.8147493392050199,-1.6479078000105878,3.784459914582499,0.6669275210151578,0.4513445744181314,6173439.5
6.776404315242675,1.8952064000427318,-5.235120280813671,2.55342665408682,-0.24326428833703376,-1.814694118597207,3.784356011016736,0.6974730470519566,0.460829590488047,6173476.0
-6.362598952864785,-4.938805839079243,-3.733743622045144,1.6806230774268038,0.32937698708017005,-1.975893997066124,3.7830263311019006,0.7279064999969783,0.47032454563049864,6173512.5
5.108868170214068,-0.8390645817372986,-0.6419108304350906,0.6087765408022557,0.8988753519637405,-2.1313297261869946,3.780472680333777,0.7582255180763959,0.4798292071502027,6173549.0
-3.5473307160015546,3.473847191122234,2.1474027718426467,-0.4345839373600451,1.4609316712308351,-2.2808235967294728,3.7766968642081524,0.7884277395163801,0.48934334235188276,6173585.5
2.287876369764096,-1.7133746149645244,2.811945794375221,-1.2219293386332915,2.0112468097985956,-2.4241978994632087,3.7717006882208075,0.818510802543106,0.4988667185402557,6173622.0
-1.6468099679045003,-1.9325805926377557,1.4394617954698332,-1.574613635404929,2.5454532495459508,-2.5612749251578624,3.7654859578675324,0.8484723453827433,0.5083991030200459,6173658.5
1.5627947829589308,1.3294210298431328,-0.8410804429190684,-1.5084879660255177,3.0578751429051207,-2.691876964583083,3.758054478644107,0.8783100062614642,0.5179402630959724,6173695.0
-1.8703971246349729,0.5877543535332469,-1.9192195353434554,-1.084147270484678,3.5386290700949274,-2.8158263085085347,3.749408056046326,0.9080214234054437,0.527489966072754,6173731.5
-2.082870454256446,-0.8009766480421094,-1.6198896349347798,-0.39103670878806585,3.976796814040387,-2.9329452477038602,3.7395484955699674,0.937604235040851,0.5370479792551136,6173768.0
2.2939784949534827,0.9376539957028971,-0.39165648707491757,0.3618584898193339,4.361460157666536,-3.043056072938721,3.72847754180169,0.9670561403029878,0.5466140699477703,6173804.5
1.4691284674303997,0.8615644835640078,0.7970687083775789,0.9356680787826963,4.681700883898393,-3.1459810749827684,3.716196683962083,0.9963750936932205,0.5561880054554468,6173841.0
-2.4652787799805087,-2.4281362333212018,1.0144952868127217,1.0915218115471919,4.926600775660994,-3.2415425446056614,3.7027073034444005,1.0255591575402605,0.56576955308286,6173877.5
2.7253419950737037,-2.5172830948776883,0.49432143317191235,0.6799066047489204,5.085158508691827,-3.3295627725770487,3.6880107699123297,1.0546064059023696,0.5753584801347326,6173914.0
-3.307333779818321,3.3966040920117453,-0.3130832098948194,-0.09126197221240215,5.146040329978278,-3.4098640496665884,3.672108453029563,1.0835149128378154,0.5849545539157868,6173950.5
4.28776063577403,1.479962046589723,-0.3877788947082055,-0.9247111867461475,5.097851658101922,-3.4822909454256656,3.6550017224598017,1.1122827524048602,0.5945575417307363,6173987.0
-5.641019188044091,-5.389766263730383,0.11965037048736026,-1.5321916581833246,4.929287026771253,-3.5467771445325695,3.6366919478667326,1.1409079986617672,0.6041672108843146,6174023.5
7.248820175241587,-3.474709579361764,0.7110033551367337,-1.6776968121267528,4.629063248476497,-3.6032786104473247,3.6171804989140517,1.1693887256668027,0.6137833286812265,6174060.0
-0.9508384962109789,3.833393739510074,0.7964718630759566,-1.205016466842838,4.19207258210891,-3.6517513066299507,3.59646874526545,1.1977230074782295,0.6234056624262043,6174096.5
-10.40602528653904,7.998883292962678,-0.14300050438348755,-0.09489354089892746,3.638101611417404,-3.6921511965404723,3.574558056584625,1.2259089181543121,0.6330339794239634,6174133.0
-4.952658168041172,2.832470210657884,-1.9506633099207817,1.2813459362905755,2.9938825235656537,-3.72443424363891,3.55144980253527,1.2539445317533142,0.642668046979224,6174169.5
10.54803042465257,-6.928829229719156,-3.205179425048892,2.4562740191997565,2.2863400449707805,-3.7485564113852825,3.527145352781068,1.2818279223335027,0.6523076323967095,6174206.0
11.664459291324016,-9.339647313472204,-2.2786810358139884,3.049603507963585,1.5408967994992635,-3.764473663239622,3.5016460769857303,1.309557163953138,0.6619525029811393,6174242.5
-10.437374066204521,-2.7417772277226593,1.4483617590738747,3.0289605597652254,0.7776166264104203,-3.7721448173798007,3.4749561995308,1.3371303306704858,0.6716024260372327,6174279.0
8.543061321812434,9.684270893376347,5.846706856902964,2.446510541180525,0.01766279868113991,-3.771540110855156,3.447091363669282,1.364545496543812,0.6812571688697071,6174315.5
-6.823355242289713,1.9520459811876565,8.358483516855642,1.353757057643037,-0.7171396495694011,-3.7626335043483974,3.41807093628756,1.391800735631378,0.6909164987832958,6174352.0
6.372868737698618,-10.09770487526799,7.338207358062997,-0.16156687078121298,-1.4049626503352879,-3.7454034268391303,3.3879187525689107,1.4188941219914493,0.700580183082705,6174388.5
-7.806401512951191,0.16574988036339125,2.0661840691842457,-1.8667984299493798,-2.023978135610611,-3.7198332808418706,3.3566636212315224,1.445823729682291,0.7102479890726591,6174425.0
8.052866374096148,9.365099615419659,-4.8792524636883785,-3.493042357199412,-2.552358037389455,-3.6859079978266887,3.3243358799491327,1.4725876327621674,0.719919684057882,6174461.5
14.49625073738637,11.407577532927546,-10.378398560361957,-4.771403389869258,-2.96827428766591,-3.6436126433438085,3.2909660004756445,1.4991839052893388,0.7295950353430902,6174498.0
5.472831546823095,10.72976770050347,-12.889931336591141,-5.432986265296879,-3.249898818434063,-3.5929322829434702,3.256584454564962,1.5256106213220761,0.739273810233009,6174534.5
-19.723067211089848,8.760398042143883,-12.742195487538192,-5.263198914514685,-3.382025461566178,-3.5338519821759227,3.221221713971009,1.5518658549186362,0.7489557760323567,6174571.0
19.409174628423077,2.0895842299717473,-10.401115020446353,-4.292981683359608,-3.375880410195266,-3.4664120448433726,3.184908242597196,1.5779476879877845,0.7586407000458499,6174607.5
-16.791523404452754,-12.783695829299802,-6.1584102888800425,-2.7208566714692357,-3.2490967000624797,-3.3908678320180563,3.1476744729449524,1.60385423384026,0.7683283495782182,6174644.0
12.973482907486128,-0.38834602772618787,-0.5933707946266759,-0.7736656185077061,-3.0192757116084503,-3.307506360072746,3.1095508296652232,1.6295836136372988,0.778018491934174,6174680.5
-9.277649111127005,11.771985788205592,4.451158807528131,1.3217497358608326,-2.704024721011665,-3.2166087496423437,3.0705677374089415,1.6551339485401357,0.7877108944184388,6174717.0
7.749381615574436,-10.563507899433011,7.594174283006971,3.33854765197224,-2.320951004450615,-3.1184561213617594,3.030755620827048,1.6805033597100096,0.7974053243357371,6174753.5
-7.765101031521825,-10.491176808156606,9.839958891797378,5.049886390162373,-1.8876618381037913,-3.0133295958659003,2.990144904570484,1.7056899683081577,0.8071015489907842,6174790.0
8.185262824276625,6.993714921887884,10.067273920714515,6.228924210767084,-1.4217644981496844,-2.9015102937896673,2.9487660132901854,1.730691895495811,0.8167993356883022,6174826.5
-8.010079703847907,0.04561572855956263,6.9399859967349204,6.694054819464917,-0.940866260766785,-2.7832793357679666,2.906649371637087,1.7555072624342127,0.8264984517330182,6174863.0
6.745831130387363,-3.394806350942294,1.175907833023757,6.4437067210585175,-0.46166741988694937,-2.6589178424357094,2.8638254042621334,1.7801341902845953,0.8361986644296454,6174899.5
-4.764744177529735,2.189704352144881,-4.933632583364817,5.517438379219988,0.0032372170311773824,-2.5287069344277944,2.8203245358162574,1.8045708002081962,0.8458997410829044,6174936.0
2.876147329004407,-1.2967875760765544,-6.440281643832235,3.9519910454280995,0.4440700547223091,-2.3929277323791385,2.7761771909503996,1.8288152133662516,0.8556014489975184,6174972.5
-1.694947337048283,-1.3807760405560918,-3.8207269443373124,1.839105052925856,0.8515310554078201,-2.2518613569246364,2.7314137943155026,1.8528655509199954,0.8653035554782096,6175009.0
0.8355129657108223,2.0951809041858467,0.29274738329168615,-0.5075727080400588,1.2163201813091054,-2.105788928699205,2.6860647705625023,1.8767199340306682,0.8750058278296902,6175045.5
1.5699208190314151,2.3306239128553097,3.392329418398033,-2.718918707972045,1.5291373946475542,-1.9549915683377372,2.6401605443423315,1.9003764838595048,0.8847080333566902,6175082.0
-2.1422872086126583,-2.0414434817171587,4.001645173987458,-4.472091615883586,1.7806826576445485,-1.7997503964751487,2.5937315403059342,1.9238333215677426,0.8944099393639264,6175118.5
-0.013293972272913897,-3.6149224047690547,3.31389401818461,-5.649750374313713,1.9616559325214913,-1.6403465337463514,2.546808183104257,1.9470885683166121,0.9041113131561197,6175155.0
3.364127888393363,0.015176019820855905,2.8141812187966795,-6.262322042236926,2.062757181499754,-1.4770611007862322,2.499420897388217,1.9701403452673587,0.9138119220379884,6175191.5
-3.7248061245404926,4.630145089325935,2.2859339602292033,-6.342419555843545,2.076500764535432,-1.3101752182297173,2.4516001078087735,1.9929867735812132,0.9235115333142561,6175228.0
3.8602911739940433,0.3450121281841239,1.1921877167279502,-5.931539351331942,2.004348431014887,-1.1400338961339103,2.403376239016851,2.0156259744194114,0.9332099142896427,6175264.5
-3.8694897690349768,-5.258068923309832,-0.5635393152176411,-5.0794958989122225,1.856335522025068,-0.9672377022447946,2.3547797156633954,2.0380560689431935,0.9429068322688677,6175301.0
3.904399053649481,-0.22882486464201526,-2.7091565596462854,-3.837729577863717,1.6442014961410791,-0.7924654127272704,2.3058409623993437,2.060275178313792,0.9526020545566506,6175337.5
-0.4970652079658506,5.6104107663481,-3.9297747277761523,-2.2666726846426353,1.379743087924977,-0.6164530797331758,2.2565904038756317,2.0822814236924465,0.962295348457715,6175374.0
-4.501490795555322,2.911388271863302,-3.039551010535052,-0.4777672843767039,1.0747713509355215,-0.43995107441105596,2.207058464743196,2.104072926240393,0.9719864812767791,6175410.5
5.155338793341462,-5.693102800860003,-0.5375140709859373,1.3483842407731144,0.7410973387314951,-0.26370976790948886,2.1572755696529864,2.125647807118865,0.9816752203185637,6175447.0
-5.935644816193,-1.8129633240933891,2.5030658246582105,3.0161374086817765,0.39053210487165496,-0.08847953137701703,2.1072721432559325,2.147004187489099,0.9913613328877909,6175483.5
6.58379758874945,5.3542022653540675,4.405815386896246,4.329847737224231,0.03488670291477826,0.08498926403780038,2.0570786102029706,2.168140188512336,1.0010445862891753,6175520.0
-6.878345501582121,0.5590196025968224,3.8855133111852234,5.1238784100527885,-0.31402781358036186,0.2559462471863993,2.00672539514505,2.1890539313498074,1.0107247478274501,6175556.5
-0.7986613919927498,-4.470093508426763,1.808938752996778,5.368333777035391,-0.6444003910550031,0.42364104692023324,1.9562429227330953,2.209743537162754,1.0204015848073218,6175593.0
6.412127149713258,-4.183450549470049,-0.611410061708146,5.127309146191536,-0.9455612559002613,0.5873232920907414,1.9056616176180534,2.2302071271124073,1.0300748645335183,6175629.5
-5.895088221009416,1.4660817398332935,-2.664625575453342,4.4851754484463315,-1.2114057543067998,0.746242611549362,1.8550119044508575,2.25044282236001,1.0397443543107605,6175666.0
0.41153143766289285,2.665889658760946,-3.712174556042956,3.5274448946748063,-1.436970512415184,0.8996486341475419,1.8043242078824517,2.270448744066792,1.0494098214437657,6175702.5
4.82661250307028,0.13857846111217006,-3.6583535258865987,2.3390210603194306,-1.6172921563659661,1.0467909887367215,1.7536289525637718,2.2902230133939914,1.059071033237256,6175739.0
-4.368041071215537,-1.6532920275112009,-2.8307821924444068,1.0043342578390155,-1.7474073122997114,1.1869193041683421,1.7029565631457604,2.3097637515028437,1.0687277569959526,6175775.5
-0.3795849823209464,0.0905486169948055,-1.5957904905340052,-0.3849487207541905,-1.8224395168389806,1.3193701197758616,1.6523374642793458,2.3290690795545927,1.0783797600245746,6175812.0
3.471221463929262,1.346041702379109,-0.16249647107670945,-1.7258250422907675,-1.8378599485343892,1.4438276168207675,1.6018020806154767,2.3481371187104663,1.0880268096278434,6175848.5
-2.8975673308291827,-1.1838181493648054,1.1905556436584603,-2.877792823958699,-1.789264509297056,1.5601006999250724,1.5513808368050854,2.3669659901317037,1.0976686731104786,6175885.0
2.234943102758797,-2.1017650720889893,1.8791904571180242,-3.6909754205353074,-1.6724003525520892,1.668149525224766,1.501104157499114,2.385553814979541,1.1073051177772013,6175921.5
-1.6243685535285177,1.4090343204003897,1.473345982635913,-4.050752129154414,-1.483052444603095,1.7679720617343346,1.4510024673484998,2.403898714415215,1.1169359109327326,6175958.0
1.2726511249999308,4.573253589386902,0.45567028496958006,-3.9802457030786456,-1.2202860650509197,1.8595662784682736,1.4011061910041813,2.4219988095999625,1.1265608198817925,6175994.5
-1.0035047247390338,5.1533439126682765,-0.47647225750693695,-3.5247135847381523,-0.8962877466853792,1.942930144441073,1.3514457531170903,2.4398522216950176,1.136179611929102,6176031.0
-1.9424157636252037,3.4339078038927573,-0.8214271113997971,-2.7412040963395468,-0.5265243355935468,2.018061628667218,1.3020515783381785,2.457457071861618,1.1457920543793803,6176067.5
3.1156939438309355,0.12392834396547389,-0.6611644565858915,-1.74434701044492,-0.1264626778624619,2.0849587001611947,1.2529540913183719,2.4748114812610047,1.1553979145373494,6176104.0
-4.811347449512876,-5.253083062479931,-0.2303328087227286,-0.6530300049324524,0.2884303804207865,2.143619327937506,1.2041837167086191,2.4919135710544063,1.1649969597077283,6176140.5
6.835998528678692,-10.999323530287429,0.23371599459280437,0.4165625642590438,0.7026879931691679,2.1940414810106263,1.1557708791598487,2.508761462403065,1.174588957195238,6176177.0
3.6341453414000457,-8.807211092416253,0.5226183432199998,1.3482463411907866,1.1008433142955998,2.2362231283950527,1.1077460033230113,2.525353276468212,1.1841736743046023,6176213.5
-10.8323688950597,3.1936514550547503,0.5439635368430614,2.025836969923987,1.4674294977130165,2.270162239105284,1.0601395138490335,2.5416871344110876,1.1937508783405355,6176250.0
12.315590661180984,14.514774662998102,0.22024349679227379,2.3472357003299744,1.7869796973343786,2.2958567821558,1.012981835388855,2.5577611573929304,1.2033203366077672,6176286.5
-13.327544658412737,10.326500425315855,-0.4676135087425168,2.2847479969164737,2.044871672963497,2.3133067377992877,0.9663013813552226,2.5735734665749717,1.2128818164110038,6176323.0
-13.21304047664403,-3.252158279368875,-1.0936497369807114,1.8953300027750255,2.2315437007769114,2.3225217803668436,0.9201168710824665,2.5891221831184494,1.2224350850549777,6176359.5
9.198478331300366,-15.246112587436253,-1.1171286750414817,1.2472712811561757,2.345007034078755,2.323521124514322,0.8744374835801663,2.6044054281845996,1.2319799098444075,6176396.0
13.249334561334853,-15.223583734323878,-0.1895597505985406,0.4313404710121184,2.3849550189823683,2.31632936435979,0.8292670183956788,2.6194213229346586,1.2415160580840097,6176432.5
-12.642670962395325,1.1055618611704563,1.1558265897604938,-0.3650491146616837,2.3510234536268446,2.301029574579697,0.7846083424922018,2.634167988529865,1.2510432970785084,6176469.0
11.8913955165556,13.380135646775978,1.7593315671247602,-0.9470496293740663,2.2426179442543708,2.2779350217474037,0.740464322832938,2.6486435461314524,1.2605613941326195,6176505.5
-7.7430681153022185,7.320671636923646,0.8104997923610958,-1.2082951131776982,2.059086549132946,2.247416520410468,0.6968378263810847,2.66284611690066,1.2700701165510737,6176542.0
-10.110216220975502,-5.096616244158154,-0.9041010629961358,-1.146259435177717,1.8005891346349492,2.2098448851164774,0.6537317200998376,2.6767738219987214,1.2795692316385812,6176578.5
9.109924417836698,-8.63941871347856,-2.2028292209994915,-0.7842610869872767,1.471554843157551,2.1655909304129968,0.611148870952402,2.6904247825868746,1.2890585066998665,6176615.0
-0.4556459214266237,-1.7182026218820798,-2.1633642377962694,-0.18139749277077077,1.0834411584412165,2.115025470847605,0.5690921459019743,2.7037971198263553,1.2985377090396495,6176651.5
-6.996241501951933,5.107423421622921,-0.9006710059127389,0.47869607962658695,0.6572410430755429,2.0585193209678723,0.5275644119117551,2.7168889548784003,1.30800660596265,6176688.0
5.953915037698977,4.195913553153334,0.9946023035828391,0.9822422266884107,0.21533900411334767,1.9964432953213722,0.4865685359449422,2.729698408904247,1.3174649647735965,6176724.5
-2.9771510373812293,-0.4177108151017606,2.196783339895538,1.118410802287631,-0.2228277087818584,1.929168208455679,0.446107384964738,2.7422236030651277,1.3269125527771921,6176761.0
-4.2071822382185635,-1.8855252426367561,1.6152489917291446,0.7500445625472493,-0.6412115398931775,1.857064874918367,0.4061838259343377,2.754462658522284,1.336349137278172,6176797.5
3.6896153830989573,1.6046713490439803,-0.9371075823544702,0.03173061520136274,-1.0343764519009266,1.7805041092570064,0.36680072581694567,2.766413696436952,1.3457744855812497,6176834.0
-3.5589877977590723,0.9014135980460831,-2.283909219464494,-0.8090078441131621,-1.399539287084742,1.6998567260191735,0.32796095157575667,2.7780748379703626,1.3551883649911511,6176870.5
3.8824463013198747,-2.0607726393537384,-1.3328770480787158,-1.5388630530048744,-1.733916887724254,1.6154935397524397,0.2896673701739761,2.7894442042837553,1.364590542812595,6176907.0
0.42102509983110475,0.29594518913296,1.554320806695622,-1.9105405858473798,-2.0347260960990927,1.527785365004378,0.2519228485747983,2.800519916538367,1.3739807863502997,6176943.5
-5.3921106764060145,3.300366433425036,3.4195359641756866,-1.7073853354445347,-2.299366284437528,1.4371030163225667,0.21473025374142302,2.811300095895436,1.383358862908987,6176980.0
-0.11246764029195751,1.0742227106895759,1.6660859436541058,-0.815101416839962,-2.5271214312319032,1.3438173082545746,0.17809245263705234,2.821782863516195,1.392724539793377,6177016.5
6.3086671369027965,-4.20812129337717,-2.266152446853695,0.5050386318676342,-2.7220759908014416,1.2482990553479754,0.14201231222488717,2.831966340561879,1.4020775843081912,6177053.0
-5.810530155944329,-6.121482750687075,-5.928162577151572,1.8978245343286118,-2.8894689039349224,1.1509190721503486,0.10649269946811468,2.8418486481937326,1.4114177637581495,6177089.5
4.485893149652148,3.128497466950508,-7.102565596753973,3.008046014193337,-3.0345391114211258,1.0520481732092528,0.07153648132995287,2.851427907572985,1.4207448454479712,6177126.0
-2.693275541606541,8.769529870352791,-4.561444384923429,3.543403406017955,-3.1625255540488366,0.9520571730722778,0.037146524773585606,2.8607022398608764,1.4300585966823778,6177162.5
1.2727898304255534,3.194861139082697,1.6622059112640009,3.462125415014938,-3.2775530996400724,0.8513168862869877,0.0033256967622253652,2.869669766218636,1.4393587847660916,6177199.0
-1.17194956926957,-7.567605261471773,8.343609643165339,2.780895065435497,-3.379290324149796,0.7501981274009579,-0.029923135740937933,2.878328607807507,1.4486451770038318,6177235.5
4.282295926705144,-13.546809472890892,11.406992266690855,1.515281308564064,-3.466291730566217,0.6490717109617646,-0.06259710577270336,2.886676885788727,1.4579175407003164,6177272.0
5.651778707246316,-1.4557010525046141,7.9892457221034645,-0.26032769441748016,-3.5371118218775344,0.5483084515169778,-0.09469334636987274,2.8947127213235304,1.4671756431602712,6177308.5
-11.189890246844378,16.308082222484572,0.15129473804385976,-2.2362669427375383,-3.590305101071952,0.44827916361416714,-0.12620899056923632,2.9024342355731494,1.4764192516884136,6177345.0
16.302142914175885,0.8860656079546189,-8.53981306876629,-4.044052225727074,-3.624426071137677,0.3493546618009151,-0.15714117140760367,2.909839549698822,1.4856481335894605,6177381.5
-20.106899795189072,-17.6448715689237,-13.41657131765915,-5.315199332717048,-3.6380292350629158,0.2519057606247908,-0.18748702192177658,2.9169267848617926,1.4948620561681332,6177418.0
21.346296924512618,-1.3858440054735488,-11.028277198834884,-5.76716674262453,-3.6296539839311537,0.15628816272866047,-0.21724367514855358,2.923694062223285,1.5040607867291653,6177454.5
-0.9964022592430919,13.785866038720505,-3.8919009499119555,-5.460499505804027,-3.5984470733140586,0.06278074833660642,-0.2464082641247332,2.9301395029445474,1.5132440925772646,6177491.0
-16.357051225420086,16.003473201954428,3.983668929636592,-4.538948614568389,-3.5462113953066727,-0.02841821343165416,-0.27497792188712006,2.936261228186809,1.5224117410171498,6177527.5
-10.051589932003077,5.930367214735788,9.267553027146922,-3.145580874323522,-3.4754176541110486,-0.11712682825635296,-0.3029497814725021,2.9420573591113017,1.5315634993535485,6177564.0
7.1921883062099905,-7.683732582851346,11.340908277191934,-1.4234630904753287,-3.388536553929243,-0.20316320181770403,-0.33032097591769777,2.9475260168792743,1.5406991348911792,6177600.5
-3.696910416407129,-10.967303446703776,10.261832948596817,0.48540568412717316,-3.2879996487686047,-0.28638458999063887,-0.35708863825949727,2.952665322651956,1.5498184149347578,6177637.0
1.963068909362568,-8.938997253671397,6.169265442551675,2.4387379703798877,-3.1760818918576366,-0.3668048494289278,-0.3832499015347069,2.9574733975905834,1.5589211067890125,6177673.5
0.854105018321751,-0.616618332670997,0.024602980101553294,4.277076295805008,-3.0550190862301365,-0.44447698698105487,-0.40880189878012074,2.9619483628563943,1.56800697775866,6177710.0
-2.8477420491611567,5.826754867537596,-5.193318066948558,5.8364037514420755,-2.9270470349198985,-0.5194540094955001,-0.43374176303254225,2.966088339610623,1.5770757951484191,6177746.5
4.032854417097459,2.187680865991864,-6.9247090644061835,6.952703428330633,-2.7944015409607172,-0.5917889238207485,-0.45806662732876935,2.9698914490145087,1.5861273262630116,6177783.0
-4.713348080184583,-3.3413649921873207,-6.26244400553896,7.506102086352748,-2.6593184073863894,-0.6615347368052721,-0.48177362470560897,2.9733558122292836,1.5951613384071626,6177819.5
4.494522580060833,1.2304230464757082,-5.135718825689664,7.553301160760536,-2.5240334372307065,-0.7287444552975667,-0.504859888199854,2.9764795504161867,1.6041775988855838,6177856.0
-3.5341470058008135,1.8445111447038607,-4.307612153588225,7.194718669728062,-2.3903553476068677,-0.7934710861461065,-0.5273225508483107,2.9792607847364567,1.6131758750029996,6177892.5
2.400706997985789,-1.478128240839354,-3.2744333912949752,6.529064287746976,-2.258384511945692,-0.8557676361993677,-0.5491587456877814,2.9816976363513303,1.622155934064134,6177929.0
-1.7013720681233504,-0.4164262752768696,-1.3512057637845294,5.654620603388355,-2.1277942177573888,-0.915687112305842,-0.5703656057550592,2.9837882264220363,1.6311175433737066,6177965.5
1.7374702107465165,0.14902871445200067,0.9873315913661506,4.669670205223268,-1.9982577525521739,-0.9732825213140094,-0.5909402640869454,2.985530676109815,1.6400604702364354,6178002.0
-1.5443510077682183,0.4234185746912309,2.9611046205351843,3.672495681822775,-1.8694484038402674,-1.0286068700723445,-0.61087985372025,2.986923106575907,1.648984481957039,6178038.5
-2.687342721591168,0.8840530923913869,3.791058946173904,2.7626171606381313,-1.7410394591318847,-1.0817131654293397,-0.6301815076917633,2.9879636389815474,1.657889345840243,6178075.0
-4.691520254769186,1.151043812337776,2.7911579831131497,2.016719245029583,-1.6127042059372414,-1.1326544142334642,-0.6488423590382909,2.988650394487968,1.6667748291907638,6178111.5
2.9435455452843633,0.6891401308886501,-0.06179580245588311,1.4015813587905877,-1.4841159317665538,-1.181483623333208,-0.6668595407966303,2.9889814942564046,1.6756406993133262,6178148.0
6.252963980000354,-1.150816627272153,-3.4693791419000757,0.8561972461028593,-1.3549479241300346,-1.2282537995770564,-0.6842301860035856,2.9889550594481027,1.6844867235126457,6178184.5
-6.27311200720944,-2.923743257239742,-5.824847088788272,0.31956065114811794,-1.2248734705379074,-1.2730179498134788,-0.7009514276959563,2.9885692112242896,1.6933126690934484,6178221.0
5.934134646527526,2.0291787429518546,-5.7075768579926685,-0.26168623711041794,-1.093565858500383,-1.3158290808909667,-0.7170203989105415,2.987822070746206,1.7021183033604481,6178257.5
3.4013611488633595,5.2246425965764285,-2.443970097095732,-0.9077716630866357,-0.9606983755276762,-1.356740199658002,-0.7324342326841414,2.986711759175088,1.7109033936183697,6178294.0
-6.5165818299198115,-1.3265918749897636,3.6477534908185842,-1.6211322764254281,-0.8259443091300092,-1.3958043129630586,-0.7471900620535572,2.9852363976721676,1.7196677071719322,6178330.5
8.648052011981447,-8.39407890504922,9.064627438326914,-2.401668939274824,-0.6889769468175921,-1.4330744276546272,-0.7612850200555881,2.9833941073986843,1.7284110113258615,6178367.0
-3.9782887057558325,0.9861921666680614,10.309408666559797,-3.2492825137828487,-0.5494695761006435,-1.4686035505811825,-0.774716239727043,2.9811830095158802,1.7371330733848689,6178403.5
-16.865274437703384,11.92306154362261,7.074684985896643,-4.14860022028817,-0.4070954844893848,-1.5024446885912108,-0.7874808541047066,2.978601225184981,1.7458336606536815,6178440.0
0.22234056001297972,6.820647650325942,0.2504272199825356,-5.0231547118920385,-0.26152795949402236,-1.5346508485331893,-0.799575996225399,2.975646869703556,1.7545125463006945,6178476.5
26.417549413732953,-7.618268862130368,-7.459861658392359,-5.781204999886342,-0.11244028862477805,-1.5652750372556068,-0.8109987991259027,2.9723180349144536,1.7631695269490077,6178513.0
-29.74854110869081,-16.323929031906278,-12.895477228699301,-6.331010095562976,0.04049424060813104,-1.5943702616069366,-0.8217463958430317,2.9686128067968562,1.7718044050854098,6178549.5
31.242201277405144,-4.018936482648467,-13.687048601733641,-6.580829010213827,0.1976023406944904,-1.6219895284356682,-0.8318159194135745,2.9645292713299383,1.7804169831966614,6178586.0
7.329422512502002,10.209709631475114,-10.604305067805281,-6.4649291817874746,0.3589852049988835,-1.6481858445902788,-0.8412045028743385,2.9600655144928782,1.7890070637695532,6178622.5
-0.08375354278341285,14.692656767484968,-5.103373665420733,-6.0216117548592125,0.5238419503851007,-1.6730122169192498,-0.8499092792621278,2.9552196222648592,1.7975744492908665,6178659.0
-11.187366707499947,16.128442062067272,1.3858525126954129,-5.315186300661027,0.6911461745917269,-1.696521652271066,-0.8579273816137368,2.9499896806250554,1.8061189422473698,6178695.5
-20.5733878862592,18.132405737470947,7.433480373818539,-4.409962390424902,0.8598714753573508,-1.7187671574942052,-0.8652559429659661,2.9443737755526382,1.8146403451258568,6178732.0
15.362089798663998,17.970919377296287,11.784603681535922,-3.3702495953828158,1.0289914504205533,-1.739801739437149,-0.871892096355622,2.9383699930268,1.8231384604131013,6178768.5
-10.068032537183445,1.9917817618531042,13.937447764903535,-2.2603574867667535,1.1974796975199293,-1.7596784049483858,-0.8778329748194996,2.931976419026712,1.8316130905958605,6178805.0
5.465259022952584,-16.12108354695269,13.776327536259641,-1.1429618018942407,1.3643098143940675,-1.7784501608763903,-0.8830757113944027,2.92519113953155,1.8400640381609399,6178841.5
-2.2375940283603732,-14.601037698821356,11.381769624404525,-0.06931445875211745,1.528455398781551,-1.7961700140696486,-0.8876174391171265,2.918012240520493,1.8484911055951128,6178878.0
0.7083690523213362,-8.354803276615018,7.4309184718184405,0.9305203932785779,1.6888900484209661,-1.8128909713766375,-0.8914552910244774,2.9104378079727224,1.8568940953851483,6178914.5
-0.7691101257601758,-4.381134724565762,2.750481432880297,1.8313670884896434,1.8445873610509065,-1.8286660396458456,-0.8945864001532542,2.9024659278674134,1.8652728100178364,6178951.0
1.9702025743798268,3.6629033853517203,-1.832834138031015,2.6080499611728802,1.994520934409953,-1.8435482257257454,-0.8970078995402595,2.8940946800024734,1.8736270581612215,6178987.5
-3.66672696208165,9.836047132970469,-5.492320886536593,3.2353933456200874,2.1376643662366965,-1.8575905364648302,-0.8987169222222857,2.8853221194506986,1.8819566732084625,6179024.0
5.174110670529419,1.579345668245279,-7.632977048876327,3.6882215761230666,2.2729912542697237,-1.8708454817672666,-0.8997110981804451,2.8761462951036223,1.8902614947339855,6179060.5
-5.951052080475473,-7.729065538031411,-8.58662322376521,3.9413589869736163,2.3994751962476206,-1.883363426412126,-0.8999902025209511,2.8665652558527737,1.8985413623122196,6179097.0
5.788661924084784,-1.4214145324849714,-8.806971184370049,3.969629912463539,2.5160897899089796,-1.8951936088426404,-0.8995551366858573,2.856577050589684,1.9067961155175897,6179133.5
0.000787460211124513,5.542047336771542,-8.320550147360294,3.7599091249219017,2.6218333031256282,-1.906385110154148,-0.898406959465105,2.8461797282058807,1.9150255939245258,6179170.0
-3.6514942446922385,5.830123947127941,-7.086243438993601,3.3472731488268668,2.7158026843023673,-1.916987011441999,-0.8965467296486203,2.8353713375928873,1.9232296371074553,6179206.5
2.590169048153608,-0.6520818948249018,-5.127676434273914,2.778848946693864,2.797119551977244,-1.927048393801529,-0.8939758276370449,2.8241502492529262,1.931408084640805,6179243.0
-2.1095625229115007,-4.638839115850644,-2.7711208744115514,2.101763481038314,2.864905524688303,-1.9366183383280868,-0.8906969560895884,2.8125161559468066,1.9395607760990043,6179279.5
2.3717189985361062,-5.018947054134585,-0.3656131072790365,1.363143714375649,2.9182822209735964,-1.945745926117017,-0.8867139586465715,2.8004698914164354,1.9476875510564808,6179316.0
-3.168447183924921,0.7549071375079723,1.8660818867261286,0.6101166092213063,2.9563712593711613,-1.9544802382636617,-0.8820334944797154,2.788015104935124,1.9557882490876641,6179352.5
4.041456225840904,4.71830196812192,3.389835172789426,-0.11019087190929477,2.9782942584190466,-1.9628703558633631,-0.876663200019343,2.775156423034786,1.963862709766974,6179389.0
-4.566121002344062,0.7824461022722636,3.7469338982897065,-0.7522566779010992,2.9831549730016604,-1.9709474963578242,-0.8706107869836914,2.7618985475352527,1.9719107726688512,6179425.5
-0.8007337059620843,-2.636842787381504,3.152041684792334,-1.282896632615404,2.969971513757812,-1.9786572329431567,-0.8638839670910152,2.748246180256362,1.9799322773677148,6179462.0
4.11968877405181,-4.181015174529676,2.0103596325650686,-1.69420438881338,2.9376873691486622,-1.9858705166378179,-0.8564904520595519,2.7342040230179485,1.9879270634379935,6179498.5
-3.3309134076720013,-3.6994031578090025,0.7170899006316049,-1.9841918286310636,2.885231838004354,-1.992444108829248,-0.8484379536075451,2.719776777639842,1.995894970454117,6179535.0
2.4398790315710657,-1.491137774302378,-0.42996234161243785,-2.1508708342044884,2.8115342191550394,-1.9982347476231286,-0.8397342067350052,2.704969145941879,2.0038358379905117,6179571.5
-1.7246382794055437,0.7337146920266893,-1.2838223239996758,-2.19225328766969,2.7155238114308586,-2.003098631997106,-0.830387485569968,2.689785829743884,2.011749505621609,6179608.0
1.3725020058267332,1.7274727467518836,-1.7312435835150433,-2.1068059875003105,2.5965848299995686,-2.006890153643197,-0.820407871526116,2.674231530865707,2.0196358129218313,6179644.5
-1.406646586082801,2.869888415226161,-1.6551881452032964,-1.8988513145249033,2.456165560443649,-2.009462780773263,-0.8098063694972675,2.6583109511271683,2.0274945994656104,6179681.0
1.709942056130727,1.2063709033703345,-1.0110017515318845,-1.5893102339276373,2.2971468249404574,-2.01066747057848,-0.798596495397944,2.6420287923481127,2.035325704827372,6179717.5
-2.1097292151758205,-1.8400674632530343,-0.10043769376180549,-1.2031396278971742,2.122653850731657,-2.0103522983552136,-0.7867946470374582,2.6253897563483624,2.0431289685815437,6179754.0
2.4685537174210794,-2.083627173962065,0.7262330866599624,-0.7652963786221876,1.9358118650589236,-2.008364738295913,-0.77441782332906,2.6083985449477596,2.0509042303025584,6179790.5
0.6307586919882445,-0.8393924995997316,1.2810425091679964,-0.30073736829134146,1.7397460951639265,-2.004552264593031,-0.761483023185973,2.591059859966131,2.0586513295648365,6179827.0
-1.9740315668131543,0.6297169838322673,1.4397522117612498,0.16558052090669675,1.5375817682883357,-1.9987623514390187,-0.7480072455214473,2.5733784032233173,2.0663701059428106,6179863.5
-2.9394112006594377,1.5095454657779794,1.0834308286468781,0.6095678114668011,1.3324441116738208,-1.9908424730263332,-0.7340074892487063,2.5553588765391475,2.074060399010907,6179900.0
-2.055280393181743,1.1609758691250907,0.18226068380904564,1.0106046446180146,1.1274583525620532,-1.980640103547425,-0.719500753280991,2.5370059817334556,2.0817220483435563,6179936.5
2.243689986833592,-0.2681149321282441,-0.9241100694068745,1.3489385662729036,0.9257497181947064,-1.9680027171947472,-0.7045040365315411,2.51832442062608,2.089354893515183,6179973.0
2.8326561619046307,-1.333026963799484,-1.8034499691443235,1.6048171223440606,0.7304434358134476,-1.9527777881607522,-0.6890343379135878,2.4993188950368506,2.0969587741002154,6180009.5
-2.751647997354152,-1.2118808961786545,-2.0661245571705704,1.758638619420109,0.5445139719839018,-1.9348127906378914,-0.673108656340368,2.4799941067856,2.1045335296730836,6180046.0
-2.0644706347698274,0.47069324900101667,-1.5586318849088512,1.796776030535856,0.3702060023662267,-1.9139551988186194,-0.6567439907251198,2.460354757692165,2.1120789998082112,6180082.5
2.712187526017246,1.8538350119233866,-0.43304498804905656,1.727468416516282,0.2088776169932566,-1.8900524868953898,-0.639957339981072,2.4404055495763757,2.1195950240800308,6180119.0
0.5148175905238722,0.9876301705298907,1.047583155263461,1.5652417905125477,0.060844829112372316,-1.8629521290606532,-0.6227657030214687,2.420151184258069,2.1270814420629667,6180155.5
-2.9700555364174113,-1.423964100971142,2.409805871300733,1.3248509978218526,-0.07380518017509603,-1.8325015995068639,-0.6051860787595432,2.3995963635570776,2.13453809333145,6180192.0
0.7727581027642496,-3.324918608200581,3.017133413425669,1.021050883741396,-0.19498522976781282,-1.7985483724264764,-0.587235466108527,2.3787457892932355,2.1419648174599053,6180228.5
3.39122140773709,-1.607362151588731,2.4082692589609715,0.6687421223206357,-0.30260813856444657,-1.7609399220119388,-0.5689308639816608,2.357604163286374,2.149361454022764,6180265.0
-3.5293912070525186,4.249525117193251,0.9404974066830187,0.2834087026180758,-0.3965867254636611,-1.7195237224557052,-0.5502892712921846,2.336176187356335,2.1567278425944476,6180301.5
3.553303577420657,5.725755818749093,-0.7963526502378231,-0.1193195575555233,-0.4768338093641213,-1.6741472479502313,-0.5313276869533256,2.3144665633229393,2.1640638227493936,6180338.0
2.0961907514898632,-1.268037807898491,-2.210923008358175,-0.5238128403894046,-0.5432622091644951,-1.6246579726879669,-0.5120631098783248,2.2924799930060287,2.171369234062023,6180374.5
-3.4702378953572874,-7.626665303514448,-3.1242475836013726,-0.914441328072803,-0.5957928497761481,-1.5708952648486678,-0.4925125389804169,2.270221178225437,2.1786439161067657,6180411.0
-2.892141889343144,-4.554506795430603,-3.5229855896139064,-1.2755752027949618,-0.6343277561295494,-1.5127173925929813,-0.4726929731728371,2.247694820800994,2.1858877084580493,6180447.5
4.040821698207652,4.025878441618826,-3.6160052475375895,-1.591584646745117,-0.6585717630411312,-1.4501798141955982,-0.45262141136882134,2.2249056225525394,2.1931004506902987,6180484.0
-4.905673472053626,10.286412952797544,-3.667727030388066,-1.846839842112513,-0.6681775697911719,-1.3833901234673514,-0.43231485248160606,2.201858285299901,2.200281982377946,6180520.5
0.08449346493545125,7.55813127092247,-3.8716370032453495,-2.0257109710863825,-0.6627484705996386,-1.3125053192793987,-0.41179029542443,2.1785575108629183,2.2074321430954185,6180557.0
7.9968663679067555,2.0544939033985585,-4.1374835994469334,-2.112360715585895,-0.6419098122821938,-1.2378678481772698,-0.3910647391105263,2.1550080010614208,2.2145507724171423,6180593.5
-10.056183510739103,0.3708315560264006,-4.304080844394689,-2.089794645963235,-0.6063978941790034,-1.1598663157489717,-0.3701551824531287,2.131214457715241,2.2216377099175437,6180630.0
7.095383339984665,-1.596793623979604,-4.2026936678766065,-1.9470465906361947,-0.5584698531784913,-1.078889327582509,-0.34907862436547527,2.1071815826442153,2.228692795171058,6180666.5
14.188657104502825,-6.603923962843015,-3.6343906172252414,-1.7030000686655202,-0.500729517981586,-0.995325489265883,-0.327852063760807,2.0829140776681796,2.235715867752105,6180703.0
-15.691779522262902,-12.63571209728436,-2.392691144159269,-1.3840827993943707,-0.435785612620661,-0.9095634063871054,-0.30649249955234925,2.05841664460696,2.2427067672351226,6180739.5
16.516243093089155,-8.001117694487515,-0.4312604084139754,-1.0167225021659014,-0.3662468611280999,-0.8219916845341759,-0.28501693065335115,2.0336939852804035,2.249665333194521,6180776.0
-4.662174135608433,3.5568213299991456,1.655653598208963,-0.6273468963232725,-0.2947219875362765,-0.732998929295105,-0.2634423559770317,2.008750801508326,2.2565914052047424,6180812.5
-16.044053115084154,11.689496089204917,3.1136571758912512,-0.24238370120963834,-0.22381971587757205,-0.6429737462578916,-0.2417857744366415,1.9835917951105733,2.2634848228402147,6180849.0
-12.471003391370193,8.680548258458947,3.3810867018184467,0.11173936383184081,-0.1561487701843615,-0.5523047410105476,-0.22006418494541058,1.9582216679069782,2.270345425675357,6180885.5
-2.8258941848470247,-0.7990191205765722,2.662010968475672,0.41378247217367653,-0.09431787448902183,-0.46138051914107336,-0.19829458641657585,1.9326451217173726,2.277173053284604,6180922.0
11.579328602712112,-9.518857901850522,1.3324772744892084,0.6632573680510726,-0.0409357528239356,-0.37058968623747734,-0.17649397776337386,1.9068668583615898,2.283967545242383,6180958.5
-9.664321985799074,-8.908507683279192,-0.2087026749298737,0.8648636884148935,0.0013888707785201934,-0.280320847887764,-0.15467935789903556,1.8808915796594623,2.2907287411231176,6180995.0
7.845206073986585,1.4684493474297078,-1.4561905662525478,1.0233010702160124,0.03004727228597237,-0.19096260967994066,-0.13286772573680566,1.8547239874308294,2.2974564805012427,6181031.5
-6.33479748424989,7.303329349489833,-1.8978261421849956,1.1432691504052963,0.0424307276660362,-0.10290357720201121,-0.1110760801899113,1.8283687834955178,2.3041506029511827,6181068.0
-3.9521519009476562,3.2092206768375884,-1.2454160955257312,1.228020295423365,0.0359333573544915,-0.016535200510130334,-0.089321420171595,1.8018306696733646,2.310810948047361,6181104.5
4.568902280355394,-4.746081486617301,-0.08550456390684942,1.274550315617256,0.008455255607574659,0.06771257057165939,-0.06762074459509215,1.775114347784203,2.3174373553642136,6181141.0
-0.6786277108835012,-5.646186835636115,0.7853343912256865,1.275514876931169,-0.039099277376691166,0.14929845417011217,-0.04599105237363149,1.748224519647868,2.3240296644761615,6181177.5
-4.158521890088287,-1.1969889238255094,0.8121234910325528,1.2214715762653738,-0.10097223796079326,0.22763705513635066,-0.02444934242045778,1.7211658870841904,2.3305877149576375,6181214.0
-3.7848392849623496,3.3942112534985758,0.27768780106708574,1.11056852090444,-0.16931385777397248,0.3020750128000087,-0.0030126136488058306,1.6939431519130101,2.337111346383065,6181250.5
0.2634239936534152,4.841355430009177,-0.3232414805543907,0.9384880343361102,-0.23600717168273758,0.3719419751103606,0.018302135028097792,1.6665610159541533,2.3436003983268727,6181287.0
4.320278191815835,1.0980366845866167,-0.5517283829369711,0.699680665164524,-0.2929352145535792,0.4365675900166763,0.03947790270535769,1.6390241830191041,2.350054710363492,6181323.5
-3.9896060871498555,-4.546029852737063,-0.2101342528928784,0.4017862712808358,-0.3319810212530021,0.4952815054682263,0.06049763126471888,1.6113374141327257,2.35647412206735,6181360.0
3.3706722773455646,-1.5503125169888827,0.5988446734127637,0.10520194772416938,-0.3451308096905518,0.5475165524573364,0.08134406360916856,1.583505669298616,2.3628584730128726,6181396.5
-2.645191101440624,4.204837864535693,0.9971202501282007,-0.11648590117933502,-0.32488254627735424,0.5932173104778955,0.10199989339493369,1.5555339577671605,2.369207602774487,6181433.0
2.1274680712060423,1.4109641302093152,0.25186843609922144,-0.2086697869211636,-0.26497058179030175,0.6328276073843604,0.12244781427821534,1.5274272887887457,2.3755213509266233,6181469.5
-2.0820355446055223,-3.7428302588882962,-1.0264757906385982,-0.19266157945184306,-0.16217313216793408,0.666890287360555,0.1426705199152432,1.4991906716137453,2.3817995570437063,6181506.0
2.572859214122085,-2.0842272934329995,-1.9469200513597433,-0.10741451671456473,-0.01534309717897492,0.6959481945903174,0.16265070396222553,1.4708291154925437,2.388042060700169,6181542.5
-3.4379652684669484,3.286196631182755,-1.836873402362149,0.010895801069208616,0.1712610042793852,0.7205441732574686,0.18237106007537107,1.4423476296755329,2.394248701470435,6181579.0
4.389071059558937,2.15569617813463,-0.32804930067217697,0.11693417663021684,0.39202832473068827,0.7412210675458394,0.2018142819109079,1.413751223413084,2.400419318928933,6181615.5
3.1863118154011936,-2.5441020465420165,1.807756669960994,0.16273743129243398,0.6413480166984802,0.7585217216392538,0.22096306312504532,1.3850449059555825,2.4065537526500913,6181652.0
-5.543667044091325,-3.020535329681172,3.2608364790101256,0.10114311473078764,0.9128085043553525,0.772988979721539,0.23980009737400315,1.3562336865534095,2.4126518422083367,6181688.5
5.412512778858898,3.107125401452258,3.26654851655234,-0.09575037341926333,1.1957862408112545,0.7851656859765326,0.2583080783139869,1.3273225744569521,2.4187134271781012,6181725.0
-4.7838339318453675,2.3812131836898978,1.7548136984093745,-0.38625074912389984,1.473942818811382,0.7955946845880513,0.2764696996012234,1.298316578916589,2.4247383471338058,6181761.5
3.8745930825466988,-3.545080353674208,-0.4948760395737746,-0.694362152510856,1.7264191679287546,0.8048188197399331,0.2942676548919259,1.2692207091826995,2.430726441649884,6181798.0
0.9013799173433464,-3.5642496026656554,-2.5285303852319982,-0.9395273138874314,1.9314783163580622,0.8133809356159966,0.31168463784230493,1.2400399745056705,2.436677550300762,6181834.5
-2.3105384811022023,0.9175873101994678,-3.6194456429546893,-1.0447380690807497,2.070932397813824,0.8218238764000791,0.3287033421085768,1.210779384135883,2.4425915126608673,6181871.0
2.0864404263384198,4.1779288202803375,-3.7198263058060994,-0.9521079149815844,2.1412662410986756,0.8306904862760022,0.3453064613469614,1.1814439473237177,2.448468168304628,6181907.5
-2.301494329146723,3.7963461960791167,-2.907680376548965,-0.6399403615397596,2.144458249397491,0.8404842326001949,0.3614766892136709,1.1520386733195618,2.454307356806471,6181944.0
2.756849498068683,-0.563235190060231,-1.2835229038417844,-0.14322396409811947,2.0831726656956664,0.8514990159373034,0.3771967193649243,1.1225685713737916,2.4601089177408255,6181980.5
0.30909604040068267,-4.547036155456503,0.5921556181321171,0.49011277039833173,1.9603213477346926,0.8637811220958943,0.3924492454569339,1.09303865073679,2.4658726906821187,6182017.0
-3.604089535853525,-4.371717740165457,2.095601484045227,1.212141335004595,1.7788682127382196,0.8773247774023636,0.4072169611459139,1.0634539206589422,2.471598515204778,6182053.5
-3.4367946151207738,0.9765327202580861,2.8331314347931587,1.9749332227756264,1.5417771779299183,0.8921242081830925,0.42148256008808244,1.0338193903906308,2.477286230883234,6182090.0
3.4827299348083938,4.475175791795656,2.4653618967227082,2.7325444231425875,1.2520121605334151,0.9081736407644995,0.4352287359396544,1.0041400691822333,2.482935677291911,6182126.5
-3.1418488623442746,0.14560241852734404,0.8850792695482991,3.4440852825581256,0.9125370777723788,0.9254673014729613,0.44843818235685,0.9744209662841354,2.488546694005237,6182163.0
2.8539691902149578,-4.344396008472186,-1.055167049526171,4.059116129918873,0.5263158468704582,0.9439994166348844,0.4610935929958771,0.9446670909467177,2.494119120597645,6182199.5
-2.8715403136073876,-3.9780310159619416,-2.276239914092861,4.5243136656384,0.09631238505131391,0.9637642125766587,0.4731776615129537,0.9148834524203653,2.4996527966435567,6182236.0
3.206793261069392,-3.2545709449322104,-2.023659716177013,4.800482378951875,-0.37475826759282355,0.984755915624679,0.4846730815642991,0.8850750599554582,2.505147561717402,6182272.5
-3.5437477082328703,2.3502383640199187,-0.6338401375988557,4.903910630486964,-0.8841492956015554,1.0069687521053448,0.4955625468061237,0.8552469228023794,2.5106032553936086,6182309.0
3.449655441297422,5.388569514700517,1.2875440984382975,4.860437196216844,-1.4247853871698357,1.0303969483450468,0.5058287508946484,0.8254040502115072,2.5160197172466066,6182345.5
-2.7546726350708997,-3.120434065111425,3.0138530523009717,4.6930006166177165,-1.9866909949956275,1.0550347306701868,0.5154543874860815,0.7955514514332311,2.521396786850823,6182382.0
1.8195107458974598,-7.267731109882917,3.3282257489254055,4.430431363974781,-2.5594223338760824,1.0808763254071507,0.5244221502366482,0.7656941357179287,2.5267343037806835,6182418.5
-1.466863641355639,-5.467841442951836,1.3244522616705192,4.111186859814887,-3.1325356186083697,1.107915958882341,0.5327147328025545,0.7358371123159854,2.532032107610616,6182455.0
2.579101046989751,1.8378360660492776,-2.005189610507377,3.7168297769840573,-3.6955870639896546,1.1361478574221546,0.540314828840017,0.7059853904777819,2.5372900379150507,6182491.5
-5.605150413037104,12.113823919028615,-4.904884642804364,3.2131090587306548,-4.2381328848170945,1.1655662473529829,0.5472051487580227,0.6761439627009317,2.542507934268414,6182528.0
10.302522876379408,0.560700661796008,-5.853711776104498,2.565773648303032,-4.749729295887849,1.1961653550012157,0.5533685510857846,0.6463176733628215,2.547685636245134,6182564.5
-15.901954114037839,-16.25811808783861,-4.587148206155137,1.7509135989054845,-5.219932511999086,1.2279394066932565,0.5587882355419869,0.6165110256513635,2.552822983419637,6182601.0
21.582640901028732,-13.221352783724134,-1.365300071459174,0.789161663561959,-5.638298747947964,1.2608826287554975,0.5634474829544919,0.58672844164529,2.5579198153663576,6182637.5
8.472912511054888,0.45522964296848156,2.8543845127046557,-0.2757952547638762,-5.994384218531652,1.2949892475143403,0.567329574151159,0.5569743434233423,2.5629759716597165,6182674.0
-15.629961783179176,15.76605530647289,6.9427072143526285,-1.3970919931123995,-6.277745138547302,1.330253489296171,0.570417789959854,0.527253153064251,2.56799129187414,6182710.5
-28.93682147963641,26.564289319765873,9.770469701501023,-2.527863388523991,-6.477937722792085,1.3666695804273903,0.5726954112084356,0.4975692926467592,2.5729656155840632,6182747.0
-38.011344506102304,26.69895941164469,10.296901566940441,-3.629691188811278,-6.584518186063158,1.4042317472343893,0.5741457187247679,0.46792718424959373,2.577898782363912,6182783.5
-3.5229681862420543,12.453070232525794,8.115852904409497,-4.687240968474383,-6.587015283214083,1.4429067560999689,0.5747519933367091,0.43833124995149636,2.5827906317881113,6182820.0
20.06342885239052,-8.824666550296525,4.033236939823897,-5.650809947179742,-6.474784359270188,1.4824879635786778,0.5744975158721283,0.408785911831204,2.5876410034310844,6182856.5
38.91277381088145,-27.18961051642002,-0.8641242990499567,-6.459991528192299,-6.2368990190978755,1.5224869860661623,0.573365567158883,0.3792955919674468,2.5924497368672683,6182893.0
-36.48012898956856,-32.2647341655571,-5.489408784445662,-7.054379114777003,-5.862369297509718,1.562351869904226,0.5713394280248347,0.3498647124389638,2.5972166716710774,6182929.5
18.351868220520977,-16.398606111485286,-8.941245822811538,-7.371433963490462,-5.3423373760266415,1.6015306614346871,0.5684023792978443,0.3204976953244913,2.601941647416985,6182966.0
28.169855525881673,8.296660053625846,-11.060070057454864,-7.336819503429263,-4.679743263629584,1.6394714069993546,0.5645377018057782,0.2911989627027623,2.606624503679357,6183002.5
-2.9654259128877825,27.040612995954234,-11.861732728298211,-6.871024792074344,-3.8927360785145315,1.6756221529400295,0.5597286763764928,0.2619729366525191,2.6112650800326502,6183039.0
-17.781176947780427,33.9199599942696,-11.29744848421101,-5.955906237333113,-3.002734179504172,1.7094309455985353,0.5539585838378556,0.23282403925249084,2.6158632160512982,6183075.5
-12.406858871422594,27.11106358415204,-9.320926390018505,-4.6813455473342405,-2.031155925421164,1.7403426001970403,0.5472139361373546,0.2037566925814204,2.620418751309707,6183112.0
8.84570959332224,13.369257196126958,-6.303456734598681,-3.161722070861849,-0.9994196750881941,1.7677889739174872,0.5394942032627348,0.17477531871803365,2.6249315253823293,6183148.5
2.8348195779990015,2.6043447224884373,-2.7268495230065697,-1.5114151567000742,0.0710562126720788,1.7911985585752523,0.5308022205682779,0.14588433974107562,2.6294013778435783,6183185.0
-4.752169922892897,-5.759053907423932,0.9270852397027892,0.15519584636696349,1.1588533790369715,1.8099998124239927,0.5211408569700043,0.1170881777292782,2.633828148267887,6183221.5
5.283441119187528,-14.285732498312127,4.176537548474356,1.7237315895551253,2.242553465183818,1.8236211937173692,0.5105129813839276,0.08839125476137659,2.638211676229682,6183258.0
1.2117070895096933,-22.185246511606557,6.539697398253086,3.0798127240802935,3.3007381122899426,1.8314894403862736,0.4989231830488279,0.05979799291610761,2.642551801303388,6183294.5
-10.724332150299754,-28.3009606850949,7.534754783983969,4.1090599011583295,4.311988961532669,1.8330215562422965,0.48638578532279236,0.031312814272206994,2.64684836306344,6183331.0
14.367872151189943,-25.687129422984466,6.858200706244166,4.710300242988484,5.254887654089336,1.8276214134611806,0.47292824319973975,0.002940140908412682,2.651101201084263,6183367.5
-17.44344185278604,0.8474039622503675,4.905251640824856,4.849665303018611,6.1080158311372506,1.8146900313904297,0.4585808645018442,-0.025315605096541256,2.6553101549402824,6183404.0
18.987698980966552,23.368906591560624,2.1915108798890923,4.564243410056369,6.850119018737596,1.7936284293775384,0.44337395705128446,-0.05345000166391908,2.6594750642059193,6183440.5
-18.523061835312273,7.040471062104953,-0.7134316769685144,3.9031395752892415,7.462404607886779,1.7638376267699962,0.4273378286702385,-0.08145862671498728,2.663595768455624,6183477.0
6.209324306688401,-14.85460374401515,-2.966125511167128,2.908069623421181,7.933469176064771,1.724718642915305,0.4105027871808806,-0.1093370581710057,2.6676721072638023,6183513.5
13.06500680181176,-17.46192588597703,-3.6546549493793035,1.6189430537561718,8.253715626151463,1.6756724971609531,0.3928991404053933,-0.13708087395323917,2.671703920204888,6183550.0
-9.623855613919245,3.718458780338352,-2.274941869302712,0.10769637214715219,8.413546861026758,1.616100208854443,0.3745571961659502,-0.1646856519829536,2.675691046853313,6183586.5
6.749286461633607,13.424542910839536,0.03540033895904312,-1.4152845810517576,8.403114585830409,1.5456539950833998,0.355507262284731,-0.19214697018141105,2.6796333267835024,6183623.0
-4.881758315007029,3.331350023942346,1.895046928639797,-2.666221725715621,8.211565714741646,1.4649908638959972,0.33577964658391196,-0.2194604064698794,2.683530599569887,6183659.5
3.969267352433891,-6.759975712027581,2.7672575087593523,-3.383955627167632,7.827795964199537,1.375019021080547,0.31540465688567215,-0.24662153876961904,2.687382704786889,6183696.0
-3.607731959196074,-7.769965436901586,2.481048538232664,-3.4675922730417006,7.240701050643164,1.2766466724253587,0.294412601012187,-0.27362594500189646,2.6911894820089426,6183732.5
3.3681992606935447,-7.492315582715501,1.08279761737459,-2.9682396341164012,6.4445162907179565,1.1707820237187385,0.27283378678563674,-0.3004692030879737,2.6949507708104674,6183769.0
-3.074487838386683,-6.377392520938518,-1.0091802456906045,-1.9867896892918193,5.4548354018947,1.0583332807490011,0.25069852202819587,-0.32714689094911753,2.6986664107659033,6183805.5
2.840728187997761,1.193219792073059,-2.951960752875471,-0.6346148448709827,4.297732529047116,0.9402086493044525,0.228037114562043,-0.3536545865065883,2.7023362414496668,6183842.0
-1.4138372662083392,7.632454824448378,-3.3788424893602738,0.9374626933287088,3.0198451258352836,0.8173163351734056,0.20487987220935794,-0.3799878676816553,2.705960102436191,6183878.5
-3.302319679335624,5.017609330166174,-1.3472506880988997,2.4834917264927334,1.6729514731158641,0.6905645441441677,0.18125710279231375,-0.40614231239557513,2.7095378332999025,6183915.0
-0.7719279335865635,-4.717843319288765,1.6614116066025841,3.68261889532759,0.3070767099424606,0.5608614820050514,0.1571991141330921,-0.43211349856962195,2.713069273615231,6183951.5
3.5832884133443876,-11.963556798531132,3.555025274918121,4.206561204863488,-1.0347665918435878,0.4291153545443607,0.13273621405386887,-0.4578970041250508,2.7165542629566017,6183988.0
7.378715375413415,-6.0503346048442515,2.8531493506012042,3.8228654176197883,-2.3136055204516435,0.29623436755040894,0.10789871037682132,-0.48348840698313056,2.7199926408984463,6184024.5
-10.279532888682573,12.602599615675691,0.5220554817238718,2.675384758859993,-3.499613237081621,0.1631267268115062,0.08271691092412725,-0.5088832850651265,2.723384247015188,6184061.0
-11.816087621479182,18.459167367147003,-1.8603065300622306,1.0020490695336615,-4.565249421181078,0.030700638115960518,0.05722112351796393,-0.5340772162922973,2.7267289208812575,6184097.5
14.110573896889917,-0.824824526027596,-2.8996311657918006,-0.9592118094096563,-5.482973752197569,-0.10013569274791691,0.03144165598051162,-0.559065778585912,2.73002650207108,6184134.0
-15.987762445326963,-21.78734627708201,-1.9445329068849213,-2.962125167380378,-6.225245909578646,-0.2284740599918166,0.005408816133941537,-0.5838445498672328,2.7332768301590895,6184170.5
17.20478162545276,-0.009791269782999603,0.7670537808305736,-4.701267524182595,-6.764525572771868,-0.35340625782743157,-0.020847088199563015,-0.6084091080575237,2.736479744719708,6184207.0
-17.691224845555634,22.637436568930298,2.3347314841077726,-5.79485218066163,-7.0732724212247895,-0.47402408046644795,-0.047295749197825886,-0.63275503107805,2.7396350853273637,6184243.5
17.495268991206867,-2.4896602543198982,0.5219607924506415,-6.02450967831877,-7.123946134384963,-0.5894193221205589,-0.0739068590386712,-0.6568778968500769,2.742742691556487,6184280.0
-16.637907395858793,-20.443689628593244,-2.0896010239790805,-5.39080730443453,-6.900303793459819,-0.6987835332801985,-0.1006501098999203,-0.680773283294862,2.745802402981513,6184316.5
15.137166482912761,0.14704269687836563,-2.500232121400773,-3.9509634488460303,-6.431292086696255,-0.8017072895507816,-0.1274951939593935,-0.7044367683336782,2.748814059176843,6184353.0
-4.426011434168148,15.980631945426968,-0.8283082709833525,-1.957265149611123,-5.757155104101054,-0.8978809228164621,-0.15441180339491928,-0.7278639298877831,2.751777499716931,6184389.5
-10.92255568185443,12.689659457215743,1.8100494002769023,0.31359426727180373,-4.918136935680995,-0.9869947649614054,-0.18136963038431325,-0.7510503458784452,2.754692564176199,6184426.0
6.693508992221203,-4.072273434717835,3.5902319417560635,2.592177519437493,-3.954481671442847,-1.0687391478697639,-0.2083383671054031,-0.7739915942269245,2.757559092129072,6184462.5
4.88742512696034,-8.581763390878054,2.750922792013722,4.605989642344658,-2.906433401393391,-1.1428044034256981,-0.23528770573600857,-0.7966832528544902,2.7603769231499795,6184499.0
3.849466087343484,-0.8609637206927174,-1.3300294448274432,6.092727828733507,-1.8142362155394007,-1.2088808635133672,-0.2621873384539502,-0.819120899682402,2.763145896813347,6184535.5
0.581720654056119,5.3185680548002585,-5.015226230506221,6.87672313311086,-0.7181342038876546,-1.266658860016927,-0.28900695743705673,-0.8413001126319245,2.7658658526936044,6184572.0
-3.88045105011001,4.069145797941369,-4.6688030791624815,6.8527374748946555,0.34165900556035184,-1.3158287248205367,-0.31571625486314525,-0.8632164696243272,2.7685366303651815,6184608.5
-5.674554874933586,-1.1816159079968838,-1.0809150170206276,6.1044899469631435,1.3281263750657724,-1.356080789808357,-0.3422849229100381,-0.8848655485808659,2.7711580694025,6184645.0
7.817639320159414,-3.908521764310602,3.31531978298009,4.7500620394051705,2.2179269106099078,-1.3871053868645413,-0.36868265375556275,-0.9062429274228109,2.7737300093799955,6184681.5
-1.8406783322142513,1.0278415457088954,6.2521381378529,2.899074049073095,2.996180811410543,-1.4085928478732526,-0.3948791395775368,-0.9273441840714228,2.7762522898720885,6184718.0
-12.999086390590293,4.2776936292550625,5.60368295333767,0.6890051720116063,3.649354889434202,-1.4202335047186463,-0.42084407255378475,-0.9481648964479673,2.778724750453209,6184754.5
14.888555951955855,-1.9034456549285614,0.43522367039966214,-1.6258433479703749,4.163915956647409,-1.4217176892848824,-0.4465471448621281,-0.968700642473709,2.7811472306977887,6184791.0
-15.328703208005738,-4.582717439782464,-5.0802348798984065,-3.7619647551228548,4.526330825016688,-1.4127363635049834,-0.4719574186315239,-0.9889470000699141,2.783519570180258,6184827.5
13.983238621922514,4.496691957954874,-6.458323878523334,-5.435852293695839,4.72306630650856,-1.3929830095074418,-0.4970414357954624,-1.0088995471578415,2.7858416084750304,6184864.0
-11.220238432699068,0.7272046051290526,-3.619523230967412,-6.417192300160676,4.740589213089554,-1.3621522186099606,-0.5217646290982194,-1.028553861658758,2.7881131851565426,6184900.5
7.982415875828808,-3.952513249653285,0.4893608222624205,-6.688443479874059,4.565575576933224,-1.3201494170264187,-0.5460908165949334,-1.0479055214939266,2.790334139799228,6184937.0
-5.287600022736936,3.356984254754583,3.2659986382828365,-6.293586036920172,4.193866717547428,-1.2677161801997732,-0.5699845479398016,-1.0669501045846148,2.792504311977507,6184973.5
3.68070946576796,3.23821703108185,5.175083158220705,-5.3099138014078475,3.6548268006716995,-1.205802988906144,-0.5934106876608944,-1.0856831888520826,2.7946235412658122,6185010.0
1.8700104991201583,-0.6921747283954537,6.240556280043658,-3.823049009952069,2.986148398551727,-1.135360320671244,-0.6163341035366882,-1.1041003522175976,2.7966916672385675,6185046.5
-3.3195507760360243,-2.706189919058322,6.757077800508694,-1.9186138991678219,2.225524083433201,-1.0573386530207856,-0.6387196633456613,-1.122197172602422,2.7987085294702,6185083.0
-2.7564507260218423,-0.4779415150726356,6.7132579146706135,0.31561518778256126,1.4106464275618122,-0.972688463480482,-0.6605322348662928,-1.1399692279278184,2.8006739675351415,6185119.5
4.163068251503673,2.24132017648077,4.28485385461524,2.736843234958465,0.5792080031832505,-0.8823602295760471,-0.6817366858770572,-1.157412096115054,2.8025878210078172,6185156.0
5.300463261149526,0.7823880530530624,-1.5169967614686177,5.014512133516235,-0.2310986174567933,-0.7873044288331953,-0.7022978841564294,-1.174521355085393,2.804449929462661,6185192.5
-5.421638663125154,-2.381392725801849,-7.17641326025608,6.771661528023304,-0.9825808621126293,-0.6884715387776384,-0.7221806974828883,-1.1912925827600966,2.80626013247409,6185229.0
5.505887503683544,3.077848515536781,-8.61920247553391,7.631331063047102,-1.6375461585385678,-0.5868120369350901,-0.7413499936349108,-1.207721357060433,2.8080182696165408,6185265.5
-6.625624995306022,3.9183340715689625,-4.084303491716607,7.311055834697347,-2.1647559723971606,-0.48327640083126416,-0.7597706403909743,-1.223803255907661,2.8097241804644377,6185302.0
9.732887131593388,-5.393265105045527,5.158009245516373,5.906352745253029,-2.5587879209839364,-0.3788151079918734,-0.7774075055295534,-1.2395338572230505,2.8113777045922075,6185338.5
-6.951922080115506,-0.4185601608602205,11.140420232249372,3.607234148535414,-2.820673659502665,-0.274378635942631,-0.7942254568291287,-1.2549087389278604,2.8129786815742834,6185375.0
-21.370256411948937,10.072812290795527,11.259350226346584,0.6474325203806955,-2.9514448431571174,-0.17091746220925103,-0.8101893620681725,-1.2699234789433576,2.8145269509850848,6185411.5
-1.0314969869571373,10.799848922973972,5.323395633534701,-2.561770656085043,-2.9521932223920664,-0.06932196907644216,-0.8252640890251668,-1.2845736551908062,2.8160223523990484,6185448.0
30.60022461815353,4.012311057030332,-3.842082934042268,-5.554699698799871,-2.8243197379831693,0.02982665150196784,-0.8394145054785848,-1.298854845591471,2.817464725390593,6185484.5
35.22116363467921,-5.4020201675908694,-11.736804409562337,-7.863010406471655,-2.569560663414546,0.12628254028061442,-0.852605479206904,-1.3127626280666131,2.8188539095341585,6185521.0
41.25185721126901,-14.796492994816704,-13.617874560184882,-9.01835857780824,-2.1897210815371833,0.21986864738100034,-0.8648018779886021,-1.3262925805375012,2.8201897444041624,6185557.5
-39.54844050849296,-15.190214686486183,-6.409144529306123,-8.684269495175114,-1.6926195923306757,0.31040792292462754,-0.8759685696021563,-1.3394402809253936,2.821472069575027,6185594.0
33.96635663872128,6.9799963223752135,5.720460296265356,-7.051746375568334,-1.1101288642890519,0.39772331703299796,-0.8860704218260406,-1.3522013071515615,2.822700724621195,6185630.5
-13.934537695928455,13.70332603979375,14.622898199623593,-4.443661919641594,-0.48013508303494984,0.48163777982761224,-0.8950723024387358,-1.3645712371372634,2.823875549117099,6185667.0
-16.749895057637225,3.4357133679047016,13.629314686742784,-1.1927291486828349,0.15947556580899153,0.5619742614299732,-0.9029390792187152,-1.3765456488037653,2.824996382637147,6185703.5
8.19429515057533,-10.257682496176397,4.338139884320669,2.290812858140752,0.7708168966201326,0.6385557119615836,-0.9096356199444587,-1.3881201200723332,2.826063064755777,6185740.0
-2.598967235851277,0.8026460337803192,-8.344031086515395,5.434225599658881,1.3160027237758387,0.7112050815439434,-0.9151267923944424,-1.399290228864228,2.827075435047417,6185776.5
0.11756699314322953,6.931385642522116,-15.079534602434023,7.626605799359074,1.7571468616534678,0.7797453202985561,-0.9193774643471418,-1.4100515531007145,2.828033333086494,6185813.0
1.5444874460118652,-0.7933048569164836,-9.034966962948603,8.40456177689363,2.056363124630388,0.8439993783469221,-0.922352503581035,-1.4203996707030566,2.8289365984474317,6185849.5
-4.9590578042453455,-5.0004532812912394,2.7684665130115755,7.884523561691041,2.185990001966939,0.9037902058105447,-0.9240167778745992,-1.4303301595925215,2.8297850707046637,6185886.0
8.919815764491686,1.5566372351048643,12.460279978769575,6.289534079812626,2.1593701451962386,0.9588352900701274,-0.9243351550063091,-1.4398385976903705,2.8305785894326143,6185922.5
-12.640231620886238,4.815035528334799,14.81891316908266,3.8662913258758773,2.0003705984416977,1.008552400799059,-0.9232721108131119,-1.4489209548594013,2.831316994205719,6185959.0
-8.838221331865915,4.113625381500109,7.118600320101126,1.0139634444442425,1.732475335544031,1.0527423779534275,-0.9207905533658197,-1.4575747687285392,2.832000124598393,6185995.5
5.2087185205642825,-0.10292340592771555,-5.003951357089369,-1.7665969717225263,1.3790461970880703,1.0913281947451996,-0.9168529987937135,-1.4657979688682485,2.8326278201850763,6186032.0
17.06900160957029,-4.296739913754281,-13.818309932469667,-3.9575861536754084,0.9634450236586608,1.124232824386336,-0.9114219632260732,-1.4735884848489875,2.8331999205401894,6186068.5
-15.655317102398064,-4.562985724982557,-13.108855655625703,-5.113768138946824,0.5090336558406391,1.1513792400888,-0.9044590920995591,-1.4809451169338363,2.8337162652381656,6186105.0
12.9556266974609,3.477879051701025,-3.934729204980072,-5.140432590116513,0.03916696343444435,1.1726904150645583,-0.8959225480803521,-1.487870148156357,2.834176693853421,6186141.5
-9.669681443188002,2.784847521791549,6.496652278105018,-4.256777879572823,-0.42250476005591564,1.1880893225255738,-0.8857696231420072,-1.494366732242734,2.8345810459603977,6186178.0
6.643096812372807,-2.86343666484983,10.807528688754422,-2.7435500061902287,-0.851044964546204,1.19749893568381,-0.8739576092580825,-1.5004380229191518,2.834929161133518,6186214.5
-4.463456153705286,2.526921066869976,5.2549033288218165,-0.9006812530789274,-1.2211937931110295,1.200842227751229,-0.860443798402136,-1.5060871739117914,2.835220878947206,6186251.0
2.6958987932109806,2.838575851553716,-2.5138145022524285,0.8964441870726637,-1.5076913888250032,1.1980455198216566,-0.8451888304295835,-1.5113173389468406,2.8354560389758965,6186287.5
2.933081206417126,-2.102889443783694,-7.41072007870781,2.2535791441815647,-1.6852778947627338,1.1890550649111804,-0.8281732771181085,-1.5161316717504774,2.835634480794011,6186324.0
-3.0788770900039055,-4.699904200136929,-7.154993529650868,2.859654780254004,-1.7286934539988286,1.1738538818585509,-0.8094144760680567,-1.520533326048889,2.8357560439759744,6186360.5
3.587552972452593,0.7684533043408396,-2.826342659808246,2.746217261147052,-1.6225435845480207,1.1524242547894634,-0.7889653307205982,-1.5245254555682615,2.8358205680962354,6186397.0
3.3407016687650373,6.431649511370555,1.6033694676563863,2.0675977867830153,-1.390895304185514,1.1246105219755582,-0.7668860008784073,-1.528111214034769,2.8358278927291987,6186433.5
-4.347244115586862,4.226006058144508,2.7100099836067164,0.9880292325781972,-1.0676810056266388,1.0902207211345958,-0.7432366463441543,-1.5312937551746044,2.8357778574492998,6186470.0
4.492113445537993,-4.200988729156977,1.4812424921248588,-0.3091338289189372,-0.6868330815867235,1.0490628899843337,-0.7180774269205095,-1.5340762327139466,2.835670301830966,6186506.5
-4.438012378987184,-6.761142009673328,-0.06402664864802907,-1.5640500366313355,-0.2822839247810936,1.0009450662425277,-0.6914685024101468,-1.536461800378979,2.8355050654486273,6186543.0
4.317768500163084,-0.2616678384898216,-0.4360307022093569,-2.4977563323497938,0.11203407207492035,0.945675287626938,-0.6634700326157346,-1.5384536118958891,2.8352819878767117,6186579.5
3.1163898226005338,4.93796277704772,-0.16588125865522252,-2.850483029292129,0.46218851626599333,0.8830615918553197,-0.634142177339947,-1.5400548209908564,2.835000908689647,6186616.0
-4.425968177216902,3.6395683049968524,-0.016364463697557827,-2.455593274029112,0.7403259337960079,0.8129120166454329,-0.6035450963854543,-1.541268581390067,2.834661667461858,6186652.5
4.758945759904987,-2.2572191283485266,0.13772074979956592,-1.2935952838288458,0.9429085255456994,0.7350345997150336,-0.5717389495549282,-1.5420980468197016,2.8342641037677745,6186689.0
-5.062676338486993,-1.2965134727879615,0.6218497204018415,0.38858614163243743,1.072477411115012,0.6492373787818809,-0.53878389665104,-1.5425463710059428,2.8338080571818236,6186725.5
4.930535561677104,0.639607501419873,0.8186007093017711,2.281511893987687,1.131652307722576,0.5552497939450523,-0.5047400974764612,-1.54261670767498,2.833293367278437,6186762.0
-4.128712998302956,-0.9483357995666621,-0.16285276958220798,4.039082728497063,1.1230183337098236,0.4528358841808161,-0.46966771183386286,-1.5423122107917349,2.832719873870779,6186798.5
-3.7848655731015164,3.466565280509348,-2.359779112944351,5.1341129569089725,1.0478432476292217,0.3430770482544113,-0.43362689952591754,-1.541636105909762,2.832087488360652,6186835.0
2.813301717507456,4.309482122539499,-2.1615753717615624,4.959134222468777,0.9100242819319583,0.22740367428298802,-0.3966778203552966,-1.54059190135595,2.8313964049231872,6186871.5
-3.8223431786621256,-7.024839576925854,2.344552625934638,3.3436059092272967,0.7253725220717453,0.10724615038369273,-0.3588806341246697,-1.5391831760908365,2.83064688836717,6186908.0
6.89709825201564,-4.841845209564928,5.265754569896831,0.6016351426171973,0.5126775167529309,-0.015965135326320747,-0.32029550063671064,-1.537413509074958,2.829839203501375,6186944.5
-11.757239937609379,12.847251939369752,3.571715870826233,-2.742975118527152,0.2907288146798608,-0.14079979472990706,-0.28098257969409013,-1.5352864792688552,2.8289736151345948,6186981.0
16.931838319750558,-3.9272228610054096,-2.9668258865859944,-5.88009245816812,0.07831596455688088,-0.2658274397099153,-0.241002031099478,-1.5328056656330638,2.8280503880756034,6187017.5
-20.43853931946161,-16.703613723506244,-7.5268152178336525,-7.930894367306083,-0.10577148491166301,-0.38961768214919557,-0.20041401465554787,-1.5299746471281215,2.827069787133186,6187054.0
21.006623306693115,10.501497488910246,-4.071742775465893,-8.232789955240968,-0.2427439850214252,-0.5107401339305985,-0.15927869016497093,-1.5267970027145636,2.826032077116115,6187090.5
-9.034982307483057,16.976946595120484,3.1677082469697573,-6.983013339418945,-0.31891345212004324,-0.6277644069369752,-0.11765621743041768,-1.5232763113529328,2.8249375228331894,6187127.0
-14.781085041151178,1.113455844811646,8.236680716877787,-4.574624395377794,-0.34099766276308807,-0.7392601130511762,-0.07560675625455973,-1.5194161520037628,2.823786389093182,6187163.5
10.279509819498632,-14.027401890106495,8.550814286469206,-1.3955815336033321,-0.32085196175482933,-0.8437607609593366,-0.03319046644006978,-1.5152201036275936,2.822578940704875,6187200.0
-1.8680259558392323,-0.9650700558744328,3.4889300861608263,2.1360596194785555,-0.270450948112435,-0.9396806051346952,0.009532492210382477,-1.5106917451849615,2.82131544247705,6187236.5
-4.073443545059309,9.507754584599777,-3.08792162561372,5.48185457368166,-0.20169961101603742,-1.025503509887525,0.052501959894124345,-1.5058346556364057,2.8199961592184946,6187273.0
1.8834124115595714,2.6065956507017582,-7.0921307943900995,8.073261622879691,-0.12642369453247299,-1.099792584641395,0.09565777680848503,-1.5006524139424626,2.8186213557379816,6187309.5
-1.5540422436600565,-5.348727225890245,-8.08799280620126,9.417654557549648,-0.05630877763971546,-1.1612511039087356,0.13893978315079156,-1.4951485990636695,2.817191296844299,6187346.0
2.0644798691085016,-0.8906118124731354,-6.688993018240045,9.389804137827271,-0.002177008755853979,-1.208616350315004,0.18228805564365894,-1.489326789960562,2.815706247346227,6187382.5
-2.7580194912082243,0.9889924767784315,-2.9906542793957547,8.193870287829082,0.029934365194611456,-1.240626552586796,0.22564361711084188,-1.4831905655936828,2.8141664720525483,6187419.0
0.10130637913819607,-1.359386630797728,2.354419628890195,6.091882852497185,0.04070577415912557,-1.2560424563757757,0.26894705182137946,-1.4767435049235664,2.812572235772047,6187455.5
-7.468235954204764,1.6982106669499917,6.298050539463534,3.3444054111686996,0.03279585726945962,-1.2541329739560476,0.3121351670874332,-1.4699891869107538,2.8109238033135044,6187492.0
-7.286370338314016,3.2457637058774353,6.784676046300017,0.2392656610708675,0.010565520850441809,-1.2358643031670988,0.3551397885934912,-1.4629311905157798,2.809221439485698,6187528.5
-0.02668388911208721,1.114311773892078,3.0218888031033324,-2.824721943503021,-0.021234286899291896,-1.2025916070853098,0.39789166538712056,-1.4555730946991814,2.8074654090974174,6187565.0
13.773285492465927,-3.690006197827243,-2.3114596545935493,-5.413757688347746,-0.057955313013455426,-1.155567353554713,0.4403215465158986,-1.4479184784214967,2.8056559769574374,6187601.5
-14.302030601162336,-4.372691578092637,-5.666617270124894,-7.0921115737526454,-0.09497468460196216,-1.0960186303431376,0.4823601810273929,-1.4399709206432638,2.8037934078745397,6187638.0
13.408889504090673,3.110967709347905,-4.580850516226297,-7.5409585973397535,-0.12766952877473095,-1.0251725252184105,0.5239383179691761,-1.4317340003250216,2.801877966657515,6187674.5
7.696801157130526,3.8856029348726406,-0.9112612452468032,-6.908679373035008,-0.15183242642906497,-0.9442550451878837,0.5649867063888169,-1.423211296427305,2.799909918115138,6187711.0
-8.626697621722924,-0.5649912132665962,2.6275560985093835,-5.458902019989397,-0.16493174912418998,-0.8544738987046488,0.6054360953338896,-1.4144063879106559,2.7978895270561916,6187747.5
5.998657158030439,-2.8995726969019735,3.871529750641805,-3.4548402843269916,-0.16490853462841845,-0.7569785010396244,0.6452172338519659,-1.4053228537356073,2.7958170582894626,6187784.0
-4.00947171908693,1.803165639991498,1.809077691139219,-1.167573568440585,-0.14972303771153872,-0.6528990504622474,0.6842608709906136,-1.3959642728627004,2.7936927766237294,6187820.5
-1.7266579111399996,2.193617686391483,-0.9117921090459955,1.0757549439481628,-0.11733682351562416,-0.5433644348696772,0.7224977557974074,-1.3863342242524728,2.7915169468677736,6187857.0
2.6587361843526987,-0.3338684590405109,-2.5298472324774224,2.8818966524032743,-0.06571145718273896,-0.4295035421590783,0.7598586373199173,-1.3764362868654592,2.7892898338303755,6187893.5
-3.0691673990334833,-1.2660589191942249,-2.545813773922437,4.030583259149926,0.007191496145043263,-0.31244526022760294,0.7962742646057136,-1.3662740396621975,2.7870117023203207,6187930.0
3.7758602159454058,-2.31432881296706,-0.9300565963513046,4.5046863869552505,0.10341047132565276,-0.19331847697241583,0.8316753867023688,-1.3558510616032284,2.7846828171463898,6187966.5
-4.301572284271442,-1.6553696776417004,1.1885163320801357,4.386666657694501,0.22346511848450773,-0.07325208029067501,0.8659927526574557,-1.3451709316490887,2.782303443117363,6188003.0
4.33878680773131,2.7633030105259135,2.3435059077777565,3.7804916738934486,0.3616551605319134,0.0466250419204607,0.8991571115185419,-1.3342372287603161,2.7798738450420273,6188039.5
-3.9234832033463514,0.9609307573443878,1.535325575004479,2.8045858487443818,0.510182382505412,0.1651840017638316,0.9310992123332016,-1.3230535318974437,2.7773942877291597,6188076.0
3.367338225698293,-2.9628910842931204,-0.3193267987390623,1.6269538748996366,0.6611037811574991,0.2812959113422775,0.9617498041490038,-1.311623420021018,2.774865035987548,6188112.5
-3.0126141724825524,-1.7452996973868706,-2.0048934723020686,0.4279593178053384,0.8064763532406507,0.3938318827586381,0.9910396360135235,-1.2999504720915682,2.772286354625967,6188149.0
2.998300781406467,-0.2564550741511526,-3.017678941962847,-0.6120342570924201,0.9383570955073568,0.5016630281157598,1.0188994569743275,-1.2880382670696378,2.7696585084532037,6188185.5
-3.2102671304150316,1.6793409448304004,-3.0250456386726325,-1.3396652042295234,1.0488030047101013,0.6036604595164762,1.045260016078989,-1.2758903839157614,2.7669817622780397,6188222.0
3.442034644517727,2.9487830064296174,-1.7793156831625239,-1.7227470459626257,1.1298710776013727,0.6986952890636304,1.0700520623750815,-1.263510401590478,2.764256380909255,6188258.5
1.8349617553332793,0.08960463343038874,0.6710191047136213,-1.8096950819743307,1.174548214806551,0.7856386288600647,1.093206344910174,-1.250901899054325,2.7614826291556334,6188295.0
-3.6997369916127916,-3.1005380672156617,3.002385652099924,-1.6669968448212404,1.180726061432255,0.8633615910086183,1.1146536127318365,-1.2380684552678372,2.7586607718259533,6188331.5
-0.36947866527506773,-2.4310738987534415,3.903190171647198,-1.3668102868914371,1.151873544858297,0.9308284251704193,1.134324614887642,-1.2250136491915546,2.755791073729002,6188368.0
1.734944051065054,0.8389850664774037,3.393364851925407,-0.9778385820602347,1.0921220800087226,0.9875260224520014,1.152150100425164,-1.2117410597860192,2.752873799673559,6188404.5
4.369546074425295,3.7626826849826953,1.8082585586944457,-0.5501601105374756,1.0048687047621674,1.0336756510053167,1.168060818391968,-1.198254266011762,2.7499092144684107,6188441.0
-4.9162217348317325,3.521528209739728,-0.4397037442278163,-0.12895269040732868,0.8931968672322698,1.0698121687473008,1.1819875178356316,-1.1845568468293242,2.7468975829223288,6188477.5
2.311345461592793,-1.2735067249449215,-2.6102556159448382,0.24067102390186984,0.7601491408944938,1.096511308233077,1.1938609478037219,-1.1706523811992418,2.7438391698441045,6188514.0
5.88017405859927,-4.413553101549915,-3.88115395537641,0.5135983779617657,0.6087680992243071,1.1143488020177648,1.203611857343812,-1.1565444480820517,2.740734240042515,6188550.5
-5.653977511130578,-1.4241827400037106,-3.7037178864992564,0.6561355811246441,0.44209489664195883,1.1239003826564786,1.211170995503471,-1.1422366264382953,2.737583058326346,6188587.0
4.726722106862638,4.461065059313624,-2.6235154335178046,0.68023515685603,0.26319415235608373,1.1257417827043434,1.2164691113302755,-1.1277324952285095,2.7343858895043764,6188623.5
-3.0316347779480783,2.7366544035228486,-1.3425959078763277,0.6091566594219995,0.07524089950018228,1.120434975332798,1.2194507132554713,-1.1130356334132288,2.7311429983853928,6188660.0
1.0689911876677352,-3.3210700752810567,-0.0946848697507774,0.4661494263070003,-0.11857961201061697,1.1084867634369113,1.220115479986682,-1.0981496199529925,2.727854649778173,6188696.5
-2.173465955635614,-3.7826318545746154,1.0311353628305466,0.274467526052381,-0.3150868633180817,1.09038327011917,1.2184837700241096,-1.0830780338083381,2.724521108491499,6188733.0
-1.5957710106151637,0.413856725728721,2.0100931776876294,0.05736502719948129,-0.511100335563984,1.066584927971237,1.2146016323787872,-1.0678244539398043,2.721142639334153,6188769.5
3.343553395355712,3.0757508918975827,2.6612252210747034,-0.1619040017103487,-0.7034395098900998,1.0375457801424823,1.2085215055040373,-1.0523924593079286,2.7177195071149205,6188806.0
-3.8037884590464426,0.37839402558391105,2.7601271964660414,-0.3609991107890398,-0.8889238674381899,1.0037198697822598,1.2002958352150996,-1.0367856362351613,2.714251976642579,6188842.5
3.923937153892551,-2.495398740761297,2.0953892169495414,-0.5242384595988215,-1.0643728893500408,0.9655612400399447,1.1899770967748844,-1.02100760049162,2.7107403127259158,6188879.0
-0.044515418816121664,-0.6201406369678145,0.640943996598744,-0.6488703657038117,-1.2266060567674115,0.9235239340648935,1.177617798865747,-1.0050620012668734,2.707184780173706,6188915.5
-3.540102649297417,2.2501361544990566,-0.9429576439039753,-0.7351472815052922,-1.3724428508320812,0.8780619950064736,1.163270658869053,-0.9889526964494996,2.7035856437947396,6188952.0
-1.4687713057169376,1.7681657739750807,-1.9827532106366634,-0.7833216594045459,-1.498702752685813,0.8296294660140499,1.1469888380989213,-0.9726839878608257,2.6999431683977915,6188988.5
3.115090735327756,-0.853272750958669,-2.4349474884907187,-0.7936453351766589,-1.6022058600965747,0.7786803902369852,1.1288256023382774,-0.956260281790985,2.6962576187916456,6189025.0
-2.9791677292244128,-2.506725246554265,-2.4147820268219866,-0.7649704556232458,-1.6799520150446912,0.7256688108246485,1.1088342173700412,-0.939685984530118,2.6925292597850863,6189061.5
2.8483403575348367,0.22184544514830334,-2.0682305522611726,-0.6932350133627181,-1.7299424806002706,0.6710487709263955,1.087067948977143,-0.9229655023683574,2.6887583561868973,6189098.0
-2.708675079297347,2.8676781906459547,-1.6458963291217736,-0.5832462249803163,-1.7519575349095815,0.6152743136916008,1.063580062942499,-0.906103241595834,2.6849451728058553,6189134.5
1.5349779111600161,2.1917331427145355,-1.3602175878290192,-0.4407468080345018,-1.7478056491411358,0.5587961303140669,1.0384238250490356,-0.8891036085026842,2.6810899744507437,6189171.0
2.7355641681875196,-0.10432066274443864,-1.1675628303334218,-0.2710445172475535,-1.7196844985721678,0.5020191532601389,1.0116525010796789,-0.8719710093790474,2.6771930259303485,6189207.5
-3.1188388271187018,-1.4444017637636715,-0.960283126466814,-0.07944710734175227,-1.66964996766258,0.4452065241788318,0.9833193568173495,-0.8547098505150491,2.673254592053445,6189244.0
3.799337368568408,-2.7617706606067918,-0.6307295460610307,0.1287376669606211,-1.5996861592917946,0.3885496031386848,0.9534776580449723,-0.8373245382008335,2.6692749376288223,6189280.5
2.560867099999602,-3.3447505080536444,-0.059516405855381815,0.34820205093728696,-1.5117581834026734,0.3322207572716652,0.9221806705454731,-0.8198194787265269,2.6652543274652567,6189317.0
0.2732612268872939,-3.0450310267414684,0.8532075283065533,0.5736382898659643,-1.4078406648322213,0.27640186860389976,0.8894816601017713,-0.8021990783822714,2.6611930263715355,6189353.5
-4.049144992425699,-1.8526521237552993,1.9320307783985928,0.799738629024372,-1.2899114295689302,0.22127802031298913,0.8554338924967924,-0.7844677434581973,2.6570912991564386,6189390.0
-6.9829395121107245,0.43006844531914196,2.850765927409399,1.0211953136902314,-1.1599483036013005,0.16703429557654634,0.8200906335134596,-0.7666298802444399,2.652949410628745,6189426.5
7.133417835493623,3.102214422441091,3.2621519389499234,1.2327005891412641,-1.0199291129178205,0.11385577757217329,0.7835051489346984,-0.7486898950311336,2.6487676255972397,6189463.0
-6.587868451675078,2.6005166785738045,2.8976097926975446,1.4288537253085716,-0.8718316835069898,0.061927549477481275,0.7457307045434305,-0.7306521941084124,2.644546208870705,6189499.5
-6.478040117234714,0.26688958320769834,1.8335071127443945,1.6038820907368128,-0.717633841357302,0.011434694470079398,0.7068205661225822,-0.7125211837664138,2.6402854252579213,6189536.0
-1.8943751948716434,-1.780243265414583,0.3457678598454451,1.7519200786240405,-0.5593134124572504,-0.03743770427242767,0.6668279994550739,-0.6943012702952696,2.635985539567672,6189572.5
4.312770443350526,-2.317335160208852,-1.2520764757085987,1.8671020821682902,-0.39884822279533233,-0.08450456357242975,0.6258062703238313,-0.6759968599851183,2.6316468166087406,6189609.0
-3.3765440463058085,-1.1557565147584732,-2.598316311285504,1.943562494567609,-0.23821609836003832,-0.12958080025232213,0.5838086445117784,-0.6576123591260882,2.627269521189905,6189645.5
2.5844556204981792,-0.8602334059300898,-3.3001721290461874,1.9754357090200494,-0.07939486513986775,-0.1724813311344933,0.5408883878018353,-0.6391521740083189,2.622853918119951,6189682.0
-1.992546534021963,-1.1454933795042195,-3.2713730025139447,1.9574100659615397,0.07567222603833629,-0.21302107304133577,0.4970987659769296,-0.6206207109219415,2.6184002722076563,6189718.5
0.9933839422402038,-0.35592767526054153,-2.8979894307019705,1.8863844600920192,0.2251854596818946,-0.25101494279524433,0.4524930448199835,-0.6020223761570959,2.613908848261809,6189755.0
-0.37396989512889456,1.4339469161248846,-2.412971087606606,1.7596933417771607,0.36749808703192627,-0.286277857218611,0.40712449011392193,-0.5833615760039103,2.6093799110911857,6189791.5
1.7348401491286696,1.7511984556059563,-1.8995724385256487,1.5742761154074179,0.5013584053047739,-0.318624733133825,0.3610463676416664,-0.5646427167525243,2.604813725504572,6189828.0
-0.9163996420437415,0.3994171870323544,-1.284304319338121,1.326974732551318,0.6256121645387097,-0.34787048736328174,0.31431194318614125,-0.5458702046930691,2.6002105563107474,6189864.5
-1.7841999952061829,-1.2301802206732222,-0.5174473814926359,1.0146311447773828,0.7391051147720027,-0.37383003672937337,0.2669744825302727,-0.5270484461156824,2.5955706683184965,6189901.0
-2.1212761592983433,-1.5541867149857933,0.428535462339539,0.6340873036541489,0.8406830060429125,-0.39631829805448876,0.21908725145698105,-0.5081818473104985,2.5908943263366,6189937.5
-2.704050082645992,0.035866132474289505,1.424168823018547,0.18218516075014127,0.9291915883897139,-0.4151501881610248,0.17070351574919077,-0.4892748145676479,2.586181795173839,6189974.0
2.5851158825641978,1.210211170390173,1.8000825754222252,-0.34069541282639354,1.0034766118506697,-0.4301406238713679,0.12187654118982506,-0.47033175417727136,2.5814333396389983,6190010.5
-2.169190580302012,-0.20458463099476457,1.034234502794589,-0.9108570114460546,1.0623838264640486,-0.4411045220079158,0.07265959356181079,-0.4513570724294999,2.576649224540856,6190047.0
1.5623928322268128,-0.7882125369060665,-0.22279324124599006,-1.464400884490554,1.1047658187254425,-0.44786363585038547,0.023105938648068366,-0.4323551756144681,2.571829714688198,6190083.5
-0.11227827069543901,0.6208370399710784,-1.0114376176662345,-1.9282624249793145,1.1295149015011798,-0.45027944504922657,-0.026731157768478148,-0.4133304700223085,2.5669750748898013,6190120.0
0.5953750981372455,-0.04244946284184065,-0.6677465345165912,-2.2382302071068407,1.1355797462806227,-0.4482697878779261,-0.07679842990490389,-0.39428736194316333,2.562085569954456,6190156.5
-0.36319351817950707,-0.5049028646074417,0.06810961094023056,-2.3664606149608725,1.1219894569059936,-0.4418334316089556,-0.12704211533216747,-0.3752302576671601,2.5571614646909366,6190193.0
0.38167081650966095,0.5556101839196753,0.3235308818205659,-2.2981276644265027,1.0883910347767751,-0.43124492297218786,-0.17740645987052375,-0.3561635634844338,2.552203023908028,6190229.5
-0.6170746228305934,-0.0770018794206336,0.12946129053315417,-2.037375687487189,1.035882294349824,-0.4168536996636786,-0.22783519202921526,-0.3370916856851237,2.5472105124145132,6190266.0
1.052342493119279,-0.7875976316122163,-0.07757184978983435,-1.6549400662315619,0.9659067403934789,-0.3990107850066297,-0.2782720351512705,-0.3180190305593608,2.5421841950191735,6190302.5
-1.6373512233545169,0.8397690183233916,0.02299033419478783,-1.228254093888237,0.8799078776760794,-0.37806720232424773,-0.3286607125797085,-0.29895000439727915,2.5371243365307885,6190339.0
2.2718139494722247,0.902287040536676,0.10053079214190554,-0.7996109286075472,0.7793292109659588,-0.3543739749397347,-0.3789449476575531,-0.27988901348901496,2.532031201758143,6190375.5
-2.828360467884441,-0.7920614172261202,-0.16245012563982222,-0.39978490558120827,0.665614245031458,-0.32828287211689244,-0.4290677177872314,-0.2608404641247068,2.526905055510021,6190412.0
3.210933662471205,-0.7262103115943245,-0.4173956083228868,-0.048267633523879354,0.5402064846409155,-0.30014864688189763,-0.4789690166087945,-0.24180876259448025,2.5217461625951993,6190448.5
1.1475217688307149,0.030348151112513405,-0.3083594806043389,0.2430908736687327,0.40454943456266923,-0.2703267982015258,-0.5285880918216951,-0.22279831518847756,2.5165547878224643,6190485.0
-3.4079860687362022,0.40166118060100725,0.26421582769116525,0.4811734394242022,0.2600865995650557,-0.2391728250425533,-0.5778641911253833,-0.2038135281968305,2.5113311960005973,6190521.5
0.6954637151430959,-0.006093952256625214,1.2290907669302518,0.6775362605102832,0.10826148441641362,-0.2070422263717491,-0.6267365622193178,-0.18485880790967216,2.5060756519383762,6190558.0
3.069476151530417,-0.376716289929007,2.0596494351312202,0.843735533694736,-0.049482406114919476,-0.17429050115588762,-0.6751444528029493,-0.1659385606171409,2.500788420444588,6190594.5
-2.7938261297952183,0.022230030846847534,2.1965722258635467,0.9913875278049031,-0.2117616393201875,-0.14127314836174606,-0.7230271105757329,-0.1470571926093677,2.495469766328013,6190631.0
-2.18809276686355,0.6295502360194658,1.471802327708632,1.129094710017757,-0.37743307072897503,-0.10834566695609557,-0.7703237832371211,-0.12821911017649004,2.490119954397434,6190667.5
0.7610981751611914,1.3773943162577047,0.02396595121687877,1.2525032600150179,-0.5454136279304475,-0.07586355590571253,-0.8169737184865666,-0.10942871960864052,2.484739249461631,6190704.0
1.8259950165780372,2.078271627992856,-1.809565354398309,1.353788834182783,-0.7144038051068488,-0.04418231417736972,-0.8629161640235239,-0.09069042719595528,2.4793279163293893,6190740.5
-1.4672613037485824,2.5051776275280426,-3.5608657583607606,1.4242613552794663,-0.88223836281274,-0.013657440737841038,-0.908090367547446,-0.07200863922856914,2.473886219809487,6190777.0
-1.3226348448867595,2.9591851710116215,-4.490389331807003,1.4547774787148255,-1.0462987942540354,0.015355565446101005,-0.9524355767577887,-0.05338776199661463,2.4684144247107107,6190813.5
0.037178277660899775,2.918191741825499,-3.7691139619694387,1.4361183103610236,-1.2027961978022128,0.04250120540768003,-0.9958910393540028,-0.03483220179022793,2.462912795841838,6190850.0
1.514523803379186,1.006338844966414,-1.1404031938700112,1.3623152670656618,-1.346812601616883,0.06742398018012354,-1.0383960030355421,-0.016346364899542453,2.4573815980116516,6190886.5
-2.165971314685914,-2.79750494924015,2.3656529032825695,1.2282715519056326,-1.4732069747901173,0.08976839079665788,-1.079889715501862,0.0020653423853048314,2.451821096028936,6190923.0
3.2670491669671406,-6.312339596764135,5.154519096119462,1.028890367957829,-1.5768382864139858,0.10917893829050808,-1.120311424452416,0.020398513774181892,2.4462315547024724,6190959.5
0.5353211913111544,-5.3108520246196,5.929524522844681,0.7590749182991442,-1.6525655055805628,0.12530012369490245,-1.159600377586656,0.03864874297695147,2.440613238841043,6190996.0
-4.68378687808227,0.4163269403689907,4.856120157474951,0.42303004940536465,-1.6952476013819184,0.13777644804306405,-1.197695822604034,0.056811623703479606,2.434966413253429,6191032.5
-7.391295797858149,8.486503721790937,2.4304062702342852,0.0621671813478507,-1.6998120275672128,0.14632479569286128,-1.234540905871559,0.07488274966363319,2.4292913427484115,6191069.0
-9.66500384991752,10.141245791342111,-0.8014100349027589,-0.2728006224031448,-1.6614842303657833,0.15098037225298253,-1.2700991025268824,0.09285771456727741,2.4235882921347742,6191105.5
10.814185248116667,-2.2024094493931803,-3.947898148128135,-0.531160298377369,-1.5756543560713574,0.1519659184658144,-1.304356722776961,0.11073211212427861,2.4178575262213005,6191142.0
-11.361412082188453,-11.223273604113471,-5.6278605935410475,-0.6621987831045671,-1.437736604829483,0.14953774563092023,-1.3373095935341057,0.12850153604449596,2.4120993098167696,6191178.5
11.161880596204274,-2.4342414220180526,-4.820064063686603,-0.631386821264767,-1.244698070158787,0.14397129546754187,-1.3689726721303173,0.1461615800378051,2.4063139077299636,6191215.0
-1.6974637884159336,7.875752725262049,-2.3734903138367938,-0.46863652791772153,-1.0000112812916095,0.13554679229984543,-1.399365698502507,0.16370783781406303,2.4005015847696654,6191251.5
-8.956665224780934,10.854556850321984,0.3953251350546375,-0.218868377387911,-0.7098771097189207,0.12454446045199338,-1.4285084125875895,0.18113590308313773,2.3946626057446605,6191288.0
-4.003030173813538,4.852456392912003,2.3981348070698085,0.07329101822157397,-0.3807902891530823,0.11124452424815172,-1.4564205543224806,0.19844136955489575,2.3887972354637252,6191324.5
-3.5180974280731956,-0.9162487557243724,3.459843406434202,0.3632150468076404,-0.019245553306450013,0.09592720801247946,-1.4831218636440902,0.2156198309392007,2.3829057387356425,6191361.0
1.7675420686130052,-5.053317798111822,3.6336436824091414,0.6062770962671983,0.36826236410861163,0.07887273606914359,-1.5086320804893354,0.23266688094591748,2.3769883803691987,6191397.5
3.67150560704766,-7.380581871404719,2.9691849281797333,0.7613940105733766,0.7752387293797441,0.06036133274230861,-1.5329709447951323,0.24957811328491494,2.371045425173171,6191434.0
-2.8049060275073296,-6.447193365416756,1.5346788708262133,0.8016564580041972,1.1951888087945883,0.040673222356135574,-1.5561581964983908,0.26634912166605357,2.3650771379563458,6191470.5
2.152897488486682,-1.7085194180026535,-0.36066250888311824,0.704786140906116,1.6205302906485664,0.020088629234790524,-1.5782135755360296,0.2829754997992028,2.359083783527501,6191507.0
1.0114577710249313,2.618750774469476,-1.920496264123169,0.4534444051174742,2.0387412197452233,-0.0011122222975647963,-1.599156821844959,0.2994528413942255,2.3530656266954213,6191543.5
-1.5220806474694273,3.1563744375795837,-2.2928975864448216,0.03387733508173696,2.433714902282971,-0.022649107916765467,-1.6190076753620963,0.31577674016098983,2.3470229322688874,6191580.0
1.5419758062679207,-0.07219335301956212,-1.1467040719138402,-0.5421771015502427,2.788195974853743,-0.044241803298646847,-1.6377858760243538,0.3319427898093567,2.3409559650566827,6191616.5
-1.6225977470695672,-1.5485190393318715,0.6363983992279368,-1.1654682482031307,3.0847892395286007,-0.06561008411904787,-1.655511163768646,0.34794658404919504,2.3348649898675884,6191653.0
-1.5441990748131804,-0.38509090163554993,1.9849690594368155,-1.7024022347006984,3.3060994983786056,-0.08647372605380249,-1.6722032785318897,0.3637837165903725,2.3287502715103847,6191689.5
2.366838716777344,0.6470072520240436,2.2306657974054356,-2.025959380407444,3.4347315534748173,-0.10655250477874886,-1.687881960250996,0.3794497811427485,2.322612074793857,6191726.0
-2.578724459932913,-0.17070604995537533,1.089843598628512,-2.052740614750095,3.455349972881112,-0.12558320377028184,-1.7025669488628796,0.39494037141619104,2.316450664526787,6191762.5
2.5686960346256313,-0.6054065231943244,-0.6775423702167168,-1.7776384894320152,3.3632893235882855,-0.14337954752386758,-1.7162779843044544,0.410251081120565,2.310266305517954,6191799.0
2.3612054835135345,0.17253679659584,-2.159486172146124,-1.2225575086112817,3.165667678402683,-0.15980790760283656,-1.7290348065126384,0.42537750396573737,2.304059262576143,6191835.5
-2.1921405227002344,1.5441645909952384,-2.903462594975485,-0.411824201584816,2.8720340450863358,-0.17474356538734725,-1.7408571554243408,0.44031523366157355,2.297829800510134,6191872.0
1.913622194690841,2.4381177385924016,-2.6682183085629774,0.6116697992469047,2.491937431401276,-0.18806176566858068,-1.7517648075654517,0.45505986391793496,2.29157818412871,6191908.5
-1.7883032377607198,0.47419837357660793,-1.3194784737993448,1.730772449069223,2.0349268451095295,-0.19963736742777727,-1.7617779252718064,0.4696069884446937,2.2853046782406516,6191945.0
-0.6480134626792586,-3.264036408959124,0.6796074598013417,2.8097665999639214,1.510551293973134,-0.20934423524100643,-1.7709176652844032,0.4839522009517077,2.279009547654744,6191981.5
1.06461126797455,-6.913959373595342,2.6606488117349,3.712935104012805,0.928359785754115,-0.21705599423028546,-1.7792054237982966,0.4980910951488465,2.272693057179766,6192018.0
0.6976412359131509,-9.212206783103474,3.941589866014926,4.304316150203292,0.2981459913088604,-0.22264628063745967,-1.7866631651314524,0.5120198439887127,2.2663554716245016,6192054.5
4.984991991640436,-10.257841169046388,3.815794233984796,4.471029748320898,-0.36879756663411956,-0.22598930731084335,-1.7933145939663053,0.5257369373948493,2.259997055797733,6192091.0
1.82962197157722,-4.885009480639869,1.8262051207285634,4.2046218729828535,-1.057991692182708,-0.22696330035539422,-1.7991799809713882,0.5392414445335414,2.253618074508239,6192127.5
-4.156595448802723,5.607059666903453,-1.1172058036542503,3.554413912878198,-1.750992141588194,-0.22545453139657812,-1.804271551294719,0.5525324345710675,2.247218792564804,6192164.0
-12.134363161396895,15.598249494006238,-3.7565645846426947,2.578155991920066,-2.428493459011394,-0.22135122121106962,-1.8085995809331155,0.5656089766737096,2.240799474776213,6192200.5
-13.672699331775624,18.612523177230113,-4.833722150181953,1.3335982340215797,-3.07119018861312,-0.21454160945631026,-1.8121743270026256,0.5784701400077548,2.234360385951242,6192237.0
-1.7467990585115258,10.577997450004538,-3.495865610414559,-0.1111383785723309,-3.6597768745541903,-0.20491393578973927,-1.8150063423054992,0.5911152894256835,2.2279017908986805,6192273.5
16.67800156924366,-6.758969305191624,-0.5270874694918298,-1.635015528078228,-4.17494806099542,-0.19235643986879675,-1.8171073623887983,0.603544972524793,2.2214239544273036,6192310.0
-17.472503195179886,-23.401525654360427,2.8363475072568174,-3.0608884295355874,-4.597398292097623,-0.1767573613509244,-1.8184894184857852,0.6157600325885828,2.214927141345899,6192346.5
18.009626825047043,-11.07082343614552,5.3607080014332205,-4.200178395772572,-4.907822112021614,-0.15800493989356157,-1.819164541829734,0.6277613129005576,2.208411616463238,6192383.0
-13.95094721163139,18.776632132624133,5.888947816592681,-4.885122465000427,-5.08691406492821,-0.13598741515414997,-1.8191447636539022,0.6395496567442108,2.2018776445881114,6192419.5
-16.552791818051137,23.973032157257077,3.383705299634662,-5.053674869631981,-5.115347123084304,-0.11061459868404708,-1.8184421151915628,0.6511259074030472,2.195325490529307,6192456.0
19.367650154928718,-4.098507058237812,-2.105393167158844,-4.747958929340697,-4.980107232864435,-0.08194713672605825,-1.8170686276759778,0.6624909081605667,2.188755419095597,6192492.5
-19.12771990754675,-20.94573400314696,-6.600846351545519,-4.006697021272897,-4.693755815482447,-0.050325435879981326,-1.815036332340413,0.6736455023002648,2.1821676950957567,6192529.0
17.88692101196341,-1.364119560630765,-6.362855397901804,-2.884962575578999,-4.275253553835509,-0.016154449861384774,-1.8123572604181353,0.6845905331056477,2.1755625833385985,6192565.5
-8.804508702492708,15.429980530522426,-2.507851514370509,-1.5290884696221962,-3.743561130820786,0.020160867614160177,-1.8090434431424123,0.6953268438602118,2.1689403486328707,6192602.0
-12.452419036865018,13.358831461437678,2.6260713927933086,-0.10822244256888211,-3.1176392293354382,0.05821556283108671,-1.8051069117465062,0.7058552778474577,2.162301255787372,6192638.5
-5.6266264662192444,1.506488505218699,6.663927324471766,1.2084877664145628,-2.4164485322766347,0.09760468207382787,-1.800559697463683,0.7161766783508849,2.155645569610879,6192675.0
5.591208369242455,-6.71521426100308,7.197239642655695,2.251894418161753,-1.6589497225415357,0.1379232716268119,-1.7954138315272112,0.7262918886539927,2.1489735549121756,6192711.5
-2.832081924254214,-1.816641988646268,2.987609025065223,2.8913234398991747,-0.8641034830273068,0.17876637777447277,-1.7896813451703562,0.7362017520402845,2.1422854765000467,6192748.0
-0.13961546071797787,2.493043758896009,-2.554771383942074,3.1499954244248274,-0.050870496631112025,0.2197290468012401,-1.783374269626383,0.7459071117932585,2.1355815991832703,6192784.5
-0.1230416944451951,2.0351960711311,-5.842621519014341,3.0894072681539337,0.761985916525531,0.2604063249915452,-1.7765046361285568,0.7554088111964138,2.128862187770627,6192821.0
-0.16472331221906686,1.5178701086885888,-6.541180053435117,2.7697448384681955,1.557013465354626,0.30039325862982075,-1.7690844759101463,0.7647076935332542,2.1221275070709034,6192857.5
0.7443616025990923,1.2903661785242329,-5.544016213706122,2.2515284317199935,2.319043533267624,0.33928489400049655,-1.7611258202044133,0.7738046020872728,2.115377821892881,6192894.0
0.41593944771125657,0.439787059374237,-3.6986287930532873,1.6052291802112308,3.0334290816069274,0.37667627738800524,-1.7526407002446274,0.7827003801419755,2.1086133970453402,6192930.5
-1.656131529478702,-1.8738647829775357,-1.4421901249222304,0.904219925469948,3.685239465958929,0.4121624550767782,-1.7436411472640503,0.7913958709808578,2.101834497337063,6192967.0
-0.5214534484284666,-4.382264003030247,0.8255316443860116,0.22305474019568888,4.25836281073852,0.4453384733512466,-1.7341391924959524,0.7998919178874266,2.09504138757683,6193003.5
-2.0387886179594474,-4.561381510369079,2.6937713130201604,-0.36324146456613815,4.736216402014717,0.4757993784958399,-1.724146867173598,0.8081893641451756,2.0882343325734274,6193040.0
-5.841890453529201,-1.5770156048437978,3.8277169760296585,-0.7795969696226547,5.102170717709073,0.5031402167949913,-1.7136762025302528,0.816289053037608,2.0814135971356333,6193076.5
-10.166172364147739,4.2676062563732735,3.973832179338952,-0.9536408077145151,5.3422969876766775,0.5269560345331327,-1.702739229799179,0.8241918278482196,2.074579446072235,6193113.0
11.64768360685622,10.036071821840386,2.918887997619059,-0.8509407337596153,5.45672506379144,0.5468418779946959,-1.6913479802136502,0.8318985318605167,2.067732144192011,6193149.5
-12.766486785120687,6.983802169524898,0.7513097780401771,-0.5483081123817445,5.461308006999497,0.5623927934641093,-1.679514485006924,0.8394100083579944,2.0608719563037368,6193186.0
0.3736784658537213,-4.32126466060335,-1.5920615446070892,-0.1496900226477655,5.375051584693718,0.5733067350637345,-1.6672507754122725,0.8467271006241569,2.053999147216204,6193222.5
14.04182023720582,-13.227458171934236,-2.968251163666621,0.24096645637544534,5.216549932915267,0.5796932882676464,-1.654568882662958,0.8538506519424983,2.0471139817381943,6193259.0
7.889973985312286,-10.651046403913039,-2.572541521364047,0.5332946516078668,5.0042942798673815,0.5817649463878495,-1.6414808379922488,0.8607815055965241,2.040216724678484,6193295.5
-4.454055580147069,-0.5036886777086627,-0.9532440554519388,0.6918270323209196,4.756198335349281,0.5797308587325656,-1.6279953286296307,0.8675205112021456,2.033307634513447,6193332.0
-13.93069125403308,10.014505132945532,1.0030725474353936,0.6983977211788905,4.486454561754167,0.573786798594914,-1.6141076657894857,0.8740685437049204,2.0263869443898073,6193368.5
13.306297549848201,13.369902173261389,2.409839600663646,0.5411093878381412,4.202986874483161,0.564119722807449,-1.5998043442256256,0.8804264843828141,2.019454881121873,6193405.0
-12.346965478391255,4.231343331765953,2.610633805022699,0.21538837480031559,3.912122681434729,0.5508946983755971,-1.5850499688647486,0.886595214513807,2.0125116715239595,6193441.5
1.1968515627803995,-7.148086525500896,1.860889186437385,-0.25165975607246877,3.6201430570791513,0.5342753240868805,-1.5698076764156341,0.8925756153758653,2.0055575424103744,6193478.0
6.690992624026586,-10.9212411343976,0.6112882600091176,-0.7923053793279098,3.3333290758867222,0.5144412156843482,-1.5540566205425943,0.8983685682469579,1.9985927205954315,6193514.5
7.992384010039605,-8.119765764931126,-0.7298165036029397,-1.330094644951821,3.057961812327732,0.49157599314992534,-1.5377799591488177,0.903974954405056,1.9916174328934424,6193551.0
3.720267085492464,-2.8118744675675473,-1.8884959132612165,-1.7885737029300048,2.8003223408724676,0.4658632764655432,-1.520960850137498,0.9093956551281336,1.9846319061187163,6193587.5
-0.9526681252340664,2.631619567399676,-2.624426597708529,-2.0912887032482668,2.5666917359912165,0.43748668561312587,-1.503582451411821,0.9146315516941562,1.9776363670855663,6193624.0
-3.6243213819102946,6.320481633828174,-2.6972851856877003,-2.1610661480835236,2.3626314243453783,0.40662984057460466,-1.4856279208749847,0.9196835253810992,1.9706310426083042,6193660.5
2.7216732357701203,6.362431907605426,-1.8652266844331784,-1.940546910792227,2.1893722201610117,0.37347636133190526,-1.4670804164301745,0.9245524574669327,1.9636161595012425,6193697.0
-2.2718218145005205,2.82866312608009,-0.08441406556702985,-1.4624240665823958,2.0416172050562267,0.33820986786695706,-1.4479230959805822,0.9292392292296238,1.9565919445786877,6193733.5
2.279565421710582,-2.5280646063487033,1.874133519112579,-0.782083653077147,1.9126174394493571,0.301013980161686,-1.4281391174293954,0.9337447219471444,1.9495586246549543,6193770.0
-2.6057440941349217,-5.527785841889563,3.0353024673863653,0.04508829210039406,1.795623983758747,0.26207231819802124,-1.4077116386798099,0.9380698168974673,1.942516426544358,6193806.5
3.0026799733152156,-5.34489923163445,2.6797157923388912,0.9601972410160259,1.6838878984027341,0.2215685019578915,-1.3866238176350132,0.9422153953585608,1.9354655770612017,6193843.0
0.5185151941307556,-3.63536077610555,1.1201916800093,1.887359007493668,1.5706602437996564,0.17968615142322314,-1.364858812198198,0.9461823386083987,1.9284063030198029,6193879.5
-2.556915544080986,-0.8778138372470967,-1.0377039613773824,2.735358127055855,1.4491920803678549,0.13660888657594705,-1.3423997802725562,0.9499715279249499,1.9213388312344724,6193916.0
-3.0687716142639836,2.962960829105916,-3.179091472156537,3.4100234382275745,1.3127344685256712,0.09252032739798637,-1.31922987976127,0.9535838445861812,1.9142633885195188,6193952.5
-0.44485404491786495,7.7146798627490485,-4.689074932738427,3.817183779533798,1.1545384686914426,0.0476040938712711,-1.295332268567538,0.9570201698700667,1.9071802016892587,6193989.0
2.000707698817399,9.80258534011822,-4.952758423533332,3.8623631511722945,0.9681599796107224,0.0020438059777315477,-1.2706901045945533,0.9602813850545812,1.9000894975579943,6194025.5
-0.7353011789919726,5.728679658462904,-3.568920953932961,3.484063086931708,0.7502863053998481,-0.0439769163007097,-1.2452865457454958,0.9633683714176877,1.8929915029400486,6194062.0
0.49929537810926655,-2.8033339157306516,-0.9899370108015003,2.757267829872414,0.5055577967501256,-0.09027445298211847,-1.219104749923566,0.9662820102373614,1.8858864446497265,6194098.5
0.7274760893329235,-11.084326982526363,2.1225609438287836,1.7911585099545257,0.2405268564147984,-0.13666518408457085,-1.1921278750319515,0.9690231827915734,1.8787745495013395,6194135.0
1.6190525904516202,-14.405441995467605,5.124629784844268,0.6949162571381532,-0.038254112852887975,-0.18296548962613898,-1.1643390789738415,0.9715927703582923,1.8716560443091976,6194171.5
2.7694473276365636,-12.645764216500467,7.468517585135469,-0.4222777986166002,-0.3242327082996926,-0.22899174962489366,-1.1357215196524253,0.9739916602244678,1.8645311498786359,6194208.0
2.828336232613814,-11.624378723723737,8.740006247560073,-1.4542095267189559,-0.6108565271723697,-0.2745603440989076,-1.1062583549709006,0.9762207637735176,1.8574000629185217,6194244.5
6.317926338184559,-7.796254638981247,8.555001404081144,-2.3162181830135973,-0.8915731667176773,-0.31948765306625226,-1.075932742832449,0.9782809986400096,1.8502629738865666,6194281.0
-3.1266143356795273,6.454200880226883,6.567844130349397,-2.9653515785470512,-1.1598302241823701,-0.3635900565450006,-1.0447278411402643,0.9801732825190622,1.84312007317993,6194317.5
-15.180824165007989,17.267313624951026,2.445072238424391,-3.3683429133239744,-1.4090752968132048,-0.40668393455322444,-1.0126268077975424,0.9818985331057981,1.835971551195778,6194354.0
-2.3983042563813757,10.240715816135813,-3.607153658977571,-3.491925387349015,-1.63275598185694,-0.448585667108993,-0.9796128007074677,0.9834576680953258,1.8288175983312807,6194390.5
24.024097756493035,-7.128269129606945,-9.226287617680626,-3.302123578614207,-1.8250284985729517,-0.4891116342303848,-0.9456689777732321,0.9848516051827685,1.8216584049835987,6194427.0
-26.04440462832804,-15.37460126029433,-11.51068736064401,-2.7616860649808306,-1.9833250663513762,-0.5280782159354666,-0.9107784968980279,0.9860812620632428,1.8144941615498937,6194463.5
13.829690490854498,-1.9709234262327884,-8.467930245530958,-1.870085920625515,-2.107552574916024,-0.5653017922423128,-0.8749245159850455,0.9871475564318652,1.8073250584273397,6194500.0
23.969386566136816,12.58416797728635,-1.7424721688207572,-0.783151374240759,-2.198059426070971,-0.6005987431689944,-0.8380901929374744,0.9880514059837526,1.8001512860130922,6194536.5
-4.772006601413654,6.622610548129661,5.8997145975271845,0.3040901788319051,-2.255194021620292,-0.6337854487335841,-0.800258685658503,0.9887937284140205,1.7929730347043211,6194573.0
2.128318965592511,-9.353477611757711,10.743678901152872,1.1966113432509466,-2.279304763368059,-0.6646730712814789,-0.7614183697240051,0.9893754414177925,1.7857904948981886,6194609.5
-16.751621986634643,-8.642944148397039,9.681534403891328,1.7406481886256304,-2.2707228944117035,-0.6930690611740081,-0.721578491400549,0.9897974626901782,1.7786038569918663,6194646.0
13.865665379084199,6.603833362092539,4.379719746902976,1.9474906443684141,-2.2297104800325216,-0.7188448289159628,-0.6807535146273884,0.9900607099262974,1.7714133113825083,6194682.5
-9.846848862111894,4.955977296893274,-2.1979386848637126,1.8701508187493612,-2.1569689687537763,-0.7418911156769742,-0.6389579033437747,0.9901661008212692,1.7642190484672842,6194719.0
5.198577175568933,-4.8782872559958745,-6.772180427929748,1.5638793003190057,-2.0554377463896536,-0.76209920561622,-0.5962061214889579,0.9901145530702111,1.7570212586433598,6194755.5
-2.7797779974831416,3.2523716267996576,-6.858942378790071,1.0859998901476808,-1.9301294112741358,-0.7793603828928798,-0.5525126330021907,0.9899069843682394,1.7498201323078995,6194792.0
1.7251967187202244,4.221475997482544,-3.4809832434508676,0.5048383050439313,-1.7864601863944585,-0.7935659316661315,-0.5078919018227241,0.989544312410471,1.7426158598580683,6194828.5
-1.9443045121341267,-4.207013320255315,1.027001402554116,-0.0688865738438535,-1.6298462947378525,-0.8046071360951569,-0.462358391889806,0.9890274548920204,1.735408631691029,6194865.0
2.5563510723791105,-1.6283798730628762,3.52052754420856,-0.5138575742823206,-1.4657039592915515,-0.8123752803391345,-0.41592656714269094,0.9883573295080095,1.7281986382039525,6194901.5
-2.167257480814107,4.1817928977835646,3.593093997714208,-0.7115364461582796,-1.2990965220140085,-0.8167616485572429,-0.3686108915206301,0.9875348539535546,1.7209860697939987,6194938.0
-3.2383117998968616,4.5585416883225225,1.7539185328139744,-0.5992451730354668,-1.1328406269336762,-0.8176575249086618,-0.32042582896287225,0.986560945923771,1.713771116858329,6194974.5
3.434207109150797,-1.5209871304596654,-0.8312536212830975,-0.2960628413829122,-0.9660593417907147,-0.8149541935525698,-0.27138584340867183,0.9854365231137776,1.7065539697941141,6195011.0
-3.632557958861395,-4.457697961753693,-2.2290760905993032,0.034186917134069884,-0.7970405605104042,-0.8085421011165188,-0.2215062363289069,0.984162503218692,1.699334818998516,6195047.5
3.591121806888925,-0.2692032312457114,-1.0864201706066734,0.25476644678272703,-0.624072177018027,-0.7983077452541515,-0.17080625816836423,0.9827398039336311,1.6921138548687016,6195084.0
-2.665385488388058,3.6484864245789788,0.9846246559038547,0.3372819955605405,-0.4454420852388611,-0.784134390697971,-0.11930839229296944,0.9811693429537103,1.684891267801834,6195120.5
-2.8914985458676123,2.6417569173776103,1.9884724884516969,0.2814280816097858,-0.2604404733104152,-0.7659047033330915,-0.06703572091604403,0.9794520379740493,1.6776672481950778,6195157.0
3.428025565725476,-2.400494806844035,1.4474245069548466,0.10497294333529399,-0.07295999683036183,-0.7435013490446312,-0.014011326250893031,0.9775888066897618,1.6704419864456002,6195193.5
-3.5419933472913585,-1.9471494954952686,-0.3017751015054484,-0.11705471299127909,0.10973123194642218,-0.7168069937177066,0.03974170948916203,0.9755805667959717,1.6632156729505627,6195230.0
3.6801670216591376,1.470423270646087,-2.107605869541646,-0.2955616376846366,0.2797718101538148,-0.6857043032374383,0.09420030409081835,0.9734282359877887,1.655988498107133,6195266.5
-3.712916373341853,0.1498013771689251,-2.1706349373205898,-0.34492748737574125,0.4293003349256951,-0.6500759434889372,0.14934137534074998,0.9711327319603362,1.648760652312472,6195303.0
3.52766144769113,-0.8925567041944709,-0.876059188354647,-0.2209068275595762,0.5508880435578183,-0.609804580357329,0.20514184102565525,0.968694972408728,1.6415323259637487,6195339.5
0.4754177641590612,-0.03200679044480594,0.7570255632259772,0.007339735556642891,0.6388367339934832,-0.5647728797277218,0.261578618932212,0.9661158750280823,1.6343037094581263,6195376.0
-2.657217378095775,0.8145432328055672,1.8619948488985192,0.24316831216671797,0.6878808443378673,-0.514863507485241,0.3186286268471159,0.9633963575135154,1.6270749931927702,6195412.5
-1.4838708808324041,0.3946159510964253,1.8074085399945456,0.39656154905929847,0.6927548126961529,-0.45995912951499734,0.3762687825570464,0.9605373375601456,1.6198463675648445,6195449.0
-0.8257153325916664,0.5345718855796503,0.828464759881263,0.41942353394883786,0.6494916631374952,-0.40003093945782325,0.4344760038486969,0.957539732863091,1.612618022971512,6195485.5
1.7504217015571342,-0.686526725361597,-0.31357805639027414,0.3304577026011757,0.5608071303158291,-0.3354042419773692,0.493227208508748,0.9544044611174676,1.6053901498099428,6195522.0
-1.652530018574127,-2.0467368815726883,-0.932451913176287,0.1578293184130662,0.43674977329418735,-0.2665736410226745,0.5524993143238903,0.9511324400183926,1.598162938477297,6195558.5
1.5945891984605434,-0.2424000161588971,-0.6159284255700661,-0.06310960958475323,0.28917960398316067,-0.19435682666146645,0.6122692390808112,0.9477245872609835,1.590936579370742,6195595.0
-1.1162831932325583,2.5114765553389344,0.12080946165889907,-0.26230662291007567,0.13003740582300788,-0.11965226049114312,0.6725139005661952,0.9441818205403585,1.5837112628874401,6195631.5
-1.5042745584228827,2.5535805511327685,0.5693934765012242,-0.3610341507178555,-0.028736037746012064,-0.04335840410910587,0.7332102165667306,0.9405050575516329,1.5764871794245578,6195668.0
1.9981411012409522,-1.0544254471676275,0.3356018091573542,-0.3057879046760207,-0.17557734949913367,0.033626280887245064,0.7943351048690991,0.9366952159899288,1.5692645193792598,6195704.5
-2.2195299641482955,-2.8685896259320995,-0.2982140790200324,-0.14302612701211298,-0.3013986343574003,0.11043859069193318,0.855865483259998,0.9327532135503559,1.5620434731487103,6195741.0
2.322234882501874,-0.6007039105970788,-0.9142006858829315,0.059292055502849925,-0.4013535053325296,0.18635702540465338,0.9177782695261064,0.9286799679280364,1.5548242311300764,6195777.5
0.12545280607841636,1.8745633483983388,-1.1904021120751267,0.23413811559022457,-0.4715641236798284,0.26069803387631174,0.9800503814541143,0.9244763968180869,1.5476069837205197,6195814.0
-1.235964376952906,2.776912549734187,-0.8410232300908356,0.32666989712385736,-0.5081533233945463,0.33277873769776395,1.0426587368307056,0.9201434179156222,1.5403919213172086,6195850.5
-1.0121733743342793,1.770357393077407,0.2422628261867792,0.3307907285875939,-0.5073010617182669,0.40197338170618485,1.1055802534425718,0.915681948915765,1.5331792343173027,6195887.0
-0.7291778030738845,-0.30057644116949933,1.6429004802524727,0.2537439708719092,-0.46656945013197826,0.4678847037240408,1.1687918490763982,0.9110929075136269,1.5259691131179713,6195923.5
-0.22253568986014963,-2.32172272872987,2.8243915214071045,0.1083744042291213,-0.3891791427248522,0.530172564820131,1.2322704415188659,0.9063772114043295,1.5187617481163769,6195960.0
0.37057574748075645,-3.319785089835551,3.2524327745977795,-0.08737243245284733,-0.2834515522216598,0.5884968260632355,1.2959929485566712,0.9015357782829864,1.5115573297096871,6195996.5
-0.2521559974482327,-2.2252793391278867,2.5393321260222677,-0.3111038042109973,-0.15869486569252675,0.6425173485221598,1.3599362879764945,0.8965695258447166,1.504356048295063,6196033.0
0.4140635435169649,-0.13156669773093493,0.8838417068810618,-0.5265852891634785,-0.024217270207570935,0.691893993265679,1.424077377565026,0.8914793717846377,1.4971580942696718,6196069.5
0.010754367508943232,1.7936700081505201,-1.3262886972428622,-0.6947192261721978,0.11127022963656702,0.7362866213625963,1.4883931351089466,0.8862662337978672,1.489963658030677,6196106.0
0.006905738830662859,3.7020485777600385,-3.530644193385237,-0.7787966839930436,0.24144535913722337,0.7753550938816975,1.5528604783949502,0.8809310295795211,1.4827729299752441,6196142.5
-0.14739485386584422,5.296942098146987,-5.092177400736679,-0.7433347541538243,0.3612118663636663,0.8087592718917737,1.6174563252097198,0.8754746768247172,1.4755861005005415,6196179.0
-1.77432326828376,4.838498811617349,-5.45289297627126,-0.5580175604940198,0.467988860578886,0.8361590164616165,1.682157593339945,0.8698980932285741,1.4684033600037265,6196215.5
1.9982649267808603,2.330919376056749,-4.6965061708396645,-0.21730157776169784,0.5598242913443057,0.8572141886600152,1.7469412005723135,0.8642021964862063,1.4612248988819687,6196252.0
3.07526054621741,-1.7581420693885201,-3.0218395245668526,0.2275577436232343,0.6347661082213499,0.8715846495557639,1.8117840646935068,0.8583879042927336,1.4540509075324315,6196288.5
4.938962603649268,-6.6935439843061575,-0.6141787514393012,0.7117681271023872,0.6908622607714385,0.8789302602176522,1.8766631034902173,0.8524561343432715,1.4468815763522813,6196325.0
3.640784649482283,-6.603443349638487,2.2113600191286613,1.1705372961173885,0.7261606985559955,0.8789108817144672,1.9415552347491287,0.8464078043329378,1.4397170957386818,6196361.5
-8.098120471888345,0.5594392486926175,4.608461968712918,1.5390729741098386,0.7387093711364447,0.8711907736600489,2.0064329777118854,0.8402438319568518,1.4325576560887985,6196398.0
8.475081651151786,6.769196182167672,5.553473754267738,1.7525828845213727,0.7264923623919572,0.855515655530657,2.0712512574399535,0.8339651349101282,1.4254034477997928,6196434.5
-8.00173081512067,2.3980171596208213,4.366655999861385,1.7622379331678595,0.6877328040359451,0.8319713560092327,2.135960600449764,0.8275726308878855,1.4182546612688343,6196471.0
-1.8432168834055127,-3.530875672267868,1.7914333072120316,1.5824814178178919,0.6231483418968865,0.8010285611915646,2.2005115332577394,0.8210672375852395,1.411111486893085,6196507.5
4.233162756037616,-5.806029424541083,-1.0729787275496963,1.2413984684367703,0.536272482544045,0.763238205106075,2.264854582380311,0.8144498726973081,1.4039741150697116,6196544.0
3.4162835243295016,-2.1932665890141045,-3.244792238901003,0.7664938774454128,0.431219070091061,0.7191512217812109,2.32894027433389,0.8077214539192111,1.3968427361958777,6196580.5
-1.8717614131377163,4.1664390206577755,-4.21193028375044,0.1852724372647449,0.31210194865156954,0.6693178121637625,2.392719868716553,0.8008828989460615,1.3897175406687474,6196617.0
0.7954337152917117,4.437602715163494,-3.5842323047555618,-0.47027240454314523,0.1830349623392034,0.6142846019988794,2.4561482003280104,0.7939351254729788,1.3825987188854882,6196653.5
-0.2757896578262921,1.6166940832433712,-1.3045056746539816,-1.145729209287676,0.04813195526762625,0.5545949124496002,2.5191834085500684,0.7868790511950806,1.375486461243261,6196690.0
0.25508794076663455,-0.645336571258469,1.4199003406138009,-1.764344400881612,-0.08849322844953796,0.49079142180388935,2.5817842756396328,0.7797155938074853,1.3683809581392334,6196726.5
-0.6370218949595787,-3.5700299262579205,3.0666231655918907,-2.244901032673874,-0.222726744698641,0.423416808349685,2.6439095838536195,0.7724456710053064,1.36128239997057,6196763.0
1.2437655989912078,-1.6324925601879625,2.569890589785283,-2.5248705924834,-0.3504547493660424,0.35301375037493293,2.7055181154489407,0.7650702004836646,1.3541909771344336,6196799.5
-2.101643891214352,3.504591504384372,0.6902918625426163,-2.6164783060092383,-0.46756339833810046,0.28012492616758206,2.7665686526825093,0.7575900999376756,1.3471068800279926,6196836.0
3.340743962810821,0.5915489480512731,-1.3690754776970848,-2.550201469963717,-0.570375210957914,0.20529301401557923,2.827019977811237,0.7500062870624572,1.3400302990484072,6196872.5
-4.1755147903774,-3.722626465281787,-2.461442195976887,-2.354360733657348,-0.6573693539703959,0.1290606922068684,2.886830873092033,0.7423196795531258,1.3329614245928465,6196909.0
4.624087579863407,-0.15661871631384625,-1.8185881979056588,-2.0566036055606305,-0.7291061318766996,0.05197063902939963,2.945960120781811,0.7345311951048007,1.3259004470584732,6196945.5
-1.517205764321339,3.719327829199048,-0.13016164787338663,-1.6897983882340575,-0.7865570427528543,-0.025434467228887973,3.0043665031374873,0.7266417514125971,1.3188475568424514,6196982.0
-4.37040499198011,4.0505109983062315,1.5497222250346636,-1.2882213811543475,-0.8306935846748894,-0.10261194828004325,3.062008802415972,0.718652266171632,1.3118029443419486,6197018.5
-1.071738753008606,0.2050777826673688,2.3734903079701417,-0.8861488837982227,-0.8624872557188304,-0.17901912583611834,3.118845800874172,0.7105636570770244,1.3047667999541277,6197055.0
2.7986505557770913,-4.004076544085149,2.3151204120997404,-0.5132396547097927,-0.8829095539607136,-0.254113321609172,3.1748362807690076,0.7023768418238923,1.2977393140761524,6197091.5
2.03560487894356,-3.8753117911867054,1.5027788735825152,-0.1789302359404248,-0.8929319774765593,-0.32735185731125466,3.2299390243573884,0.6940927381073491,1.2907206771051896,6197128.0
0.11817686771179199,0.6382316296866831,0.06040917238177426,0.1189685824404841,-0.8935260243424006,-0.3981920546544184,3.2841128138962232,0.6857122636225167,1.283711079438404,6197164.5
-2.2704942753046624,3.7557895510444617,-1.3782150598795406,0.3843980631258899,-0.8855825161717168,-0.466171911813271,3.3373164316424297,0.6772363360645078,1.276710711472959,6197201.0
2.4509604771961624,0.003274877634060798,-2.2031130885048817,0.6212994688087354,-0.8696687702053887,-0.5311529313350094,3.389508659852915,0.6686658731284434,1.2697197636060205,6197237.5
-2.616742803543426,-3.524660562858122,-2.4431893456770086,0.8336140621819612,-0.846268233132291,-0.5930804863188398,3.4406482807845906,0.6600017925094404,1.262738426234752,6197274.0
2.737332854243074,-0.6275343340726857,-2.2810357923507447,1.0240399255133812,-0.8158438802939177,-0.6519204212113654,3.4906940766943833,0.6512450119026126,1.2557668897563206,6197310.5
-1.619098233252853,2.876727125834253,-1.8751093376897718,1.1903024193701908,-0.7787799957317346,-0.7077172717591814,3.539604829839185,0.6423964490030805,1.2488053445678895,6197347.0
-2.5957721303835006,3.19757197672772,-1.3778331279100064,1.3288837238944666,-0.7354411906622154,-0.7605352465339115,3.5873393224759202,0.6334570215059608,1.2418539810666231,6197383.5
0.076012878598746,0.36846850687319826,-0.9055294177277189,1.4362660192282692,-0.6861920763018194,-0.8104385541071719,3.6338563368614953,0.6244276471063717,1.2349129896496873,6197420.0
1.5489533734044236,-2.5365914254252706,-0.4301168958606604,1.508931485513656,-0.6313972638670176,-0.857491403050576,3.679114655252828,0.6153092434994275,1.2279825607142478,6197456.5
1.7791492967807696,-2.806810955699384,0.1325553797724427,1.543362302892704,-0.5714213645742813,-0.9017580019357347,3.7230730599068256,0.6061027283802479,1.2210628846574674,6197493.0
-2.003626784186732,0.12124222032191709,0.858791287111881,1.536039507255726,-0.5066278453883275,-0.9433025593342739,3.765690333080406,0.5968090194439498,1.2141541518765102,6197529.5
1.9202248514616578,2.4390945990903763,1.493975358042992,1.4834987864562712,-0.437434825237109,-0.9821892838177957,3.806925257030473,0.5874290343856494,1.2072565527685446,6197566.0
1.0426333542390156,1.4338635483421136,1.761787823613398,1.3826481560006694,-0.36463275070135714,-1.0184823839579282,3.846736614013948,0.5779636909004664,1.2003702777307328,6197602.5
-1.7759538643545598,-0.8379877071771573,1.647532329293311,1.2334485520411733,-0.2896175214269214,-1.0522460683262806,3.885083186287737,0.5684139066835158,1.19349551716024,6197639.0
1.6425098192232845,-1.7404838752648253,1.1927403707305577,1.0457873370769866,-0.21392159308338152,-1.0835445454944646,3.9219237561087543,0.5587805994299143,1.18663246145423,6197675.5
-0.8780014500475816,-0.985824767637421,0.47790155847379506,0.8319993411881244,-0.13907742134032122,-1.112442024034108,3.9572171057339176,0.5490646868347819,1.1797813010098697,6197712.0
-1.221065291656054,0.09440225045480069,-0.2525821789258441,0.6044193944545992,-0.06661746186731585,-1.139002712516812,3.9909220174201274,0.5392670865932323,1.1729422262243234,6197748.5
-0.03145531560442894,0.6099174441632067,-0.7449865528054386,0.3753823269564213,0.0019258296660531772,-1.1632908195142022,4.022997273424306,0.5293887164003865,1.1661154274947545,6197785.0
0.7221490337644776,0.6477977367145608,-0.8895900982369536,0.1572229687736096,0.06501999759020276,-1.1853705535978907,4.053401656003362,0.5194304939513601,1.1593010952183298,6197821.5
-0.49928357513411525,0.5925898000357536,-0.7700147765233203,-0.03787828524101295,0.12113258623555809,-1.2053061233394897,4.082093947414205,0.5093933369412685,1.1524994197922112,6197858.0
-0.2506360373893658,0.49594806076180054,-0.5226120592346818,-0.19948672117116337,0.1687311399325372,-1.2231617373106203,4.1090329299137505,0.4992781630652327,1.1457105916135677,6197894.5
0.2857494179758298,0.3718509166271007,-0.2729298597682544,-0.3218338204391192,0.2062832030115564,-1.2390016040828984,4.134177385758915,0.4890858900183678,1.1389348010795604,6197931.0
-0.05734325367198761,0.17492939882575853,-0.07723496934258342,-0.4002790044949839,0.23225631980303707,-1.2528899322279292,4.157486097206599,0.4788174354957913,1.1321722385873547,6197967.5
-0.18661588296354323,-0.01835830660419949,0.07141745197715042,-0.43018169478887236,0.245118034637395,-1.2648909605738072,4.178917876770195,0.4684737171926215,1.125423094534118,6198004.0
-0.044549581974947655,-0.0951932119561121,0.16958072390250173,-0.4076066873355578,0.24404795802965748,-1.275076715303703,4.198432632698235,0.4580556528039729,1.118687559317012,6198040.5
-0.06658704052550297,0.003154035385599729,0.16558547343262642,-0.3319983708617813,0.23103673819397572,-1.2835126911350165,4.215994202332987,0.4475641600249655,1.1119658233332028,6198077.0
0.2838267184572265,0.031398341915485906,0.05775155414058888,-0.21078595600356018,0.20863818137219062,-1.2901231409574734,4.23156731441223,0.4370002398645147,1.1052580769798557,6198113.5
-0.21016063491436124,-0.04970857783841901,-0.06149792803269372,-0.07216240683822896,0.17936886676691371,-1.2947951681401169,4.245116441937094,0.4263652265867334,1.098564510654136,6198150.0
-0.25123252995420275,-0.04965868430345966,-0.10445296278072135,0.053953182573023964,0.14574537358075593,-1.2974168214898243,4.256606920032744,0.4156605377695356,1.0918853147532064,6198186.5
0.26757078782959204,0.08775764481427728,-0.05146241250653452,0.15204182435146185,0.11028428101631443,-1.2978787687861868,4.266006702797066,0.40488759099083527,1.0852206796742319,6198223.0
0.18445155240976452,0.12440276419332548,0.060595645302913635,0.21339753383679305,0.07550216827620072,-1.2960723131723888,4.273284379691527,0.39404780382854243,1.07857079581438,6198259.5
-0.24092776203519256,-0.057909896792466074,0.17925218320436356,0.2303771891185335,0.043708386868448336,-1.2918887577916025,4.278408493925472,0.3831426401126891,1.071935853570813,6198296.0
-0.052014467001557055,-0.19527737260131073,0.2293412332905455,0.19763220718529548,0.016298939372840757,-1.2852194057869943,4.281347403699746,0.3721737486817954,1.0653160433406965,6198332.5
-0.3517603271348248,0.02366589978652569,0.14824716354606926,0.1189535050993751,-0.0058751519251320815,-1.275955560301732,4.282069420963088,0.3611428246264921,1.0587115555211954,6198369.0
-0.15672675606224898,0.2637915357683653,-0.031991290995203196,0.011876667627913878,-0.022047302889910775,-1.263988524478984,4.2805428576642335,0.3500515630374176,1.052122580509474,6198405.5
0.26003855164204825,0.2619201713526286,-0.25125289485967106,-0.10299296056591496,-0.03145092938593427,-1.2492096014619238,4.276736025751921,0.33890165900520536,1.0455493087026984,6198442.0
0.6881190322603488,-0.053243357188188414,-0.41917074369420376,-0.20505003481895415,-0.03331977572950371,-1.231509765941842,4.270617237174877,0.32769480762049163,1.0389919304980317,6198478.5
-0.7545148028135358,-0.3410284650100038,-0.4420124568287893,-0.27368921046802547,-0.026870347932155803,-1.2107972309148327,4.26215480388185,0.31643270397391127,1.03245063629264,6198515.0
0.7856357169643988,-0.009553097735411947,-0.26092520895008536,-0.2935484161768164,-0.011318952308132377,-1.1869804090742486,4.251317037821563,0.3051170431561033,1.0259256164836872,6198551.5
0.11908311874565558,0.35349232164043054,0.048194339327772076,-0.2695468649701139,0.013150126794665226,-1.1596915440261482,4.238072250942758,0.2937495202576985,1.0194170614683393,6198588.0
-0.39490597591660576,0.22686187097543292,0.3778360054627635,-0.20907980741416235,0.04351168894307448,-1.1284891990767045,4.2223887551941655,0.28233183036933435,1.0129251616437593,6198624.5
-0.049546492890448886,-0.3297134154973479,0.6175764979589571,-0.11885068512886011,0.07604872475757131,-1.0929319375321,4.204234862524527,0.27086566858164596,1.0064501074071137,6198661.0
-0.5327948615201348,-0.1960818020214762,0.6417153272732318,-0.005562939734111545,0.10704422485864319,-1.0525875437704229,4.183588105954493,0.259352729985269,0.9999920891555664,6198697.5
-0.8593985397613327,0.251394058625436,0.4258759008832169,0.12147950727489971,0.1327811798667677,-1.0070606864574316,4.16046290279238,0.2477947096708388,0.9935512972862831,6198734.0
0.9015761468742216,0.2642912696059465,0.004621657383620264,0.24257081490179516,0.14954258040242685,-0.9559652553308053,4.1348828914184335,0.23619330272899206,0.9871279221964285,6198770.5
-0.8406230058399222,-0.25567664606344415,-0.4828750258947944,0.3354046622749197,0.15369013867691922,-0.8989938617190433,4.106871710212895,0.2245502042503637,0.9807221542831644,6198807.0
0.7109270147300689,-0.15517236346645422,-0.7990517903813227,0.37767472852260897,0.14190319873443047,-0.8361567487835214,4.076452997556001,0.21286710932558717,0.974334183943661,6198843.5
0.4049972862765575,0.2384692838255309,-0.7278200561066497,0.35323835593892855,0.11178228288861941,-0.7676101290902974,4.043650391827991,0.20114571304529952,0.9679642015750779,6198880.0
-0.3480057785590618,0.32241813587697693,-0.30335973980844483,0.27060753948081595,0.06425655812273628,-0.6937380244157879,4.008487531409102,0.18938771050013672,0.9616123975745835,6198916.5
0.23513653849946814,-0.25368784365468605,0.30565894051727355,0.14445793727093756,0.001086666219996162,-0.6149807224715899,3.970988054679582,0.17759479678073448,0.9552789623393408,6198953.0
-0.13602121850550083,-0.421942285062173,0.7264335350585319,-0.010534792568043495,-0.07596675103637765,-0.5317785109692824,3.9311756000196616,0.16576866697772644,0.9489640862665156,6198989.5
-0.3739123783191908,-0.14339255490841785,0.8261561741431925,-0.17962196299550598,-0.1651430518631646,-0.44457167762046834,3.88907380580959,0.15391101618174982,0.9426679597532718,6199026.0
-0.4417445218729301,0.368427875963274,0.6414648351153228,-0.3436903775205482,-0.264681594477154,-0.35380051013671604,3.8447063104295958,0.14202353948343882,0.9363907731967741,6199062.5
0.0443104696817477,0.5275296341971617,0.23001809401991755,-0.46726423562056374,-0.37282173709511435,-0.2599052962296391,3.7980967522599287,0.13010793197342937,0.9301327169941892,6199099.0
1.0007678676782608,0.1400033360479498,-0.27218700897185366,-0.5107953429945163,-0.48780283793383167,-0.16332632361080993,3.7492687696808202,0.11816588874235877,0.9238939815426802,6199135.5
-1.067667390021557,-0.45031174126470264,-0.5710404611821991,-0.4351655560843251,-0.6074342044671217,-0.06450387999182722,3.6982460010725187,0.10619910488085908,0.917674757239413,6199172.0
1.0355035633203005,-0.35526896485375004,-0.4381655885277547,-0.22019977113735728,-0.7276072503124781,0.036121746915718546,3.6450520848152594,0.0942092754795685,0.9114752344815503,6199208.5
0.5438292105012095,-0.027232169796183547,-0.05485248122394871,0.08495571752161275,-0.8429925748065442,0.13811026940025284,3.5897106592892785,0.08219809562912109,0.9052956036662587,6199245.0
-0.17085469554574775,0.15340666878275475,0.29503358637547117,0.4139317787342128,-0.948063086401481,0.2410213997501714,3.5322453628748196,0.07016726042015337,0.8991360551907024,6199281.5
-0.6026743767732534,0.1640068872011072,0.3474463033592291,0.7003592813420854,-1.0372916935494714,0.3444148502538887,3.4726798339521245,0.05811846494329939,0.8929967794520478,6199318.0
0.4965374747096198,0.05968673453179472,0.007184334007260081,0.8820316763971575,-1.1051513047026753,0.4478503331998181,3.4110377109014287,0.04605340428919624,0.8868779668474571,6199354.5
-0.46295459067324085,0.1613902759130903,-0.4363650448400419,0.9133927437926038,-1.1461148283132663,0.550887560876363,3.3473426321029747,0.03397377354847797,0.8807798077740963,6199391.0
0.20650387669316336,0.47329821244048703,-0.5971376737009148,0.7542041891027157,-1.1558475233600023,0.653123252627697,3.281618235936999,0.021881267811780552,0.8747024926291319,6199427.5
-0.08971357304728858,0.6267256032846543,-0.20234241604025496,0.39166565612772086,-1.134769836917533,0.7542879420105464,3.213888160783747,0.009777582169740244,0.868646211809726,6199464.0
0.7952858846518694,-0.6616398564631331,0.6991956969834717,-0.09460161049095112,-1.0844377105454084,0.8540923135957236,3.1441760450234497,-0.0023355882870075206,0.862611155713043,6199500.5
-0.9749555494645623,-1.811580174350312,1.3892128963095787,-0.6021598017692626,-1.006392871792769,0.9522328379436034,3.0725055270363586,-0.014456548467828833,0.8565975147362516,6199537.0
1.2117845199102526,0.08106183802994543,1.1954582796992517,-1.0429833660613608,-0.9021770482087381,1.0484059856145798,2.9989002452027003,-0.02658360328208716,0.8506054792765129,6199573.5
-1.1449908026438875,2.603088753562961,0.26369788051488724,-1.386695781074053,-0.7733319673424512,1.1423080782657264,2.9233839868060287,-0.038715057639146115,0.8446352397309926,6199610.0
-1.3743151779235654,4.253914933948294,-1.0557980339807986,-1.6173327818523213,-0.6213993567430351,1.233631950889377,2.845984025794623,-0.05084921644837247,0.8386869864968577,6199646.5
-1.46700669793055,5.695601672090702,-2.4127591965251063,-1.718693722216007,-0.4481573251847688,1.3220587253684524,2.7667393492261954,-0.06298438461912886,0.8327609099712683,6199683.0
-1.0584515938773968,7.103641400105722,-3.456915339855329,-1.6734941031636292,-0.2564678342632342,1.407266632534326,2.685691835209984,-0.07511886706078069,0.826857200551395,6199719.5
-1.6908470370815207,6.660035482842795,-3.9099241893378007,-1.4636597327854346,-0.04998253848230897,1.488933903218395,2.6028833618552256,-0.08725096868269212,0.8209760486343991,6199756.0
2.1180651987809505,2.2231595673292404,-3.769994773288128,-1.0822634681207863,0.16750857973336514,1.5667387682520333,2.518355807271165,-0.09937899439422732,0.8151176446174447,6199792.5
7.5234860602029405,-4.58179258973566,-3.062621442383369,-0.5675196736886082,0.392215537959144,1.6403594584666226,2.432151049567041,-0.1115012491047522,0.8092821788976988,6199829.0
11.565877178340001,-10.61013120701226,-1.8021378797336671,0.03107190912227063,0.620348353770379,1.709474204693549,2.34431096685209,-0.12361603772362986,0.8034698418723257,6199865.5
10.985995542286373,-12.741041336166235,-0.004729293382540422,0.6640115389230231,0.8481170447424241,1.7737612377641938,2.254877437235555,-0.13572166516022457,0.797680823938489,6199902.0
4.488840812566972,-9.285280734057928,2.2186481423904802,1.2817994743248313,1.0717316284506326,1.832898788509946,2.163892338826671,-0.14781643632390204,0.7919153154933546,6199938.5
-6.730221401693949,-0.9175931152036644,4.405727262362521,1.8349359739388702,1.2874021224703565,1.886565087762181,2.071397549734683,-0.1598986561240272,0.7861735069340874,6199975.0
-18.79222960393969,9.138900784950268,6.006876034808212,2.2739212963763116,1.4913385443769547,1.9344383663522822,1.9774349480688265,-0.1719666294699623,0.780455588657852,6200011.5
19.338981165813816,14.961722767530254,6.472462428002151,2.5492557002483345,1.6797509117457776,1.9761968551116407,1.882046411938343,-0.18401866127107433,0.7747617510618182,6200048.0
-19.29086330428646,9.615517611708329,5.4393477697560355,2.625378278420465,1.8488492421521785,2.0115187848716323,1.7852738194524709,-0.19605305643672602,0.7690921845431345,6200084.5
-6.145055622531164,-1.4185552820714424,3.290366826029688,2.521450279334915,1.9958767346122648,2.040082386463644,1.6871590487204504,-0.20806811987628404,0.7634470794989865,6200121.0
6.102362324302264,-10.729478428669605,0.5948477223200069,2.2664390599252298,2.1222093139051723,2.0615658907190526,1.5877439778515219,-0.22006215649911004,0.7578266263265238,6200157.5
12.590604132660143,-14.161147826170476,-2.0778814158761008,1.8882787956842022,2.2302560862507717,2.075647528469246,1.4870704849549234,-0.2320334712145704,0.7522310154229193,6200194.0
13.694345972042024,-11.72243206741358,-4.243101441359754,1.4149036621046107,2.3223441073413613,2.0820853171544527,1.3851827120586355,-0.24398036893202932,0.7466604371853355,6200230.5
8.52303964436367,-5.895353339345769,-5.760018245240965,0.8742478346792579,2.400472230758938,2.0809554437100948,1.2821348338057446,-0.255901154560852,0.7411150820109386,6200267.0
3.6629439601506615,0.9432676412415505,-6.594403197395001,0.29424548890093694,2.4665572595578973,2.0724099739198567,1.1779871965186672,-0.26779413301040106,0.7355951402968882,6200303.5
-1.2081180846213841,6.6878260972237555,-6.717516792813952,-0.29716919973756606,2.522515996792651,2.056599996627277,1.0728011234599633,-0.2796576091900423,0.7301008024403539,6200340.0
-4.252904883947307,9.669601641446683,-6.100749080286319,-0.8719325019470521,2.5702652455176076,2.033676600675891,0.9666379378921951,-0.2914898880091408,0.7246322588385005,6200376.5
-4.279122118322388,9.322701221568124,-4.727905631876696,-1.4023652134737479,2.6117218087871725,2.003790874909235,0.859558963077925,-0.30328927437706,0.7191896998884928,6200413.0
-3.8438859084379344,6.884865775098086,-2.684254162217892,-1.8642695371518345,2.6488024896557465,1.9670939081708454,0.7516255222797139,-0.3150540732031647,0.7137733159874924,6200449.5
-2.2112819882421295,3.5675713267553903,-0.2819331196735627,-2.2343504160366012,2.68342409117773,1.9237367893042576,0.6428989387601258,-0.32678258939682,0.7083832975326676,6200486.0
-0.8355983746447774,0.14139654063059123,2.113175690982529,-2.4893127931833514,2.717503416407547,1.873870607153008,0.5334405357817202,-0.3384731278673903,0.7030198349211804,6200522.5
0.11076411180227048,-2.545794115543716,4.13519046497662,-2.6058616116473545,2.7529572683995855,1.817646450560633,0.4233116366070599,-0.35012399352423856,0.6976831185501979,6200559.0
1.0729547478105659,-4.203866271298334,5.418229397534948,-2.5602859562077933,2.7912865919321415,1.75521540837067,0.3125735644987073,-0.36173349127673127,0.6923733388168833,6200595.5
0.5622275047316043,-4.442706525943134,5.604541959022869,-2.327297753538101,2.832415173677771,1.6867285694266514,0.20128764271922353,-0.3732999260342326,0.687090686118405,6200632.0
0.0861255122950946,-3.207126592223417,4.504740120508975,-1.8948147176765602,2.876196042027862,1.612337022572117,0.08951519453117081,-0.384821602706106,0.681835350851922,6200668.5
-0.8729186449424914,-0.6327695178689912,2.4899469158036354,-1.3039470202442538,2.9225685003725617,1.5321918566506003,-0.022682456802888648,-0.39629682620171724,0.6766075234146035,6200705.0
0.9182716513176997,1.9153570130850033,0.10324352692618544,-0.6090813785082605,2.971471852102002,1.44644416050564,-0.13524398802039383,-0.4077239014304297,0.6714073942036128,6200741.5
-0.9295777691371223,2.890172752050152,-2.125871511039124,0.1353954902643428,3.022845400606318,1.355245022980769,-0.24810807585878197,-0.4191011333016089,0.666235153616113,6200778.0
0.07436060990161018,3.0312440289434344,-3.7928259279347887,0.8750968688064666,3.076628449275648,1.2587455329195258,-0.3612133970554921,-0.43042682672461896,0.6610909920492725,6200814.5
0.7254226684087249,2.7744751672737404,-4.663752810961478,1.5556360398510285,3.132760301500128,1.1570967791654465,-0.4744986283479613,-0.44169928660882435,0.6559750999002543,6200851.0
0.5019545373061103,2.1340972060637133,-4.623908971375413,2.1268510437256856,3.1911802606698916,1.0504498505620663,-0.5879024464736287,-0.45291681786358995,0.6508876675662228,6200887.5
0.26017760719637645,0.9942659301811608,-3.7536212563375573,2.5554789511369442,3.25182763017508,0.9389558359529209,-0.7013635281699316,-0.4640777253982793,0.645828885444343,6200924.0
-0.516283744312179,-0.3369737809209278,-2.234433352194505,2.812481590386082,3.314641713405826,0.8227658241815476,-0.8148205501743089,-0.47518031412225764,0.6407989439317792,6200960.5
0.525035589155585,-1.7646469155076527,-0.34324680634157767,2.868797139603548,3.3795854639230622,0.7020309040914823,-0.928212189224198,-0.48622288894489035,0.6357980334256988,6200997.0
0.4336929171892511,-3.388988027057406,1.5680701958247465,2.6961880166668095,3.4457975955407094,0.5769021645262601,-1.0414771220570367,-0.49720375477554074,0.6308263443232655,6201033.5
-0.9334447101128442,-4.710773501817497,3.023949561168141,2.2700683510033324,3.508765110522704,0.4475306943294192,-1.1545540254102653,-0.5081212165235733,0.6258840670216417,6201070.0
1.3540223358783416,-4.250924769402837,3.629469422357081,1.5729423515028684,3.56305617070279,0.3140675823444927,-1.2673815760213192,-0.5189735790983526,0.6209713919179934,6201106.5
-2.0982249333992384,-1.0963492044643197,3.4249347331748385,0.627911968167438,3.603238333199333,0.17666452213040043,-1.3798984506276375,-0.529759147409244,0.6160885094094863,6201143.0
-2.5702273167106604,2.7014237313297187,2.495533965657779,-0.4720984700335471,3.623815426504659,0.03553693587209459,-1.492043325966659,-0.5404762263656117,0.6112356098932852,6201179.5
-0.15812031332566145,5.053434408246607,0.9246636754274317,-1.6182518491468574,3.618996350721269,-0.10880482585564431,-1.6037548787758213,-0.5511231208768197,0.6064128837665529,6201216.0
4.162349051153173,4.183293564765041,-1.039245923773183,-2.701711055219264,3.58273235772153,-0.25559276424790295,-1.7149717857925622,-0.5616981358522328,0.6016205214264574,6201252.5
-4.963584658384841,-0.31631162877929103,-2.717340640549944,-3.6136389742975354,3.508925614761403,-0.40400979588336255,-1.825632723754321,-0.5721995762012155,0.5968587132701644,6201289.0
5.734699491561599,-4.2104367441615445,-3.3269888000098695,-4.245198492428443,3.391478289096846,-0.5532388373406986,-1.935676369398534,-0.5826257468331325,0.5921276496948347,6201325.5
2.774189884521972,-3.996529547471637,-2.287574633453297,-4.50445178517885,3.224292547983822,-0.7024628051985939,-2.045041399462641,-0.5929749526573487,0.5874275210976322,6201362.0
-7.166324772454954,-1.2739116230267895,0.04984124060778964,-4.368829457914138,3.003041830396461,-0.8508646160357312,-2.1536664906840786,-0.6032454985832274,0.5827585178757277,6201398.5
-7.5995871555853345,1.7865314335872633,2.63773124771495,-3.839746492392462,2.7304846621815653,-0.9976271864307812,-2.2614903198002883,-0.6134356895201344,0.5781208304262798,6201435.0
7.965148363418589,2.8804575271860684,4.304924918504545,-2.920767439782366,2.411529138596334,-1.1419334329624349,-2.368451563548702,-0.6235438303774332,0.5735146491464569,6201471.5
-8.110986395019816,1.0083172947768544,4.124952762543046,-1.6233971452786646,2.052596545666835,-1.282966272209366,-2.474488898666764,-0.633568226064489,0.568940164433423,6201508.0
-4.574006239059565,-1.9004384877450347,2.179819517972796,-0.014445490650001197,1.660486467111349,-1.4199086207502531,-2.5795410018919096,-0.643507181490666,0.564397566684341,6201544.5
7.474316982446711,-3.2943402093309255,-1.0867752648582822,1.7159772356696972,1.2419984866481661,-1.5519433951637824,-2.683546549961577,-0.6533590015653291,0.5598870462963794,6201581.0
0.1034551590191555,-1.262015762458824,-4.940463444596396,3.348542419394521,0.8039321879955743,-1.6782535120286266,-2.7864442196132044,-0.6631219911978424,0.5554087936667005,6201617.5
-3.934608705284456,2.87402776147319,-7.653475695505305,4.663921446238582,0.3530871548718491,-1.7980218879234708,-2.8881726875842304,-0.6727944552975708,0.550962999192471,6201654.0
-4.214982983837218,6.716525588276616,-7.490123859414953,5.486717629703437,-0.10373702900471554,-1.9104314394269917,-2.988670630612092,-0.6823746987738785,0.5465498532708525,6201690.5
2.7936542615395457,5.096279861100152,-3.459448718194103,5.817447280106605,-0.5599260655819276,-2.0146650831178707,-3.0878767254342274,-0.6918610265361302,0.5421695462990135,6201727.0
-1.6974548964562446,-5.727441072369115,3.085123179443369,5.700065814683562,-1.0083728359380726,-2.109905735574789,-3.1857296487880773,-0.7012517434936899,0.5378222686741156,6201763.5
1.5971261454854706,-12.625697628662808,9.337370218390166,5.173778082200416,-1.4372196526820906,-2.195336313376419,-3.2821680774110784,-0.7105451545559232,0.5335082107933266,6201800.0
-3.122335225679939,-9.597577375808319,12.825980451389443,4.276554967889392,-1.833374864889016,-2.2701397331014523,-3.3771306880406646,-0.7197395646321938,0.5292275630538085,6201836.5
6.429263338067708,-6.319988028037247,13.34237051073252,3.0594711625739617,-2.183746821633904,-2.333498911328561,-3.470556157414282,-0.7288332786318665,0.5249805158527278,6201873.0
-9.992542720407496,2.953496409290061,11.189722785377477,1.6307936966956667,-2.4752438719918084,-2.3845967646364232,-3.562383162269364,-0.7378246014643056,0.5207672595872495,6201909.5
-18.247003595848412,14.675971138420197,6.639007389678628,0.1310018752998393,-2.6947743650377847,-2.422616209603725,-3.6525503793433503,-0.7467118380388759,0.5165879846545388,6201946.0
-18.71377932530842,21.668113384575204,-0.06720873992774358,-1.2946478793151028,-2.829246649846885,-2.446740162809136,-3.7409964853736764,-0.7554932932649419,0.5124428814517598,6201982.5
-5.377838792326621,17.07949542798241,-8.19054205552494,-2.500899144850716,-2.865569075494147,-2.456151540831353,-3.8276601570977813,-0.7641672720518677,0.5083321403760732,6202019.0
28.303513126491996,-3.498160993960378,-14.65495165330087,-3.342495499008537,-2.7905633515086543,-2.4501194768598054,-3.9124804941883227,-0.7727320793090183,0.504255951824647,6202055.5
-28.542593170770218,-21.52646580268286,-15.79407577530324,-3.6741805194901436,-2.590580875517502,-2.428381060179061,-3.995398952124805,-0.7811860199457583,0.5002145061946391,6202092.0
26.349449722016704,-5.761994312096518,-9.42510503317736,-3.4118270157854265,-2.2585119049094087,-2.3912519552928435,-4.076360065585884,-0.789527398871452,0.4962079938832454,6202128.5
-11.235545595654388,16.749696412787454,0.700560483041343,-2.7158247245375744,-1.8156050000747463,-2.339170916356967,-4.1553090333161915,-0.7977545209954633,0.492236605287592,6202165.0
-17.36397300440339,16.682281327415627,9.447886068940653,-1.8076926141781091,-1.2902292355838114,-2.2725766975272497,-4.232191054060365,-0.8058656912271582,0.4883005308048622,6202201.5
-8.946236899497507,-0.41943218209492233,12.871657054085192,-0.9089496531385934,-0.7107536860068949,-2.1919080529594943,-4.306951326563039,-0.8138592144758998,0.4843999608322149,6202238.0
7.982436361955171,-10.37305827538278,10.249950822202596,-0.20389305641701966,-0.10554742591431063,-2.097591989289707,-4.379546797088657,-0.8217333956510532,0.48053508576681914,6202274.5
-1.7943246894717395,-2.38998325819389,2.6026502017121156,0.27206697472262115,0.4970204701236655,-1.9900085230746802,-4.44998140198089,-0.829486539661983,0.47670609600583647,6202311.0
-2.8773546686488904,5.732685947843291,-4.685409951073712,0.5207419924498511,1.0685809275367144,-1.8695259233513497,-4.5182708251032295,-0.8371169514180538,0.47291318194643595,6202347.5
1.5355718593789067,3.933427742143976,-6.70077933071187,0.5439658231598533,1.5807425975289033,-1.736512459156708,-4.584430750319152,-0.8446229358286298,0.4691565339857772,6202384.0
-1.1297375951263358,-3.142312166378661,-4.838483298994726,0.3659110029728511,2.0035391040098243,-1.5913363995276997,-4.648476861492147,-0.8520027978030759,0.46543634252102983,6202420.5
1.1617403233907047,-2.903076531417601,-1.8756664301242143,0.0997707935243052,2.301038075096264,-1.434366013501307,-4.7104248424856925,-0.8592548422507559,0.46175279794935575,6202457.0
-1.7578270481970504,2.178013057960376,0.48121707332334235,-0.11627480021722804,2.4330840780024934,-1.2659695701144786,-4.77029037716328,-0.8663773740810353,0.4581060906679194,6202493.5
2.8530954245896445,2.815943506707569,1.1474832671462143,-0.13680216283306884,2.3524226411635563,-1.0866599100750824,-4.828089149388384,-0.8733686982032782,0.4544964110738853,6202530.0
-4.095916794931469,-2.834959637943398,0.5386284981451073,0.10172685112645105,2.0340642952655985,-0.8976621684943117,-4.883836843024494,-0.8802271195268486,0.4509239495644243,6202566.5
5.239983186875215,-3.954830201694517,-0.142464300801803,0.3532514983301863,1.5017014188648916,-0.7008820830334042,-4.937549141935091,-0.8869509429611121,0.44738889653669184,6202603.0
-5.834666646440673,1.8503156725956809,0.06118971134026104,0.27910025157365187,0.8154081011967509,-0.49835939907337706,-4.989241729983665,-0.8935384734154324,0.44389144238786066,6202639.5
-6.819577825371296,4.73227804489655,0.38075082803155624,-0.13037731479338044,0.04613498873064936,-0.2921338619952458,-5.038930291033692,-0.8999880157991736,0.4404317775150897,6202676.0
-1.3061291117251759,3.2301205650217195,-0.11664894410844982,-0.7029893929726242,-0.734052024199556,-0.08424521718004659,-5.086630508948655,-0.9062978750217019,0.43701009231554816,6202712.5
7.215517692138287,-1.0089977553387541,-0.9936194727174162,-1.175158634234201,-1.453087043260048,0.12326678999121755,-5.132358067592045,-0.9124663559923802,0.43362657718639724,6202749.0
-6.775876359809201,-4.530997159494511,-1.4652010916659681,-1.2654663069466796,-2.0389041741169938,0.3283624141375236,-5.176128650827343,-0.9184917636205735,0.43028142252480595,6202785.5
5.874463029967347,-0.36637573227504266,-0.9427110213367138,-0.7880751452707335,-2.432243884175905,0.5290019098778519,-5.2179579425180345,-0.9243724028156468,0.426974818727935,6202822.0
-2.378922716879569,3.6385667265464163,0.37742597183981547,0.06052625346453173,-2.6250720877997096,0.7231455318311784,-5.257861626527593,-0.9301065784869642,0.42370695619295073,6202858.5
-3.460292642392109,2.172270486715476,1.8628189431403568,0.9882678261378783,-2.6224526679567166,0.9090451414825536,-5.295855386719511,-0.9356925955438903,0.42047802531701994,6202895.0
2.544136836489837,-2.5182848907925752,2.0440377315096914,1.7030795096280935,-2.4306159350795475,1.0861190277813162,-5.331954906957272,-0.9411287588957894,0.4172882164973039,6202931.5
-2.0973721921383133,-0.3269929250481508,0.26036437025952924,1.9554545214574193,-2.056083806466881,1.2540770865428685,-5.366175871104358,-0.9464133734520263,0.41413772013096994,6202968.0
2.036315987217254,1.4009467811967329,-1.852839073589058,1.6714546740197074,-1.5106936717151522,1.4126292135826133,-5.398533963024255,-0.9515447441219654,0.41102672661518114,6203004.5
-2.0787374585774323,-0.8838626973753756,-2.364939942465252,0.8437154485168075,-0.830293308585325,1.5614853047159472,-5.429044866580444,-0.9565211758149713,0.4079554263471025,6203041.0
1.973550469181421,-0.42281416007009603,-0.1460568206681409,-0.4463909216372859,-0.06703996303020933,1.7003552557582822,-5.457724265636408,-0.9613409734404087,0.40492400972390313,6203077.5
-1.6285010941931686,0.2939057469977265,2.706200781621928,-1.825034567973804,0.7241606200238938,1.828948962525018,-5.4845878440556355,-0.9660024419076416,0.401932667142741,6203114.0
0.2042664789880525,-0.5640318620444064,3.697222117585719,-2.845958338003675,1.488402695650666,1.9469763208315558,-5.509651285701605,-0.9705038861260352,0.39898158900078573,6203150.5
1.318957075656955,-1.1818496406781607,2.1114234130084846,-3.1511796502295932,2.1741806256776255,2.0541472264933014,-5.532930274437802,-0.9748436110049535,0.3960709656952002,6203187.0
0.5225789326576548,-0.05920108219667229,-1.56188765947352,-2.740641041859926,2.7484160336861843,2.150171575325661,-5.554440494127712,-0.9790199214537612,0.393200987623149,6203223.5
1.6339894964423847,3.3004096833860044,-5.3868418358733,-1.7218669600490266,3.2007379889658054,2.234759263144024,-5.574197628634812,-0.9830311223818226,0.3903718451817995,6203260.0
-4.834380921976751,7.151937482373491,-6.830517131659346,-0.21436134811185767,3.5256023955444964,2.307620185763811,-5.592217361822596,-0.9868755186985027,0.387583728768312,6203296.5
-6.499757914349005,4.775577468810146,-3.968169296176431,1.603667439533511,3.717465157450267,2.3684642390004185,-5.6085153775545376,-0.990551415313166,0.38483682877985487,6203333.0
-3.4408853323459394,-6.041941363007295,1.932075343982381,3.42648332538724,3.770782178711138,2.417001318669246,-5.623107359694129,-0.9940571171351763,0.3821313356135922,6203369.5
14.164937836615959,-18.042197097706257,7.373124922308037,4.918256466534559,3.679843180205882,2.4531075037349384,-5.636008992104852,-0.9973909290738989,0.3794674396666907,6203406.0
-4.69700546257303,-15.49961652354856,9.304442583619117,5.743157020060701,3.43827315021633,2.4773236057590733,-5.6472359586501835,-1.000551156038698,0.3768453313363064,6203442.5
-20.385556433305066,5.49830886594413,7.894186338468264,5.65196662939186,3.0447324553423294,2.4903594728430503,-5.656806796584191,-1.0035361029389378,0.3742652010196177,6203479.0
22.977978910925092,30.736475768967203,3.770888984560849,4.7419128833180695,2.5186877080527093,2.492936653206736,-5.664751743279398,-1.006344074683984,0.37172723911379124,6203515.5
-25.090491284987582,21.723022618506757,-2.158734061386428,3.196834856970337,1.8848070822835576,2.4857828241426456,-5.67110716518099,-1.008973376183199,0.36923163601595727,6203552.0
26.83644140248858,-19.753686038366077,-7.507984715378589,1.2005716254796621,1.1677587519709542,2.469634467328987,-5.675918233119836,-1.0114223123459498,0.3667785821233254,6203588.5
-28.42797266103057,-39.9580019634839,-9.520169226601105,-1.0630377360229508,0.39221089105097945,2.4452301939013514,-5.679232247384188,-1.0136891880815992,0.36436826783304854,6203625.0
29.99591106490527,-22.30611905737485,-6.4116562735438105,-3.4129032592410407,-0.4171683265402773,2.4133086149953185,-5.6810965082622955,-1.0157723082995123,0.3620008835422601,6203661.5
-0.7595853258049711,7.720430970539971,-0.30756769313370497,-5.66242796199668,-1.2357107268667373,2.374608341746471,-5.681558316042398,-1.017669977909054,0.3596766196481597,6203698.0
-28.513760940181427,32.88517254789746,5.627898483519458,-7.561750204068076,-2.03874813599232,2.3298679852904023,-5.680664971012759,-1.019380501819588,0.3573956665479043,6203734.5
-33.37620974418935,40.40058616127964,8.214040784086295,-8.844504904013842,-2.8016123799809383,2.2798261567626845,-5.678463563252115,-1.0209023951499738,0.35515821463865527,6203771.0
-12.290157764922546,20.333634189631923,5.400760176866285,-9.307911952256271,-3.4996352848965153,2.2252214672989097,-5.6750003290972435,-1.0222350267610596,0.3529644543175755,6203807.5
32.35395701322167,-17.208677105857426,-0.33963260732578443,-9.00147610758534,-4.110203695889968,2.166792528034666,-5.670320935772715,-1.0233783346258838,0.35081457598183635,6203844.0
-30.188279554734617,-31.206755572184644,-5.404224397046339,-8.027449052452353,-4.621542506314527,2.105277950105527,-5.664469808452479,-1.0243334987681054,0.34870877002858847,6203880.5
26.79890525704757,-8.521650987630048,-6.9625400603845895,-6.475555562804376,-5.034403516027728,2.0414163446470863,-5.657491065023846,-1.0251020064980334,0.34664722685502336,6203917.0
4.725180855428272,13.486353746636443,-5.256753624825718,-4.450005441469646,-5.352156496741412,1.9759463227949272,-5.649428823374114,-1.0256853451259773,0.3446301368582834,6203953.5
-17.57180600747767,17.725436623722935,-1.233065162445459,-2.1234204862186634,-5.578171220167421,1.9096064956846324,-5.64032720139059,-1.0260850019622472,0.3426576904355395,6203990.0
-0.06390120848020553,2.8343133776638303,3.6954181414144505,0.3144745064425676,-5.7158174580175976,1.8431354744517878,-5.630230316960575,-1.026302464317153,0.3407300779839527,6204026.5
6.922484942643838,-9.721426076533703,6.179548653406414,2.6739547400079915,-5.76846498200378,1.7772718702319796,-5.619182287971373,-1.0263392195010046,0.33884748990069397,6204063.0
5.7183175051637365,-5.427811583127252,3.721259691773865,4.7912020565992135,-5.739405999858866,1.7126767301818315,-5.607227232310286,-1.0261967548241104,0.3370101165829251,6204099.5
-2.7507704348727255,4.723689277966492,-0.8371511708695687,6.606024852848195,-5.631574745479122,1.6496531276213708,-5.594409267864614,-1.025876557596783,0.33521814842781184,6204136.0
2.0240509677428937,2.2467260245360308,-4.056479357403705,8.084138164014531,-5.4476370170987725,1.5882357002085592,-5.5807725125216665,-1.0253801151293294,0.33347177583251736,6204172.5
-2.446602368293545,-3.3289474627735696,-5.45025652705235,9.191257025357796,-5.190210895031255,1.5284113676805753,-5.566361084168742,-1.0247088990330335,0.3317711734951824,6204209.0
3.334535541354503,-2.525206024213229,-5.34678753697416,9.906938525327739,-4.861914459590018,1.4701670497746058,-5.551219100693148,-1.0238643181230713,0.33011645331783507,6204245.5
-3.986886353300759,2.073951142151913,-4.375950903571766,10.262344028056635,-4.465365791088499,1.4134896662278236,-5.535390679982178,-1.0228477655155923,0.328507711503479,6204282.0
4.105612487579185,6.311469700595418,-3.225082697490677,10.287421015170573,-4.003182782456089,1.3583661367774167,-5.518919939923148,-1.0216606343267443,0.3269450442551218,6204318.5
-3.9593050216963226,0.8067411017540856,-2.406124667332381,10.00865200196331,-3.4782822973679366,1.304783381160567,-5.501850998403353,-1.0203043176726772,0.3254285477757669,6204355.0
4.1741383669272185,-6.808312438250485,-1.7485728581283368,9.454532822907556,-2.895594518678118,1.2527283191144436,-5.484227973310095,-1.0187801725981516,0.3239582821970253,6204391.5
-5.278050880271154,-11.230989223113733,-0.9113118890174889,8.657122780088887,-2.2636130968536055,1.202187870376246,-5.466094982530683,-1.0170894118623734,0.32253416336496116,6204428.0
7.298467598984802,-12.844802452528317,0.446773620861218,7.649316783384809,-1.5916672901532725,1.1531489546831393,-5.447496143952415,-1.0152332121531626,0.3211560710542547,6204464.5
-9.705684872278866,1.3628123694034588,2.3277058260286982,6.464014988261933,-0.8890916024251213,1.105598491772319,-5.428475575462597,-1.0132127501583368,0.31982388503957143,6204501.0
11.764811468031885,14.52122558487181,3.377133975645328,5.134117550186871,-0.16522053751713522,1.0595234013809525,-5.409077394948528,-1.0110292025657157,0.31853748509558777,6204537.5
-9.321782584635567,6.097801897060623,2.4014732158333323,3.6922549133174134,0.5706114007226853,1.014910603246227,-5.3893457202975155,-1.0086837460631175,0.31729675099697574,6204574.0
-13.263036281169809,-9.408268312482944,0.2065751859229069,2.1699786765760405,1.3090697084463496,0.9717470171053241,-5.36932466939686,-1.0061775573383611,0.31610156251841354,6204610.5
11.577429043060706,-13.556435459725028,-1.901849351453758,0.5985707275764182,2.0408198818058505,0.9300195626954301,-5.349058360133867,-1.0035118130792644,0.3149517994345715,6204647.0
11.410252412903281,-7.669878296643648,-2.87458725786833,-0.9906870460678101,2.7565274169532077,0.889715159753722,-5.32859091039584,-1.0006876899736468,0.3138473415201212,6204683.5
1.3039159161899527,2.6567980586138393,-2.6947963988830606,-2.560132249567808,3.4468578100404192,0.8508207280173773,-5.307966438070075,-0.9977063647093273,0.3127880685497396,6204720.0
-3.6641773642792614,9.530510917135954,-1.6236481647059982,-4.050586587692808,4.102476557219493,0.8133231872235851,-5.287229061043885,-0.9945690139741233,0.3117738602981003,6204756.5
-4.598578137841605,7.767763014900047,0.030196127563017643,-5.412515771071815,4.7140491546424395,0.7772094571095187,-5.266422897204568,-0.9912768144558551,0.3108045965398779,6204793.0
2.741343954799475,-1.2350539497440984,1.7335455580766608,-6.600391638592576,5.272241098461259,0.7424664574123605,-5.2455920644394265,-0.9878309428423411,0.3098801570497452,6204829.5
1.129568597357763,-4.828124470112367,2.8960752742360207,-7.568686029142824,5.767717884827957,0.7090811078692936,-5.224780680635761,-0.9842325758213983,0.30900042160237334,6204866.0
-0.7679776175826768,-1.2801183403089849,3.104026650796649,-8.279577017046682,6.191145009894538,0.6770403282175026,-5.204032863680882,-0.9804828900808477,0.30816526997243976,6204902.5
0.09654146104445357,2.5630147194073345,2.6538776069753482,-8.730039253417278,6.5331879698130075,0.6463310381941696,-5.18339273146209,-0.9765830623085058,0.3073745819346172,6204939.0
0.597160398726601,1.58875419756672,1.8480838143891196,-8.941493792367703,6.7853658881251535,0.6169401575364604,-5.162904401866677,-0.9725342691921931,0.3066282372635771,6204975.5
-0.980481087810453,-1.495874108026893,0.2471725191862988,-8.94434319560286,6.944207760921085,0.588854605981577,-5.142611992781965,-0.9683376874197277,0.3059261157339964,6205012.0
1.525935519622532,-0.29489915414959705,-2.2540204793682084,-8.776234081314648,7.013486640777917,0.5620613032666874,-5.1225596220952445,-0.9639944936789282,0.30526809712054676,6205048.5
-0.1517688571299745,1.4133592001817694,-3.697065783423989,-8.476444339245194,6.998602915902525,0.5365511050494539,-5.102791407693823,-0.9595058646576133,0.30465406119790284,6205085.0
2.379960498712226,-1.5653136999792505,-2.228133331137362,-8.08796339927625,6.904950207960146,0.5123306106694119,-5.083351467464998,-0.9548729770436011,0.304083887740734,6205121.5
-2.8098417488031355,-1.477617396052532,1.3482083305386745,-7.6685909432870165,6.73791820269555,0.4894009971818551,-5.064274561091352,-0.9500970075247108,0.30355745652372396,6205158.0
3.0550456873791307,1.6992626972701537,3.850152067914961,-7.279829216156074,6.502896585853497,0.46772600882319343,-5.04555801543658,-0.9451791327887616,0.30307464732153694,6205194.5
3.035137372019252,-0.06841924236292789,2.532269971950705,-6.9685014574554645,6.205275043178754,0.4472600316250955,-5.027189799159637,-0.9401205295235713,0.3026353399088519,6205231.0
