IMF_1,IMF_2,IMF_3,IMF_4,IMF_5,IMF_6,IMF_7,IMF_8,IMF_9,IMF_10,IMF_11,timestamp
0.1331721596494532,0.02955480735217052,-0.008925319686759317,0.0004343514101733378,0.010161260111071725,0.01765904023145122,-0.04762220326420708,0.32081388971593394,-0.41066712526715976,-0.8694327616538785,0.8793348148085428,2666964.0861486485
0.03464515755641581,0.022984009121428707,-0.026359300729977074,-0.004146177180600646,0.010299778479205303,0.01808980595597407,-0.04760472281190349,0.3211373651769008,-0.41115569136222785,-0.8696967247430392,0.8794654139446166,2666968.6452702703
0.03289708250424362,-0.03593937388024594,-0.04675312084227452,-0.006925209404380373,0.010268791075946743,0.018472864299277313,-0.04757519170589182,0.3214547662270808,-0.4116301819273057,-0.8699590560036924,0.8795955430640346,2666973.204391892
-0.14421204254032027,-0.024727282836531715,-0.05051302380545902,-0.007048987232263895,0.010057466560619033,0.018807059532828456,-0.04753341016744811,0.3217662374484287,-0.41209055051048715,-0.8702197550733806,0.8797252020308076,2666977.7635135134
0.13460909030157497,0.01848584348259846,-0.035188755627938904,-0.004275650173214481,0.009651704627891654,0.01909012219337954,-0.04747918231508208,0.3220719224581503,-0.4125367506598662,-0.8704788215896474,0.8798543907089454,2666982.322635135
-0.07374042415133085,0.02320952020446417,-0.01269632129236801,0.0003297632069731306,0.009070053706359242,0.01931856171029202,-0.04741232252494196,0.32237196469845814,-0.4129687359235368,-0.8707362551900373,0.879983108962461,2666986.881756757
0.01146144667155167,0.019421190222348346,0.004460026374046716,0.005383542281658058,0.008341846999484013,0.019488186446356595,-0.04733267449389691,0.3226665076115656,-0.413386459849593,-0.8709920555120927,0.8801113566553637,2666991.440878378
-0.09685697001620297,-0.008624354204224078,0.010826761984331698,0.009443857311607002,0.007496342924928955,0.019594685998053984,-0.047240140583015566,0.32295569451913514,-0.4137898759861284,-0.8712462221933575,0.8802391336516644,2666996.0
0.03731355435411436,0.01308892339355547,0.012223699185548907,0.011116422428576413,0.006560802331587508,0.0196337989681437,-0.04713470191260146,0.32323966759510486,-0.41417893788123783,-0.8714987548713753,0.8803664398153749,2667001.0861486485
0.2427256717625567,-0.039838581725322196,0.030045174619295425,0.009448280317005531,0.005560864986653214,0.019601331418297008,-0.04701641317751952,0.3235185624620248,-0.4145535990830146,-0.87174965318369,0.8804932750105064,2667005.6452702703
-0.15899241145552973,-0.08739517055001425,0.05152807352364098,0.005346357292416604,0.0045248558738888445,0.01949317057246046,-0.046885368443980065,0.3237924974002384,-0.41491381313955283,-0.8719989167678437,0.880619639101068,2667010.204391892
-0.2812760185551738,-0.01780033500250932,0.05786603567135132,0.000334530938842743,0.003486024605136518,0.019305334503476036,-0.04674169065417575,0.32406157880910036,-0.4152595335989469,-0.872246545261381,0.8807455319510716,2667014.7635135134
0.31952268022612096,0.12911674690206307,0.04595391742908064,-0.004323131986996707,0.0024785776913886946,0.019034046627352155,-0.046585528687326676,0.3243259040917172,-0.41559071400929026,-0.8724925383018453,0.8808709534245286,2667019.322635135
-0.24375707004591732,0.16757578688809316,0.018176837042041816,-0.007964151903348001,0.0015364266681322787,0.018675866245382998,-0.046417038795313004,0.32458555736772887,-0.41590730791867747,-0.8727368955267795,0.8809959033854489,2667023.881756757
-0.15117396623301183,0.11888726840292718,-0.019808430639713492,-0.010204882309955452,0.0006933400096262551,0.018227852873850894,-0.04623631937360269,0.32484055442775694,-0.41620926887520193,-0.8729796165737274,0.8811203816978439,2667028.440878378
0.09104538285841755,-0.043116500164558536,-0.05524582741169444,-0.010699290329634837,-1.7319410283460558e-05,0.017687910714558393,-0.04604335338850129,0.32509077381995594,-0.41649655042695843,-0.8732207010802329,0.8812443882257249,2667033.0
0.2881562394798199,-0.18881604695481755,-0.07362691947454328,-0.009106337332385575,-0.0005690762129086519,0.017055432666966686,-0.0458380862470831,0.325336039454521,-0.4167691061220403,-0.8734601486838391,0.8813679228331023,2667037.0861486485
0.13751279807520342,-0.25284740381254067,-0.06030651492194199,-0.00534248749730294,-0.0009507990374241866,0.016331479986531425,-0.04562045779336381,0.32557616155427527,-0.41702688950854144,-0.873697959022089,0.8814909853839865,2667041.6452702703
-0.425066108366731,-0.044719015029023736,-0.009151840337264855,-0.00024685910192330393,-0.001159602344694444,0.015518719487082559,-0.045390419069496424,0.32581094829353713,-0.4172698541345565,-0.873934131732527,0.8816135757423894,2667046.204391892
0.40210450076433957,0.25065528513022456,0.05063001846408496,0.005109340943444382,-0.0011943784502522147,0.014621289246244918,-0.04514792430936411,0.3260402078466245,-0.4174979535481792,-0.8741686664526961,0.8817356937723214,2667050.7635135134
-0.2932966575444222,0.24765550759240276,0.08472710717558622,0.009653530828399955,-0.001054297588205983,0.013644267081876283,-0.04489292774684993,0.3262637483878552,-0.4177111412975036,-0.8744015628201398,0.8818573393377933,2667055.322635135
0.09365476376282728,-0.037620806821315925,0.07887545414150986,0.012497158153451208,-0.0007380961379839183,0.012593124932801741,-0.044625383615837004,0.3264813780915468,-0.41790937093062314,-0.874632820472402,0.8819785123028165,2667059.881756757
-0.06900524827248034,-0.14333304372913416,0.04274611468577189,0.013528534069968965,-0.0002470070432757043,0.011473727225388792,-0.04434524615020854,0.3266929051320179,-0.41809259599563264,-0.8748624390470254,0.8820992125314013,2667064.440878378
0.06342898345614564,-0.18099598203057377,-0.008091829749695169,0.012975224990598685,0.00040421726183378437,0.010292379713365904,-0.04405246958384761,0.32689813768358583,-0.4182607700406255,-0.8750904181815544,0.882219439887559,2667069.0
-0.05063336511704464,-0.1637997106800877,-0.05512181642370835,0.011111487926720759,0.0011889651817054796,0.00905588664120213,-0.04374700815063719,0.32709688392056896,-0.418413846613696,-0.8753167575135312,0.8823391942352996,2667074.0861486485
0.04777913336002825,-0.11856225212417314,-0.08327860052086651,0.008212714536434131,0.0020791723691396162,0.007771370358209153,-0.04342881608446061,0.3272889520172851,-0.41855177926293835,-0.8755414566805007,0.8824584754386353,2667078.6452702703
-0.07045541318338729,-0.05484874393015433,-0.08963178289751633,0.004547408267468465,0.0030457897951942773,0.006446106321210824,-0.04309784761920073,0.32747415014805203,-0.4186745215364463,-0.8757645153200048,0.8825772833615755,2667083.204391892
0.056334415094699705,0.019587710831628104,-0.07606399384473543,0.0003654215282340513,0.004057006634321718,0.005087465847967338,-0.04275405698874086,0.3276522864871875,-0.4187820269823134,-0.8759859330695888,0.8826956178681331,2667087.7635135134
0.02090080411625433,0.08469769955768708,-0.043869727851649935,-0.004047581005262323,0.005079635211019376,0.0037027924898096433,-0.042397398426963946,0.3278231692090103,-0.4188742491486348,-0.8762057095667956,0.8828134788223178,2667092.322635135
0.011993163051054046,0.02081625088942103,0.004584778807766451,-0.008379471399896848,0.006079232202086155,0.002299299480807997,-0.04202782616775326,0.3279866064878371,-0.418951141583503,-0.8764238444491679,0.8829308660881403,2667096.881756757
-0.03696431672337376,-0.04729145864356334,0.051501480981390645,-0.012312835827013004,0.007020243773532799,0.0008839034524759831,-0.041645294444991876,0.3281424064113518,-0.4190126577483782,-0.8766403373542501,0.8830477795296118,2667101.440878378
-0.03969139086898273,-0.015230889557580306,0.07820291760249942,-0.0155299707775822,0.007867435357919289,-0.0005370879105943317,-0.04124975749256277,0.3282903748173339,-0.419058748854816,-0.8768551879195842,0.8831642190107426,2667106.0
0.037354750622055115,0.010575006642251292,0.08311919734148097,-0.01773073279726626,0.00858813548151211,-0.001958014380911866,-0.04084116954434912,0.32843030961818387,-0.41908935818899273,-0.8770683957827152,0.8832801843955442,2667110.0861486485
0.036509636692451206,0.016875490592708108,0.06948317427666886,-0.01871328268922391,0.009154166917095172,-0.003374082204730944,-0.04041948483423401,0.32856200592177,-0.4191044262325529,-0.8772799605811864,0.8833956755480279,2667114.6452702703
-0.07873679780252851,0.009695560192863363,0.04142680461756182,-0.018430116495315903,0.009544276590463256,-0.004781331848634858,-0.039984657596100585,0.3286852586106671,-0.4191038932418474,-0.8774898819525413,0.8835106923322043,2667119.204391892
0.027982728593207544,-0.011586421354755697,0.00540925403535538,-0.016888642835531015,0.009743467765794234,-0.0061760689054302246,-0.03953664206383188,0.3287998625674524,-0.4190876994732293,-0.8776981595343226,0.8836252346120836,2667123.7635135134
0.02055876856996156,-0.018793460795816272,-0.029727007446383576,-0.014106401385380234,0.009742572047926749,-0.007554501891458185,-0.0390753924713113,0.32890561267470025,-0.41905578518304937,-0.8779047929640744,0.8837393022516777,2667128.322635135
0.03399218650987815,0.03997038130538392,-0.05703076767729641,-0.010105978584787526,0.009536884790804577,-0.008912256307752343,-0.03860086305242155,0.329002303814987,-0.4190080912599663,-0.8781097812470334,0.8838528951149964,2667132.881756757
-0.09738593738036651,-0.028139316829352157,-0.06972193437866002,-0.004913622969287952,0.009123732770842793,-0.010244061721202232,-0.03811300804104593,0.32908973087088783,-0.4189445611218639,-0.8783131208592109,0.8839660130660514,2667137.440878378
0.07141631887870456,-0.04012388321644473,-0.061542474234009416,0.0013381707625857964,0.008500887776580743,-0.011543723120145108,-0.037611781671067566,0.32916768872497854,-0.41886513936822767,-0.8785148070950165,0.8840786559688536,2667142.0
0.03108765292950006,0.01219742524454854,-0.03331116642825969,0.008082505807476645,0.007667495457749012,-0.012804051527697832,-0.03709713817636946,0.32923597225983503,-0.4187697723252574,-0.8787148335221459,0.8841908236874133,2667146.0861486485
-0.09088711749547196,0.03263523583659545,0.0035763394936682825,0.014555135049723427,0.0066228866722076755,-0.014016826775422934,-0.03656903179083473,0.32929437635803294,-0.41865840498658324,-0.8789131950408644,0.8843025160857421,2667150.6452702703
0.1248425496058468,0.0034040676058175795,0.03598732702822021,0.019967795356512483,0.00536561309425539,-0.015172582568239834,-0.036027416748346565,0.32934269590214765,-0.4185309818753694,-0.8791098870219026,0.8844137330278505,2667155.204391892
-0.0920521374628707,-0.011445798891838603,0.0531067868114214,0.0235296519714092,0.003895331625328658,-0.016260521165601706,-0.035472247282788076,0.3293807257747551,-0.4183874475147806,-0.8793049048359908,0.8845244743777492,2667159.7635135134
0.0075272876993255885,-0.0041504120643682,0.050084025836227834,0.02458508394935175,0.002218611652941626,-0.017269216614681684,-0.03490347762804234,0.3294082608584307,-0.41822774642798116,-0.8794982438538607,0.8846347399994494,2667164.322635135
-0.10512333491269993,0.028976377838377445,0.030268369334327572,0.023118407675073203,0.000354197249824201,-0.018186943379450635,-0.034321063606993774,0.3294250960357508,-0.4180518231381358,-0.8796898994462429,0.8847445297569626,2667168.881756757
0.18219140489668448,0.027475801482614786,0.003781726286636037,0.019561291622493333,-0.0016658095291660192,-0.01900190074382779,-0.033724981159955564,0.3294310261892897,-0.4178596221684082,-0.8798798669838662,0.8848538435142976,2667173.440878378
0.008995691234391034,-0.011335607539560392,-0.018648438868123125,0.014414981957324139,-0.0037995166159297596,-0.019702213657768905,-0.03311528056120439,0.32942584620162446,-0.41765108804196377,-0.8800681418374646,0.8849626811354682,2667178.0
-0.19251362333422578,-0.062957442398816,-0.030079661119720845,0.008206936445034754,-0.006000785809313402,-0.020275900517895313,-0.03249211863835146,0.32940935095532997,-0.4174261652819665,-0.8802547193777668,0.8850710424844833,2667183.0861486485
0.023973751417178824,0.00011292394749153543,-0.028389633794186526,0.0016333639500261763,-0.008220729545132342,-0.020710870885031468,-0.031855761054805094,0.3293813353329823,-0.41718479841158085,-0.8804395949755033,0.8851789274253534,2667187.6452702703
0.10657562605552616,0.06648145818279809,-0.02130634102470388,-0.004379692208830877,-0.010408863887893987,-0.02099500574331684,-0.031206502050657964,0.3293415942171567,-0.4169269319539713,-0.8806227640014066,0.8852863358220917,2667192.204391892
0.0006828877796940813,0.047269563350561365,-0.01700570561811553,-0.008988452949006975,-0.01250901141363223,-0.02111624478915911,-0.030544580724177425,0.32928992249042915,-0.4166525104323023,-0.8808042218262058,0.8853932675387068,2667196.7635135134
-0.037607466518767854,-0.03632940779678671,-0.015391174947993897,-0.012079438636787645,-0.014456212093084439,-0.02106268944698898,-0.029870092437013177,0.32922611503537536,-0.41636147836973836,-0.8809839638206329,0.8854997224392114,2667201.322635135
-0.001820035448875459,-0.05784390065590337,-0.01231837729597316,-0.014433748967642802,-0.016177311437987736,-0.02082251913693859,-0.029183095127209582,0.32914996673457064,-0.4160537802894438,-0.881161985355417,0.8856057003876139,2667205.881756757
-0.001650957086874255,-0.05990518754770567,-0.002984369395780499,-0.01697466747483412,-0.017595076140401032,-0.0203840078290717,-0.028483652321185136,0.3290612724705907,-0.41572936071458294,-0.881338281801291,0.8857112012479281,2667210.440878378
0.01715238779419758,-0.012245583407298135,0.009705387000216885,-0.020043983520575296,-0.01863577008075139,-0.01973573374881098,-0.02777182994305622,0.3289598271260119,-0.415388164168321,-0.881512848528984,0.8858162248841628,2667215.0
-0.011462158105991245,0.01758912736435875,0.02042068982762131,-0.023570758841700228,-0.019239746013949077,-0.018867927383370335,-0.027047694100866434,0.3288454255834091,-0.4150301351738216,-0.8816856809092283,0.8859207711603304,2667219.0861486485
-0.040337516538772114,0.07161456605270994,0.021054298694763492,-0.027313714404318543,-0.019362253884545655,-0.017774865709181787,-0.026311310902659535,0.32871786272535813,-0.4146552182542493,-0.8818567743127527,0.88602483994044,2667223.6452702703
0.11919673425620018,0.04750197629445613,0.008310450528809715,-0.03060117640153469,-0.018964514469306342,-0.01645769282523547,-0.025562746456479084,0.32857693343443495,-0.4142633579327689,-0.8820261241102895,0.8861284310885044,2667228.204391892
-0.017544391386539578,-0.022886702477702636,-0.0113250509626046,-0.03220152165999067,-0.01801549896475271,-0.014924606927882531,-0.024802066870368827,0.32842243259321485,-0.4138544987325445,-0.8821937256725693,0.8862315444685336,2667232.7635135134
-0.11859235390927984,-0.05727880996022249,-0.025108702216948185,-0.03075762706129479,-0.016511637306034915,-0.013190793368803397,-0.024029338252372526,0.32825415508427397,-0.4134285851767411,-0.8823595743703221,0.8863341799445382,2667237.322635135
0.06935158598643566,-0.036657721240147094,-0.021514508998756992,-0.025298811559844182,-0.014485330348025321,-0.011277679530250884,-0.023244626710533837,0.32807189579018753,-0.41298556178852247,-0.8825236655742791,0.8864363373805293,2667241.881756757
0.02492622069733136,-0.027282315647245564,-0.0010226813725186207,-0.01627690257710706,-0.012018450243540991,-0.009208057585054894,-0.02244799835289633,0.3278754495935313,-0.41252537309105336,-0.8826859946551713,0.8865380166405181,2667246.440878378
-0.0453966021107761,0.0522010773045104,0.02033552269982843,-0.0049681078721415485,-0.009207022258771421,-0.007004743442522292,-0.0216395192875038,0.3276646113768811,-0.41204796360749835,-0.8828465569837289,0.8866392175885148,2667251.0
0.023509767299010664,0.023646419906314966,0.025997061180136748,0.007222855520366882,-0.006147872184314569,-0.004690553011960211,-0.02081925562239988,0.32743917602281253,-0.4115532778610218,-0.8830053479306836,0.8867399400885314,2667256.0861486485
0.01712322353720653,0.0033266023269912294,0.01517162240951696,0.018951867435224645,-0.002937825810768352,-0.0022883022026754943,-0.019987273465628248,0.3271989384139012,-0.41104126037478805,-0.8831623628667656,0.886840184004578,2667260.6452702703
-0.024770167570744607,-0.042269822838507436,-0.002769351498515117,0.029050220293776925,0.00032629107126930647,0.0001791930760248521,-0.01914363892523267,0.3269436934327226,-0.41051185567196147,-0.8833175971627052,0.8869399492006655,2667265.204391892
-0.03896420502033369,-0.015343309620223924,-0.02015188977065306,0.036463549303508924,0.003547652671200559,0.0026891169148339144,-0.018288418109256733,0.32667323608084226,-0.4099650083946964,-0.883471046189234,0.887039235540805,2667269.7635135134
0.06297036195694686,0.01272946598324692,-0.029066550258205814,0.04027416628381129,0.006632457415687778,0.0052186534044446654,-0.017421677125744096,0.3263873654310533,-0.40940066725637464,-0.8836227053170823,0.8871380428890073,2667274.322635135
-0.044242720230401864,0.03205696274470379,-0.024015792090582078,0.040032349924394604,0.009502707727792157,0.007744986635550293,-0.01654348208273859,0.32608590203374876,-0.408818802447978,-0.8837725699169806,0.8872363711092831,2667278.881756757
0.09619480568915373,-0.010650460069116595,-0.004624010514960724,0.03633791369577827,0.01209841381599831,0.010245282893405927,-0.01565389908828376,0.325768699153041,-0.4082194168742078,-0.8839206353596603,0.8873342200656438,2667283.440878378
-0.09963212288117587,-0.028548455573807117,0.020145572630581376,0.030397441319804968,0.014368199530655398,0.012696483411631765,-0.014752994250423257,0.3254356219856135,-0.40760252537233627,-0.8840668970158527,0.8874315896221006,2667288.0
-0.017692924761011544,-0.01814025492102763,0.03931371504547301,0.02351629635983104,0.016279579691306785,0.015074813334530441,-0.013840833677200967,0.3250865374231667,-0.4069681444746524,-0.8842113502562874,0.8875284796426636,2667293.0861486485
0.045303981442560086,0.01913218879580617,0.04353403383106816,0.016944755634414395,0.01781147810548464,0.0173560378905151,-0.012917483476660404,0.3247213124790696,-0.4063162908351142,-0.884353990451695,0.8876248899913433,2667297.6452702703
0.012682028245333746,0.04589812460542914,0.026437308032681284,0.011490553045667365,0.018951140838994948,0.01951592777717448,-0.011983009756845249,0.324339814166691,-0.40564698110767927,-0.8844948129728072,0.8877208205321516,2667302.204391892
-0.01096165754464351,0.014447235972677882,-0.008979012938646013,0.0071077403167657165,0.019709763614757517,0.02153018711984016,-0.011037478625799239,0.3239419094993994,-0.40496023194630476,-0.8846338131903542,0.8878162711290986,2667306.7635135134
0.02606069135950505,-0.036389611818128165,-0.04766306150467269,0.003484304321686378,0.02013952747698147,0.023374359106242543,-0.010080956191566064,0.3235274654905635,-0.40425606000494824,-0.8847709864750676,0.8879112416461964,2667311.322635135
-0.01679054433953622,-0.026294846327411418,-0.07216451361309889,0.00026527946925973707,0.02031987327098504,0.02502390254302132,-0.009113508562189466,0.3230963491535525,-0.40353448193756775,-0.8849063281976769,0.8880057319474546,2667315.881756757
-0.024660388797597053,-0.027556501533724003,-0.07212555796050085,-0.0029051333262162006,0.02035163149565625,0.026454244103300963,-0.008135201845712918,0.3226484275017346,-0.40279551439812017,-0.8850398337289134,0.888099741896884,2667320.440878378
0.03593073114477993,0.0326209236392883,-0.053235452847720376,-0.006193059209091614,0.02033989238595755,0.02764081401685545,-0.007146102150180238,0.32218356754847877,-0.40203917404056316,-0.8851714984395079,0.8881932713584966,2667325.0
-0.028475561329107044,0.04359051940264605,-0.027243353087301886,-0.009677013457360927,0.02038029275483798,0.0285591434223039,-0.0061462755836352205,0.32170163630715376,-0.40126547751885455,-0.8853013177001915,0.8882863201963024,2667329.0861486485
0.05683260875074217,-0.005105242957621363,-0.002345621507246737,-0.013428875255536522,0.02055096980950808,0.02918620212427357,-0.005135788254121376,0.3212025007911286,-0.400474441486952,-0.885429286881695,0.8883788882743133,2667333.6452702703
-0.03260778259342891,-0.02549913481989082,0.021102874842699376,-0.01753844538388517,0.02090993900174564,0.029506649112484934,-0.0041147062696825,0.32068602801377166,-0.3996660825988126,-0.885555401354749,0.8884709754565395,2667338.204391892
-0.04790845400536241,-0.025579259702395444,0.046352058040592205,-0.02210067375897965,0.02147817371500005,0.029519599767463184,-0.0030831232464916705,0.32015208498845166,-0.398840417508394,-0.8856796564900832,0.8885625816069913,2667342.7635135134
0.058775070133704456,0.007763331104982266,0.07473354271018323,-0.0271661212259308,0.022232159819126976,0.029232598840181808,-0.0020414027655907656,0.31960053872853766,-0.3979974628696538,-0.88580204765843,0.8886537065896803,2667347.322635135
0.0017984367612248469,0.018605156486083654,0.10324649093521385,-0.0326942200115204,0.02311048036835667,0.028656377643491427,-0.0009906097250048046,0.3190312562473983,-0.3971372353365497,-0.885922570230519,0.8887443502686173,2667351.881756757
0.014416054872577267,-0.010868203293191948,0.12461223929600175,-0.038587951806477276,0.024028074089433603,0.027802159595273643,6.789472708022382e-05,0.31844410455840205,-0.39625975156303883,-0.8860412195770824,0.8888345125078141,2667356.440878378
-0.09147518054426074,-0.011139509182302821,0.1280575744354002,-0.04461537108010053,0.024885707664861638,0.026680854814742628,0.0011327127241828284,0.31783895067491824,-0.3953650282030794,-0.8861579910688488,0.8889241931712795,2667361.0
0.1026249701891448,0.024932840399569774,0.10627616047945139,-0.050259514771279094,0.02558062106489516,0.025303333205590275,0.002202411093257315,0.31721566161031506,-0.39445308191062833,-0.8862728800765508,0.8890133921230261,2667365.0861486485
0.003904052847329895,-0.02137265193771475,0.06169489114140322,-0.05462111139515481,0.026010004422602366,0.02368188461931226,0.003275441414550961,0.3165741043779613,-0.3935239293396431,-0.8863858819709187,0.8891021092270642,2667369.6452702703
-0.08072641724583893,-0.008321781803997817,0.004224984799609909,-0.05673339483703623,0.026072728092519364,0.021832707724388403,0.004350175605281706,0.31591414599122597,-0.39257758714408164,-0.8864969921226833,0.8891903443474054,2667374.204391892
0.018216450919189952,0.015320912715903997,-0.05611677458964899,-0.055653183941785554,0.025680814375467133,0.019777751014803183,0.005424969981801018,0.31523565346347804,-0.39161407197790166,-0.8866062059025744,0.8892780973480591,2667378.7635135134
0.07987171806387833,0.01773905008580676,-0.10921251641034439,-0.05047273195941364,0.024778227199567647,0.017542043341539575,0.0064981803610185095,0.3145384938080856,-0.39063340049506,-0.8867135186813239,0.8893653680930371,2667383.322635135
-0.001365944975444807,-0.02066984201286258,-0.13601488937892797,-0.04031164593811372,0.02333626288606776,0.015150634960637954,0.007568162559843712,0.31382253403841787,-0.3896355893495147,-0.8868189258296624,0.8894521564463506,2667387.881756757
-0.07994749022070415,0.02575266126007337,-0.12333322854086064,-0.024815133928053294,0.02133589945258789,0.01262590746225251,0.008633272395186409,0.3130876411678435,-0.3886206551952232,-0.8869224227183206,0.88953846227201,2667392.440878378
0.031806988609389256,-0.026903906230891925,-0.0683935927743728,-0.005744395884986434,0.018762930091552124,0.009985675672559443,0.00969186568395619,0.31233368220973146,-0.38758861468614336,-0.8870240047180289,0.8896242854340265,2667397.0
-0.007977936020041303,0.013926750118709157,0.008269686525239486,0.014455280884150176,0.015606533203764627,0.0072443021537964185,0.010742298243062562,0.3115605241774498,-0.38653948447623176,-0.8871236671995184,0.8897096257964106,2667402.0861486485
0.030716281407916213,0.023838747136758775,0.07531687429629112,0.03329721746360631,0.011857379168564991,0.004414657489665457,0.011782925889415277,0.31076803408436776,-0.3854732812194467,-0.8872214055335195,0.8897944832231732,2667406.6452702703
-0.021935016679798944,-0.00450609792327429,0.1066058937536838,0.04829257932542527,0.007506365010957704,0.0015093856182039722,0.012812104439923923,0.30995607894385424,-0.38439002156974567,-0.8873172150907637,0.8898788575783259,2667411.204391892
0.029156867073899532,-0.02690024856921614,0.10435940342283898,0.057210668009258385,0.0025444422089756697,-0.001458869522550862,0.0138281897114981,0.30912452576927774,-0.38328972218108603,-0.8874110912419811,0.8899627487258787,2667415.7635135134
-0.03781029025343428,0.022287978597095085,0.08199830468514002,0.059213064456001156,-0.003023186643016755,-0.004477463994561712,0.014829537521047443,0.3082732415740072,-0.38217239970742556,-0.8875030293579035,0.8900461565298438,2667420.322635135
0.026624550899086896,-0.027735490517032314,0.05812312586734804,0.055033683452068126,-0.009101784734028432,-0.007533753859791277,0.0158145036854816,0.30740209337141106,-0.3810380708027214,-0.8875930248092598,0.89012908085423,2667424.881756757
-0.040357247501947385,0.029338872493049433,0.028124140337288942,0.045716983457904314,-0.015447828871206002,-0.010615095180202372,0.01678144402171021,0.30651094817485836,-0.3798867521209314,-0.8876810729667824,0.8902115215630503,2667429.440878378
0.01180833770221889,-0.003542096269647577,-0.012591847304037474,0.032300108700590906,-0.0217789817520352,-0.01370884401775764,0.01772871434664287,0.30559967299771773,-0.37871846031601314,-0.8877671692012012,0.8902934785203138,2667434.0
0.03536779883221752,-0.022786109651192998,-0.047506708194215534,0.01581259204226342,-0.027811539183268393,-0.016802356434419897,0.018654670477189182,0.30466813485335775,-0.3775332120419237,-0.8878513088832471,0.8903749515900323,2667438.0861486485
-0.05188875817167252,0.0011860693475792634,-0.0564418635670977,-0.002698047023558276,-0.033261796971658125,-0.019882988492151813,0.01955766823025879,0.30371620075514766,-0.37633102395262125,-0.8879334873836513,0.8904559406362168,2667442.6452702703
0.010825446452191535,-0.012752351654465468,-0.031841139594611344,-0.02170252850633879,-0.037846050923956605,-0.022938096252916138,0.02043606342276136,0.3027437377164557,-0.3751119127020628,-0.8880137001296103,0.8905364455793442,2667447.204391892
0.011443701829046542,0.028478946295946453,0.00088499950920898,-0.03827955507143936,-0.04128059684691634,-0.025955035778675587,0.02128821187160644,0.30175061275065085,-0.3738758949442062,-0.8880919427747557,0.890616466566326,2667451.7635135134
-0.01759192413515474,-0.004962644426418273,0.013547712015817621,-0.04917330407192233,-0.04328169884467965,-0.028921194834002944,0.022112469393703788,0.30073669287110166,-0.37262298733300875,-0.8881682110314697,0.8906960038028247,2667456.322635135
-0.0348538030328736,-0.0005989728199209772,0.010429987210987483,-0.052539679104268364,-0.043566233575599085,-0.03182477252861315,0.02290719180596285,0.2997018450911773,-0.3713532065224282,-0.888242500612708,0.8907750574950758,2667460.881756757
0.07400918838783421,-0.012733772663845469,0.00390739219144597,-0.049227056923687104,-0.041932564339964354,-0.03465419604599804,0.023670734925293382,0.29864593642424625,-0.37006656916642205,-0.8883148072314256,0.8908536278493148,2667465.440878378
-0.05290451445883098,0.009186901680814421,-0.006813196190032214,-0.0404601088434542,-0.03850450715106046,-0.03738844663517783,0.02440145456860498,0.29756883388367716,-0.3687630919189477,-0.8883851266005762,0.890931715071775,2667470.0
0.039823428961269794,-0.01082047949400635,-0.014330791954806462,-0.027594000333472025,-0.033526318126336954,-0.04000411018311582,0.025097706552807256,0.29647040448283885,-0.36744279143396275,-0.8884534544331155,0.8910093193686929,2667474.0861486485
-0.0008562988041336769,0.01646990954275039,-0.011366544762661156,-0.012285952271983513,-0.027252723187798013,-0.04247780917817166,0.025757846694809836,0.2953505152351003,-0.3661056843654249,-0.888519786441997,0.8910864409463015,2667478.6452702703
-0.08155772563213827,-0.016269845311941495,-0.001048124466034271,0.0036252849143370252,-0.019938448257447772,-0.04478616610870499,0.026380230811522395,0.29420903315383,-0.3647517873672915,-0.8885841183401769,0.8911630800108377,2667483.204391892
0.08857985444796736,-0.010415689672453404,0.007165015407722724,0.018426042137264866,-0.011838219257290327,-0.04690580346307554,0.026963214719854477,0.29304582525239675,-0.36338111709352017,-0.8886464458406083,0.8912392367685344,2667487.7635135134
-0.08674662175264578,0.014507403002041631,0.008831817160891311,0.03046205148328066,-0.0032067621093298357,-0.04881334372964289,0.027505154236715727,0.29186075854416915,-0.36199369019806815,-0.888706764656247,0.8913149114256272,2667492.322635135
0.08645023900677676,0.022467746119753804,0.003235557456402964,0.03838496738125304,0.0057011972644296785,-0.05048540939676676,0.02800440517901581,0.2906537000425165,-0.36058952333489364,-0.8887650705000485,0.8913901041883524,2667496.881756757
-0.05434361992218855,-0.02038395841527629,-0.0039393464145793654,0.04155640317887383,0.014630394788274562,-0.051898622952806735,0.028459323363664295,0.289424516760807,-0.35916863315795367,-0.888821359084965,0.8914648152629421,2667501.440878378
-0.043355439119558296,-0.029825784250133984,-0.004834965481056785,0.03992126968117502,0.023308716732034242,-0.05302960688612264,0.028868264607570932,0.2881730757124094,-0.35773103632120573,-0.8888756261239535,0.8915390448556332,2667506.0
0.07718651290211131,0.019626048436218273,0.0029107195948168576,0.033809864723494815,0.03141074643280213,-0.05385499014581187,0.029229591188383138,0.28689924391069294,-0.3562767494786077,-0.8889278673299674,0.8916127931726592,2667511.0861486485
-0.047720483116305897,0.020029434974433862,0.013006059688594465,0.02373532678892468,0.03862823027916648,-0.05435147949065303,0.029541742619805682,0.2856028889426494,-0.35480578928411655,-0.8889780784159627,0.8916860604202564,2667515.6452702703
0.0500706396180511,-0.0025579745084661635,0.014093158306324504,0.010465538002138314,0.04469087753927835,-0.05449606280815583,0.029803413065316385,0.2842839048742302,-0.35331817239169067,-0.8890262550948923,0.8917588468046582,2667520.204391892
-0.07017267048778417,0.021626223446838243,9.852946212276308e-05,-0.004403424367483366,0.049339656882049,-0.05426630463127223,0.030013738763014913,0.28294232034220557,-0.3518139154552867,-0.8890723930797125,0.8918311525321003,2667524.7635135134
0.07582548020816082,-0.03212258758038272,-0.015023075202787166,-0.018476019239420223,0.05231641018325134,-0.053641011148642614,0.030172903951410264,0.28157835763862615,-0.35029303512886273,-0.8891164879712814,0.8919029776967213,2667529.322635135
-0.03503794959606845,0.008486049906559132,-0.012881314175914094,-0.0293134343779156,0.053363475364002,-0.05260033887568862,0.030281825686087404,0.28019236051990404,-0.3487555480663765,-0.8891585349220711,0.8919743219442734,2667533.881756757
-0.06034749394152885,-0.003771853715470631,-0.001261410730681433,-0.03504535290236355,0.05222926388363638,-0.05113073073931673,0.030341603312254897,0.27878470332609234,-0.34720147092178466,-0.8891985289724595,0.8920451848084145,2667538.440878378
0.0634240688135489,0.01994008635149581,0.003082966620277469,-0.03469473662175716,0.048725459040440226,-0.04923832465958166,0.030353349622279896,0.27735576392915656,-0.3456308203490456,-0.8892364651628232,0.8921155658228015,2667543.0
0.020667478433029025,0.012955631760917697,-0.00033203500023552715,-0.028414347026675793,0.042920220723543116,-0.0469446460788128,0.030318177143367205,0.27590592046622303,-0.3440436130021165,-0.8892723385335382,0.8921854645210903,2667548.0861486485
-0.07111396515649916,0.0030112767586157147,-0.007284052997076189,-0.017671866548325702,0.035200946076632406,-0.04427404498069677,0.03023719840272172,0.27443555107441825,-0.342439865534955,-0.8893061441249817,0.8922548804369386,2667552.6452702703
0.0555634136391651,-0.032821373015784326,-0.009445816567982651,-0.004547337215695291,0.026045996572638945,-0.04125087134892043,0.030111529750954075,0.2729450300674632,-0.34081959460151834,-0.8893378769775305,0.892323813104003,2667557.204391892
0.03844665840918604,-0.03239524064425622,-0.0018792676044263887,0.008941027301765301,0.01594127874532644,-0.03789947516717041,0.02994232409801068,0.2714346951997433,-0.33918281685576473,-0.8893675321315617,0.8923922620559407,2667561.7635135134
-0.11106363571530767,-0.02542485589196039,0.013301241559570012,0.021223083606165993,0.005373094440670134,-0.034244206419133595,0.02973084025580878,0.2699047783236724,-0.33752954895165094,-0.8893951046274517,0.8924602268264084,2667566.322635135
0.10182533071975894,0.05196230921782442,0.02629680676106882,0.0309444666622369,-0.005173243093881971,-0.030309415088496668,0.0294784282842512,0.268355420043679,-0.3358598075431346,-0.8894205895055769,0.8925277069490626,2667570.881756757
-0.025908445731461303,0.020032407046709284,0.02808720585722459,0.0368854080754301,-0.015231520756670246,-0.026119451158946417,0.02918646389232517,0.2667867353151082,-0.3341736092841737,-0.8894439818063147,0.8925947019575607,2667575.440878378
-0.008040660498709695,-0.024796441874488366,0.020202108464880894,0.03840328264895134,-0.024440836588785528,-0.021698664614169656,0.028856328531328763,0.26519883335099315,-0.33247097082872573,-0.8894652765700419,0.8926612113855598,2667580.0
-0.021168933949748035,-0.04608005379406778,0.008301810832893735,0.03584972291094991,-0.03263831127114313,-0.017071405437853012,0.0284894046082851,0.2635918224086421,-0.330751908830748,-0.8894844688371347,0.8927272347667161,2667584.0861486485
0.024490959946241703,0.004314274864395722,-0.005143833157793316,0.029955633997934262,-0.03973676194840281,-0.0122620236136833,0.028087074530217315,0.2619658107453634,-0.32901643994419794,-0.8895015536479703,0.892792771634687,2667588.6452702703
-0.041823138661728654,0.034450427629247216,-0.019085925237341764,0.021486001988598336,-0.04565793662810216,-0.0072948576636656754,0.02765072070414851,0.26032090661846585,-0.3272645808230335,-0.8895165260429251,0.8928578215231288,2667593.204391892
0.06337332154802415,0.022372364075978063,-0.03266015214096878,0.011213383793119296,-0.05032407117684136,-0.0021935312969889585,0.027181725537101797,0.2586572182852576,-0.32549634812121186,-0.889529381062376,0.8929223839656989,2667597.7635135134
-0.03705775012890356,-0.01347588827214504,-0.04213004647157085,-0.0001103709642094467,-0.05366042706473111,0.00302148461254103,0.026681471436100317,0.256974854003047,-0.3237117584926906,-0.8895401137467003,0.8929864584960544,2667602.322635135
-0.03714898872109041,-0.03123038296834506,-0.041980969500074516,-0.011736958590394876,-0.055594887695453656,0.008332341124689962,0.02615134080816705,0.25527392202914273,-0.3219108285914274,-0.8895487191362739,0.8930500446478513,2667606.881756757
0.08259333002134656,0.03123582472599352,-0.028480204239279695,-0.022930511220872894,-0.056054403266947196,0.013720256093479401,0.025592716060325205,0.253554530620853,-0.32009357507137953,-0.8895551922714741,0.8931131419547474,2667611.440878378
-0.08010284744105983,-0.0031994701916077,-0.0044970138718740515,-0.032960078157647066,-0.054955474905437514,0.01915582316811644,0.025006979599597853,0.25181678803548657,-0.31826001458650505,-0.8895595281926776,0.8931757499503993,2667616.0
0.044462902002966785,-0.015732164315522615,0.02266486570866767,-0.04110073086809915,-0.05220147259095584,0.02459321466893484,0.02439551383300814,0.25006080253035134,-0.3164101637907608,-0.8895617219402611,0.8932378681684638,2667621.0861486485
0.006360203516644554,-0.021954367559474396,0.04868417998680397,-0.04654636146102279,-0.04771576109104088,0.029982948234654264,0.023759701167579125,0.2482866823627562,-0.3145440393381048,-0.8895617685546009,0.8932994961425972,2667625.6452702703
-0.06026103623007843,0.02245807218906729,0.0641534130119982,-0.04841742651341399,-0.04149842548079903,0.03527554418178646,0.023100924010333923,0.24649453579000938,-0.31266165788249445,-0.889559663076075,0.893360633406458,2667630.204391892
0.15487500198524698,0.03843500821856427,0.059812429305573615,-0.04593874300620356,-0.03368518463170224,0.04042152282684306,0.022420564768295702,0.24468447106941948,-0.3107630360778874,-0.8895554005450584,0.8934212794937009,2667634.7635135134
-0.013664855358774266,-0.019790370881871595,0.034044980676201146,-0.039021900504836685,-0.024584214674859137,0.04537140448633582,0.021720005848487475,0.24285659645829488,-0.3088481905782412,-0.8895489760019296,0.8934814339379848,2667639.322635135
-0.18757248186656575,-0.04544122170250783,-0.004069108447776323,-0.02847221558888057,-0.014568992084517804,0.050075709476776434,0.021000629657932396,0.24101102021394363,-0.3069171380375129,-0.8895403844870645,0.8935410962729654,2667643.881756757
0.15025126061225094,-0.032091231895765515,-0.04285613462143457,-0.015440003936959212,-0.004020353945104303,0.054484958114676595,0.02026381860365353,0.23914785059367466,-0.3049698951096606,-0.8895296210408401,0.8936002660323004,2667648.440878378
-0.0039329114157048845,0.0534209340254281,-0.07206664989065557,-0.0011194272326202973,0.006680862658955268,0.05854967071654794,0.019510955092674045,0.23726719585479614,-0.30300647844864154,-0.8895166807036328,0.8936589427496456,2667653.0
0.03633247959105533,0.05985925984708675,-0.08220343541447096,0.013391172619924762,0.017153820643234823,0.062220367598902246,0.018743421532017062,0.23536916425461651,-0.3010269047084134,-0.8895015585158195,0.8937171259586588,2667657.0861486485
-0.12040885770685975,-0.030727336054748467,-0.06920398490696128,0.027071000562366845,0.027017682923308275,0.06544756907825121,0.0179626003287056,0.2334538640504441,-0.2990311905429334,-0.8894842495177767,0.8937748151929962,2667661.6452702703
0.1412221081437509,-0.07041574759890885,-0.036273260894319474,0.038803219850788745,0.03589161241474954,0.06818179547110646,0.017169873889762797,0.23152140349958825,-0.29701935260616014,-0.8894647487498826,0.8938320099863157,2667666.204391892
-0.13984120116066942,-0.06513212350489289,0.01123996361376679,0.04744516878219585,0.04339477203313251,0.07037356709397981,0.016366624622211782,0.22957189085935584,-0.2949914075520496,-0.8894430512525122,0.8938887098722736,2667670.7635135134
0.029837396850548523,0.006370524585637227,0.058065048240154016,0.05185516767680117,0.049146312186213355,0.07197340426338288,0.015554234933075645,0.22760543438705635,-0.29294737203456034,-0.8894191520660429,0.8939449143845264,2667675.322635135
0.037761290805343704,0.08422738509325307,0.08419194638819673,0.05085039859837158,0.0528065215381945,0.07293182911641652,0.014734085408788311,0.2256221423399982,-0.29088726270764975,-0.8893930462308517,0.8940006230567312,2667679.881756757
0.05591892396263918,0.04614440983837266,0.07440082579072506,0.043612857727467896,0.054266794210492506,0.07319921769662147,0.01390775079502964,0.2236221229754892,-0.288811096225275,-0.8893647287873154,0.8940558354225454,2667684.440878378
-0.044153157199792514,-0.0003756799765611053,0.036234870498309056,0.03144303098696627,0.05371431246524382,0.07273702017989542,0.013077564903471582,0.2216054845508384,-0.2867188892413941,-0.8893341947758101,0.8941105510156252,2667689.0
0.006271070469508385,-0.06307524809090707,-0.011141056900485006,0.016336795022184394,0.0513538846785389,0.07155857771357864,0.012245883468069908,0.21957233532335396,-0.28461065840996436,-0.8893014392367131,0.8941647693696277,2667693.0861486485
-0.00385314218090224,-0.05236200839768229,-0.049035211883140785,0.00033148546908909435,0.04735825548036473,0.06971012160290291,0.011415017342950437,0.21752278355034427,-0.28248642038494315,-0.8892664572104013,0.8942184900182105,2667697.6452702703
-0.015417242244170754,-0.02110147443151382,-0.06680588543615927,-0.014538028944019633,0.04189486841509446,0.06724318423871369,0.010587277382239114,0.21545693748911812,-0.28034619182028847,-0.889229243737251,0.8942717124950292,2667702.204391892
0.03913810146659945,0.041134325185440204,-0.06561295376202554,-0.026351557465369973,0.035131167027101236,0.06420929801185637,0.00976497444006201,0.21337490539698323,-0.2781899893699572,-0.8891897938576391,0.8943244363337414,2667706.7635135134
0.014952519746008875,0.04230268840078369,-0.04933098703317788,-0.03384684155070471,0.027234594860758292,0.060659995313176465,0.008950419370544995,0.21127679553124865,-0.2760178296879075,-0.8891481026119424,0.894376661068004,2667711.322635135
-0.04869167568008001,-0.03296321986106561,-0.025528047041897723,-0.03684668016720858,0.01837959668364872,0.056646808533519485,0.008145923027813855,0.20916271614922233,-0.2738297294280962,-0.8891041650405381,0.894428386231474,2667715.881756757
0.020015024707515938,-0.01163521091865003,-0.004066073615366311,-0.03559388487354027,0.008786286339370175,0.05222127006373084,0.007353796265994679,0.20703277550821345,-0.2716257052444819,-0.8890579761838021,0.8944796113578078,2667720.440878378
0.007215340976983541,0.0015207190183494242,0.013166863888867213,-0.030591165935993838,-0.0012362197483421812,0.04743491229465596,0.006576349939213385,0.20488708186552973,-0.26940577379102115,-0.8890095310821126,0.8945303359806636,2667725.0
0.004834521844315472,0.005424500725382446,0.024248729469466306,-0.022653490815573343,-0.011313036950195544,0.04233926761714042,0.00581589490159586,0.20272574347847988,-0.267169951721672,-0.8889588247758444,0.8945805596336963,2667730.0861486485
0.01005762472388564,0.022198926413517697,0.0273145967486725,-0.01292317847459157,-0.021045708893158748,0.03698586842202958,0.005074742007268148,0.20054886860437224,-0.2649182556903918,-0.8889058523053752,0.8946302818505636,2667734.6452702703
-0.0022361480288459,-0.014135517035706587,0.025998745678404548,-0.0029413810440057954,-0.0300209919767976,0.031426247100168954,0.004355202110355998,0.19835656550051542,-0.26265070235113813,-0.8888506087110822,0.8946795021649229,2667739.204391892
-0.004940217028332533,-0.02442383896324979,0.02538790824767264,0.0055337962774662484,-0.03780802237759229,0.025711936042404016,0.0036595860649855,0.1961489424242176,-0.2603673083578685,-0.8887930890333414,0.8947282201104303,2667743.7635135134
-0.04227232845598154,0.014518709378810255,0.02586869655216493,0.011181289545447039,-0.04403129015497207,0.019894467639580155,0.002990204725282528,0.19392610763278745,-0.2580680903645405,-0.8887332883125306,0.8947764352207438,2667748.322635135
0.06260624288634714,0.01611401517735215,0.021145217236620516,0.01346297588571861,-0.04841633080607744,0.014025374282542923,0.002349368945373058,0.19168816938353314,-0.2557530650251115,-0.8886712015890258,0.8948241470295195,2667752.881756757
-0.006109309909040541,0.002354920770981185,0.00824775545898684,0.012230163720456122,-0.050808712683547225,0.008156188362137735,0.001739389579382999,0.1894352359337632,-0.25342224899353927,-0.8886068239032036,0.8948713550704144,2667757.440878378
-0.040495793765869564,-0.024113618016436095,-0.00807876988258401,0.007532083910478879,-0.05126710432823402,0.0023398728093502806,0.0011625774814382356,0.18716741554078642,-0.2510756589237814,-0.8885401502954411,0.8949180588770852,2667762.0
0.0293156081205669,0.017594364464962223,-0.023063833637539374,-0.0005000980855821768,-0.04996678080809478,-0.003364177322375613,0.0006212435056647556,0.18488481646191077,-0.24871331146979517,-0.8884711758061155,0.8949642579831895,2667766.0861486485
0.025144823268054974,0.008051458456976952,-0.02872381045280306,-0.011651047114577198,-0.04710572873690799,-0.008895860635827148,0.00011770384190497168,0.1825875416187283,-0.24633522328553825,-0.8883998954756022,0.8950099519223826,2667770.6452702703
-0.018013100908761116,-0.02186564485789429,-0.019644822615006063,-0.025280344134049833,-0.04286878889824835,-0.014209778651156564,-0.00034557979654483985,0.18027554840937696,-0.2439414110249679,-0.8883263043442791,0.8950551402283232,2667775.204391892
-0.0065218035249507665,0.016538190909572415,0.004325580478069583,-0.0394839016674013,-0.037431451069589367,-0.01926988389461714,-0.000765638183555963,0.17794828671916285,-0.24153189134204217,-0.888250397452523,0.8950998224346673,2667779.7635135134
-0.03255619403672894,0.004551514743349001,0.029131983360848455,-0.05171941848547687,-0.030963183019449603,-0.02404664083978437,-0.0011393560933583085,0.1756050604337498,-0.2391066808907182,-0.8881721698407103,0.8951439980750723,2667784.322635135
0.05573202403266852,0.00958551509851741,0.0389797226926392,-0.0595140960173853,-0.023642528638593188,-0.028514532708697964,-0.001463612845418266,0.17324516798403888,-0.23666579632495383,-0.8880916165492179,0.8951876666831944,2667788.881756757
-0.0403669075123696,-6.153732785143069e-05,0.03029555279152502,-0.06129230605178102,-0.015700592036627783,-0.032648757373394295,-0.001735287444233779,0.17086790748596206,-0.23420925429870615,-0.888008732618422,0.8952308277926901,2667793.440878378
0.003409034183860979,0.02742951112629316,0.005143065468407674,-0.05687620891280776,-0.007407190296786313,-0.036424512705909656,-0.0019512401341364282,0.16847255829528548,-0.231737071465933,-0.8879235130887002,0.8952734809372179,2667798.0
0.008231244099468463,-0.003675049165450595,-0.026992925007710587,-0.04657250354592808,0.0009816668269625633,-0.039816996578280354,-0.0021081048332517957,0.1660581734415693,-0.22924926448059219,-0.887835953000429,0.8953156256504335,2667803.0861486485
-0.0063025970357412295,-0.0026485964022854858,-0.05380644466084557,-0.0307528731009706,0.009217176899142022,-0.04280140686254288,-0.002201872611468902,0.16362316310613667,-0.22674584999664077,-0.8877460473939854,0.8953572614659947,2667807.6452702703
0.04911519713727348,-0.040017158762716866,-0.057232609842075184,-0.010146717882852832,0.01705098931648812,-0.04535294143073349,-0.002228373297934477,0.16116577622956857,-0.22422684466803636,-0.887653791309745,0.8953983879175564,2667812.204391892
-0.03184714754837299,-0.05123797484091302,-0.029588594443918557,0.013175290286541649,0.02423475347573693,-0.04744679815488849,-0.0021834354141269242,0.15868426044477793,-0.2216922651487367,-0.8875591797880856,0.8954390045387774,2667816.7635135134
-0.01855809047570532,0.01310177318314465,0.01789858677386762,0.03623094925452172,0.03052011877362475,-0.04905817648126029,-0.00206288590730857,0.15617686338467746,-0.2191421280926992,-0.8874622078693836,0.8954791108633139,2667821.322635135
0.03808534033080507,0.05711093252898036,0.05830018660968874,0.05588332855216857,0.03565873460688766,-0.05016160614024106,-0.0018632214406020453,0.15364183268217993,-0.2165764501538814,-0.8873628705940163,0.8955187064248232,2667825.881756757
0.044922289263433474,0.04359014283491373,0.067356374860903,0.06904061587607431,0.03940225037226182,-0.05072807930567207,-0.0015844762336807978,0.15107741597019814,-0.21399524798624095,-0.8872611630023598,0.8955577907569614,2667830.440878378
-0.06313000760954568,0.002396239199553531,0.044360954812039215,0.07356506441113457,0.04150742630174511,-0.05072382975678357,-0.0012315398478547656,0.1484818608816445,-0.21139853824373508,-0.8871570801347918,0.8955963633933866,2667835.0
-0.01673100763896094,-0.04134429517945465,0.0027176383745429696,0.07041623394314395,0.04180819305581457,-0.05011624049144671,-0.0008134929620244291,0.1458534150494321,-0.20878633758032158,-0.8870506170316885,0.8956344238677553,2667840.0861486485
0.03624190078937172,-0.009008747494767124,-0.04020313450793431,0.06114718066590877,0.040388977835701084,-0.04889887505377969,-0.0003402552645201773,0.1431903261064737,-0.20615866264995808,-0.8869417687334258,0.8956719717137229,2667844.6452702703
0.0020543574090116615,-0.010007168818134569,-0.06476077980167746,0.047223318145061075,0.03747136830988198,-0.04710522315732469,0.00017825355632745306,0.1404908416856819,-0.2035155301066019,-0.886830530280382,0.8957090064649483,2667849.204391892
-0.024123820581769755,-0.009158682852743471,-0.06652581272687898,0.03007568942724311,0.03332203289482948,-0.04480249032398908,0.0007321138121881638,0.13775320941996935,-0.2008569566042106,-0.8867168967129322,0.8957455276550869,2667853.7635135134
0.010216096451381407,-0.012862126971380282,-0.05008499049749141,0.011061380786366223,0.02821624303211818,-0.04206648510078244,0.0013114058147314863,0.13497567694224905,-0.19818295879674186,-0.8866008630714545,0.8957815348177964,2667858.322635135
0.01904736526231825,0.021361473550105543,-0.026134905655874664,-0.008403025391681423,0.022429972958392535,-0.038973718829784405,0.0019062098756270204,0.13215649188543355,-0.1954935533381531,-0.8864824243963247,0.8958170274867331,2667862.881756757
0.010842212308670596,0.008236327708547824,-0.0008440277962632418,-0.026895273645597434,0.016239245717759882,-0.03560075166053739,0.002506606306544252,0.12929391733077447,-0.19278877233074065,-0.8863615757279213,0.8958520051955552,2667867.440878378
0.003367599913114816,-0.006227388590837603,0.02286125460215665,-0.04323589240255985,0.009920084354327332,-0.03202414374258345,0.0031026754191528032,0.12638628649009848,-0.190068718007376,-0.8862383121066187,0.8958864674779178,2667872.0
-0.08151386472824053,-0.017810855586485177,0.043553338110975136,-0.05644848387030143,0.0037485119122020027,-0.028320455225464752,0.003684497525122257,0.12343198137245452,-0.18733354139815286,-0.8861126285727952,0.8959204138674789,2667876.0861486485
0.05303025474097967,-0.00788522640792125,0.05807541185158893,-0.06555329907553832,-0.001999448564509025,-0.024566246258723536,0.00424215293612219,0.12042939232411123,-0.18458340187038474,-0.885984520166827,0.895953843897895,2667880.6452702703
0.051884425365667244,0.019824815094722108,0.06046486085033343,-0.06965545509328848,-0.007048631825537777,-0.020838049022609835,0.00476572196382218,0.11737690969133795,-0.1818184587913857,-0.8858539819290916,0.8959867571028235,2667885.204391892
-0.07829632784488816,0.01595942686388384,0.045191765191697,-0.06853939226637658,-0.011152267657920264,-0.017211772207384828,0.005245284919891762,0.11427292382040373,-0.17903887152846965,-0.8857210088999647,0.8960191530159206,2667889.7635135134
0.020725383529652367,-0.01587742192175911,0.014757830002685957,-0.0628668684049325,-0.014186503781762082,-0.01375988879274016,0.005670922116000555,0.11111582505757782,-0.17624479944895055,-0.8855855961198238,0.8960510311708436,2667894.322635135
0.04580577344756793,0.0013529568478373112,-0.021534171670382168,-0.05351810951348367,-0.016142943132262902,-0.01054756073749412,0.006032713863818095,0.10790400374912916,-0.17343640192014215,-0.8854477386290456,0.8960823911012497,2667898.881756757
-0.02769343017435126,-0.015168334586751344,-0.048573393489303014,-0.04138222621874969,-0.017045058832984593,-0.007630196570839618,0.006320677042922899,0.10463591367341779,-0.17061383830935828,-0.8853074314680058,0.8961132323407943,2667903.440878378
0.0183602376671462,-0.016958579599897782,-0.05915589690530205,-0.0273954544902094,-0.016939513167982118,-0.005040334000800227,0.006524419699691472,0.10131041744200647,-0.16777726798391335,-0.8851646696770831,0.8961435544231362,2667908.0
-0.058322716453943636,0.024490911745117125,-0.0537305884424993,-0.012599200106286719,-0.015915139727590868,-0.002768339429119123,0.006632866029055836,0.09792706151790136,-0.16492685031112075,-0.8850194482966531,0.8961733568819317,2667913.0861486485
0.08100406850037843,0.01838436131713109,-0.04001668511617071,0.00215905524963267,-0.014072167001366416,-0.0007931843583192232,0.006634785121109968,0.09448554746894718,-0.16206274465829446,-0.8848717623670925,0.896202639250837,2667917.6452702703
-0.05872938482097643,-0.004706746344343315,-0.024090892926057317,0.016139394597037976,-0.011506749413778418,0.0009020856439905693,0.006518946065947803,0.09098557686298901,-0.15918511039274866,-0.8847216069287782,0.8962314010635095,2667922.204391892
0.009484501986732532,-0.023855606140483307,-0.008173072154462934,0.02862267892284515,-0.008313076105481662,0.002332459726386546,0.006274117953663136,0.08742685126787142,-0.15629410688179698,-0.8845689770220869,0.896259641853606,2667926.7635135134
-0.027597041870269623,0.009447222870536355,0.007696690421400749,0.03886070906438782,-0.0045851847949182345,0.0035127711089497186,0.005889074380632586,0.08380907225143924,-0.15338989349275345,-0.8844138676873955,0.896287361154783,2667931.322635135
0.03513972309977613,0.015464366627405577,0.025820909747623962,0.04608998691513024,-0.0004171949888480965,0.004457497743835964,0.005353074485162609,0.08013189483402011,-0.15047262959293203,-0.884256273965081,0.8963145585006984,2667935.881756757
-0.040807321314459966,-0.027423682515667694,0.04393281498917997,0.04957065118899616,0.004096281986998384,0.00517952928809244,0.004657284427376217,0.07639478737643468,-0.1475424745496466,-0.8840961908955195,0.8963412334250079,2667940.440878378
0.05786715690343208,-0.01407514582350808,0.053482113823965255,0.048697212521836834,0.008846301912585335,0.005691452364641093,0.003793426767646794,0.07259721072412222,-0.14459958773021084,-0.8839336135190884,0.8963673854613693,2667945.0
-0.0850544525349915,0.022970099760540767,0.05117427715105851,0.04341620573916881,0.013675586152890301,0.006005071241716596,0.002753987836755475,0.06873878929431766,-0.141644128501939,-0.8837685368761639,0.8963930141434385,2667949.0861486485
-0.019108348253710418,0.04247348643843097,0.03364235645982383,0.03482045203433834,0.018424187668404132,0.006128833429789379,0.0015348488432362492,0.06481919002087379,-0.13867625623214483,-0.8836009560071235,0.8964181190048738,2667953.6452702703
0.1637285331878193,-0.009679400490266837,0.001931742857557454,0.024536808814344266,0.02293224965079633,0.006071117310881503,0.00013207849748970283,0.06083808023932568,-0.1356961302881421,-0.8834308659523434,0.8964426995793311,2667958.204391892
-0.1150145579915445,-0.005505789522714239,-0.03292705930591104,0.014275658945694946,0.027038805073119006,0.00584016043398768,-0.0014580151220701283,0.05679512728520923,-0.13270391003724502,-0.8832582617522006,0.8964667554004672,2667962.7635135134
-0.06942706446997825,-0.056580166949665715,-0.048093909431763816,0.005750806523747606,0.030582561802814608,0.005439732504435767,-0.0032344377749585897,0.052689998494059566,-0.12969975484676724,-0.8830831384470714,0.8964902860019395,2667967.322635135
0.032967635824934644,-0.04892253412277792,-0.032453564462855876,0.00036240349584233347,0.03339714362559357,0.004873042627243458,-0.005190550538648776,0.04852236120141212,-0.12668382408402273,-0.8829054910773332,0.8965132909174044,2667971.881756757
0.06837790023536573,0.029444331549250236,0.0037874461731536124,-0.0017701523415234737,0.03532430764233397,0.004156549925741717,-0.0073185304011636095,0.04429188274280247,-0.12365627711632558,-0.8827253146833625,0.8965357696805195,2667976.440878378
-0.05294081618873955,0.06432490176087526,0.0351912109290686,-0.0009787642016304873,0.03632941481675419,0.00330644597880857,-0.009610554350525942,0.03999823045376572,-0.12061727331098933,-0.8825426043055361,0.8965577218249411,2667981.0
0.029384241930542974,0.0017165199659501028,0.04052613430667103,0.0022015704756487247,0.0365352089537091,0.0023461456144246527,-0.012058799374758662,0.03564107166983767,-0.11756697203532825,-0.8823573549842306,0.896579146884326,2667985.0861486485
0.02083948672300343,-0.008354003999091223,0.02132573704467181,0.00691774787083273,0.03613530689551797,0.0013060576313363654,-0.014655442461884634,0.03122007372655351,-0.11450553265665613,-0.8821695617598228,0.8966000443923313,2667989.6452702703
-0.036420574589417394,-0.001596571084842838,-0.006256001244088899,0.01184718328201081,0.035341740237388244,0.00022881377858276227,-0.017392660599926824,0.026734903959448764,-0.11143311454228678,-0.8819792196726898,0.8966204138826142,2667994.204391892
0.013157362095422965,-0.044291162208551775,-0.025045635981327485,0.015571421231363495,0.03434584493746782,-0.0008275696608220517,-0.020262630776908007,0.022185229704058673,-0.10834987705953417,-0.8817863237632079,0.8966402548888309,2667998.7635135134
0.02397542265699963,-0.02106778097862307,-0.03245878130976477,0.016782656914244846,0.03331338220494023,-0.0017978926932453625,-0.02325752998085102,0.01757071829591884,-0.1052559795757122,-0.8815908690717547,0.8966595669446396,2668003.322635135
-0.04367520745100112,-0.013881493073730412,-0.025956340015703423,0.014751370821670048,0.03238017905901293,-0.002617015291095941,-0.026369535199778874,0.012891037070564545,-0.1021515814581348,-0.8813928506387062,0.8966783495836957,2668007.881756757
0.011852833629086694,0.02148557007338215,-0.00793834055564552,0.009938559022569718,0.031628987530675945,-0.003223222996195052,-0.029590823421714353,0.008145853363531375,-0.09903684207411594,-0.881192263504438,0.8966966023396558,2668012.440878378
-0.00023947661655868388,0.0276908477431123,0.012667580077068792,0.0032661371781652704,0.031097613935284023,-0.0035583530318325355,-0.03291357163468038,0.0033348345103545707,-0.09591192079096933,-0.8809891027093295,0.8967143247461785,2668017.0
0.018684434710445504,0.002854388182029406,0.02655645613421318,-0.004267504872811865,0.030814999958084777,-0.0035677277921925994,-0.036329956826699886,-0.00154235215343034,-0.09277697697600908,-0.8807833632937561,0.8967315163369199,2668022.0861486485
-0.024009663676861675,-0.019963996420264044,0.03010944724445831,-0.011777281406296705,0.030813079390576734,-0.0032004427976295843,-0.03983215598579557,-0.006486039292287926,-0.08963216999654906,-0.8805750402980942,0.8967481766455367,2668026.6452702703
-0.013876248784590556,-0.019697054031981152,0.025954505005309818,-0.01870508564519096,0.031127616468921093,-0.0024104408400837224,-0.04341133641797141,-0.011496559570682874,-0.08647765921990305,-0.8803641287627203,0.8967643052056851,2668031.204391892
0.038982789351208344,0.004744191845877472,0.01788147968382305,-0.02470299233959919,0.03179846872281198,-0.001159837588276573,-0.04705461442559948,-0.016574245653079696,-0.0833136040133851,-0.8801506237280131,0.8967799015510239,2668035.7635135134
-0.030479890508431542,0.03085198655182822,0.006451821212748223,-0.02951527977411525,0.03286874021481168,0.0005847322041561763,-0.05074804752681408,-0.02171943020394304,-0.08014016374430902,-0.8799345202343476,0.8967949652152083,2668040.322635135
0.008501315617406881,-0.015181946812314722,-0.007678304704498576,-0.0329093504030437,0.034385549067992,0.0028484729684821928,-0.054476561069301106,-0.026932445887737404,-0.07695749777998877,-0.8797158133221006,0.8968094957318955,2668044.881756757
0.023406183476811476,-0.007816661530174455,-0.02500787144329958,-0.03465418286644779,0.03639902554800329,0.005629713872912064,-0.05821989739744138,-0.032213625368927364,-0.07376576548773824,-0.8794944980316498,0.8968234926347431,2668049.440878378
-0.023677840772288454,0.0057857408253129145,-0.04209188943589831,-0.03449049768916893,0.0389330351308063,0.00889205231797029,-0.061953645477128935,-0.037563301311977625,-0.07056512623487131,-0.8792705694033712,0.8968369554574073,2668054.0
-2.25631591774503e-05,-0.0017341311852944003,-0.054428573640871114,-0.03214466166921858,0.0419584466931706,0.012569546343041216,-0.06565246546070629,-0.04298180638135261,-0.06735573938870197,-0.879044022477642,0.8968498837335455,2668058.0861486485
0.009562016171945294,-0.021824075464501397,-0.057561854339643295,-0.027481187633702626,0.04540836821429402,0.01658565246819305,-0.06929419315370708,-0.048469473241517035,-0.06413776431654405,-0.8788148522948382,0.8968622769968134,2668062.6452702703
-0.010499345342369324,-0.00720091285040124,-0.04938713071875607,-0.020678906726320844,0.04920650920150437,0.02086605355646123,-0.07286043965621013,-0.0540266345569354,-0.06091136038571148,-0.8785830538953385,0.8968741347808702,2668067.204391892
0.032189944228632576,0.002988619218894482,-0.032265428431658465,-0.01224165082041757,0.053275420942014436,0.025338080375779896,-0.07633359645071605,-0.0596536229920723,-0.05767668696351818,-0.8783486223195168,0.8968854566193698,2668071.7635135134
-0.03609517978670952,0.021730590631451104,-0.012233437289021536,-0.0027647915309577872,0.057536863429884275,0.029929908162321432,-0.0796960550197251,-0.06535077121139239,-0.05443390341727806,-0.8781115526077523,0.8968962420459718,2668076.322635135
0.010549291026084165,0.011599305308965066,0.007233989614831399,0.007135092733778376,0.06191210086764498,0.034570270900979964,-0.08293020684573772,-0.07111841187936017,-0.05118316911430502,-0.8778718398004207,0.8969064905943316,2668080.881756757
0.03574092060678156,-0.009889280434359177,0.026138241919799327,0.016808855224232994,0.06632200952882285,0.03918840819491411,-0.08601844341125438,-0.07695687766044022,-0.04792464342191292,-0.8776294789378994,0.896916201798107,2668085.440878378
-0.029875064110193923,-0.007289869413172645,0.04565931425098772,0.025619291615685994,0.07068669781299754,0.04371477624538592,-0.08894315619877527,-0.08286650121909717,-0.04465848570741572,-0.877384465060564,0.8969253751909534,2668090.0
0.018142716027064586,-0.012055968222967456,0.0658201643284366,0.032976578499007154,0.07492318956509511,0.04808322336114312,-0.091686736690801,-0.08884761521979562,-0.04138485533812737,-0.8771367932087918,0.8969340103065288,2668094.0861486485
-0.008281391176012332,0.007598740071922128,0.08326601405146422,0.03833136179311621,0.07894481243714484,0.05223176835182047,-0.09423157636983204,-0.09490055232700005,-0.038103911681361666,-0.8768864584229598,0.8969421066784897,2668098.6452702703
0.0030307717627263264,0.012510116834972152,0.0925952633870824,0.04120057774828777,0.08266634258372313,0.05610115902092705,-0.09656006671836835,-0.10102564520517515,-0.0348158141044326,-0.8766334557434454,0.8969496638404941,2668103.204391892
-5.309323943473425e-05,-0.0063816831712545175,0.08838244401293584,0.041305675687068874,0.08602118179509012,0.059635034919163936,-0.09865459921891087,-0.10722322651878542,-0.03152072197465403,-0.8763777802106234,0.8969566813261965,2668107.7635135134
-0.016492078066038838,-0.005757511132858559,0.06919929062881956,0.03883581884395922,0.08899754305370906,0.06278010722041358,-0.10049756535395964,-0.11349362893229556,-0.028218794659339914,-0.8761194268648727,0.8969631586692565,2668112.322635135
-0.016683647434561574,0.010664179737621435,0.03738967272750998,0.03425812150172966,0.09164664892162773,0.0654869665380948,-0.10207135660601531,-0.11983718511017001,-0.024910191525804107,-0.8758583907465688,0.8969690954033291,2668116.881756757
0.07234786516869963,0.005104420212358445,-0.002096611760114355,0.028057432074428148,0.09404095251725246,0.06771369514399685,-0.10335836445757805,-0.12625422771687342,-0.021595071941360545,-0.875594666896089,0.8969744910620723,2668121.440878378
-0.06623047409256129,0.009162207899174284,-0.04452234896738554,0.020709573394745228,0.09624547417983265,0.06943139092285414,-0.10434232006500688,-0.1327450894168704,-0.018273595273323152,-0.8753282503538096,0.8969793451791419,2668126.0
0.030331200295905428,-0.00781341014742864,-0.08221877067715563,0.012690369600777424,0.09830885476098401,0.07063391191060976,-0.10501373970135663,-0.13931010287462542,-0.014945920889005794,-0.8750591361601077,0.8969836572881957,2668131.0861486485
0.0026408979668447784,0.004583669717091617,-0.10583880229868411,0.004474423024395273,0.10026281313719118,0.07133830786245131,-0.1053706946597018,-0.14594960075460323,-0.011612208155722406,-0.8747873193553606,0.8969874269228908,2668135.6452702703
-0.018494123175426622,-0.010871756723263012,-0.10568830193259385,-0.003512007119717333,0.10212766944083769,0.07157430913132368,-0.10541420268925263,-0.15266391572126836,-0.008272616440786902,-0.8745127949799435,0.8969906536168826,2668140.204391892
0.022589357220694953,0.008681546597208132,-0.0737572009122997,-0.01102562782298766,0.10391791856933254,0.07137478146836977,-0.10514305851463272,-0.1594532769169747,-0.004927305111513141,-0.8742355580742345,0.8969933369038291,2668144.7635135134
0.006517561335161493,-0.02117363964123788,-0.014607378224916086,-0.01794674486605306,0.10564663906873409,0.07076908670013607,-0.10455170619809757,-0.16631734387049713,-0.0015764335352150707,-0.8739556036786108,0.8969954763173881,2668149.322635135
-0.04058252629864736,0.02628049009509023,0.04320240478510168,-0.024176568879069972,0.10732606079933803,0.06978125521527584,-0.10362913530090631,-0.17325505048795098,0.0017798389207933864,-0.8736729268334472,0.8969970713912142,2668153.881756757
0.019487172764735675,-0.03392182917380339,0.08168386337490029,-0.02961631049219447,0.1089679127336377,0.06843443683077274,-0.10236333289119852,-0.18026495170909926,0.005141352889198361,-0.8733875225791219,0.8969981216589658,2668158.440878378
-0.006698739129499605,0.029135262830970243,0.10148630549518957,-0.0341678524307779,0.11058411720340465,0.06675050645610871,-0.10074219307664119,-0.18734468364293605,0.008507949002685929,-0.8730993859560113,0.8969986266542994,2668163.0
-0.04774661895949843,-0.005488284501109649,0.09168364541334467,-0.03773024663016523,0.11218700009093992,0.06474623681689315,-0.09874980193032666,-0.19449155869360746,0.011879467893942189,-0.8728085120044928,0.8969985859108724,2668168.0861486485
0.034802960353822056,-9.159345560326176e-05,0.051130015916191505,-0.04018015407679115,0.1137880998113241,0.06243496419087127,-0.09636736852672315,-0.20170286419935154,0.01525575019565322,-0.8725148957649421,0.896997998962341,2668172.6452702703
0.014524424958693058,-0.019064233212318503,0.004848223385426903,-0.04138383917744144,0.11539801214679017,0.059828668685348085,-0.09357542548643091,-0.20897588749840612,0.018636636540505132,-0.8722185322777368,0.8969968653423626,2668177.204391892
-0.02841364878665384,-0.02468612205706725,-0.031227792928924795,-0.041200275231827614,0.11702418905617099,0.056938197279533996,-0.09035445355795503,-0.21630791592900883,0.022021967561183988,-0.871919416583253,0.8969951845845936,2668181.7635135134
-0.0378014935086385,0.022757389398267932,-0.05273001284991804,-0.03945516476021486,0.11867125143349448,0.05377308901996676,-0.08668493470503612,-0.22369620701232942,0.025411583890375924,-0.8716175437218685,0.8969929562226918,2668186.322635135
0.0928510366909108,0.01978586993556369,-0.06535727805837883,-0.03588146639441405,0.12033649316493973,0.050340859379536376,-0.08254740747224157,-0.23113779105624507,0.028805326160766986,-0.871312908733958,0.8969901797903118,2668190.881756757
-0.09933529212526515,-0.005388318159398302,-0.07259809133496616,-0.03023800196638047,0.12200732158304312,0.04664519313639504,-0.07792204412139346,-0.2386292367714977,0.032203035005043325,-0.8710055066599008,0.8969868548211135,2668195.440878378
0.025947535824844197,-0.020529933928382628,-0.0721561976548671,-0.02257137516183332,0.12366587434152655,0.04268452626299873,-0.07278771071825313,-0.24616700492381233,0.03560455105589096,-0.8706953325400725,0.8969829808487523,2668200.0
0.02751787073903034,0.002466596463792748,-0.05972439808305316,-0.013300536488759333,0.12529557455942156,0.03845329478182072,-0.06712282322457735,-0.25374755627891415,0.0390097149459961,-0.8703823814148492,0.8969785574068845,2668204.0861486485
-0.004528103688368759,0.00031094594011057877,-0.032687661714126695,-0.00313581017424851,0.12688489591518232,0.033942029677770186,-0.06090733395960266,-0.26136735160252816,0.042418367308044685,-0.8700666483246084,0.8969735840291682,2668208.6452702703
-0.005711597849865248,-0.021938901773160848,0.0024349459364806933,0.00711773425123706,0.12842892516883594,0.02914120130613345,-0.054127822686744265,-0.2690228516603794,0.04583034877472289,-0.8697481283097271,0.8969680602492595,2668213.204391892
-0.03988318021637497,-0.0020439529303183457,0.03371886810721272,0.016639916939627575,0.12992789566708257,0.024039974088542873,-0.04677476019973806,-0.27671051721819295,0.04924549997871686,-0.8694268164105823,0.8969619856008162,2668217.7635135134
0.016430529553315535,0.039219316952093845,0.050209508526869534,0.0246131113781893,0.13138829752779765,0.01862414117486693,-0.03884149616730384,-0.2844268090416939,0.052663661552712564,-0.869102707667549,0.8969553596174934,2668222.322635135
0.03899884086392834,0.014395034006856251,0.04655062334048209,0.030325063187587323,0.13282278497010058,0.012874282232549295,-0.030322586139444913,-0.2921681878966071,0.056084674129396196,-0.8687757971210057,0.8969481818329497,2668226.881756757
-0.056858868188434095,-0.01438729361992798,0.028847016675849445,0.033471424343760894,0.13424844216810622,0.006764891863097614,-0.021212835597969007,-0.29993111454865795,0.05950837834145376,-0.8684460798113286,0.8969404517808414,2668231.440878378
0.0031540634007350683,-0.033622365436001465,0.008448892055429365,0.03401746568748477,0.13568288064325865,0.00026486809606753904,-0.011507074314112608,-0.3077120497635713,0.06293461482157148,-0.8681135507788944,0.8969321689948251,2668236.0
0.036561449527769775,-0.0064754482769609645,-0.005434463873707999,0.032024236543362485,0.1371338746057572,-0.006664403133348143,-0.0012002298259220236,-0.3155074543070723,0.06636322420243536,-0.8677782050640798,0.8969233330085579,2668241.0861486485
0.010076753851774518,0.024343694682147633,-0.01122775967361865,0.02778360574534265,0.138587846207189,-0.014070875924595803,0.009711484698273003,-0.323313788944886,0.0697940471167315,-0.8674400377072621,0.8969139433556973,2668245.6452702703
-0.006242907198877566,0.009061219070924597,-0.012986908737832184,0.021884520500123496,0.14003373896348223,-0.022005074601577312,0.021223959835058256,-0.33112751444273736,0.07322692419714597,-0.8670990437488173,0.8969039995698992,2668250.204391892
-0.008254591214864956,0.011346809492070327,-0.01695847234548004,0.01503439747933745,0.1414696719352605,-0.03050693797993047,0.03331514857468709,-0.33894509156635144,0.0766616960763649,-0.8667552182291229,0.896893501184821,2668254.7635135134
0.013434760144663323,-0.0007182266889787327,-0.022574278376716498,0.007713840236015264,0.14290084539173714,-0.03961467862977617,0.045956537478662164,-0.3467629810814535,0.08009820338707437,-0.8664085561885548,0.8968824477341195,2668259.322635135
-0.013050826535064206,-0.017683127889672294,-0.024885914598546457,2.8650013927932838e-05,0.1443350048677829,-0.049362361064711945,0.05911305952092318,-0.3545776437537684,0.0835362867619605,-0.8660590526674908,0.8968708387514517,2668263.881756757
0.0039415670497071125,-0.0064786321047816545,-0.01944791999203676,-0.007913562710254939,0.1457780594605107,-0.05978235582238273,0.07274753997717547,-0.36238554034902143,0.08697578683370936,-0.8657067027063073,0.8968586737704747,2668268.440878378
-0.011835004660528694,0.01807292893473271,-0.006545001658037987,-0.01561997016723803,0.1472265519628524,-0.07090335825754865,0.0868204036710263,-0.37018313163293753,0.09041654423500699,-0.8653515013453805,0.8968459523248448,2668273.0
0.008654523282667578,-0.002981527130180588,0.010284354963967526,-0.022385150999399667,0.1486714515074498,-0.08274837495283495,0.10128988518469251,-0.3779668783712416,0.09385839959853952,-0.8649934436250868,0.8968326739482182,2668277.0861486485
0.0017514727364384918,-0.0032780525472341886,0.025251513028201326,-0.027452938242140297,0.15009943743321072,-0.09533069663948206,0.11611291182201433,-0.38573324132965864,0.09730119355699311,-0.8646325245858046,0.8968188381742539,2668281.6452702703
-0.03869278722421538,-0.006002722689582073,0.0335651664012017,-0.030141812100045715,0.1514960720329806,-0.10864995643004612,0.13124616267866251,-0.3934786812739143,0.10074476674305378,-0.86426873926791,0.8968044445366076,2668286.204391892
-0.000686654708565493,0.01008914475941085,0.03080017921285041,-0.03002465430597024,0.15286571715511157,-0.12269384311837306,0.1466463137354967,-0.4011996589697331,0.10418895978940765,-0.863902082711779,0.8967894925689357,2668290.7635135134
0.052221268438721435,6.246525733074716e-05,0.015476548214679493,-0.027231564477564963,0.15424768575109885,-0.13744094074385727,0.1622700409733764,-0.4088926351828401,0.10763361332874069,-0.8635325499577893,0.8967739818048959,2668295.322635135
-0.051259431850634474,0.006646464304564393,-0.007766719894472323,-0.022290785680028312,0.1556713886114078,-0.1528612955038139,0.1780740203731617,-0.4165540706789606,0.11107856799373939,-0.8631601360463174,0.896757911778145,2668299.881756757
0.002853614104680989,-0.00565044726035347,-0.029683237669928662,-0.015803372803364777,0.15715251135211228,-0.16891876642993658,0.19401492791571287,-0.42418042622381974,0.11452366441708936,-0.862784836017739,0.896741282022339,2668304.440878378
0.01053743233353352,-0.004524267054350996,-0.043074225601996766,-0.008369356180048733,0.15869740066540824,-0.18556953814468038,0.21004943958188926,-0.43176816258314216,0.11796874323147674,-0.8624066449124325,0.8967240920711358,2668309.0
-0.0027277442481524862,0.016481594425079366,-0.04336222338132943,-0.0006178635689816495,0.16029736430866925,-0.2027571337153962,0.22613423135255095,-0.43931374052265326,0.12141364506958807,-0.8620255577707735,0.8967063414581917,2668313.0861486485
0.025574215239622274,-0.028862470682092606,-0.027560687220314458,0.006637557578707545,0.16192352628969972,-0.2204072568474435,0.242225979208558,-0.44681362080807807,0.12485821056410908,-0.86164156963314,0.8966880297171644,2668317.6452702703
-0.02931052940387221,0.017462345858393884,0.003189290623980958,0.012377152416730423,0.16353441993985354,-0.238435622143452,0.25828135913077005,-0.45426426420514154,0.1283022803477259,-0.861254675539907,0.8966691563817096,2668322.204391892
0.0054984811021222815,0.006478330391482895,0.035616990772875334,0.015548997390694997,0.16506644687412292,-0.2567467942521417,0.2742570471000471,-0.46166213147956886,0.13174569505312464,-0.8608648705314529,0.8966497209854851,2668326.7635135134
0.019485873385693204,0.0142287068074285,0.04779403937800471,0.015111320597904869,0.1664516015487201,-0.2752205327381088,0.29010971909724925,-0.46900368339708515,0.13518829531299134,-0.8604721496481542,0.896629723062148,2668331.322635135
0.008538333890530169,0.012875717767214122,0.03372393463211816,0.01056789452982297,0.16772791433547776,-0.2936981281031708,0.3057960511032359,-0.47628538072341503,0.1386299217600122,-0.8600765079303861,0.8966091621453538,2668335.881756757
-0.035837366946245945,0.014034296834905811,0.0002884459968021391,0.0035330840452813908,0.1690881116249851,-0.3119842054006259,0.3212727190988672,-0.483503684224284,0.14207041502687331,-0.8596779404185274,0.896588037768761,2668340.440878378
0.04037832454967266,-0.03389884275584149,-0.03063707103752926,-0.0038600912185068233,0.17076037159105203,-0.32986964518097245,0.336496399065003,-0.490655054665417,0.1455096157462607,-0.859276442152954,0.8965663494660254,2668345.0
-0.03462921905110304,0.013749613109737383,-0.03731954347615295,-0.009499092046842815,0.17297354266466353,-0.3471411551110968,0.35142376698250344,-0.4977359528125392,0.1489473645508604,-0.8588720081740422,0.8965440967708039,2668350.0861486485
-0.011825458850317765,-0.025970245361039902,-0.018398174376842782,-0.011857500533197014,0.17597469754504685,-0.3635832121856527,0.366011498832228,-0.5047428394313754,0.1523835020733588,-0.8584646335221698,0.8965212792167546,2668354.6452702703
0.026730543441860075,0.026019982526340052,0.008160028808831708,-0.01149341811994613,0.18005830871810088,-0.37898007932204286,0.38021627059503665,-0.5116721752876506,0.1558178689464415,-0.8580543132377128,0.896497896337533,2668359.204391892
0.01865456067325258,0.022157177394218255,0.025604058344717937,-0.009338604777913179,0.18536130700433157,-0.39312313344505806,0.3939947582517897,-0.5185204211470905,0.1592503058027951,-0.857641042361048,0.8964739476667967,2668363.7635135134
-0.055245569228554496,0.017120264697249355,0.023097265947033582,-0.006081940757929407,0.19169820523837616,-0.40582018257806546,0.4073036377833465,-0.5252840377754197,0.1626806532751055,-0.8572248159325524,0.8964494327382021,2668368.322635135
0.0281704939823471,-0.026568668377478198,0.007514147290359151,-0.00264402245715845,0.19873729635094806,-0.4168829067032913,0.42009958517056695,-0.531959485938363,0.16610875199605857,-0.8568056289926023,0.8964243510854063,2668372.881756757
-0.0011555710773193653,-0.007292777461426633,-0.006918199705732798,-0.00011428339740481941,0.2060949169636746,-0.4261230280199672,0.4323394142477828,-0.5385432264016461,0.16953444259834075,-0.8563834765815749,0.8963987022420661,2668377.440878378
0.03245932869096386,0.005842366158858164,-0.01300175469633733,0.0005405520234201721,0.21327974941313452,-0.4333567668408212,0.44398446087193755,-0.5450317199309936,0.17295756571463797,-0.855958353739847,0.8963724857418387,2668382.0
-0.02847531165440153,-0.0059700365875527996,-0.008294723457044876,-0.0010028045160335446,0.2196405309649897,-0.4384185511030849,0.4550138294638289,-0.5514214272921307,0.1763779619776362,-0.8555302555077954,0.8963457011183811,2668386.0861486485
-0.01559097355076042,0.009465207296103648,0.001579403108632287,-0.00380435281389749,0.22451356572357248,-0.44115572325684504,0.46541695315119436,-0.5577088092507823,0.1797954720200217,-0.8550991769257972,0.8963183479053501,2668390.6452702703
-0.004014506053051436,-0.02165617934255413,0.013680977210651483,-0.0062293671981029615,0.22724361511277458,-0.44142129738873975,0.4751817485618335,-0.5638903265726736,0.18320993647448064,-0.8546651130342277,0.8962904256364016,2668395.204391892
-0.026244820293833834,0.019539540304246927,0.019286288688900033,-0.006563532305185095,0.22731249366232048,-0.43908428584867365,0.484292598277119,-0.5699624400235299,0.18662119597369886,-0.8542280588734655,0.8962619338451944,2668399.7635135134
0.041542677344760394,0.0017497268582720893,0.008370146275761586,-0.004101289696896125,0.22467768223081144,-0.4340425330864368,0.492733160117736,-0.5759216103690759,0.19002909115036268,-0.8537880094838863,0.8962328720653836,2668404.322635135
0.018925434928005753,-0.0055707248599031365,-0.014729953986763494,-2.2436394368688252e-05,0.21941443554852175,-0.42622837791995216,0.5004870919043706,-0.5817642983750366,0.19343346263715805,-0.8533449599058663,0.8962032398306261,2668408.881756757
-0.03402649321409588,-0.011408604263972895,-0.03471342998189608,0.0039136136158774894,0.21147872974655804,-0.4156032717078171,0.5075380514577084,-0.5874869648071377,0.19683415106677124,-0.852898905179784,0.8961730366745806,2668413.440878378
-0.023264508328043863,0.01057204681817049,-0.03866271417883279,0.006133865058316016,0.20075588348255224,-0.40215370446947724,0.5138696965984347,-0.5930860704311032,0.20023099707188796,-0.8524498403460147,0.8961422621309021,2668418.0
0.027526354499967647,-0.0191263224218947,-0.022894393445771506,0.005883057749501239,0.1870155538647725,-0.38588994254786646,0.5194656851472361,-0.598558076012659,0.20362384128519462,-0.8519977604449357,0.8961109157332482,2668423.0861486485
-0.011936566544172952,-0.005599549483066857,0.005373353130991579,0.0032501261417241223,0.1697540136828588,-0.3668545569665403,0.5243096749247975,-0.6038994423175301,0.20701252433937745,-0.8515426605169242,0.8960789970152764,2668427.6452702703
0.026272501403646443,-0.00853481320085221,0.04120920425722285,-0.001505115352359183,0.14840658414089386,-0.345145998257532,0.5283853237518048,-0.6091066301114413,0.21039688686712235,-0.8510845356023563,0.8960465055106432,2668432.204391892
-0.023335671605684703,-0.009150422082641316,0.06903188864364185,-0.008366381491502884,0.12271593510851876,-0.3209374539668769,0.5316762894489444,-0.6141761001601179,0.21377676950111513,-0.8506233807416089,0.8960134407530046,2668436.7635135134
-0.02535628259155296,0.024789527118599823,0.07229210802466281,-0.01750251444944321,0.09272676245715836,-0.2944302279352519,0.5341662298369012,-0.6191043132292848,0.21715201287404237,-0.8501591909750585,0.8959798022760184,2668441.322635135
0.035267207384606175,0.05193787133991525,0.040959580571325524,-0.028495989460897337,0.05868828049461928,-0.2658511954633192,0.5358389628341216,-0.6238878901824276,0.22052245761858988,-0.8496919613430828,0.8959455896133415,2668445.881756757
0.13975796520794545,0.024149925067532774,-0.020090966526536795,-0.03920442978671461,0.020929757697041317,-0.23543325250851277,0.5366791929929208,-0.6285243385169009,0.22388794436744397,-0.849221686886057,0.8959108022986296,2668450.440878378
0.15715903674196313,-0.027203213642372367,-0.08335869102489568,-0.04706033259204529,-0.02018244115761879,-0.20340929502826657,0.5366729428144216,-0.6330124836788666,0.2272483137532905,-0.8487483626443596,0.8958754398655413,2668455.0
-0.3750583240229013,-0.06421404521999556,-0.1145693251305757,-0.0495650719343173,-0.06420410958884443,-0.1700122189800146,0.5358071725615811,-0.6373520888763216,0.23060340640881566,-0.848271983658366,0.8958395018477324,2668460.0861486485
0.3877293252757697,0.009368550912853768,-0.09201903520310192,-0.045040751677775465,-0.11056668653696981,-0.13547492032119068,0.5340690153771087,-0.6415430901970143,0.23395306296670554,-0.8477925449684541,0.8958029877788604,2668464.6452702703
-0.18812018900707342,0.0662526197184559,-0.036916694365742436,-0.03446697070826157,-0.15885571753360536,-0.10003029500922891,0.5314456044037147,-0.6455854237286941,0.23729712405964623,-0.8473100416149997,0.8957658971925817,2668469.204391892
-0.24058664802401522,0.01666224535897208,0.01975017060235794,-0.01904972489195095,-0.20923112916650455,-0.06391123900156302,0.5279240727841081,-0.6494790255591099,0.2406354303203237,-0.8468244686383808,0.8957282296225542,2668473.7635135134
0.046266110489887595,0.002339245796774911,0.05526033572766644,0.00011171891014650313,-0.2623065570519288,-0.027350648255627063,0.5234915536609993,-0.6532238339865357,0.2439678245919487,-0.846335821078972,0.8956899846024323,2668478.322635135
0.04849300451261749,0.04658810866914531,0.06838668759102308,0.020545547638504077,-0.31890162654995036,0.009418581271144914,0.5181351801770975,-0.656819796151342,0.24729415855982922,-0.8458440939771519,0.8956511616658753,2668482.881756757
0.033051493605928954,0.03837685101078729,0.08769479564482802,0.0383394910391126,-0.3798812596789118,0.04616355362131905,0.5118420854751128,-0.6602668614044243,0.25061428611979747,-0.8453492823732964,0.8956117603465391,2668487.440878378
-0.00745337188670338,-0.01844928903011435,0.12569275119073647,0.050427345130509026,-0.4461067784741576,0.0826513728374613,0.5045994026977548,-0.6635649790966783,0.2539280611676862,-0.8448513813077838,0.895571780178082,2668492.0
-0.030912489265651735,-0.13191659225536248,0.16719386935139083,0.05811735852283023,-0.5183927147897843,0.11864914296213812,0.496394264987733,-0.6667140985789992,0.2572353375993277,-0.8443503858209884,0.8955312206941582,2668496.0861486485
0.04752535140006558,-0.08312271205518806,0.1841724187130067,0.0634907590596032,-0.5967247678197779,0.15392396803791486,0.487213805487757,-0.6697141692022822,0.2605359693105545,-0.8438462909532889,0.8954900814284269,2668500.6452702703
-0.02524560400164839,0.018860926783461324,0.16240061087371352,0.0685827438874828,-0.6797818136333702,0.1882429521073581,0.47704515734053704,-0.6725651403174233,0.2638298101971992,-0.8433390917450616,0.8954483619145442,2668505.204391892
-0.14346537423306957,0.16816640359884205,0.09344163926420433,0.07599921943235756,-0.7656626588866193,0.22137319921303394,0.46587545368878225,-0.6752669612753177,0.2671167141550943,-0.8428287832366825,0.8954060616861667,2668509.7635135134
0.11556295450438403,0.18661811297992809,-0.020190248226504174,0.08800445797734603,-0.8521647783627057,0.25308181339750807,0.4536918276752027,-0.6778195814268608,0.270396535080072,-0.8423153604685291,0.8953631802769516,2668514.322635135
0.38147670976738673,-0.028816936589263684,-0.14236559277322508,0.10652966486281766,-0.9368243184913722,0.2831358987033466,0.440481412442508,-0.6802229501229478,0.27366912686796474,-0.8417988184809777,0.8953197172205555,2668518.881756757
-0.4279722299137152,-0.19538053703984373,-0.2099736861093115,0.1332751699532331,-1.0169465502264556,0.31130255917311594,0.42623134113340777,-0.6824770167144742,0.27693434341460504,-0.8412791523144065,0.8952756720506369,2668523.440878378
0.37849026404686026,-0.021473380325202705,-0.1748007127176876,0.16873596610964292,-1.0896618648019647,0.3373488988493818,0.41092874689061165,-0.6845817305523357,0.2801920386158258,-0.8407563570091898,0.8952310443008494,2668528.0
-0.052183857783978944,0.18148193782683616,-0.06826706656808691,0.2092196683521652,-1.1520629843308605,0.3610420217747104,0.3945607628568298,-0.6865370409874278,0.283442066367459,-0.8402304276057064,0.8951858335048529,2668532.0861486485
-0.1039415958007157,0.12062471665590116,0.05923888998945051,0.2500224192129599,-1.2013731340639058,0.38215066890468413,0.377112885261755,-0.6883428973706455,0.2866842805653371,-0.8397013591443323,0.8951400391963028,2668536.6452702703
0.05809162692093596,-0.019806988552646215,0.16209234082593507,0.28672596090622343,-1.235129018519443,0.40044364469504,0.35857054683492606,-0.6899992490528842,0.28991853510529264,-0.8391691466654434,0.8950936609088559,2668541.204391892
-0.0367793760332042,-0.11847161743950492,0.2018037280768968,0.3153925657097106,-1.251347872279373,0.41566628283732343,0.3389426510700737,-0.6915060453850402,0.29314468388315856,-0.8386337852094183,0.8950466981761704,2668545.7635135134
0.030814771262123345,-0.0930846445873127,0.15219975118953102,0.33317360553575437,-1.2486558463779127,0.4275947807014729,0.3182412698911079,-0.6928632356249154,0.296362580701674,-0.8380952698166331,0.8949991505319022,2668550.322635135
-0.07801383173657074,0.05587530393899949,0.03162867639874085,0.33990507871623915,-1.22648349616958,0.4361828036519475,0.2964776462915057,-0.6940707686544633,0.29957207898772953,-0.8375535955274634,0.8949510175097081,2668554.881756757
0.1101579154135537,0.09511377331014888,-0.09223661757338843,0.3363135563946439,-1.184833809157404,0.4415800916809578,0.2736630232647449,-0.6951285932486251,0.30277303206120343,-0.8370087573822874,0.8949022986432449,2668559.440878378
0.1410689321615958,0.05119504341930807,-0.16827280573348402,0.3233751600640709,-1.123999833823832,0.4439745129726076,0.24981102624220383,-0.6960366581788618,0.30596529323849364,-0.836460750421481,0.8948529934661703,2668564.0
-0.2664953258227145,-0.07106215616759488,-0.16962307017325795,0.302126522132392,-1.044541608374378,0.44354077875280046,0.22494843761346164,-0.6967949122166349,0.3091487158359988,-0.835909569685422,0.8948031015121414,2668569.0861486485
0.2437546044299151,-0.011306706099564594,-0.08796132867997716,0.27299106930305983,-0.947265626699217,0.440436708983155,0.19911893103238232,-0.6974033041334058,0.31232315317011705,-0.8353552102144854,0.8947526223148127,2668573.6452702703
-0.1322732660946439,0.044194838495747964,0.028834090853035278,0.23620523290088036,-0.8331328507417526,0.43481649641869413,0.17236980735942523,-0.6978617827006355,0.3154884585572468,-0.8347976670490497,0.8947015554078436,2668578.204391892
0.010550733219092638,0.028065355614096964,0.12138351393533384,0.19208525953194935,-0.7032178038825719,0.4268343338144412,0.1447483674550501,-0.6981702966897858,0.3186444853137866,-0.83423693522949,0.8946499003248896,2668582.7635135134
-0.04331331447777338,-0.014133442477641537,0.14713753279750869,0.14105428872628517,-0.5587064159539629,0.4166444139254191,0.11630191217971649,-0.698328794872317,0.3217910867561341,-0.8336730097961853,0.8945976565996091,2668587.322635135
0.005000399847470831,0.024323843380062483,0.09905953881641172,0.08283747311716229,-0.4008558418119945,0.4044009295066506,0.08707774239388402,-0.6983372260196918,0.32492811620068873,-0.8331058857895108,0.8945448237656578,2668591.881756757
0.08746359508080533,-0.0034375218699829835,0.012001606262552148,0.01434542165652291,-0.23098015116160295,0.3902580733131588,0.05712315895801249,-0.6981955389033706,0.328055426963848,-0.832535558249843,0.8944914013566923,2668596.440878378
-0.028727322558472886,-0.039879191716744075,-0.0755525466265843,-0.06757845601948868,-0.05052662726045267,0.37437003809996616,0.026485462732561384,-0.6979036822948145,0.3311728723620102,-0.8319620222175598,0.8944373889063704,2668601.0
-0.12753836553531378,-0.03733234820123445,-0.13115710905406724,-0.16573474181573278,0.13889029285165364,0.3568910166220962,-0.004788045422009318,-0.6974616049654853,0.33428030571157397,-0.8313852727330369,0.8943827859483482,2668605.0861486485
0.15548388377439548,0.049021749928348596,-0.14181677024556857,-0.2820863739353772,0.33552567507393716,0.3379752016345722,-0.03665006464524105,-0.6968692556868443,0.3373775803289379,-0.8308053048366522,0.8943275920162836,2668609.6452702703
-0.07537039196895128,0.04691829251512483,-0.1226677493954711,-0.41599002272225716,0.5376576337874062,0.317776785892416,-0.0690532940766728,-0.6961265832303525,0.34046454953049976,-0.8302221135687813,0.8942718066438325,2668614.204391892
0.09102356345263311,-0.03709021401631629,-0.09113600476824413,-0.5640115081642959,0.743524781948172,0.2964499621506512,-0.10195043285584544,-0.6952335363674716,0.3435410666326582,-0.8296356939698016,0.894215429364652,2668618.7635135134
-0.1477875381000886,-0.02590160389040619,-0.05116119862694401,-0.7222573764412165,0.9513805477089883,0.27414892316430084,-0.13529418012229985,-0.6941900638696628,0.34660698495181164,-0.8290460410800892,0.8941584597123988,2668623.322635135
0.1040953606739815,-0.0454854087475109,0.012254979494501663,-0.8867873636878704,1.159424928424199,0.25102786168838803,-0.1690372350155759,-0.6929961145083868,0.34966215780435816,-0.8284531499400221,0.8941008972207306,2668627.881756757
-0.005091244858725229,-0.026397564290225214,0.08700115315269745,-1.0535915829493705,1.3658219512647771,0.22724097047793523,-0.2031322966752141,-0.6916516370551055,0.3527064385066959,-0.8278570155899759,0.8940427414233036,2668632.440878378
-0.01333122868757412,-0.0046140958815139846,0.15384209939877855,-1.2186474205226747,1.5687307221751758,0.20294244228796543,-0.23753206424075457,-0.6901565802812804,0.35573968037522397,-0.8272576330703282,0.893983991853775,2668637.0
-0.04823070304244074,0.03715131504394742,0.19150119599004203,-1.3779428112123493,1.7663181892135151,0.17828646987350164,-0.27218923685173774,-0.6885108929583721,0.35876173672634004,-0.8266549974214554,0.8939246480458016,2668641.0861486485
0.007709028449593831,0.09063131951253518,0.18183728680999406,-1.5276802691611975,1.9568182725860979,0.15342724598956828,-0.30705651364770553,-0.6867145238578422,0.3617724608764426,-0.8260491036837342,0.8938647095330403,2668645.6452702703
0.13579692856370632,0.08260040098482929,0.11698706575291931,-1.664833541106656,2.1386731762466193,0.12851896339118518,-0.34208659376819517,-0.6847674217511523,0.3647717061419301,-0.825439946897541,0.893804175849148,2668650.204391892
-0.15011879042829712,-0.009351950483314872,0.01348721622004283,-1.7867778107801344,2.3105372955439023,0.10371581483337819,-0.3772321763527498,-0.6826695354097633,0.3677593258392006,-0.8248275221032535,0.8937430465277814,2668654.7635135134
0.03248188599111043,-0.09140985963902754,-0.09905264983400457,-1.8910498060667522,2.471213453984339,0.07917199307116975,-0.412445960540909,-0.6804208136051368,0.370735173284653,-0.8242118243412476,0.8936813211025973,2668659.322635135
0.09273122441398458,-0.10447607954252641,-0.19044654421603396,-1.975512461416862,2.6198306816395576,0.055041690859580834,-0.44768064547221176,-0.678021205108734,0.37369910179468485,-0.823592848651901,0.8936189991072534,2668663.881756757
-0.0494595559095638,-0.05860248753300838,-0.2390223071119344,-2.038418171224334,2.7559074685247023,0.03147910095363624,-0.48288893028620045,-0.6754706586920158,0.37665096468569514,-0.8229705900755894,0.8935560800754052,2668668.440878378
-0.05290996951006859,-9.512704315378827e-05,-0.2415705156219244,-2.078640110803621,2.8791447223639564,0.008638416108358945,-0.5180235141224147,-0.6727691231264441,0.3795906152740819,-0.8223450436526893,0.8934925635407104,2668673.0
0.09116490095340563,0.07616571757125168,-0.20390534122907503,-2.0971926254126623,2.989442924259485,-0.013326170921229615,-0.5530370961203944,-0.6699165471834798,0.38251790687624343,-0.8217162044235794,0.8934284490368267,2668678.0861486485
-0.023575737088814195,0.051784986578998056,-0.13280453204154102,-2.096353116782558,3.0867746736977244,-0.03426046738010519,-0.5878823754196805,-0.6669128796345845,0.3854326928085782,-0.8210840674286347,0.8933637360974096,2668682.6452702703
0.01161419629066257,-0.016383533183122793,-0.039317411513204795,-2.0785568165299133,3.1710822563312786,-0.05401028051324398,-0.6225120511598132,-0.6637580692512194,0.3883348263874846,-0.8204486277082329,0.8932984242561169,2668687.204391892
-0.023646115181617994,-0.06223833354480738,0.060836871769383814,-2.046148851732688,3.2422178532741093,-0.0724214175656252,-0.6568788224803327,-0.6604520648048458,0.391224160929361,-0.8198098803027498,0.8932325130466047,2668691.7635135134
-0.07184534167380152,-0.032606899093412696,0.15259001587202847,-2.001454469322926,3.3000137654942603,-0.08933968578222312,-0.6909353885207805,-0.6569948150669247,0.39410054975060527,-0.8191678202525627,0.8931660020025297,2668696.322635135
0.1414083383163138,0.03971899642635716,0.2215665163475314,-1.9467976161208727,3.344300993847976,-0.10461089240801814,-0.7246344484206947,-0.6533862688089176,0.3969638461676162,-0.8185224425980492,0.8930988906575504,2668700.881756757
-0.08127342731158045,0.05531721262987675,0.2532794089911251,-1.8845014176175765,3.3749037015101524,-0.1180748283358324,-0.757928701319617,-0.6496263748022859,0.39981390349679197,-0.817873742379584,0.8930311785453222,2668705.440878378
-0.027033614573531362,0.031050555186014534,0.2351353782202527,-1.81623388179502,3.3916424994040106,-0.1295768204758433,-0.7907708463570882,-0.6457150818184909,0.402650575054531,-0.8172217146375467,0.8929628651995033,2668710.0
0.07865960197444236,0.034157233699651166,0.16891070818526732,-1.7410667664280708,3.394426357625602,-0.13908761024712799,-0.8231135826726477,-0.6416523386289942,0.4054737141572317,-0.8165663544123112,0.8928939501537491,2668715.0861486485
-0.0675084362687629,0.012232340144117827,0.07146494382952485,-1.6574371321268522,3.383163870080194,-0.1466659191590888,-0.8549096094058373,-0.6374380940052561,0.40828317412129206,-0.8159076567442557,0.8928244329417165,2668719.6452702703
0.05993749020550904,-0.007587538950804665,-0.03455882048072498,-1.563783363757304,3.3577783922190263,-0.15240882810039097,-0.886111625696196,-0.6330722967187385,0.4110788082631104,-0.8152456166737577,0.8927543130970641,2668724.204391892
-0.021386992618935383,-0.039622295948557776,-0.12529341796116553,-1.4585516185611023,3.3182082182230546,-0.15642058431367512,-0.916672330683264,-0.6285548955409033,0.41386046989908565,-0.8145802292411922,0.892683590153447,2668728.7635135134
-0.01481259414730258,0.005717725664538873,-0.1840308953155795,-1.3401934174440369,3.264397228016931,-0.15880565712116582,-0.9465444235065835,-0.6238858392432107,0.4166280123456157,-0.8139114894869377,0.8926122636445235,2668733.322635135
-0.0007332556148733812,-0.00400491676238349,-0.2003773860230105,-1.207178985285694,3.1963054232689814,-0.1596685158450909,-0.9756806033056926,-0.6190650765971231,0.4193812889190989,-0.8132393924513692,0.8925403331039492,2668737.881756757
0.04012130250297872,-0.03887737506159723,-0.1743076291225859,-1.058394916011113,3.1139192686745703,-0.15911362980767765,-1.004033569220133,-0.6140925563741009,0.42212015293593363,-0.8125639331748645,0.8924677980653816,2668742.440878378
-0.03949449740907456,0.005811997606579136,-0.11544558427319279,-0.8942800862438236,3.017248790715312,-0.15724508270284068,-1.0315564060177569,-0.608968227345606,0.4248444577125186,-0.8118851066978005,0.8923946580624774,2668747.0
-0.007023835949845982,0.006505254828482289,-0.04335511663705278,-0.7157245093458444,2.906344254351473,-0.15416537209101355,-1.0582037845998986,-0.603692038283099,0.42755405656525136,-0.8112029080605542,0.8923209126288946,2668752.0861486485
0.036743694061340565,0.03734566425768637,0.016869937067365358,-0.5236575900448494,2.7812874856184933,-0.1499755770408804,-1.0839317943596403,-0.598263937958042,0.43024880281053085,-0.8105173323035008,0.8922465612982879,2668756.6452702703
-0.02012604025061572,-0.01922842504332012,0.053968406599717224,-0.3190333176975012,2.642164687349547,-0.14477301155342978,-1.1087002897577614,-0.5926838751418957,0.4329285497647551,-0.8098283744670189,0.8921716036043162,2668761.204391892
-0.009794273454050808,-0.018272078837964983,0.07444421355340904,-0.10289153668534037,2.489041342088079,-0.13865154796202925,-1.132472566922662,-0.5869517986061216,0.4355931507443224,-0.8091360295914839,0.8920960390806351,2668765.7635135134
0.019336903236551916,-0.006374658255681874,0.0859263416209795,0.12360148442964097,2.321965446471011,-0.1316990442203001,-1.1552179363624875,-0.5810676571221812,0.43824245906563175,-0.8084402927172738,0.8920198672609022,2668770.322635135
-0.006824043085916776,-0.004491642665267122,0.09141722077417705,0.35918210965159725,2.1409794782218947,-0.12400192666627335,-1.1769071402009748,-0.575031399461535,0.4408763280450801,-0.8077411588847644,0.8919430876787745,2668774.881756757
0.018567313930625103,-0.006212993721748526,0.08903789412041865,0.602564584290271,1.9461249436500696,-0.1156466216379814,-1.1975109205618588,-0.568842974395646,0.44349461099906773,-0.8070386231343326,0.8918656998679075,2668779.440878378
-0.01166659635351171,0.025199224536979845,0.07416084464144032,0.8522553324040877,1.7374448298165048,-0.10671955547345519,-1.2170000195688766,-0.5625023306959733,0.446097161243991,-0.8063326805063559,0.8917877033619604,2668784.0
0.024788196645479977,-5.4231064834858487e-05,0.04500743588215322,1.1062580605317287,1.5149745986531051,-0.0973072393583547,-1.2353450944981337,-0.55600941713398,0.44868383209624957,-0.8056233260412102,0.8917090976945887,2668788.0861486485
6.623848345582401e-05,0.017039364431399848,0.00397886839697145,1.3623305059471635,1.2787483012405907,-0.0874965238688592,-1.2525164632352206,-0.5493641824811264,0.45125447687224113,-0.8049105547792726,0.8916298823994493,2668792.6452702703
-0.013586696401166078,-0.011934092014638412,-0.03297845127154127,1.6183139390039287,1.0288108487083107,-0.07737434442877496,-1.2684843588180954,-0.5425665755088745,0.45380894888836476,-0.8041943617609192,0.8915500570101984,2668797.204391892
0.009856632271845895,-0.03621905697669725,-0.047239285024709254,1.8720414441559237,0.7653033942207598,-0.06702763646191078,-1.28321901428472,-0.5356165449886853,0.4563471014610181,-0.803474742026528,0.8914696210604942,2668801.7635135134
-0.016055763720998185,0.004734362012199672,-0.02874056802597719,2.1221383566603365,0.48874539286425844,-0.05654333539207238,-1.2966906626730528,-0.5285140396920197,0.4588687879065995,-0.802751690616475,0.8913885740839933,2668806.322635135
0.0019329301494097598,-0.0006348433638988701,0.006862848139436581,2.3704550555144577,0.20019527043712843,-0.046008376643066944,-1.3088695370210572,-0.5212590083903392,0.4613738615415074,-0.8020252025711372,0.8913069156143522,2668810.881756757
0.012255171034185438,0.02974443388507853,0.029736799356497638,2.619933621050982,-0.09911569399593108,-0.03550969563870308,-1.3197258703666894,-0.5138513998551052,0.4638621756821401,-0.8012952729308913,0.8912246451852281,2668815.440878378
-0.003664730262351974,0.009916401866215889,0.02551975872997748,2.8733643607656663,-0.4078860405232978,-0.025134227802786874,-1.3292297748763342,-0.5062912837293568,0.4663335836448965,-0.8005618967361136,0.8911417623302775,2668820.0
0.006000934204248607,-0.012972244638640011,0.004828137920464191,3.1323081420817047,-0.7247451915315023,-0.014968908559127499,-1.3373508792300643,-0.49857921314244014,0.4687879387461738,-0.7998250690271815,0.8910582665831575,2668824.0861486485
-0.01737625619557244,-0.0036924566071127028,-0.014110327882363459,3.3982093148057824,-1.0483016009861774,-0.005100716012602013,-1.3440586485553057,-0.4907158620952812,0.47122509430237125,-0.7990847848444723,0.8909741574775258,2668828.6452702703
-0.0013214937295445107,-0.019500584161029105,-0.020611610550525437,3.672531166943167,-1.377146783207461,0.0043831940569362,-1.3493223703045103,-0.48270190458880397,0.4736449036298869,-0.7983410392283612,0.8908894345470373,2668833.204391892
0.02357180724468109,0.0006361950728239847,-0.01585857643482209,3.9557598853642877,-1.7098602073069964,0.013395595385840817,-1.3531111033545091,-0.47453817271575816,0.4760472200451193,-0.797593827219226,0.8908040973253506,2668837.7635135134
-0.008004433340603693,-0.01454225147068081,-0.0025351915357254193,4.244657560864127,-2.0450745260229053,0.021849518808270737,-1.3553935313126455,-0.46622613093619014,0.4784318968644664,-0.7968431438574434,0.8907181453461221,2668842.322635135
-0.024910596366390345,0.022329901709335874,0.007813417884613792,4.534654419340582,-2.3815500241872747,0.029659056482935833,-1.3561390744043154,-0.45776756841664157,0.48079878740432713,-0.7960889841833901,0.8906315781430083,2668846.881756757
0.02864239385844261,0.00865714476177891,0.007535780656680438,4.821622578246022,-2.718073654499434,0.03673858513944232,-1.3553167709671308,-0.4491649407823323,0.4831477449810985,-0.7953313432374427,0.8905443952496677,2668851.440878378
-0.0012909697122750151,-0.024490445470702654,0.002401542292015439,5.104270580123489,-3.0534419153868946,0.04300248663799658,-1.3528954978546395,-0.44042087027315474,0.48547862291118055,-0.7945702160599779,0.8904565961997544,2668856.0
-0.009439323744496329,0.004454358820632293,-0.00013647548771281102,5.383436522555451,-3.386509057873029,0.04836628402011599,-1.3488452731016953,-0.43153797912899944,0.4877912745109706,-0.7938055976913726,0.8903681805269279,2668861.0861486485
-0.018803656499049477,-0.014090793480340914,-0.0007102542496193579,5.65969189493942,-3.716184990987735,0.05275007652781741,-1.3431406909436505,-0.4225188895897573,0.4900855530968674,-0.7930374831720031,0.8902791477648431,2668865.6452702703
0.038867274090815064,0.025778104558749248,-0.012153820086700592,5.931057871496043,-4.041428852434231,0.05607905572011017,-1.3357614379328544,-0.41336622389531935,0.492361311985269,-0.7922658675422474,0.8901894974471581,2668870.204391892
-0.0015525818202674112,0.027247622622450982,-0.03535105357821684,6.193770535075151,-4.3612091048987205,0.058295167006915345,-1.3267039544725654,-0.4040826042855765,0.49461840449257377,-0.7914907458424816,0.8900992291075308,2668874.7635135134
-0.00757542596659362,0.025042955232615648,-0.06342137012144072,6.445020087908075,-4.67446326857927,0.0593487467809578,-1.315973071948844,-0.39467065300041954,0.49685668393517957,-0.7907121131130822,0.8900083422796147,2668879.322635135
0.01967389827164364,0.0005454464775084776,-0.08013129356625474,6.6823661972818105,-4.979969728197511,0.059191252871991354,-1.3035747431847844,-0.3851329922797408,0.4990760036294863,-0.7899299643944256,0.8899168364970688,2668883.881756757
-0.01955360880574541,-0.051404570420221736,-0.06460975033543898,6.904359909786575,-5.275936678019794,0.057774143109773815,-1.2895149210034809,-0.3754722443634299,0.5012762168918906,-0.7891442947268894,0.8898247112935521,2668888.440878378
-0.00580517853886779,-0.020149914966802237,-0.003256716530201485,7.114220198676644,-5.560371804929296,0.055050388501219565,-1.273801071405185,-0.3656910314913785,0.5034571770387919,-0.78835509915085,0.8897319662027184,2668893.0
-0.0017049592970237886,-0.004553247647358297,0.09447013672975223,7.31575928015635,-5.831196585732671,0.050979012761868545,-1.256446713098776,-0.3557919759034771,0.5056187373865876,-0.7875623727066839,0.8896386007582239,2668897.0861486485
0.026140355801650528,0.0447257981446936,0.20275673698859123,7.512148173822837,-6.08623038163613,0.04552055278441909,-1.237466877970288,-0.34577769983961704,0.5077607512516765,-0.786766110434769,0.8895446144937282,2668901.6452702703
0.0003191244011340778,0.04234167303460595,0.29490098083651367,7.70639961072635,-6.323222369125798,0.03863751013302396,-1.2168785625772114,-0.3356508255396899,0.5098830719504576,-0.7859663073754803,0.8894500069428867,2668906.204391892
-0.006484139025401852,-0.0014941319236327051,0.35011137397772873,7.901275544899171,-6.539980754041776,0.030300245057666552,-1.1947066221628682,-0.32541397524358595,0.511985552799328,-0.7851629585691965,0.8893547776393582,2668910.7635135134
-0.020575872158202217,-0.04251446305132071,0.3621889772730487,8.09763710625577,-6.734712183734249,0.020481082479783433,-1.1709778766420322,-0.3150697711911963,0.5140680471146869,-0.7843560590562924,0.889258926116796,2668915.322635135
0.016706623007567846,-0.03620493919890595,0.3374472365753674,8.292081609939514,-6.9057682389303165,0.009152347320814073,-1.1457191459294815,-0.30462083562241177,0.516130408212932,-0.7835456038771463,0.8891624519088603,2668919.881756757
-0.0013916471615922736,-0.01844791153525903,0.28727763534440426,8.480269989788901,-7.0515077327022775,-0.0037136354978043293,-1.1189572499399905,-0.2940697907771247,0.5181724894104623,-0.7827315880721344,0.8890653545492062,2668924.440878378
-0.007950865949942034,0.027878353766717826,0.21640113305203146,8.657899086965951,-7.1701907568033105,-0.018143949443806647,-1.0907196001991606,-0.28341925889522435,0.5201941440236761,-0.7819140066816332,0.8889676335714931,2668929.0
0.007087320789682575,0.052419109352288766,0.12443764558082625,8.820876815786315,-7.260061488800518,-0.03416152959655375,-1.0610377566209699,-0.2726718622166026,0.5221952253689709,-0.7810928547460193,0.8888692885093716,2668933.0861486485
-0.01833307143069794,0.06450781437803725,0.008843225812447387,8.965414693169937,-7.319437713740562,-0.05178159164423211,-1.0299509985105684,-0.26183022298115094,0.5241755867627463,-0.780268127305671,0.8887703188965074,2668937.6452702703
0.03968500336101332,0.10206344535032823,-0.13203462644195071,9.087939195222246,-7.34694193998862,-0.07099679993626035,-0.9975003871181917,-0.2508969634287593,0.5261350815213993,-0.779439819400963,0.8886707242665496,2668942.204391892
-0.019216067599185396,0.14789861793027198,-0.29602362303841995,9.185326498714879,-7.341875684180892,-0.09171807605516329,-0.9637281876075945,-0.23987470579931952,0.5280735629613292,-0.7786079260722732,0.8885705041531591,2668946.7635135134
-0.019116351549647692,0.19671910555678912,-0.4743248779622022,9.254892610002933,-7.303958041383055,-0.11383909466492621,-0.9286844643893264,-0.22876607233272198,0.5299908843989337,-0.7777724423599782,0.8884696580899948,2668951.322635135
0.04574871266779254,0.23770909976758126,-0.6500237058040435,9.294182196021977,-7.233072407063845,-0.13724697309639997,-0.8924330452742749,-0.21757368526885948,0.5318868991506124,-0.7769333633044546,0.8883681856107073,2668955.881756757
-0.012251920165290885,0.27692776120318174,-0.8066686351536855,9.300848693167925,-7.1292989280431325,-0.1618245114605213,-0.855043242129705,-0.2063001668476201,0.5337614605327614,-0.77609068394608,0.8882660862489583,2668960.440878378
-0.0010581945276828318,0.235624985027467,-0.9400942227322794,9.272318768403515,-6.992726788839182,-0.1874538847523113,-0.8165849919387936,-0.19494813930889673,0.535614421861781,-0.77524439932523,0.8881633595384034,2668965.0
-0.005050233386212421,0.17051337275878653,-1.051699247155333,9.2065617125695,-6.823411103820344,-0.2140172679667929,-0.777128231684717,-0.18352022489258057,0.5374456364540688,-0.7743945044822814,0.8880600050126999,2668970.0861486485
0.013593717658247887,0.12393188778852036,-1.13490009022524,9.10296697619888,-6.621386783099329,-0.2413968360989874,-0.7367428983506533,-0.17201904583856212,0.5392549576260235,-0.7735409944576116,0.887956022205505,2668974.6452702703
-0.009077901852458593,0.07781933713032162,-1.1854599322861246,8.962799581834243,-6.386760039021679,-0.26947476414391847,-0.695498928919779,-0.16044722438673176,0.5410422386940421,-0.7726838642915975,0.8878514106504729,2668979.204391892
0.022816239042109776,-0.00941277971325252,-1.1988340171009544,8.787577779191501,-6.120109831594925,-0.29813322709660794,-0.6534662603752712,-0.1488073827769813,0.5428073329745245,-0.7718231090246155,0.8877461698812635,2668983.7635135134
-0.02340827805728975,-0.1102967287827335,-1.164748874387392,8.577679539216595,-5.822632041199163,-0.3272548861781024,-0.6107143434742808,-0.137102143249202,0.5445500937838685,-0.7709587236970419,0.8876402994315323,2668988.322635135
0.006706343105836813,-0.22936234165035535,-1.0681607140755451,8.332206159606349,-5.49572684387695,-0.35672728586562086,-0.5673077457177915,-0.12533412804328495,0.5462703744384727,-0.7700907033492542,0.8875337988349379,2668992.881756757
0.006456568380211604,-0.4629419951969397,-0.9013172994393244,8.049264155160058,-5.140874203713168,-0.38645139038350323,-0.5232976148596602,-0.1135059593991201,0.5479680282547347,-0.7692190430216289,0.8874266676251327,2668997.440878378
0.005514414277356685,-0.6920233366379374,-0.6532388917077926,7.726220176350956,-4.759612002839644,-0.4163358665570616,-0.4787273960527764,-0.1016202595565988,0.5496429085490532,-0.7683437377545425,0.8873189053357796,2669002.0
-0.018677999422534015,-1.0471819067827839,-0.31205462264559947,7.35989339607937,-4.3535069849544,-0.4462907365145493,-0.4336391791470827,-0.08967965075561317,0.5512948686378271,-0.7674647825883725,0.8872105115005309,2669007.0861486485
0.011047427039906717,-1.4634557227116443,0.09737923827772238,6.947030383408465,-3.924159655921863,-0.47622598201220573,-0.38807509436454174,-0.0776867552360534,0.5529237618374541,-0.7665821725634951,0.8871014856530468,2669011.6452702703
0.0005089570380821937,-1.9268817933874767,0.5380868008715067,6.484378684460768,-3.4732050496759204,-0.5060507786581333,-0.34207807807525,-0.06564419523781041,0.5545294414643326,-0.7656959027202871,0.886991827326982,2669016.204391892
0.008621846636560956,-2.3676780129292765,0.9701492215685095,5.96861197332309,-3.0023904822733067,-0.5356723219679463,-0.29569304674179264,-0.053554593000775585,0.5561117608348611,-0.7648059680991249,0.8868815360559928,2669020.7635135134
0.05108576309835011,-2.7180628547512176,1.3442676998560779,5.396357207891298,-2.5138534285376526,-0.5649972613998546,-0.2489654628841595,-0.04142057076483895,0.5576705732654378,-0.763912363740386,0.8867706113737378,2669025.322635135
0.13449999815468625,-2.967134791071576,1.6011596950946543,4.763725456409024,-2.009828359177586,-0.5939322107085536,-0.20194082472585304,-0.029244750769892955,0.5592057320724608,-0.7630150846844465,0.8866590528138737,2669029.881756757
0.09678760614370675,-2.902706558458289,1.68332370978442,4.065941245722937,-1.4925497449017402,-0.6223837792336319,-0.15466463490548402,-0.01702975525582846,0.5607170905723293,-0.762114125971684,0.8865468599100574,2669034.440878378
-0.0076086417423432175,-2.4878878366796724,1.5710773769477187,3.3005431985038056,-0.9642520564187482,-0.6502585763146805,-0.1071823960616634,-0.00477820646253517,0.5622045020814407,-0.7612094826424746,0.8864340321959446,2669039.0
-0.38145269497024764,-1.591354865971267,1.2875276543189362,2.4749818938366164,-0.4271697644372458,-0.6774632112912855,-0.059539610833000835,0.007507273370094402,0.5636678199161939,-0.760301149737195,0.8863205692051929,2669043.0861486485
-1.0287621189053113,-0.23465370106376876,0.8672536078214045,1.599183233011081,0.11646266033413874,-0.703904293503038,-0.011781781858108416,0.01982406200217065,0.5651068973929866,-0.7593891222962221,0.8862064704714592,2669047.6452702703
-2.0993910133253277,1.552646500093645,0.34554394100942687,0.6830731173169119,0.6644107471867694,-0.7294884322895253,0.03604558822440544,0.0321695371938006,0.5665215878282183,-0.7584733953599335,0.8860917355284016,2669052.204391892
-2.900289798936935,3.300084900480642,-0.24231264256269514,-0.2634225519561758,1.2144400254120142,-0.7541222369903378,0.08389699677592877,0.04454107670509547,0.5679117445382856,-0.7575539639687042,0.8859763639096745,2669056.7635135134
-3.1386934335245598,4.480438200154676,-0.8610274393406594,-1.2303778735184718,1.7643160243012423,-0.7777123169450622,0.13172694115785066,0.05693605829616283,0.5692772208395886,-0.756630823162913,0.8858603551489372,2669061.322635135
-2.314900860072062,4.585289590329478,-1.4713342517269994,-2.2078669460802614,2.311804273145818,-0.8001652814932886,0.17948991873156203,0.06935185972711234,0.5706178700485245,-0.7557039679829347,0.8857437087798437,2669065.881756757
-0.3039833983847642,3.3222947355085695,-2.0140614400037524,-3.185959406940666,2.8546703012371086,-0.8213877399746061,0.22714042685845173,0.08178585875805233,0.5719335454814919,-0.7547733934691477,0.8856264243360547,2669070.440878378
2.7766152052629853,0.9947995231853158,-2.410507053382798,-4.154278000989779,3.3906796378664827,-0.8412863017286017,0.2746329628999084,0.09423543314909182,0.5732241004548893,-0.7538390946619278,0.8855085013512247,2669075.0
5.717656477302646,-1.7430713592117302,-2.58027191058388,-5.100142776250821,3.9175978123253072,-0.8597675760948671,0.32192202421732263,0.10669796066034036,0.5744893882851155,-0.7529010666016518,0.8853899393590098,2669080.0861486485
7.232994232352552,-3.987995512440894,-2.4461206039677905,-6.007710007105968,4.433190353904952,-0.8767381724129889,0.3689621081720832,0.11917081905190655,0.5757292622885675,-0.7519593043286971,0.8852707378930689,2669084.6452702703
4.405722165500953,-4.84742841773042,-1.931405990533118,-6.860547703299586,4.935222791896778,-0.8921047000225564,0.41570771212557994,0.13165138608389923,0.5769435757816449,-0.7510138028834392,0.8851508964870572,2669089.204391892
-6.358022273279381,-2.968004571825218,-1.0004875323478808,-7.648297008874477,5.421460655592154,-0.9057739320234984,0.46211349719954176,0.14413703951642806,0.5781321820807457,-0.7500645573062567,0.8850304146746326,2669093.7635135134
5.262330559010956,1.7468927929745448,0.19557626794406877,-8.36221898476898,5.88966947428245,-0.9176558606030057,0.5081373436029603,0.15662515710960154,0.5792949345022674,-0.7491115626375248,0.8849092919894541,2669098.322635135
-3.925345569976074,4.617029059083999,1.4586471683310323,-8.993574691921447,6.3376147772590326,-0.9276708978921987,0.5537475514887573,0.16911311662352807,0.5804316863626101,-0.7481548139176214,0.8847875279651748,2669102.881756757
2.6896671703023016,2.9897496611765773,2.611973311652183,-9.533788259135317,6.763225161678373,-0.9357420200681027,0.5989149850557582,0.18159829581831766,0.5815422909781697,-0.7471943061869225,0.8846651221354528,2669107.440878378
-1.775777193351451,0.04495829826251999,3.5643483801502143,-9.975357440518938,7.165502850001837,-0.9417922033077393,0.6436105085027835,0.19407807245407788,0.5826266016653471,-0.746230034485805,0.8845420740339447,2669112.0
1.1751519998686506,-2.024037849502329,4.245952440918683,-10.31261319434468,7.545283268854817,-0.9457466450849322,0.6878072073254601,0.20654982429092042,0.5836844717405387,-0.7452619938546454,0.884418383194308,2669116.0861486485
0.27265351410765243,-3.2480867053011906,4.5869655610511515,-10.540191137653736,7.9037065036315335,-0.9475395388694379,0.7314871630153447,0.21901092908895103,0.5847157545201439,-0.7442901793338215,0.8842940491502008,2669120.6452702703
-0.35201762831189887,-3.680287016553599,4.522343254430915,-10.654393797520326,8.24160916902831,-0.9471091832961556,0.774636562229136,0.2314587646082813,0.5857203033205608,-0.7433145859637088,0.8841690714352797,2669125.204391892
-0.4138717953614756,-3.4799839562150114,4.028048416103973,-10.659138931215546,8.559366544605583,-0.9443997503426117,0.8172474649661605,0.24389070860901832,0.5866979714581875,-0.7423352087846848,0.8840434495831984,2669129.7635135134
0.11026113595498767,-2.765244308283998,3.1789062055331727,-10.56031189928742,8.85656936885945,-0.9393568526198083,0.8593133718592235,0.25630413885127157,0.5876486122494228,-0.7413520428371256,0.8839171831276157,2669134.322635135
0.16596532304292486,-1.8631782780295694,2.097043587347482,-10.363119353208424,9.131928252905404,-0.9319261027387437,0.9008277835411233,0.268696433095151,0.5885720790106641,-0.7403650831614093,0.8837902716021896,2669138.881756757
0.12940076891223312,-1.0929427702217147,0.9089859740463654,-10.072062993188798,9.383447262622726,-0.9220531133104278,0.9417842006446697,0.28106496910076395,0.5894682250583108,-0.7393743247979117,0.8836627145405754,2669143.440878378
-0.13548637251629148,-0.5836371351787006,-0.27877192723332783,-9.691505299197644,9.608991243649552,-0.909683496945863,0.9821761238026628,0.29340712462822127,0.5903369037087606,-0.7383797627870083,0.8835345114764321,2669148.0
-0.08107550408369048,-0.049042750345743666,-1.4393478254659646,-9.225808751204083,9.806425041624035,-0.8947628662560462,1.0219970536479066,0.305720277437631,0.5911779682784114,-0.7373813921690786,0.8834056619434147,2669152.0861486485
0.03628849558997909,0.4883288597183088,-2.581760806733264,-8.679335829177234,9.973613502184334,-0.8772368338519858,1.0612404908132058,0.3180018052891019,0.5919912720836629,-0.7363792079844979,0.8832761654751816,2669156.6452702703
0.12820224305918435,0.8920839150862295,-3.7116601969230882,-8.056449013086182,10.10842147096857,-0.8570510123446831,1.0998999359313621,0.33024908594274255,0.5927766684409128,-0.7353732052736429,0.8831460216053875,2669161.204391892
-0.0799160230346944,1.0303991092450129,-4.8158024174244405,-7.3615107829000666,10.208713793614917,-0.8341510143451428,1.1379688896351832,0.34245949715866286,0.5935340106665588,-0.7343633790768901,0.8830152298676922,2669165.7635135134
0.044847014726148514,0.9583484041495908,-5.860244236870674,-6.598883618587987,10.27236592208119,-0.8084930587840464,1.175440852557469,0.3546304166969708,0.5942631520770002,-0.7333497244346169,0.8828837897957466,2669170.322635135
-0.09962688166198902,0.8053096951073768,-6.841979801826134,-5.772930000119054,10.29729373537598,-0.7800737916428405,1.212309325331025,0.3667592223177777,0.5949639459886342,-0.7323322363872004,0.8827517009232152,2669174.881756757
0.12315855181219625,0.6565034538460972,-7.779354449968392,-4.888596294784458,10.28137747390035,-0.7488542202954396,1.2485678085886531,0.3788432917811893,0.5956362457178603,-0.7313109099750161,0.8826189627837513,2669179.440878378
-0.055622730492264634,0.5205991533630105,-8.697181537469088,-3.95326854299859,10.222342190101594,-0.7146401641619948,1.2842098029631597,0.39088000284731605,0.5962799045810766,-0.7302857402384422,0.8824855749110136,2669184.0
-0.09639170301121419,0.452848263846651,-9.619862585103204,-2.9753436889688847,10.117912059129035,-0.6772365653646831,1.3192288090873436,0.4028667332762678,0.5968947758946808,-0.729256722217854,0.882351536838655,2669189.0861486485
0.04597300780337302,0.48870326380192486,-10.568438001807747,-1.9644081450409974,9.965963479967225,-0.6366005898609313,1.3536183275940141,0.41480086082815254,0.5974807129750719,-0.7282238509536295,0.8822168481003343,2669193.6452702703
0.07307392285645214,0.5524162086776427,-11.559670710258146,-0.9342575341230227,9.764410952975677,-0.5927275049830756,1.3873718591159716,0.4266797632630794,0.5980375691386475,-0.7271871214861447,0.8820815082297121,2669198.204391892
0.013805778856620054,0.5782104898306957,-12.601862323782274,0.10016665981770452,9.51116897851385,-0.5456125780634522,1.4204829042860205,0.4385008183411579,0.5985651977018067,-0.7261465288557767,0.88194551676044,2669202.7635135134
-0.10348180056604188,0.660915067239492,-13.66713226093061,1.123897302493445,9.204152056941222,-0.49525107643439786,1.452944963736964,0.4502614038224959,0.5990634519809473,-0.725102068102902,0.8818088732261765,2669207.322635135
0.059927413856928714,0.8684094754890751,-14.70472412049864,2.1219672596164276,8.84127468861729,-0.44163826742824946,1.4847515381016079,0.4619588974672032,0.5995321852924679,-0.724053734267898,0.8816715771605799,2669211.881756757
-0.02280387752189864,1.2688032245684187,-15.657610947769879,3.0794093968989085,8.420451373901507,-0.3847694183773404,1.5158961280127528,0.47359067703538843,0.5999712509527666,-0.7230015223911406,0.8815336280973075,2669216.440878378
-0.03242837485923876,1.7042000257072454,-16.500190588759317,3.9812565800531132,7.939596613153388,-0.3246397966140093,1.5463722341032025,0.4851541202871609,0.6003805022782426,-0.7219454275130072,0.8813950255700127,2669221.0
0.060702184806809965,2.125357025607122,-17.2293122880724,4.812541674791297,7.3966249067323915,-0.2612446694705916,1.5761733570057626,0.49664660498262936,0.6007597925852929,-0.720885444673874,0.8812557691123545,2669225.0861486485
-0.03747252523648105,2.5239858668138555,-17.851005196484202,5.558297546825716,6.789450754998001,-0.1945793042794272,1.6052929973532364,0.5080655088819033,0.6011089751903169,-0.7198215689141187,0.881115858257992,2669229.6452702703
0.060368338894566886,2.944665587094356,-18.361353030587278,6.20361072106964,6.115934999108662,-0.12463896837284284,1.6337246557784277,0.51940820974509,0.601427903409712,-0.7187537952741166,0.8809752925405769,2669234.204391892
-0.12921535228920833,3.462020215054583,-18.7364925244404,6.733519741043288,5.373986461615873,-0.05141892908318288,1.6614618329141397,0.5306720853322999,0.6017164305598776,-0.7176821187942464,0.8808340714937689,2669238.7635135134
0.10258899102856378,3.9955084611494387,-18.93730782832023,7.1321089695527595,4.563011160848669,0.025085546257215527,1.6884980293931753,0.5418545134036428,0.6019744099572112,-0.7166065345148827,0.8806921946512272,2669243.322635135
0.058832322219001906,4.547570400601663,-18.92559105007456,7.383948555313506,3.6847285584752805,0.1048791903160214,1.7148267458483384,0.5529528717192259,0.6022016949181114,-0.7155270374764041,0.8805496615466071,2669247.881756757
-0.10627916750966508,4.991661459549861,-18.673649203435225,7.476090786655157,2.742203293680824,0.18796673576089576,1.7404414829124328,0.5639645380391584,0.6023981387589767,-0.7144436227191866,0.880406471713565,2669252.440878378
0.011236180623344845,5.527716225349623,-18.15118957402052,7.397274270567277,1.7418253300873927,0.2743529152595062,1.7653357412182624,0.5748868901235507,0.6025635947962054,-0.7133562852836071,0.880262624685757,2669257.0
0.0547708265948127,6.003135489491634,-17.322843670919326,7.139426267381453,0.6941101961145754,0.36404246147951047,1.7895030213986314,0.5857173057325105,0.6026979163461954,-0.7122650202100415,0.880118119996838,2669261.0861486485
-0.01932952943108992,6.25760485316089,-16.160790917738215,6.69944091526471,-0.38679859301751246,0.45704010708857434,1.8129368240863422,0.5964531626261466,0.6028009567253452,-0.7111698225388673,0.8799729571804682,2669265.6452702703
0.03709337344034703,6.33878178541149,-14.639575205736534,6.083360791957389,-1.4860219226089313,0.5533505847543633,1.8356306499141997,0.6070918385645696,0.6028725692500537,-0.7100706873104622,0.8798271357703078,2669270.204391892
-0.07743321306610577,6.167019225221538,-12.723842546246551,5.308606134518676,-2.5886806779597262,0.6529786271445421,1.8575779995150072,0.6176307113078869,0.6029126072367188,-0.708967609565201,0.8796806553000068,2669274.7635135134
-0.08541010104707893,5.739498481554329,-10.380745396023274,4.4045303192667165,-3.6798957443699485,0.7559289669267691,1.8787723735215676,0.6280671586162074,0.6029209246498889,-0.7078605849916124,0.8795335153032261,2669279.322635135
0.14321861953391427,4.935235437865333,-7.591937504475943,3.403021718548588,-4.744788007139653,0.862206336768715,1.8992072725666842,0.6383985582496415,0.6028973787211144,-0.7067496125452238,0.8793857153136221,2669283.881756757
-0.021245864942474255,3.5971580057489296,-4.3927129254968795,2.3359687047113735,-5.768478351568881,0.9718154693380335,1.9188761972831632,0.6486222879682969,0.602841830027697,-0.7056346945273165,0.8792372548648495,2669288.440878378
0.01832219975659492,1.954026766619523,-0.892383950650612,1.2352596501021589,-6.7360876629577,1.084761097302402,1.937772648303806,0.6587357255322815,0.6027541398213406,-0.7045158339135715,0.8790881334905686,2669293.0
0.20288029837442623,0.0877455561701387,2.78917414370924,0.1327829270680222,-7.632736826606144,1.2010479533294751,1.955890126261417,0.6687362487017076,0.6026341693537464,-0.7033930336796699,0.8789383507244329,2669298.0861486485
0.06347698333592036,-2.0339822134126053,6.5297564370538685,-0.9395730920439446,-8.443546727814272,1.3206807700869183,1.9732221317888,0.6786212352366829,0.602481779876618,-0.7022662968012932,0.8787879061001009,2669302.6452702703
0.11572393035544093,-4.3133016533963415,10.233859409019262,-1.9499200348866668,-9.153638251882139,1.443664280242397,1.9897621655187563,0.6883880628973147,0.6022968326416579,-0.7011356262541207,0.8786367991512308,2669307.204391892
-0.05889508581366821,-7.051286652257861,13.89233021741158,-2.8663695291130593,-9.748132284109793,1.5700032164635755,2.005503728084094,0.698034109443713,0.6020791889005696,-0.7000010250138367,0.8784850294114781,2669311.7635135134
-0.914747946176718,-10.191384855910709,17.593003433232383,-3.657033202376037,-10.212149709797272,1.6997023114181102,2.020440320117613,0.7075567526359872,0.6018287099050552,-0.6988624960561208,0.8783325964144995,2669316.322635135
0.9206374637760222,-13.43486043814589,21.410666159845675,-4.290022682328521,-10.530811414244646,1.8327662977736736,2.0345654422521178,0.7169533702342457,0.6015452569068177,-0.6977200423566543,0.8781794996939498,2669320.881756757
0.8486708617126306,-16.23518112316529,25.265919447867965,-4.7334495966234265,-10.689258518762495,1.9692201442084665,2.0478725951204124,0.7262213399985974,0.6012286911575594,-0.6965736668911182,0.8780257387834893,2669325.440878378
-1.4341773874072046,-18.38873645034331,28.84580551579668,-4.955425572913669,-10.672511058946917,2.1089677336861925,2.060355279355302,0.7353580396891526,0.6008788739089835,-0.6954233726351933,0.8778713132167761,2669330.0
1.4111465101921392,-19.66889803842585,31.391166232684807,-4.921792871086368,-10.467070555143835,2.2511250661545956,2.0720069955895877,0.7443608470660186,0.6004956664127931,-0.6942691625645623,0.8777162225274668,2669335.0861486485
2.1871983122152447,-20.862654831838086,31.518014658563718,-4.589644212249649,-10.069096865949575,2.394606111804767,2.0828212444560723,0.7532271398893057,0.60007892992069,-0.6931110396549047,0.8775604662492078,2669339.6452702703
-4.028982535926919,-22.463958252998555,27.85218828909233,-3.9374164322528618,-9.482307380559831,2.5383248408277965,2.092791526587564,0.7619542959191221,0.5996285256843776,-0.6919490068819023,0.8774040439156742,2669344.204391892
6.209411984823335,-21.130002015697713,19.302348480596265,-3.0330813127104714,-8.719828685346682,2.681195223414788,2.1019113426168636,0.7705396929155767,0.5991443149555588,-0.6907830672212373,0.8772469550605078,2669348.7635135134
10.860440318641821,-13.51850812675867,5.8210867857440665,-1.9669123886071904,-7.796943941740343,2.822131229756834,2.110174193176777,0.778980708638778,0.5986261589859361,-0.6896132236485893,0.8770891992173716,2669353.322635135
15.082258551214483,0.7124086002340327,-9.829954077544441,-0.8291831949277224,-6.7289363111710285,2.960046830045037,2.1175735789001027,0.7872747208488359,0.598073919027212,-0.6884394791396411,0.876930775919919,2669357.881756757
-21.481095369231532,17.90703428230658,-23.71416118450135,0.28983273334322224,-5.5310889550689515,3.0938559944704878,2.124103000419649,0.7954191073058599,0.5974874563310897,-0.6872618366700718,0.8767716847018204,2669362.440878378
15.918358962493238,25.254241564655974,-32.038767795491914,1.299861861220941,-4.218685034864331,3.2224726932242884,2.1297559583682184,0.8034112457699578,0.5968666321492723,-0.6860802992155649,0.8766119250967107,2669367.0
34.488336993914416,17.778205252551743,-32.66100467555622,2.1143307559869196,-2.8070077119873686,3.3448108964975303,2.1345259533786107,0.8112485140012392,0.5962113077334619,-0.6848948697517998,0.8764514966382537,2669371.0861486485
-1.1593810713319395,-2.4553426031439574,-25.904747778675787,2.665549972160981,-1.311340147868288,3.459784574481311,2.1384064860836363,0.8189282897598125,0.5955213443353615,-0.6837055512544594,0.8762903988601236,2669375.6452702703
-3.5560186057705256,-22.823675415114664,-12.65689063408626,2.905864479223528,0.2530344960626966,3.566307697366733,2.141391057116095,0.8264479508057867,0.5947966032066738,-0.682512346699223,0.8761286312959565,2669380.204391892
-39.369657387293636,-23.91274261833248,5.2581778784592625,2.7950647090284777,1.8674711741754584,3.6632942353448947,2.1434731671087883,0.8338048748992725,0.5940369455991016,-0.6813152590617734,0.8759661934794223,2669384.7635135134
34.43815680942776,1.4180758691179007,22.090270359099037,2.3087558161011463,3.4975101181684547,3.7496581586068713,2.1446463166945278,0.8409964398003761,0.5932422327643477,-0.6801142913177902,0.8758030849441469,2669389.322635135
-22.746051006903993,21.111185841056077,30.387181912693592,1.4369567241290016,5.094277790577997,3.8243134373437857,2.1449040065061076,0.8480200232692088,0.5924123259541147,-0.6789094464429564,0.8756393052238526,2669393.881756757
-21.940594288409855,17.039766019523896,24.915487495398978,0.22513465954886414,6.5979580324966784,3.886174041746723,2.1442397371763393,0.8548730030658778,0.591547086420106,-0.6777007274129515,0.8754748538521449,2669398.440878378
24.41562990944298,-12.575980123428701,10.085487191486893,-1.0923226037722624,7.937836862809338,3.9341539420067817,2.1426470093380194,0.8615527569504935,0.5906463754140234,-0.6764881372034581,0.8753097303626877,2669403.0
-32.30577815157477,-15.293327396324266,-7.281587632741992,-2.228664265400885,9.035342955139976,3.967167108315055,2.1401192004153846,0.8680567858917353,0.5897100541875699,-0.6752716787901569,0.875143934289145,2669408.0861486485
42.44043682235208,6.950236623410467,-20.602102874127308,-2.8884290081695445,9.803194466378612,3.9841275108626437,2.1366490042806343,0.8743832744103188,0.5887379839924486,-0.6740513551487286,0.874977465165169,2669412.6452702703
-49.32019508576451,12.174271621712935,-24.2428134820696,-2.81448756038046,10.192441598884939,3.9839476448671554,2.1322297036998656,0.8805312931065458,0.5877300260803627,-0.672827169254855,0.8748103225244179,2669417.204391892
50.94664265337297,0.5306207218298495,-15.383619707209121,-1.888501939358602,10.195762473746605,3.9656321906169443,2.126862993590331,0.8865001032984708,0.5866860417030142,-0.6715991240842175,0.8746425059005496,2669421.7635135134
-49.41525324278106,-11.126926837224673,-1.4409087746897162,-0.39025750101829493,9.815141639824736,3.928740122922388,2.120562535479512,0.892289286567075,0.585605893698209,-0.6703672241985988,0.8744740148272107,2669426.322635135
47.98600459389468,-7.826005134673575,9.387869340270106,1.3029736373756688,9.052233318489856,3.8735822201048453,2.1133434128181183,0.8978997055450382,0.5844894512481633,-0.6691314805041947,0.8743048488380765,2669430.881756757
-48.335859163635746,7.718596961730499,15.097628146138792,2.813919358558581,7.908528301475822,3.8006326901222582,2.1052203887939234,0.903332543127966,0.5833365851211965,-0.6678919054933029,0.8741350074668082,2669435.440878378
38.01145914428182,13.71407302109666,15.186417196392211,3.78568008669453,6.3936733705284094,3.7103657409325383,2.096208226594707,0.9085889822114646,0.5821471660856279,-0.6666485116582209,0.8739644902470376,2669440.0
52.21236992292252,5.353104129959773,9.76937364583299,4.007231673867999,4.557154015099526,3.603255580493623,2.0863216894082566,0.9136702056911354,0.5809210649097762,-0.6654013114912468,0.8737932967124258,2669444.0861486485
-53.32398779568614,-9.98574719971034,1.8579130261791592,3.5427849597739662,2.4881493079278285,3.4797764167634395,2.075575540422343,0.9185773964625895,0.5796581523619612,-0.6641503174846776,0.8736214263966453,2669448.6452702703
52.86637640095734,-18.64516557337107,-4.805347403762125,2.510221635754023,0.2937674799694824,3.340402457699906,2.063984542824749,0.9233117374214279,0.5783582992105021,-0.6628955421308109,0.8734488788333657,2669453.204391892
-51.009430654789156,-16.43381822683417,-7.2960131746857115,1.0247447905100522,-1.9162046351796658,3.1856079112609628,2.051563459803256,0.9278744114632578,0.5770213762237174,-0.6616369979219441,0.8732756535562105,2669457.7635135134
-37.60200225211067,-5.613267858882969,-6.065903977766349,-0.7460997422617263,-4.031980203923743,3.0158669854045272,2.038327054545641,0.9322666014836846,0.5756472541699273,-0.6603746973503763,0.8731017500988492,2669462.322635135
11.331312926872238,8.464491044047275,-2.805774875289393,-2.417974577166937,-5.943772392666903,2.8316538880885336,2.0242900902396874,0.9364894903783113,0.5742358038174505,-0.6591086529084037,0.8729271679949311,2669466.881756757
40.67810598674944,19.625118466288423,0.6649078803407653,-3.5288113961697958,-7.5417943678132815,2.633442827270909,2.00946733007317,0.9405442610427457,0.5727868959346064,-0.6578388770883253,0.872751906778129,2669471.440878378
29.42494457606748,22.759084848215704,2.5364338619424873,-3.6255506526129824,-8.717006349611307,2.421708010909576,1.9938735372338718,0.9444320963725926,0.571300401289714,-0.656565382382437,0.872575965982092,2669476.0
-32.30648706451923,15.521819005882449,1.6535137299305371,-2.458778904130638,-9.39205750940035,2.1969236469624702,1.9775234749095723,0.9481541792634558,0.5697761906510933,-0.6552881812830377,0.8723993451404756,2669480.0861486485
28.338467314505632,-2.4330223823759187,-0.5386339018380847,-0.5876965362436251,-9.605147015219297,1.95956394338751,1.960431906288052,0.9517116926109427,0.5682141347870622,-0.654007286282424,0.8722220437869375,2669484.6452702703
-25.18696656310222,-19.086780144677327,-1.9486353528138003,1.230127766762419,-9.423292290183362,1.7102206275051532,1.942613594557086,0.9551058193106576,0.5666141044659404,-0.652722709872895,0.8720440614551477,2669489.204391892
23.68484881461349,-18.902805160003695,-1.0141147913846587,2.382336432202885,-8.913953711695786,1.4499283809238674,1.9240833029044564,0.9583377422582054,0.564975970456048,-0.651434464546748,0.8718653976787327,2669493.7635135134
14.193160854447589,-2.7586412478053965,1.5535450383062284,2.777837508778122,-8.144600683874135,1.1797309119664452,1.904855794517949,0.9614086443491919,0.5632996035257025,-0.6501425627962794,0.8716860519913737,2669498.322635135
-25.437486490379996,11.759584983473541,3.6604672097550766,2.447269880089876,-7.175082897646057,0.9006448057936326,1.8849458325853328,0.9643197084792229,0.5615848744432252,-0.6488470171137879,0.8715060239267217,2669502.881756757
26.777729099645686,6.34699533858533,3.3876075597424995,1.4633040266622153,-6.045691183637198,0.6136866475661612,1.8643681802943946,0.967072117543903,0.5598316539769338,-0.6475478399915711,0.87132531301844,2669507.440878378
-26.671517408682,-6.973592927125936,0.3886265748366872,0.1766360905712196,-4.8323697816831,0.31987302244478166,1.843137600832912,0.9696670544388365,0.5580398128951484,-0.6462450439219269,0.871143918800175,2669512.0
-1.1034507594514589,-4.4558488151106115,-4.55577944172156,-1.0055941352939983,-3.6218744314287155,0.020220515590226782,1.821268857388662,0.9721057020596312,0.5562092219661873,-0.6449386413971517,0.8709618408055777,2669517.0861486485
21.651660144230956,4.170612558748581,-7.6136986366859425,-1.684666341240496,-2.496530965878014,-0.2842542878367627,1.7987767131494272,0.9743892433018918,0.5543397519583703,-0.6436286449095444,0.8707790785683206,2669521.6452702703
-19.08903337264351,3.1487657988759663,-4.885811946286938,-1.5935737143302,-1.5142556802079643,-0.5925348026754437,1.7756759313029884,0.9765188610612207,0.552431273640017,-0.6423150669514027,0.8705956316220645,2669526.204391892
18.60723705550656,-3.897141170822951,1.9242673688850953,-0.9352852658376222,-0.692204881094427,-0.9036044437650808,1.7519812750371258,0.9784957382332263,0.5504836577794456,-0.640997920015023,0.8704114995004416,2669530.7635135134
-11.884844966841907,-0.8592520050177946,8.360584546847305,-0.06504562446028767,-0.002563216718127352,-1.2164466259449311,1.7277075075396175,0.9803210577135123,0.5484967751449759,-0.6396772165927045,0.8702266817371339,2669535.322635135
-24.34939398983007,5.219000426058793,10.647397895797932,0.6523301442962677,0.5920551015482294,-1.530044764054252,1.7028693919982407,0.9819960023976846,0.546470496504928,-0.6383529691767434,0.8700411778657812,2669539.881756757
27.977578621100182,2.6798816639825778,6.5893690678702,0.9323437263843058,1.1297881704314714,-1.8433822729323084,1.6774816916007795,0.98352175518135,0.5444046926276191,-0.6370251902594389,0.8698549874200511,2669544.440878378
-29.94831683775735,-6.742278830443219,-0.7899411039951821,0.8211847449547298,1.6423623876891655,-2.1554425674183526,1.6515591695350058,0.9848994989601121,0.5422992342813705,-0.6356938923330873,0.8696681099335936,2669549.0
-7.140114745785754,-6.744778397154085,-7.404752369999251,0.47895449783561933,2.128661535959041,-2.4652090623516503,1.625116588988708,0.9861304166295752,0.5401539922344998,-0.6343590878899863,0.869480544940077,2669553.0861486485
27.434213391287848,0.014823756060296624,-10.767521486144803,0.05882000522217605,2.594503675511694,-2.77166517257146,1.5981687131496616,0.9872156910853468,0.5379688372553272,-0.6330207894224343,0.8692922919731448,2669557.6452702703
-24.2696392311744,6.565800068373111,-11.13773186325604,-0.2984812081712158,3.0497956688678,-3.073794312917043,1.5707303052056478,0.9881564592042947,0.5357436861309082,-0.6316790094227293,0.8691033505664553,2669562.204391892
-1.9428632389015843,5.943756078082833,-9.19968621091643,-0.5079305969049276,3.5044443785480235,-3.370579898227658,1.5428161283444475,0.9889536737883391,0.533478639723246,-0.6303337603831674,0.8689137202536699,2669566.7635135134
18.090618014007408,0.5426433696662233,-5.256789737880314,-0.5792756030275572,3.9653571359236133,-3.661005343342563,1.5144409457538357,0.9896082416206641,0.531173844913082,-0.6289850547960469,0.8687234005684474,2669571.322635135
-16.16038412013237,-3.8281900351400378,-0.6309807902241544,-0.5324040746649809,4.427225472091374,-3.944054063101019,1.485619520621596,0.9901210694844563,0.5288294485811548,-0.6276329051536669,0.8685323910444397,2669575.881756757
15.33718154719376,-3.6512636533921907,3.2949757885688755,-0.38396120408725326,4.881498262292291,-4.2187094723422875,1.4563666161355067,0.9904930641628998,0.5264455976082049,-0.6262773239483228,0.8683406912153067,2669580.440878378
-6.637478567215957,-0.4189592772978926,5.739365001883462,-0.15288481989060773,5.321917018093528,-4.483954985905625,1.426696995483347,0.9907251241407175,0.5240224471734325,-0.6249183236723138,0.8681483006147023,2669585.0
-17.25244038184063,1.7089323847841271,6.960908404532699,0.14125967132798672,5.74285082906298,-4.738774018630294,1.3966254218528986,0.9908181060662362,0.5215601942924354,-0.6235559168179371,0.867955218776291,2669590.0861486485
20.108897448103395,0.28115816891263357,7.279404840717691,0.4805877659033039,6.1386687847685595,-4.982149985355555,1.3661666584319374,0.990772823719098,0.5190590788494991,-0.6221901158774895,0.8677614452337085,2669594.6452702703
-23.981230725016204,-0.7507189184360558,6.308739944537927,0.8435109922701547,6.503739974778167,-5.213066300920667,1.3353354684082488,0.9905900822363781,0.516519349371467,-0.6208209333432705,0.8675669795206468,2669599.204391892
-8.41914107619466,0.050160959577212616,3.7946854626690296,1.168411463287281,6.832433488659702,-5.430506380164889,1.3041466149696082,0.9902706867551637,0.5139412543851825,-0.6194483817075759,0.8673718211707365,2669603.7635135134
31.999568505111178,0.49769889065079337,0.5334551850160273,1.3832437121864447,7.1191184159810765,-5.633453637927477,1.2726148613037922,0.989815442412534,0.5113250424174877,-0.6180724734627047,0.8671759697176423,2669608.322635135
-34.655902858971686,-0.5092418631891803,-2.4166102844277013,1.4152585233220887,7.358867595187521,-5.820891489047698,1.2407549705985883,0.9892251543455707,0.5086709619952258,-0.6166932211009539,0.8669794246950155,2669612.881756757
-6.653554342234884,-0.4030833237469807,-3.732429761919738,1.1882653607849456,7.550276278857407,-5.991884442234225,1.2085817060417714,0.9885006276913562,0.5059792616452391,-0.6153106371146213,0.8667821856365225,2669617.440878378
36.26830761743875,0.3116858014993232,-3.186074343069049,0.6524608698873429,7.695507081604648,-6.145855320336495,1.176109830821121,0.9876426675869706,0.5032501898943716,-0.6139247339960037,0.8665842520758152,2669622.0
-35.94411283984825,0.6337850578769816,-1.5670149309641193,-0.11886565212391785,7.797587761747078,-6.282465765153509,1.1433541081244198,0.9866520791694965,0.5004839952694663,-0.6125355242374005,0.8663856235465404,2669627.0861486485
-18.935549312298004,-0.12021810809867756,0.2008369384138356,-1.001492437992711,7.859701774353972,-6.401533115235717,1.1103293011394442,0.985529667576016,0.4976809262973646,-0.611143020331108,0.8661862995823791,2669631.6452702703
34.94278528258011,-0.6633374406436843,1.428965178898953,-1.8658636602396739,7.8852239180902375,-6.5030660527291895,1.077050173053978,0.9842762379436104,0.4948412315049107,-0.6097472347694244,0.8659862797169723,2669636.204391892
-34.71683129410471,0.12742289195427361,1.5136726175766322,-2.5966286591836107,7.8777334389984075,-6.587277707157626,1.0435314870557917,0.982892595409361,0.4919651594189478,-0.6083481800446465,0.8657855634839602,2669640.7635135134
-14.048053176159701,0.6398989218550247,0.7885291048129669,-3.1511111039550963,7.840985997718843,-6.654557622642556,1.0097880063326747,0.9813795451103497,0.4890529585663175,-0.6069458686490734,0.8655841504170433,2669645.322635135
34.705468055066646,0.3257463077755687,-0.07151188976728437,-3.564254461959299,7.778780937218173,-6.705339025631779,0.9758344940724044,0.9797378921836567,0.48610487747386366,-0.6055403130750016,0.8653820400498462,2669649.881756757
-34.564410502965856,-0.5595848541268731,-0.6384043551687621,-3.886855858220505,7.694919745954187,-6.740057288064242,0.9416857134627571,0.9779684417663659,0.4831211646684288,-0.6041315258147293,0.8651792319160198,2669654.440878378
-19.56961807259411,-0.5251970672886344,-0.6545118355683032,-4.163491943200543,7.593203912384649,-6.759147781878889,0.9073564276915151,0.9760719989955577,0.48010206867685606,-0.6027195193605536,0.8649757255492466,2669659.0
33.90193620502803,0.05255839291144213,-0.27272144135897136,-4.409484110385549,7.477434924967336,-6.763047741426315,0.8728632623581126,0.9740493690083132,0.477047838025989,-0.6013043062047728,0.8647715204831763,2669663.0861486485
-33.67937164019854,0.5008566910438693,0.18231269103210204,-4.6221753382316795,7.351414272160033,-6.7521976714483385,0.8382261134532006,0.9719013569417125,0.4739587212426695,-0.5998858988396846,0.8645666162514406,2669667.6452702703
-18.203285119852506,0.12473717904210554,0.4400031207941548,-4.820475946694859,7.2189434424205166,-6.727025540985344,0.8034523412659937,0.9696287679328414,0.4708349668537408,-0.5984643097575856,0.8643610123877354,2669672.204391892
33.95550051330793,-0.35976024335229767,0.4315895170027679,-5.025571172245908,7.083823924206551,-6.687963380406175,0.7685533674141798,0.9672324071187804,0.4676768233860457,-0.5970395514507746,0.8641547084256956,2669676.7635135134
-34.42046171624044,-0.1253891897718212,0.1464922501901584,-5.199861716673253,6.949857205975926,-6.635440738230475,0.7335381316662335,0.9647130796366082,0.4644845393664281,-0.5956116364115488,0.8639477038989734,2669681.322635135
-18.057836804744262,0.32303857433306754,-0.2560049338423752,-5.290845484492969,6.820844776186411,-6.569883485699246,0.6984118965119961,0.9620715906234085,0.4612583633217292,-0.5941805771322062,0.8637399983412414,2669685.881756757
35.397363699363936,0.20263579894990247,-0.5393917836101116,-5.246847685110926,6.6997839592500315,-6.491716833496378,0.6631792638841884,0.9593087452162623,0.45799854377879357,-0.5927463861050435,0.8635315912861314,2669690.440878378
-35.59259552244454,-0.5127001511096843,-0.5914441097695592,-5.0100838099370275,6.5864545789961255,-6.401365992305756,0.6278448357155325,0.9564253485522515,0.4547053292644634,-0.5913090758223593,0.8633224822673338,2669695.0
-11.926067257446547,-0.6141594311093072,-0.3980171548943392,-4.521659387996236,6.479828917609654,-6.299256172811265,0.5924132139387521,0.953422205768459,0.45137896830558116,-0.589868658776451,0.8631126708184946,2669700.0861486485
35.35512878951316,-0.08090757737389155,-0.04577436662622807,-3.77774460021653,6.37887841287592,-6.1858125856967945,0.5568890004865682,0.9503001220019633,0.44801970942899055,-0.5884251474596159,0.8629021564732461,2669704.6452702703
-35.1926435150683,0.6614389129041006,0.3512033521350538,-2.8150437827422747,6.282574502580223,-6.061460441646229,0.5212767972917008,0.94705990238985,0.4446278011615341,-0.586978554364152,0.8626909387652723,2669709.204391892
-16.356689724216857,0.7176719681528484,0.6886758052903263,-1.677179984615933,6.189879754512457,-5.926616081348053,0.4855812062868761,0.9437023520691967,0.44120349203005516,-0.5855288919823571,0.8624790172282314,2669713.7635135134
35.21177262828839,0.31316916123798305,0.9168123898731433,-0.40752151169703443,6.09972125648091,-5.781660365509129,0.44980682940481104,0.9402282761770862,0.43774703056139624,-0.5840761728065283,0.8622663913957552,2669718.322635135
-35.37233475755925,-0.039232952361260245,1.0369268267886653,0.9519447898972991,6.01101722629846,-5.626965284840927,0.4139582685782331,0.936638479850601,0.43425866528240026,-0.582620409328964,0.8620530608015397,2669722.881756757
-21.14689902498445,-0.3734897985215923,1.062689380536318,2.3612483550296144,5.922685881777975,-5.462902830054902,0.3780401257398584,0.9329337682268234,0.4307386447199103,-0.5811616140419602,0.8618390249791992,2669727.440878378
35.61165888684276,-0.5780964598140206,1.0096117275754113,3.7818756592422162,5.833645440732342,-5.289844991862525,0.34205700282241275,0.9291149464428335,0.4271872174007692,-0.5796997994378169,0.8616242834624153,2669732.0
-35.493824138815675,-0.6075938915800451,0.907160794948337,5.17442597783284,5.742814120974441,-5.108163760975256,0.3060135017586163,0.9251828196357131,0.4236046318518201,-0.5782349780088306,0.8614088357848341,2669736.0861486485
-16.33239555022197,-0.09536617036015478,0.7763794362526227,6.496627112267248,5.649110140317141,-4.9182311281045585,0.2699142244811916,0.9211381929425444,0.4199911365999055,-0.5767671622472987,0.8611926814801212,2669740.6452702703
34.70476541214736,0.5382266734168801,0.5666409532521798,7.703493161947398,5.551451716573325,-4.720419083961896,0.23376377292286263,0.9169818715004074,0.4163469801718684,-0.5752963646455189,0.8609758200819361,2669745.204391892
-34.16546411375056,0.6397672908040203,0.21298941839356725,8.745285395677207,5.448757067555874,-4.515099619258734,0.19756674901634844,0.9127146604463863,0.41267241109455194,-0.5738225976957896,0.8607582511239179,2669749.7635135134
-11.276579631230188,-0.16198183090078216,-0.32948650906694305,9.563987300477514,5.339944411077661,-4.302644724706533,0.1613277546943701,0.9083373649175617,0.4089676778947992,-0.5723458738904074,0.8605399741397405,2669754.322635135
33.058836871643585,-0.7916006417687974,-1.0514100492943457,10.097392164910035,5.223931964951567,-4.083426391016754,0.1250513918896514,0.9038507900510125,0.4052330290994533,-0.5708662057216712,0.8603209886630567,2669758.881756757
-32.49156425048155,-0.5841598220799467,-1.8866194667966873,10.295428709375635,5.099637946990471,-3.8578166089008694,0.08874226253491577,0.8992557409838247,0.4014687132353557,-0.5693836056818768,0.8601012942275154,2669763.440878378
-1.0462226603325488,0.01577487326431987,-2.574127906517721,10.122352445942521,4.9663002957717755,-3.6261873690703337,0.052404968562882875,0.8945530228530764,0.39767497882935177,-0.5678980862633239,0.8598808903667893,2669768.0
30.755318105723013,0.6157378342883433,-2.872300426261921,9.54414948519635,4.8244358329310035,-3.3889106622366136,0.016044111906274968,0.8897434407958511,0.3938520744082822,-0.5664096599583086,0.8596597766145161,2669772.0861486485
-29.157683038265393,1.1216557131895692,-2.6041811389960143,8.538500799530318,4.674881100868201,-3.1463584791111727,-0.02033570550218557,0.88482779994923,0.39000024849899056,-0.5649183392591293,0.8594379525043773,2669776.6452702703
5.4449830442338945,1.461832011651619,-1.6522423199432894,7.131145691625867,4.518472641983416,-2.8989028104054744,-0.0567298817297776,0.8798069054502954,0.38611974962832035,-0.563424136658084,0.8592154175700103,2669781.204391892
23.905258567684257,0.642441592992095,-0.01167273175651145,5.368238452028167,4.356046998676699,-2.6469156468309816,-0.09313381484377782,0.8746815624361264,0.3822108263231142,-0.5619270646474693,0.8589921713450707,2669785.7635135134
-20.417913151688353,-1.3976005646860286,1.9044444251968333,3.329534992449207,4.188440713348094,-2.3907689790991586,-0.129542902911466,0.8694525760438079,0.37827372711021473,-0.5604271357195831,0.8587682133632278,2669790.322635135
2.1308689222017976,-1.7067969223822717,3.557855109552374,1.1014449848405359,4.016490328397656,-2.1308347979214672,-0.1659525440001181,0.8641207514104196,0.3743087005164644,-0.5589243623667239,0.8585435431581254,2669794.881756757
14.014171238586957,-0.18326287774196967,4.5586335836536005,-1.2366084790548304,3.841032386225424,-1.8674850940093721,-0.20235813617701337,0.8586868936730421,0.37031599506870816,-0.5574187570811886,0.8583181602634332,2669799.440878378
-12.550981031980328,1.6252044894584712,4.454218984410894,-3.6073254212500037,3.6629034292314526,-1.601091858074336,-0.23875507750943087,0.8531518079687593,0.3662958592937866,-0.5559103323552748,0.8580920642127989,2669804.0
-6.785642114778828,0.677529965696692,2.9415936738532804,-5.934912759299465,3.482939999815783,-1.3320270808278232,-0.2751387660646467,0.847516299434651,0.36224854171854437,-0.5543991006812813,0.8578652545398852,2669809.0861486485
14.820592425182264,-1.1224576517453577,0.4866659645417956,-8.14395796236361,3.301978640378471,-1.0606627529812953,-0.31150459990994106,0.8417811732078008,0.3581742908698231,-0.5528850745515039,0.857637730778347,2669813.6452702703
13.731210582807696,-1.1893325921347986,-2.251790123601905,-10.159049520328306,3.120855893319562,-0.787370865246217,-0.34784797711258947,0.8359472344252876,0.35407335527446665,-0.5513682664582418,0.8574094924618375,2669818.204391892
-22.55307729324635,-0.08592692687908941,-4.656475662267262,-11.904775923079423,2.9404083010391022,-0.5125234083340516,-0.3841642957398718,0.8300152882241948,0.3499459834593172,-0.5498486888937918,0.8571805391240227,2669822.7635135134
6.960120106937673,0.7857623106868503,-6.279177002477626,-13.305725660502832,2.7614724059371407,-0.23649237295626288,-0.42044895385906617,0.8239861397416043,0.34579242395121856,-0.548326354350452,0.8569508702985453,2669827.322635135
31.940412610258495,0.6719235553773978,-6.774152410386819,-14.286487222484405,2.5848847504137225,0.04035025017568711,-0.45669734953744995,0.8178605941145964,0.3416129252770128,-0.5468012753205198,0.8567204855190789,2669831.881756757
-35.879700050317055,-0.5062867397619375,-6.023704121900991,-14.783187753456929,2.4114818768688995,0.3176324703503342,-0.49290488084230133,0.8116394564802532,0.3374077359635433,-0.5452734642962926,0.8564893843192711,2669836.440878378
-5.798881586925873,-0.36861103679021506,-4.405549399804448,-14.787122606172158,2.241898923108165,0.5949822968562144,-0.5290669458408988,0.8053235319756572,0.3331771045376524,-0.5437429337700678,0.8562575662327642,2669841.0
41.01222686693424,0.38605760122603505,-2.348300851062934,-14.337190967490107,2.075976227595036,0.8720277389818644,-0.5651789426005199,0.7989136257378882,0.32892127952618416,-0.5422096962341453,0.8560250307932423,2669845.0861486485
-42.398599453067774,0.4497517045171033,-0.24561505037987102,-13.481348890547167,1.9133960003435788,1.1483968060158216,-0.6012362691884433,0.7924105429040301,0.3246405094559801,-0.5406737641808194,0.8557917775343579,2669849.6452702703
-21.158661891214656,-0.2550040377080323,1.632205848514251,-12.267563247515982,1.7538431488330497,1.4237256288177023,-0.6372343236719463,0.7858150886111619,0.3203350428538845,-0.5391351501023903,0.8555578059897513,2669854.204391892
43.75673835770056,-0.7092013185232876,3.2520279246821664,-10.743800910569208,1.5969700134120965,1.6976829053777218,-0.6731685041183074,0.779128067996367,0.3160051282467394,-0.5375938664911541,0.8553231156930924,2669858.7635135134
-44.080987116104524,-0.12736862303509167,4.642300264208498,-8.958028751879487,1.4424204894731878,1.9699457786422776,-0.7090342085948041,0.7723502861967261,0.3116510141613881,-0.5360499258394101,0.8550877061780218,2669863.322635135
-32.17346676104501,0.8475087943607424,5.8594247610999295,-6.958213643619492,1.2898383915625165,2.2401914724040544,-0.7448268351687156,0.7654825483493216,0.30727294912467307,-0.5345033406394537,0.8548515769782267,2669867.881756757
44.27936482704809,1.4211921487030736,6.983196987344376,-4.792322457961856,1.138867534226266,2.5080972104557313,-0.7805417819073189,0.7585256595912344,0.3028711816634377,-0.5329541233835844,0.8546147276273359,2669872.440878378
-44.06233523260391,1.23255716691518,8.046445287993052,-2.5083220670792414,0.9891517320106247,2.773340216589989,-0.8161744468778934,0.7514804250595469,0.2984459603045253,-0.531402286564099,0.8543771576590194,2669877.0
-36.73393461044987,0.6828800874343307,8.9416292862533,-0.15417934314429937,0.8403347994617834,3.035597714599507,-0.8517202281477156,0.7443476498913393,0.29399753357477787,-0.5298478426732958,0.8541388666069264,2669882.0861486485
42.97437491896552,0.03102412308240856,9.56143973504372,2.222138841670318,0.6920605511259311,3.2945469282769664,-0.8871745237840636,0.7371281392236941,0.2895261500010389,-0.5282908042034722,0.8538998540047295,2669886.6452702703
-42.208166634584806,-0.5987468174056003,9.81305890705217,4.572665615191957,0.5439728015492528,3.5498650814150485,-0.9225327318542182,0.7298226981936937,0.28503205811015103,-0.5267311836469254,0.8536601193860693,2669891.204391892
-32.729513707527715,-1.6506677488939043,9.611637063478453,6.852389486535011,0.3957153652779421,3.801229397806431,-0.9577902504254542,0.7224321319384184,0.2805155064289571,-0.5251689934959525,0.853419662284604,2669895.7635135134
40.32332466724823,-2.7266033565745063,8.879567648198107,9.029337048927632,0.24693205685818465,4.048317101243798,-0.9929424775650507,0.71495724559495,0.2759767434843003,-0.5236042462428526,0.8531784822340119,2669900.322635135
-39.081356221077186,-3.3573674553085993,7.5372879891001086,11.07824381918539,0.0972666908361624,4.290805415519826,-1.027984811340286,0.7073988443003707,0.27141601780302393,-0.5220369543799233,0.8529365787679017,2669904.881756757
-18.412379118413245,-3.448084316091747,5.531541651047198,12.9697205683735,-0.05363691824192224,4.528371564427196,-1.0629126498184378,0.6997577331917607,0.26683357791197015,-0.5204671303994611,0.8526939514199795,2669909.440878378
35.21829796491134,-2.8231655343353053,2.9061916031732915,14.669703252121252,-0.20613519063274424,4.760693006561445,-1.0977213910667856,0.692034717406204,0.26222967233798183,-0.5188947867937643,0.8524505997238699,2669914.0
-32.26560160166494,-1.2410098821635647,-0.21998685797358566,16.14323729558953,-0.36058668416804046,4.987449338093177,-1.1324064331526056,0.6842306020807802,0.2576045496079034,-0.5173199360551305,0.8522065232132673,2669919.0861486485
-2.1780574010955465,1.878162000777115,-3.54938211593127,17.355368123939133,-0.5173549849370459,5.208325183450499,-1.1669631741431774,0.676346192352572,0.2529584582485753,-0.515742590675857,0.8519617214217935,2669923.6452702703
25.206261527390723,3.4330969515002856,-6.651637574622249,18.27114116233091,-0.676804877392674,5.4230063654251905,-1.201387012105777,0.6683822933586595,0.24829164678684257,-0.5141627631482423,0.851716193883118,2669928.204391892
-22.19030383990567,0.7735641679539504,-9.067814014432651,18.85560183592566,-0.8393164660521297,5.63119402687333,-1.2356733451076845,0.6603397102361261,0.2436043637495473,-0.5125804659645836,0.851469940130889,2669932.7635135134
20.15153353879567,-3.011133710675737,-10.135079722466813,19.073795569884293,-1.0053451885315559,5.832664643749923,-1.2698175712161772,0.6522192481220526,0.2388968576635322,-0.5109957116171777,0.8512229596987804,2669937.322635135
18.644139079272836,-2.4320539550545104,-9.336861661774634,18.901651035597894,-1.1751645483087314,6.027266223441199,-1.3038150884985331,0.6440217121535198,0.23416937705564117,-0.509408512598324,0.8509752521204313,2669941.881756757
-19.997976075542574,0.6155324417769904,-6.958752647384409,18.358629889379028,-1.3480482394248263,6.2148608261750855,-1.3376612950220301,0.6357479074676103,0.22942217045271637,-0.5078188814003188,0.8507268169295185,2669946.440878378
21.25536475108536,2.056573704168514,-3.486886957318979,17.47507703377054,-1.523016490351443,6.395310512179523,-1.3713515888539483,0.6273986392014065,0.22465548638160013,-0.5062268305154596,0.8504776536596749,2669951.0
-3.434416642347978,0.4436874902644467,0.5379275748446853,16.28133737131527,-1.6990895295601813,6.5684773416824465,-1.4048813680615626,0.6189747124919884,0.21986957336913648,-0.5046323724360452,0.8502277618445865,2669955.0861486485
-24.826924439293343,-1.4574131106483392,4.3296216663333045,14.807755804556063,-1.8752875855226503,6.734223374911801,-1.4382460307121527,0.6104769324764378,0.21506467994216782,-0.5030355196543719,0.8499771410178762,2669959.6452702703
26.533204561850642,-1.000218138559735,7.099684778598152,13.084677236035803,-2.050630886710452,6.892410672095523,-1.4714409748729957,0.6019061042918363,0.21024105462753737,-0.5014362846627392,0.8497257907132246,2669964.204391892
-24.030249073420492,0.3510448988380749,8.667206069605177,11.142284475590841,-2.2241396615951805,7.042901293461551,-1.5044615986113719,0.5932630330752671,0.2053989459520872,-0.4998346799534426,0.8494737104642811,2669968.7635135134
-29.508956094582217,0.9461659085212376,9.073326417292247,9.011854513388311,-2.3948341386484486,7.185557299237824,-1.5373032999945568,0.5845485239638096,0.20053860244266133,-0.4982307180187814,0.8492208998047052,2669973.322635135
31.05977582629939,-0.28767691440766135,8.602723345198905,6.730885328457817,-2.561734546341853,7.320240749652279,-1.5699614770898296,0.5757633820945461,0.19566027262610236,-0.4966244113510524,0.8489673582681513,2669977.881756757
-32.717413633382776,-0.93982187307478,7.570040466704551,4.336268958758872,-2.723861113146989,7.446813704932853,-1.6024315279644692,0.566908412604559,0.19076420502925323,-0.49501577244255385,0.8487130853882767,2669982.440878378
-19.095017896673102,-0.21656820678147595,6.255310054857697,1.8643103191943635,-2.8802340675354725,7.565138225307491,-1.6347088506857526,0.5579844206309302,0.18585064817895608,-0.49340481378558254,0.8484580806987411,2669987.0
35.54684135128459,0.7718386298501304,4.8254498601270726,-0.6486856753328265,-3.0298736379788944,7.675076371004126,-1.6667888433209574,0.5489922113107389,0.1809198506020548,-0.49179154787243584,0.848202343733182,2669991.0861486485
-36.19440521177105,1.001410179234506,3.3742492730623326,-3.1664141099198186,-3.171800052948863,7.776490202250698,-1.6986669039373625,0.5399325897810694,0.17597206082539213,-0.49017598719541317,0.8479458740253071,2669995.6452702703
-8.523201313936076,0.9421030649429418,1.9202850088910146,-5.652570069663728,-3.305033540916976,7.869241779275146,-1.730338430602246,0.530806361179001,0.1710075273758106,-0.4885581442468114,0.8476886711087148,2670000.204391892
35.307596708337634,0.9040590620766018,0.45725323966660836,-8.070848639661673,-3.4285943303548407,7.953193162305408,-1.7617988213828852,0.5216143306416168,0.166026498780154,-0.48693803151892784,0.8474307345170907,2670004.7635135134
-33.843597813672254,1.1533962070958252,-1.0083127916461088,-10.384944905010771,-3.5415026497340576,8.028206411569425,-1.7930434743465604,0.512357303305998,0.16102922356526417,-0.4853156615040596,0.8471720637840946,2670009.322635135
4.389854002891342,2.0224645728186554,-2.4189224300194963,-12.558553950808145,-3.6427787275262253,8.094143587295134,-1.8240677875605469,0.5030360843092264,0.1560159502579844,-0.4836910466945053,0.846912658443369,2670013.881756757
29.826386439873314,2.3332507107403635,-3.7151605980909403,-14.5553708621509,-3.7314427922029503,8.150866749710472,-1.8548671590921244,0.49365147878838317,0.150986927385158,-0.4820641995825621,0.8466525180285758,2670018.440878378
-27.916028987258752,0.8872956113731437,-4.839429091137445,-16.339090724136163,-3.806515072235836,8.19823940453219,-1.885438432497378,0.4842042918805508,0.14594240347362744,-0.4804351326605275,0.846391642073381,2670023.0
20.683323615794357,-1.5773265813952855,-5.612183436643158,-17.873408621861056,-3.8670159425917134,8.236131537784134,-1.9157847851442646,0.4746953287228094,0.14088262705023585,-0.47880385842070017,0.8461300301114347,2670028.0861486485
25.7655371576546,-2.784752803810926,-5.821186236121358,-19.1221117005826,-3.911972556383972,8.264425117041164,-1.945914597805197,0.4651253944522423,0.13580784664182582,-0.4771703893553769,0.8458676816763933,2670032.6452702703
-25.88427240003229,-1.3719800437836918,-5.316326237404524,-20.054489660598485,-3.9404404330632574,8.283037230028514,-1.9758430050657017,0.45549529420592877,0.1307183107752414,-0.47553473795685586,0.8456045963019112,2670037.204391892
26.724089762844127,-0.3443193422485647,-4.191775357015031,-20.666063838956124,-3.951497816862701,8.291907547988655,-2.0055850002460693,0.44580583312095384,0.12561426797732356,-0.47389691671743356,0.8453407735216575,2670041.7635135134
17.007275289762806,-0.7183403409088469,-2.630468143731562,-20.97989916304683,-3.944271106411534,8.29101616596362,-2.035147846070033,0.4360578163343951,0.12049596677491724,-0.47225693812940844,0.8450762128692685,2670046.322635135
-29.254544920779303,-0.5663628395563962,-0.9878179242765063,-21.024662029872687,-3.9180262327124256,8.280473075678907,-2.0645300189463387,0.4262520489833373,0.11536365569486408,-0.4706148146850789,0.8448109138784183,2670050.881756757
30.392916589766966,1.6020472712718408,0.43443450532061023,-20.828755723127628,-3.8723291861231566,8.260411290350968,-2.0937160707276896,0.4163893362048603,0.11021758326400764,-0.46897055887674116,0.8445448760827609,2670055.440878378
-5.87648996746537,3.145924961200012,1.494513736285341,-20.419543813897707,-3.8077864582152916,8.23096137155788,-2.1226873130225576,0.4064704831360462,0.10505799800919056,-0.4673241831966939,0.8442780990159424,2670060.0
-32.42515578017466,2.4731047342747003,2.139470224252112,-19.824130157460672,-3.725281956063229,8.192271580572324,-2.1514250574394134,0.396496294913977,0.09988514845725571,-0.4656757001372334,0.8440105822116414,2670064.0861486485
33.70545583810163,-0.7403281083854497,2.511661753622468,-19.069618609094338,-3.625770385519774,8.144560977445385,-2.1799106155867274,0.3864675766757341,0.09469928313504586,-0.4640251221906591,0.8437423252034868,2670068.6452702703
-9.276943875895865,-3.0075576619611923,2.7397989548192085,-18.18311302407649,-3.5102241521323228,8.088066321922742,-2.2081252990729694,0.3763851335583981,0.08950065056940454,-0.46237246184926745,0.8434733275251426,2670073.204391892
-36.73421593911479,-2.722217598554285,2.9001624572596163,-17.191775426070087,-3.3796156614482777,8.023024373750072,-2.236050419506609,0.36624977069905224,0.08428949928717425,-0.46071773160535767,0.8432035887102843,2670077.7635135134
38.054448748050106,0.11823876648449122,2.932881051385119,-16.12314347306613,-3.234917319015044,7.949671892673062,-2.2636672884961198,0.35606229323477634,0.07906607781519823,-0.45906094395122504,0.8429331082925642,2670082.322635135
-22.60358291750496,2.2847676175510814,2.768080051228807,-15.003434643684962,-3.0771015303800313,7.868245638437395,-2.2909572176499697,0.345823506302654,0.07383063468031863,-0.45740211137916914,0.8426618858056315,2670086.881756757
-39.858666060575395,2.2620539437455185,2.368301973125377,-13.85021040186099,-2.9071407010906336,7.778982370788758,-2.317901518576631,0.33553421503976516,0.06858341840937923,-0.45574124638148655,0.8423899207831328,2670091.440878378
40.461881023611504,0.06495273871676269,1.8079662432448982,-12.675088955481046,-2.7260072366942545,7.682118849472825,-2.3444815028845745,0.32519522458319233,0.06332467752922288,-0.4540783614504751,0.8421172127587376,2670096.0
-25.554081153800972,-1.7406375041284232,1.1185939561097933,-11.489813486912706,-2.5346735427382976,7.577891834235279,-2.370678482182268,0.31480734007001676,0.05805466056669172,-0.4524134690784326,0.8418437612661043,2670100.0861486485
-41.04805636502396,-1.6962408615189783,0.3459340710812437,-10.310623189872148,-2.3341120247701723,7.46653808482181,-2.396473768078185,0.30437136663731984,0.05277361604862935,-0.45074658175765686,0.8415695658388791,2670104.6452702703
40.89382103469153,0.2342641171475237,-0.3518893395003121,-9.15488131534634,-2.125295088337264,7.348294360978088,-2.4218486721807944,0.29388810942218346,0.04748179250187875,-0.44907771198044505,0.841294626010755,2670109.204391892
-34.61156227569365,1.159564818176056,-0.80765237654396,-8.039937910987108,-1.9091951389869923,7.223397422449805,-2.446784506098568,0.28335837356169,0.04217943845328211,-0.44740687223909553,0.8410189413153262,2670113.7635135134
-40.233510712324104,0.47008262349652236,-0.8962018743159635,-6.980411191608575,-1.6867845822667518,7.0920840289826375,-2.4712625814399747,0.2727829641929191,0.036866802429683654,-0.445734075025906,0.8407425112863088,2670118.322635135
40.29193934543205,-0.8531271712524221,-0.6522523544385274,-5.976096635154162,-1.4590358237239534,6.954590940322278,-2.4952642098134863,0.2621626864529536,0.03154413295792535,-0.4440593328331729,0.8404653354573145,2670122.881756757
-38.7494320028672,-0.5368409743133931,-0.2055862362052066,-5.005684596940804,-1.2269212689059863,6.811154916214394,-2.518770702827572,0.25149834547887523,0.026211678564850033,-0.44238265815319483,0.8401874133620362,2670127.440878378
-41.75161641577842,0.4925604774741556,0.2579634710790464,-4.035720755562601,-0.9914133233602652,6.662012716404679,-2.541763372090704,0.24079074640776532,0.02086968777730082,-0.44070406347826907,0.8399087445341028,2670132.0
42.88836201276146,0.5900893995388327,0.5454782463587051,-3.031600794750805,-0.7534843926341865,6.507401100638812,-2.5642235292113518,0.2300406943767055,0.015518409122121183,-0.43902356130069403,0.8396293285071957,2670137.0861486485
-44.008676530818335,-0.241772955066345,0.5175311809490617,-1.9624373285980345,-0.5141068822751519,6.347556828662472,-2.5861324857979877,0.21924899452277763,0.010158091126153195,-0.43734116411276636,0.839349164814944,2670141.6452702703
-37.946275829767075,-0.5275356620255559,0.2012737148634435,-0.8118030214792685,-0.27425319783056434,6.182716660221343,-2.6074715534590784,0.20841645198306236,0.00478898231624001,-0.4356568844067836,0.8390682529910289,2670146.204391892
45.66217850180701,-0.10502250520078617,-0.30931942583969285,0.41678671522216126,-0.03489574484783564,6.013117355061111,-2.6282220438031003,0.19754387189464231,-0.0005886687807750301,-0.43397073467504454,0.8387865925690913,2670150.7635135134
-46.128022536510095,0.49305358777968417,-0.8705219724720725,1.7133854575651912,0.20299307112563994,5.838995672927455,-2.6483652684385186,0.18663205939459912,-0.005974613638049268,-0.4322827274098465,0.8385041830828063,2670155.322635135
-36.50270967727122,0.5454666846445636,-1.3212720137620286,3.06441087580716,0.4384408445424651,5.660588373566057,-2.6678825389738057,0.17568181962001317,-0.011368603728739863,-0.43059287510348576,0.8382210240658148,2670159.881756757
46.254586427830645,0.07858735116309687,-1.5729687716445673,4.455454194511748,0.6704751698552225,5.478132216722601,-2.686755167017432,0.16469395770796708,-0.016770390526003796,-0.42890119024826256,0.8379371150517807,2670164.440878378
-45.8497072606719,-0.595978712847753,-1.6214653152270624,5.87036373914166,0.8981236415165222,5.291863962142767,-2.70496446417787,0.1536692787955426,-0.02217972550299804,-0.42720768533647163,0.8376524555743561,2670169.0
-33.65143480106622,-0.6865888899978753,-1.4726329045222906,7.287094127311844,1.1204195770821717,5.102014646469026,-2.7224917420635877,0.14260858801982046,-0.027596360132879853,-0.42551237286041277,0.8373670451672022,2670174.0861486485
43.96036795182734,-0.35702221908926046,-1.1369425322426903,8.686279162061973,1.3364215809746642,4.908790019477161,-2.7393183122830553,0.13151269051788264,-0.033020045888806256,-0.42381526531238295,0.8370808833639681,2670178.6452702703
-42.48419394300192,0.18817881756241467,-0.6621036711584593,10.050072656193528,1.5452035585349875,4.712380530024463,-2.7554254864447465,0.12038239142681127,-0.03845053424393436,-0.4221163751846798,0.8367939696983208,2670183.204391892
-30.39903192342319,0.8137881234272095,-0.10533321326845456,11.360738952809418,1.7458418095579495,4.5129742325144075,-2.77079457615713,0.10921849588368718,-0.043887576671421104,-0.42041571496960023,0.8365063037039153,2670187.7635135134
38.94278396376969,0.9797599536177023,0.4770772067105582,12.600542395012555,1.9374126338383628,4.310759181350464,-2.785406893028676,0.09802180902559213,-0.04933092464442355,-0.4187132971594431,0.83621788491441,2670192.322635135
-37.225081587837614,0.2898926268178681,1.0460011501109359,13.751747325905876,2.118992331171025,4.105923430936102,-2.7992437486678536,0.08679313598960817,-0.054780329636099044,-0.417009134246506,0.8359287128634509,2670196.881756757
-22.94642757666897,-0.8992040542485209,1.6115453862347497,14.79661808859229,2.2896572013507535,3.8986550356747958,-2.8122864546831363,0.07553328191281675,-0.06023554311960416,-0.4153032387230856,0.8356387870847022,2670201.440878378
34.458116448126994,-1.2323445583853239,2.1850495066364717,15.717419026174722,2.448483544172354,3.689142049970018,-2.8245163226829946,0.0642430519322992,-0.06569631656809719,-0.4135956230814799,0.8353481071118277,2670206.0
-33.381810591462,0.1999061137092065,2.778223163628652,16.496414481756073,2.5945476594306296,3.4775725282252385,-2.835914664275897,0.05292325118513702,-0.07116240145473347,-0.4118862998139865,0.835056672478468,2670210.0861486485
-18.48545074067086,1.3657253672258634,3.2769982708573404,17.11586879843931,2.7269258469203934,3.264134524843929,-2.8464627910703144,0.04157468480841221,-0.07663354925267103,-0.4101752814129049,0.8347644827182958,2670214.6452702703
30.85945095147134,0.97743878352423,3.519508769594062,17.558046319327293,2.8446944064364508,3.049016094229563,-2.8561420146747185,0.030198157939206008,-0.08210951143506731,-0.40846258037052896,0.8344715373649663,2670219.204391892
-28.813946322079175,-0.8957719408441487,3.313647299970511,17.80783253148548,2.9469231623230927,2.8324117662361337,-2.8649336466975797,0.01879447571460022,-0.08759003947507846,-0.40674820917915966,0.8341778359521199,2670223.7635135134
-2.8718996661900182,-1.4507858359964256,2.5529167760568763,17.86194198191997,3.0326758228278714,2.6145420774277373,-2.8728189987473667,0.007364443271676302,-0.09307488484586236,-0.4050321803310934,0.8338833780134265,2670228.322635135
22.895639086697003,-0.4740347017486235,1.2176706664177441,17.72485350016468,3.1013184595132572,2.3956395613044195,-2.8797793824325533,-0.00409113425248371,-0.09856379902057542,-0.403314506318628,0.8335881630825471,2670232.881756757
-19.480102956769166,0.8585499866310834,-0.44227919872486954,17.40145120865483,3.153151431553819,2.175961545556807,-2.885796109361608,-0.015571451720798773,-0.10405653347237528,-0.4015951996340608,0.8332921906931297,2670237.440878378
7.416337401345821,1.356243910640778,-2.1225822372006657,16.896384432028334,3.188687164349872,1.9557880894471116,-2.890850491143,-0.027075703996187486,-0.10955283967441898,-0.3998742727696892,0.832995460378839,2670242.0
13.169992971869167,0.8414462374691783,-3.585160965422819,16.21430249492311,3.2084344445305106,1.7354028910087675,-2.894923839385202,-0.038603085941567535,-0.11505246909986334,-0.3981517382178117,0.8326979716733207,2670247.0861486485
-10.798050674351687,-0.3230842600518309,-4.532672265467891,15.35985472197705,3.2129180301376405,1.515073676862401,-2.897997465696685,-0.05015279241985756,-0.12055517322186532,-0.39642760847072617,0.8323997241102451,2670251.6452702703
9.103047768427839,-1.1198507749589934,-4.64738878844098,14.337690437828076,3.2026994970706806,1.295031355771119,-2.9000526816859193,-0.061724018293976245,-0.12606070351358176,-0.39470189602072947,0.8321007172232606,2670256.204391892
8.648334666216194,-0.5943023823416068,-3.7298565847719938,13.150458188227601,3.1783891623224165,1.0754580954046606,-2.901070798961372,-0.07331595842684188,-0.13156881144817067,-0.3929746133601189,0.8318009505460233,2670260.7635135134
-8.492211375444462,0.433544336209082,-2.054656346466893,11.796735427471335,3.1406082823801573,0.8565251239382508,-2.9010331291315175,-0.08492780768137255,-0.13707924849878872,-0.3912457729811927,0.8315004236121935,2670265.322635135
9.431731394158247,0.8910109128891575,-0.018406341964126004,10.288826927329923,3.089978172549711,0.6384036107286042,-2.8999209838048254,-0.09655876092048724,-0.14259176613859234,-0.38951538737624875,0.8311991359554275,2670269.881756757
-6.338530646252444,0.727564453725114,1.975346534366246,8.642969483664354,3.0271201481369006,0.4212647251324301,-2.8977156745897665,-0.10820801300710395,-0.1481061158407394,-0.38778346903758426,0.8308970871093858,2670274.440878378
-13.415710234362757,0.07580890575027553,3.5490314931779996,6.876678662714414,2.9526555244475334,0.20527963650644607,-2.89439851309481,-0.11987475880414067,-0.15362204907838722,-0.3860500304574967,0.8305942766077156,2670279.0
15.990743447442163,-0.8432299902981581,4.516294914604836,5.012585112234997,2.8672056167874302,-0.009380485792637712,-2.8899509541189694,-0.13155804998397613,-0.1591393173246916,-0.3843150841282849,0.8302907039840872,2670283.0861486485
-18.464533584388953,-0.648889328922813,4.782060588037865,3.0743643071295494,2.771391740462405,-0.22254447240810654,-2.8843550252234174,-0.14325636545682446,-0.1646576720528108,-0.3825786425422449,0.8299863687721422,2670287.6452702703
-7.219545540389375,0.7593824371678398,4.51606217287145,1.0873360374861103,2.6658352107782712,-0.4340411539832489,-2.877592897159868,-0.1549680409423596,-0.17017686473590143,-0.38084071819167564,0.8296812705055492,2670292.204391892
21.555054659095127,1.0738834084203035,4.143793075965276,-0.9130934974150833,2.5511573430408445,-0.6436993611613514,-2.8696467406800372,-0.1666914121602557,-0.17569664684712039,-0.37910132356887355,0.8293754087179614,2670296.7635135134
-21.74897158276469,-0.7633046142004465,3.876584592038428,-2.888938010188184,2.42797945255594,-0.851347924585698,-2.8604988230544275,-0.1784247183114012,-0.1812167698596255,-0.3773604711661374,0.8290687829430333,2670301.322635135
3.2372266674050354,-1.3392190812919396,3.4683067371693825,-4.802211213447347,2.296922854629376,-1.056815674899585,-2.8501317976286757,-0.19016581252154344,-0.18673698524657292,-0.3756181734757647,0.8287613927144253,2670305.881756757
20.517273861367787,-0.13629831637377415,2.613862181969069,-6.614926819806725,2.1586088645669577,-1.2599314427462833,-2.8385284142672154,-0.20191245139764358,-0.19225704448112008,-0.3738744429900524,0.8284532375657919,2670310.440878378
-20.149417075071696,1.6054196978970614,1.1926945821445352,-8.28909854188046,2.013658797674509,-1.460524058769091,-2.8256714228344704,-0.21366239154666317,-0.19777669903642425,-0.37212929220129815,0.8281443170307891,2670315.0
13.020806979519268,0.6745142898930528,-0.7443441132545624,-9.786740092282724,1.8626939692578441,-1.6584223536112932,-2.8115435731948684,-0.22541338957556403,-0.20329570038564232,-0.37038273360180063,0.8278346306430815,2670320.0861486485
20.9735974952088,-1.3484299733706813,-2.603278742456661,-11.069865183627646,1.7063356946227697,-1.8534551579161735,-2.796127615212836,-0.2371632020913072,-0.20881380000193128,-0.36863477968385744,0.8275241779363159,2670324.6452702703
-21.794836082422275,-1.767626239308813,-3.6535911047730885,-12.100487528529406,1.5452052890751118,-2.0454513023270224,-2.7794063817253174,-0.24890950272833995,-0.21433074935844862,-0.36688544293976455,0.8272129584441452,2670329.204391892
22.86057354138361,0.03881253504445756,-3.3809781836475725,-12.845560295026974,1.3799240679206746,-2.2342396174871197,-2.761363037459314,-0.26064963323104995,-0.21984629992835092,-0.3651347358618213,0.8269009717002535,2670333.7635135134
22.92122360575443,1.6645341065131476,-2.129570093834898,-13.298222078076904,1.2111133464652835,-2.4196489340397647,-2.741980830114339,-0.2723808523713108,-0.22536020318479538,-0.36338267094232474,0.8265882172382669,2670338.322635135
-23.61118399288878,1.1786667848571677,-0.4267436840213976,-13.482261348933148,1.039394440014747,-2.6015080826282326,-2.7212430073899103,-0.2841004189209956,-0.23087221060093913,-0.36162926067357254,0.8262746945918497,2670342.881756757
24.07732645608508,-0.4411189564082865,1.2186254243594126,-13.427950333520029,0.865444813327075,-2.7796458938958177,-2.6991328169855406,-0.29580559165197745,-0.23638207364993946,-0.3598745175478622,0.8259604032946765,2670347.440878378
15.78731504879932,-1.2049270134638634,2.2688151940776566,-13.165707954958938,0.6900886283573573,-2.9538911984858016,-2.6756335066007493,-0.3074936293361295,-0.24188954380495342,-0.35811845405749176,0.825645342880384,2670352.0
-25.548328128227705,-1.0450073401685431,2.4301829991068904,-12.72567682381006,0.5138720905793178,-3.1240728270414744,-2.6507283239350494,-0.3191617907453259,-0.247394372539138,-0.3563610826947579,0.8253295128826355,2670356.0861486485
26.644659471378535,-0.7975211916251491,1.979148159195008,-12.138730500460982,0.3371734909074173,-3.2900196102061208,-2.6244005166879596,-0.33080733465143874,-0.2528963113256498,-0.3546024159519595,0.8250129128350926,2670360.6452702703
11.7216824760153,-0.6494467892222159,1.3031727170972256,-11.439290840556739,0.16034861676922207,-3.451560378623029,-2.5966333325589894,-0.34242751982634195,-0.2583951116376467,-0.35284246632139354,0.8246955422714006,2670365.204391892
-29.169270450037413,-0.3475716439257942,0.6293506979695586,-10.66267198844839,-0.01624674440770829,-3.608523962935482,-2.5674100192476628,-0.35401960504190905,-0.26389052494828485,-0.3510812462953579,0.8243774007252184,2670369.7635135134
30.27705489753859,0.16199186592320644,0.0027817943047198416,-9.84418808848701,-0.1922568051957941,-3.7607391937867702,-2.536713824453491,-0.36558084907001265,-0.26938230273072206,-0.3493187683661502,0.8240584877302264,2670374.322635135
13.132190843417328,0.5615897285988912,-0.5337153430654927,-9.018995690333625,-0.3673257781674811,-3.9080349018201868,-2.5045279958759865,-0.3771085106825265,-0.27487019645811533,-0.34755504502606827,0.8237388028200548,2670378.881756757
-31.649382620922946,0.7437536475052091,-0.9236565808204816,-8.218385408072129,-0.5410978758952033,-4.050239917679003,-2.4708357812146717,-0.3885998486513237,-0.28035395760362153,-0.34579008876740946,0.8234183455283665,2670383.440878378
31.86559096885653,0.5675402568553337,-1.0987062112674795,-7.460548033828308,-0.7132173109513926,-4.187183072006516,-2.435620428169057,-0.40005212174827764,-0.285833337640398,-0.344023912082471,0.8230971153888234,2670388.0
13.367329538092527,-0.11758477057975665,-1.0299901865439647,-6.756576899453536,-0.883328295908465,-4.318693195446019,-2.3988651844386615,-0.41146258874526137,-0.29130808804160124,-0.3422565274635511,0.8227751119350817,2670392.0861486485
-31.710576033554656,-0.8428019015679781,-0.7614448198969848,-6.100656790474234,-1.051075043338887,-4.444599118640782,-2.360553297722998,-0.4228285084141482,-0.2967779602803891,-0.34048794740294797,0.8224523347007954,2670396.6452702703
31.61710046352082,-0.7225052412881526,-0.36808374954662887,-5.477266858978418,-1.216101765815069,-4.564729672234105,-2.320668015721586,-0.43414713952681167,-0.302242705829918,-0.3387181843929579,0.8221287832196208,2670401.204391892
19.07245470733492,0.30976656734741354,0.037446323115056565,-4.8694253245588,-1.3780526759094587,-4.678913686869265,-2.2791925861339375,-0.4454157408551245,-0.30770207616334555,-0.3369472509258797,0.8218044570252141,2670405.7635135134
-31.67724437166717,1.0414074167309417,0.333619708962302,-4.260150406808111,-1.5365719861944793,-4.786979993189559,-2.236110256659571,-0.4566315711709604,-0.3131558227538283,-0.3351751594940108,0.8214793556512324,2670410.322635135
31.68212437532068,0.22556598761208016,0.42657149554812906,-3.633288308716233,-1.6913039092425717,-4.88875742183827,-2.1914042749979976,-0.4677918892461929,-0.3186036970745238,-0.3334019225896482,0.8211534786313434,2670414.881756757
24.45612177072273,-1.0285094005970097,0.33871738795598205,-2.9818018630841414,-1.84189265762617,-4.984074803458678,-2.14505788884874,-0.4788939538526947,-0.32404545059858875,-0.3316275527050901,0.8208268254991927,2670419.440878378
-30.80883617056542,-1.1665564916791595,0.1494235302801683,-2.3227006709999953,-1.9879824439176996,-5.07276096869408,-2.097054345911307,-0.4899350237623395,-0.3294808347991806,-0.3298520623326343,0.8204993957884283,2670424.0
29.61410841519751,0.4216368985547886,-0.04417401398013498,-1.6787990297744955,-2.1292174806896034,-5.154644748187756,-2.0473768938852186,-0.5009123577470004,-0.33490960114945606,-0.32807546396457765,0.8201711890327387,2670429.0861486485
22.014384152251147,1.1372710079743107,-0.18878883403198468,-1.07289079819078,-2.2652419805143214,-5.229554972582995,-1.9960087804699904,-0.5118232145785507,-0.3403315011225725,-0.32629777009321814,0.8198422047657458,2670433.6452702703
-26.390702130785215,0.43466468214034476,-0.24701973646897576,-0.526443329716587,-2.3957001559642785,-5.297323121719783,-1.9429306041684282,-0.522664853028863,-0.34574628619168657,-0.32451899321085476,0.8195124425211278,2670438.204391892
24.7689349690772,-1.014486747443638,-0.19581868080765114,-0.05486378520872323,-2.520236219611903,-5.357783792097225,-1.8881198468242515,-0.5334345318698116,-0.3511537078299559,-0.32273914580978325,0.8191819018325313,2670442.7635135134
24.30398014940562,-0.9253222847874332,-0.038196313109541545,0.33330900195584456,-2.6384943840296424,-5.410744308900154,-1.831581261595413,-0.5441295098732694,-0.35655351751053743,-0.32095824038230214,0.8188505822336244,2670447.322635135
-24.33675849432164,0.26893953141422516,0.14766634480700194,0.6362173109307729,-2.750118861789919,-5.456004517185689,-1.7733270817676012,-0.5547470458111096,-0.36194546670658767,-0.31917628942070886,0.8185184832580523,2670451.881756757
18.047960869926072,0.7592465940115003,0.2634561845140347,0.8549352393821035,-2.854753865465167,-5.493367028205134,-1.7133667744323144,-0.5652843984552056,-0.3673293068912643,-0.3173933054173017,0.8181856044394658,2670456.440878378
24.822421277927702,0.2629641208097084,0.23253186198940978,0.9994530918666402,-2.952043607627845,-5.522645517986552,-1.6516987419042823,-0.5757388265774303,-0.3727047895377243,-0.315609300864377,0.8178519453115475,2670461.0
-24.788207996570204,-0.6281569426497927,0.08094062315786442,1.0995076172906335,-3.041632300850348,-5.543656428752228,-1.5883186203040434,-0.5861075889496576,-0.3780716661191248,-0.3138242882542332,0.8175175054079351,2670466.0861486485
15.646472051658348,-0.3098945655653641,-0.13241500978791645,1.196395871552674,-3.1231641577051374,-5.556216202724403,-1.523222045752139,-0.5963879443437605,-0.38342968810862255,-0.31203828007916845,0.8171822842622811,2670470.6452702703
23.44996030643115,0.515478005528097,-0.2953409215088566,1.3333506161497077,-3.196283390764636,-5.5601412821253575,-1.456404654369105,-0.6065771515316117,-0.38877860697937505,-0.31025128883147973,0.8168462814082581,2670475.204391892
-22.357812334166255,0.5745311189635954,-0.28469393075780447,1.5536379375349443,-3.2606342126012846,-5.555243495565888,-1.38786669588694,-0.6166724692850849,-0.3941181742045394,-0.30846332700346446,0.8165094963795152,2670479.7635135134
14.08591737897748,-0.25398979371586405,-0.04566683186224329,1.8866455635004082,-3.3158176201974268,-5.5413536770469545,-1.3176326302375665,-0.6266711563760541,-0.3994481412572715,-0.30667440708742144,0.8161719287097063,2670484.322635135
20.249973700192214,-0.6450997860126303,0.2305699728480354,2.3225653096673025,-3.3612617481750937,-5.518447886301969,-1.245754553980792,-0.6365704715763916,-0.4047682596107303,-0.3048845415756467,0.8158335779324939,2670488.881756757
-19.538813379198235,0.22160542747826606,0.33606031035138434,2.841464286447391,-3.3963515155662414,-5.486539642900292,-1.1722903194305292,-0.6463676736579711,-0.4100782807380715,-0.3030937429604391,0.8154944435815257,2670493.440878378
11.591591769026738,0.766088944703379,0.22223770026568565,3.420284762174542,-3.4204718414028052,-5.445642466411313,-1.0972977789006975,-0.6560600213926651,-0.41537795611245265,-0.3013020237340959,0.8151545251904773,2670498.0
18.606746649884883,0.3986229285546638,-0.08235661995728401,4.031105545606174,-3.4329572450827333,-5.395820276038399,-1.0208347847052046,-0.6656447735523485,-0.4206670372070306,-0.299509396388915,0.8148138222929894,2670502.0861486485
-18.018342334267217,-0.6836139570545545,-0.4045613365218836,4.639305970795652,-3.4329400174801754,-5.337339219508735,-0.9429591891579696,-0.6751191889088928,-0.42594527549496275,-0.29771587341719363,0.81447233442272,2670506.6452702703
10.9655170924687,-0.9451048245800147,-0.5304199699459097,5.211996208937156,-3.4195041580877534,-5.270513735931005,-0.8637288445729037,-0.6844805262341723,-0.4312124224494065,-0.29592146731122976,0.8141300611133309,2670511.204391892
16.208592828402207,-0.3131381740268403,-0.33001457056017935,5.726409626175959,-3.3917515492255177,-5.195640381586494,-0.7832016032639239,-0.6937260443000598,-0.43646822954351755,-0.2941261905633208,0.8137870018984793,2670515.7635135134
-15.087080459331256,0.7105200681031041,0.09382151649079383,6.179492241141908,-3.3487887014173197,-5.113011084552666,-0.7014353175449405,-0.7028530018784296,-0.4417124482504547,-0.29233005566576414,0.8134431563118198,2670520.322635135
11.595281534249326,1.0224615457773498,0.5820143515580807,6.57280745865429,-3.2897221251870143,-5.0229177729069905,-0.61848783972987,-0.7118586577411534,-0.44694483004337393,-0.2905330751108585,0.8130985238870053,2670524.881756757
12.708710149471958,0.3269654307600418,1.003214731849166,6.907918683532388,-3.2136583310584577,-4.925652374726939,-0.5344170221326268,-0.7207402706601055,-0.45216512639543255,-0.28873526139090044,0.8127531041577041,2670529.440878378
-11.548700086433946,-0.9806114018107311,1.3241943642961707,7.186389320595472,-3.119703829555493,-4.821506818089978,-0.4492807170671253,-0.7294950994071588,-0.45737308877978794,-0.2869366269981878,0.8124068966575567,2670534.0
10.59971509563338,-1.0221006192787574,1.493861379440747,7.409782774662832,-3.0069651312019854,-4.71077303107358,-0.3631367768472783,-0.7381204027541868,-0.46256846866959656,-0.28513718442501856,0.8120599009202345,2670539.0861486485
5.955965609560052,0.3237998117653091,1.4765223486937955,7.577022372147008,-2.8745487465217803,-4.593742941755212,-0.2760430537870006,-0.7466134394730625,-0.46775101753801607,-0.2833369461636906,0.8117121164793909,2670543.6452702703
-10.090276786731472,1.0439577813957737,1.265817096278098,7.6770252748416965,-2.7216002369330625,-4.470708478212347,-0.18805740020020698,-0.7549714683356593,-0.4729204868582036,-0.28153592470650024,0.8113635428686785,2670548.204391892
10.72868688705192,-0.21263131508129818,0.8540232116518033,7.699145525949602,-2.547491330100821,-4.341961568522447,-0.09923766840080986,-0.7631917481138513,-0.4780766281033152,-0.27973413254574725,0.8110141796217551,2670552.7635135134
9.188013931464043,-1.1047740014691623,0.2104175905301926,7.6377650376837165,-2.351991207108819,-4.207794140762991,-0.009641710702724807,-0.7712715375795103,-0.4832191927465091,-0.2779315821737279,0.8106640262722847,2670557.322635135
-12.754604547412098,-0.4418774622963165,-0.6584584695701297,7.492498910844868,-2.1353397842339494,-4.068498123011435,0.08067262058013346,-0.7792080955045103,-0.48834793226094225,-0.27612828608273915,0.8103130823539124,2670561.881756757
13.283231456332821,1.200879519146843,-1.5611684859889827,7.265057551661605,-1.898289769388814,-3.9243654433452595,0.1716474731338512,-0.786998680660724,-0.49346259811977133,-0.2743242567650803,0.8099613474003005,2670566.440878378
8.628441494044914,0.9254788799130584,-2.3006136420385808,6.957853915463838,-1.6421392193949071,-3.775688029841932,0.26322499464451543,-0.7946405518200264,-0.4985629417961533,-0.2725195067130485,0.8096088209451158,2670571.0
-12.804006959378036,-0.4654355044413582,-2.842818750778008,6.573810255854932,-1.368771421655551,-3.6227578105789187,0.3553473327982099,-0.8021309677542879,-0.5036487147632459,-0.2707140484189409,0.8092555025220004,2670575.0861486485
11.692415735874933,-1.3461081327594762,-3.194408970369125,6.116059266084166,-1.0804796486310067,-3.465866713633692,0.4479566352810234,-0.8094671872353849,-0.5087196684942051,-0.26890789437505513,0.8089013916646153,2670579.6452702703
12.036960132229614,-0.8379608457129591,-3.4024109327414833,5.588240154153301,-0.7797228845525539,-3.305306667083719,0.5409950497790391,-0.8166464690351889,-0.5137755544621893,-0.2671010570736897,0.8085464879066185,2670584.204391892
-12.394816764363465,0.9494724456466608,-3.6741431163700358,4.994111348396667,-0.469030170583509,-3.141369599006474,0.6344047239783444,-0.8236660719255735,-0.5188161241403545,-0.2652935490071412,0.8081907907816741,2670588.7635135134
5.44062903474947,1.4159916556208845,-4.237533326098324,4.33739549549746,-0.15111484792375293,-2.9743474374794165,0.7281278055650235,-0.8305232546784114,-0.5238411290018584,-0.2634853826677081,0.807834299823425,2670593.322635135
14.691349970287199,0.4975849668602676,-5.185137604403574,3.6224887343676597,0.17126366721768402,-2.8045321105800234,0.8221064422251637,-0.8372152760655766,-0.5288503205198584,-0.2616765705476873,0.8074770145655393,2670597.881756757
-16.293202155380925,-1.0300450770298524,-6.356713966934594,2.8565169544854667,0.49534595863176767,-2.6322155463857606,0.9162827816448498,-0.8437393948589426,-0.5338434501675103,-0.2598671251393765,0.8071189345416667,2670602.440878378
4.378492159913444,-1.4060514760003593,-7.533154023224505,2.0472884829706297,0.8183726101094715,-2.4576896729740993,1.0105989715101689,-0.8500928698303817,-0.5388202694179723,-0.25805705893507447,0.8067600592854706,2670607.0
19.916891108473965,-0.7300550207039582,-8.508417282239936,1.2026116469429018,1.1375842054417675,-2.2812464184225116,1.1049971595072061,-0.8562729597517682,-0.5437805297444013,-0.25624638442707753,0.8064003883306027,2670611.0861486485
-22.064178734609474,0.2323250003146107,-9.15290953828883,0.3305201739691729,1.450221328419618,-2.1031777108084593,1.1994194933220466,-0.8622769233949742,-0.5487239826199536,-0.2544351141076842,0.8060399212107259,2670615.6452702703
-6.15484311852481,0.5554942814879346,-9.456229362949404,-0.5599130898129195,1.7535245628339988,-1.9237754782094179,1.2938081206407774,-0.8681020195318747,-0.5536503795177874,-0.25262326046919187,0.8056786574594833,2670620.204391892
27.423948360631027,0.8575384681640978,-9.566060899382283,-1.4588398306898072,2.044734492475878,-1.7433316487028556,1.3881051891494838,-0.873745506934341,-0.5585594719110589,-0.2508108360038985,0.8053165966105502,2670624.7635135134
-30.649629977839588,1.3258729767793325,-9.583573302235655,-2.356652409947829,2.3210917011362215,-1.5621381503662382,1.482252846534251,-0.879204644374248,-0.5634510112729256,-0.248997853204101,0.8049537381975849,2670629.322635135
-14.457198914286554,1.0096151163318507,-9.352034226920779,-3.244667481019953,2.5798367726060047,-1.3804869112770388,1.5761932404811658,-0.8844766906234678,-0.5683247490765445,-0.24718432456209727,0.8045900817542104,2670633.881756757
37.46151183147037,-0.12103538997892496,-8.758503390174335,-4.112444110745081,2.8182102906761948,-1.1986698595127263,1.669868518676314,-0.8895589044538746,-0.5731804367950727,-0.2453702625701852,0.8042256268141168,2670638.440878378
-40.58002485851248,-1.386727037630811,-7.742087608852194,-4.948957649041785,3.0334528391377606,-1.0169789231507687,1.763220828805782,-0.8944485446373414,-0.5780178259016673,-0.24355567972066222,0.803860372910939,2670643.0
-28.11134693072695,-1.1067321317773162,-6.286037896304952,-5.739914611110001,3.2228050017816705,-0.8357060302686354,1.8561923185556524,-0.8991428699457402,-0.5828366678694853,-0.24174058850582628,0.803494319578364,2670648.0861486485
45.93832565067845,0.2115263139703099,-4.513237390195479,-6.470320661723042,3.383507362398897,-0.6551431089437957,1.9487251356120139,-0.9036391391509462,-0.5876367141716842,-0.23992500141797446,0.8031274663500443,2670652.6452702703
-48.415852833382424,1.294026117426612,-2.5815064927305316,-7.126547277598452,3.5128005047804107,-0.47558208725371925,2.0407614276609514,-0.9079346110248314,-0.59241771628142,-0.238108930949405,0.8027598127596027,2670657.204391892
-42.52690005138594,1.1038945835456127,-0.6205363846317716,-7.6970806946881485,3.6079250127171774,-0.29731489327587685,2.1322433423885534,-0.9120265443392702,-0.5971794256718508,-0.23629238959241602,0.8023913583407268,2670661.7635135134
53.266203836973055,0.38191976403999645,1.34803721785538,-8.171285868960455,3.6661214700001676,-0.12063345508773536,2.2231130274809017,-0.9159121978661349,-0.6019215938161332,-0.2344753898393037,0.8020221026270511,2670666.322635135
-55.497903100868164,0.17583290618878267,3.3415206082922384,-8.539415188888892,3.6846304604203532,0.054170299233234756,2.313312630624084,-0.9195888303772988,-0.6066439721874244,-0.23265794418236682,0.8016520451522571,2670670.881756757
-44.26345393349264,0.20332092903618484,5.410262780224807,-8.792188278676573,3.6606764372020457,0.22682057217622115,2.4027842995041873,-0.9230537006446359,-0.6113463122588817,-0.23084006511390207,0.8012811854499795,2670675.440878378
58.765416142326174,-0.12850892542442705,7.633651167199138,-8.921371252927731,3.5914380592292354,0.3970992162131044,2.491470181807295,-0.9263040674400187,-0.616028365503662,-0.22902176512620787,0.8009095230538648,2670680.0
-59.46642614223267,-0.923033702000167,10.063131059866818,-8.920028868052439,3.4748841681252793,0.5647680446246686,2.579312425219494,-0.9293371895353207,-0.6206898833949221,-0.22720305671158234,0.8005370574976525,2670684.0861486485
-39.1402567177782,-0.7437610275571503,12.66618035099799,-8.78562043965272,3.3123404012059403,0.7295472759197343,2.666253177426871,-0.9321503257024154,-0.6253306174058193,-0.22538395236232198,0.8001637883148901,2670688.6452702703
59.20692879167657,0.11999071970139358,15.112691217671808,-8.518247689329081,3.107513642839596,0.8911484479851149,2.752234586115509,-0.9347407347131755,-0.6299503190095108,-0.22356446457072515,0.7997897150392765,2670693.204391892
-58.698042573906456,0.7881848036892234,16.975821530875525,-8.118424800044984,2.8645393009520674,1.0492670365131302,2.8371987989714973,-0.9371056753394755,-0.6345487396791537,-0.22174460582908945,0.7994148372044989,2670697.7635135134
-30.96510528998638,0.22428175264891861,17.903632758510486,-7.585555300585813,2.5876170322471475,1.2035342684181305,2.921087963680921,-0.9392424063531869,-0.639125630887905,-0.2199243886297114,0.7990391543441803,2670702.322635135
57.63759162907449,-0.5543655990330459,17.894829239911836,-6.9183233584114445,2.28096255562312,1.35356530841998,3.003844227929864,-0.9411481865261845,-0.6436807441089208,-0.21810382546489152,0.7986626659919847,2670706.881756757
-57.09205995196576,-0.4778475474532376,17.167546670656385,-6.129604245860776,1.9487915899782677,1.4989753212385384,3.0854097394044158,-0.9428202746303409,-0.6482138308153601,-0.21628292882692415,0.798285371681576,2670711.440878378
-17.110672118351598,-0.1714510762312136,16.076928926516633,-5.237523777942819,1.5953198542108769,1.6393794715936676,3.1657266457906568,-0.94425592943753,-0.6527246424803789,-0.21446171120810809,0.7979072709466059,2670716.0
55.246058835487176,-0.06388147219947768,14.95336077207207,-4.259336146075338,1.224763067219229,1.7743929242052283,3.2447370947746763,-0.9454524097196232,-0.6572129305771339,-0.21264018510074223,0.7975283633207224,2670720.0861486485
-53.3257884647427,-0.42747269819146344,13.982126332425757,-3.209787146335238,0.8413369479016072,1.9036308437930782,3.3223832340425594,-0.9464069742484958,-0.661678446578783,-0.2108183629971227,0.7971486483375937,2670724.6452702703
1.750276995323672,-1.1934562518730663,12.914704965277185,-2.106841161221601,0.4492572151562959,2.026708395077081,3.398607211280394,-0.9471168817960208,-0.6661209419584824,-0.20899625738954827,0.7967681255308812,2670729.204391892
45.05223722798535,-2.1688494189701224,11.236521388551594,-0.9697641433334269,0.05273958788158028,2.143240742777096,3.4733511741742644,-0.947579391134071,-0.6705401681893901,-0.20717388077031565,0.7963867944342227,2670733.7635135134
-37.68377506104153,-1.9169259554397209,8.450644444222922,0.18164860749573908,-0.34400021502425726,2.2528430516129916,3.546557270410252,-0.9477917610345191,-0.6749358767446627,-0.2053512456317231,0.7960046545812967,2670738.322635135
4.442762705318049,2.106385557522489,4.67736505369746,1.326489365879674,-0.7367464746629329,2.355130486304613,3.6181676476744506,-0.9477512502692392,-0.6793078190974574,-0.20352836446606684,0.7956217055057495,2670742.881756757
18.379111952241647,3.397897991777689,0.6413660148140827,2.446202928840204,-1.1212834721361635,2.4497182115718363,3.688124453652942,-0.9474551176101044,-0.6836557467209311,-0.20170524976564694,0.7952379467412305,2670747.440878378
-9.44184435378939,-2.518523321838141,-2.8600583576003404,3.52531777613257,-1.493395488545668,2.536221392134517,3.7563698360318107,-0.9469006218289885,-0.6879794110882407,-0.19988191402276012,0.7948533778214241,2670752.0
3.802181326605265,-3.943220024308733,-5.699508017096548,4.559796254810361,-1.8488668049931567,2.614255192712515,3.822845942497144,-0.9460850216977631,-0.692278563672544,-0.19805836972970253,0.7944679982799551,2670757.0861486485
-3.2553150527713504,4.0282122965285945,-8.222689428171861,5.555603455304623,-2.183481702580349,2.6834347780256893,3.8874949207350276,-0.945005575988303,-0.6965529559469974,-0.19623462937877376,0.7940818076504949,2670761.6452702703
7.643551819144614,2.59379555334511,-11.477150920472436,6.518818775425826,-2.493024462408961,2.743375312793903,3.9502589184315484,-0.9436595434724816,-0.7008023393847583,-0.1944107054622707,0.7936948054666972,2670766.204391892
-15.290893150773195,-3.829302090524213,-14.962971537979303,7.448358280845827,-2.77327936558071,2.793691961737017,4.011080083272793,-0.9420441843509999,-0.7050264640301552,-0.19258661047249084,0.7933069912622255,2670770.7635135134
-14.08074405460764,-2.3902855689734497,-17.7344675954533,8.341347204201838,-3.0200306931973064,2.833999889574891,4.0699005629448415,-0.940156764539873,-0.7092250742122036,-0.19076235690173196,0.7929183645707274,2670775.322635135
31.11526572206441,2.3042134878548692,-18.97536350556106,9.19710666577934,-3.229062726360482,2.863914261027391,4.126662505133787,-0.9379945513839428,-0.7133979128310908,-0.18893795724229193,0.7925289249258611,2670779.881756757
-39.92626141915549,3.240228874577729,-18.17458431018944,10.014682503146089,-3.396159746171933,2.883050240814369,4.18130805752571,-0.9355548122280556,-0.7175447227870032,-0.18711342398646832,0.7921386718612907,2670784.440878378
-40.04196832688083,1.2527185108191226,-15.159227480422262,10.759081108274827,-3.5171060337333904,2.891022993655694,4.2337793678067,-0.9328348113677299,-0.7216652500294511,-0.18528876962655802,0.791747604910677,2670789.0
45.47943227177236,-1.5522700227916706,-10.944261436535227,11.386250039827463,-3.5876858701465655,2.8874488410672146,4.28401742686685,-0.9298318009011965,-0.7257592527052347,-0.18346400665485996,0.7913557236076605,2670794.0861486485
-45.63969561137135,-3.070933348801896,-6.8245451345681065,11.852136856465892,-3.603755254530329,2.8720230341525608,4.3319560140256295,-0.9265430298773613,-0.7298264920104778,-0.1816391475636707,0.7909630274858936,2670798.6452702703
-49.387394748299656,-2.8000090806443256,-3.7569744972726253,12.113652858261737,-3.561524330662532,2.844807547862361,4.3775163294144965,-0.9229657473451323,-0.7338667291413034,-0.1798142048452891,0.7905695160790637,2670803.204391892
50.58236131592195,-1.246845509540579,-1.637263825436185,12.133211450230108,-3.458649326740752,2.8062120892939064,4.420612649396786,-0.9190972023534145,-0.737879725293836,-0.17798919099201138,0.790175188920811,2670807.7635135134
-51.206547373988016,1.5518253482525084,-0.10269947905855599,11.881181720486666,-3.297678232189847,2.756716007119953,4.46115688135075,-0.9149346439511153,-0.7418652416641985,-0.17616411849613586,0.7897800455447938,2670812.322635135
-42.29698180736522,3.694553510532209,1.2092178187764981,11.330865934161059,-3.0838778503646544,2.696803786572101,4.499055796095768,-0.9104753211871428,-0.745823039448514,-0.17433899984996057,0.789384085484644,2670816.881756757
49.176189165622205,3.3321425713976525,2.5955166302341217,10.454659740136908,-2.8229183690922426,2.6269601429124307,4.534215934420758,-0.905716483110404,-0.7497528798429065,-0.1725138475457828,0.7889873082740574,2670821.440878378
-45.845412969376326,0.10667391923437504,4.103501344686461,9.226054829986817,-2.520469976199663,2.5476655749659693,4.566548053551684,-0.9006553787698042,-0.7536545240434994,-0.17068867407589997,0.7885897134466776,2670826.0
5.467054792676019,-2.689642788583638,5.780513867395204,7.625703591018057,-2.1822028595139726,2.45939952744847,4.5959639648237784,-0.8952892572142506,-0.7575277332464156,-0.16886349193261038,0.788191300536151,2670830.0861486485
34.602078439818065,-4.237246154653323,7.676732740679905,5.641548050448893,-1.813787206862234,2.3626395947085226,4.622377329939454,-0.8896153674926509,-0.7613722686477795,-0.16703831360821123,0.7877920690761445,2670834.6452702703
-27.550508799276304,-3.7220883581794766,9.658278007873573,3.264510070456992,-1.4208932060714985,2.257855969625961,4.645709212069855,-0.8836309586539117,-0.7651878914437147,-0.16521315159499914,0.7873920186003133,2670839.204391892
20.669663033257756,0.14638545134398848,10.974652771000873,0.5025666956264848,-1.0091910449688293,2.1455140313068735,4.665885488159897,-0.8773332797469394,-0.7689743628303436,-0.16338801838527392,0.7869911486423181,2670843.7635135134
-9.996548209172799,3.7744382731328523,10.642406997500208,-2.55405243912405,-0.5843509113812828,2.026067305231053,4.682843888780774,-0.8707195798206415,-0.7727314440037903,-0.16156292647133155,0.7865894587358012,2670848.322635135
-12.32273577703269,3.427991400911548,7.918794029873956,-5.6564952645769395,-0.15204299313592406,1.8999663534717401,4.69652510791024,-0.8637871079239238,-0.7764588961601782,-0.1597378883454705,0.7861869484144328,2670852.881756757
12.886074485826061,-1.9725834971976008,3.62529526871234,-8.516400550612989,0.2820625219402139,1.7676617381021444,4.706869839526069,-0.8565331131056949,-0.7801564804956311,-0.15791291649998826,0.785783617211868,2670857.440878378
-16.833624036159197,-2.481684585009468,-1.0039416916744717,-10.844712657185097,0.7122954460200478,1.6296040211955052,4.713818777606024,-0.8489548444148605,-0.7838239582062718,-0.15608802342718195,0.7853794646617649,2670862.0
23.05407619427669,0.7242063103647411,-4.71188944650778,-12.35237594424617,1.13298559127653,1.4862437648250497,4.7173126161278605,-0.8410495509003271,-0.7874610904882245,-0.15426322161935,0.7849744902977709,2670867.0861486485
-21.28581715739561,1.4986463114236115,-6.321482868824205,-12.750334771749113,1.5384627698826046,1.3380315310639963,4.7172920490693535,-0.8328144816110029,-0.7910676385376122,-0.1524385235687893,0.78456869365355,2670871.6452702703
-37.41775681488254,0.30246387045539525,-5.48671276692918,-11.822403630374966,1.9223197193956114,1.1854178819855916,4.713698172263249,-0.8242472874507826,-0.7946433635505584,-0.15061394176779905,0.7841620742627644,2670876.204391892
43.701147159408876,-0.3766015961681896,-2.9343075112305734,-9.667445975622844,2.275200878910533,1.0288533796630455,4.7064747212998075,-0.8153482590810698,-0.7981880267231868,-0.14878948870867476,0.7837546316590681,2670880.7635135134
-47.05859002622322,-0.39353606041708805,0.2020844184664493,-6.551469161342462,2.58701361290673,0.868788586169593,4.695569962974469,-0.8061222183684417,-0.8017013892516206,-0.14696517688371505,0.7833463653761015,2670885.322635135
-50.95228449272689,-0.6203752036110094,2.8520820228582777,-2.7640489832891566,2.847665285863585,0.7056740635784576,4.680933196420214,-0.7965750195170256,-0.8051832123319842,-0.14514101878521737,0.7829372749475344,2670889.881756757
50.74524040875363,-1.4866311029333554,3.74282814416013,1.4057415473227954,3.047063262260472,0.5399603739628774,4.662513720770022,-0.7867125167309481,-0.8086332571603999,-0.14331702690548026,0.7825273599070424,2670894.440878378
-47.52042937182503,-2.2228283546961967,2.0689007978920415,5.612700464002133,3.1750789726450446,0.3721340133277874,4.640260835156881,-0.7765405642143338,-0.8120512849329914,-0.1414932137368003,0.7821166197882601,2670899.0
-26.903648295905636,1.3589551839106124,-1.4659873199924844,9.250798792101252,3.2214209253174673,0.20284439992563522,4.614123838713773,-0.7660650161713088,-0.8154370568458829,-0.13966959177147584,0.7817050541248429,2670903.0861486485
34.89748069369451,3.7982995608676706,-3.828158168164746,11.540789787801474,3.175662476761917,0.03287610382484025,4.584052030573682,-0.7552917268060002,-0.8187903340951971,-0.13784617350180411,0.7812926624504516,2670907.6452702703
-28.28901359069805,-0.45229127667211144,-2.4332135295322312,11.881131253026503,3.0278545339128424,-0.1368772311788168,4.549994709869583,-0.7442265503225332,-0.8221108778770579,-0.13602297142008254,0.7808794442987401,2670912.204391892
23.417563792945153,-5.166312156945407,1.4015231032751978,10.491845581775921,2.7747032952371917,-0.3054994894878916,4.511901175734475,-0.7328753409250345,-0.8253984493875889,-0.13419999801860916,0.7804653992033852,2670916.7635135134
-6.165231784517834,-0.7331007730563673,5.245280684813096,7.782104066229201,2.430826649874498,-0.4720745555049233,4.469720727301327,-0.7212439528176293,-0.8286528098229129,-0.13237726578968187,0.7800505266980189,2670921.322635135
-20.82950085197625,5.722795183174522,6.09164865971113,4.180317740331593,2.015173753588009,-0.6356863136324545,4.4234026637031265,-0.7093382402044437,-0.8318737203791543,-0.13055478722559813,0.779634826316308,2670925.881756757
22.550496057726022,4.487813160017373,1.8985268692201878,0.19646070527117626,1.5466937621409884,-0.7954186482730321,4.372896284072859,-0.697164057289605,-0.8350609422524359,-0.1287325748186551,0.7792182975919091,2670930.440878378
-25.526098994641504,-3.1969897448633526,-4.613309631545539,-3.686805794635028,1.0443358312966988,-0.9503554438292032,4.318150887543506,-0.6847272582772377,-0.8382142366388814,-0.12691064106115132,0.7788009400584845,2670935.0
29.316443934606596,-5.004945705967223,-9.526474231908624,-6.999541481385111,0.5270491168183987,-1.0995805847035136,4.259115773248052,-0.6720336973714687,-0.8413333647346141,-0.1250889984453837,0.778382753249681,2670939.0861486485
5.1274273142722455,0.27247643645801817,-9.792966580559947,-9.271806076977175,0.013782774469346048,-1.2421779552985033,4.195740240319478,-0.6590892287764235,-0.8444180877357579,-0.12326765946365047,0.7779637366991636,2670943.6452702703
-38.46751679104491,4.291673883839976,-5.71445685397226,-10.161533813100531,-0.47651403998719577,-1.3772314400167227,4.127973587890768,-0.6458997066962283,-0.847468166838436,-0.12144663660824839,0.7775438899405862,2670948.204391892
43.03678919359995,0.47137049738647147,1.5770132400211478,-9.835910311270155,-0.927138819727163,-1.5038249232607097,4.0557651150949035,-0.6324709853350098,-0.8504833632387719,-0.11962594237147577,0.7771232125075995,2670952.7635135134
-31.667441798060416,-4.241074371678789,8.993666254474414,-8.580419756469656,-1.3309650041490702,-1.6210422894330152,3.9790641210648707,-0.6188089188968929,-0.8534634381328893,-0.11780558924563017,0.7767017039338661,2670957.322635135
-47.23734931877235,-2.099253321276507,13.220400178065127,-6.675942282880172,-1.6854700834538952,-1.7279674229361845,3.8978199049336526,-0.6049193615860042,-0.8564081527169115,-0.11598558972300911,0.7762793637530438,2670961.881756757
44.47649329520121,5.159009762033934,14.827903071626178,-4.402768674217032,-1.9887208983084297,-1.8236842081727607,3.811981765834232,-0.5908081676064704,-0.8593172681869619,-0.11416595629591025,0.7758561914988142,2670966.440878378
-38.510737185296136,1.8751826874959472,15.204156137973872,-2.0398896590882827,-2.238784289379467,-1.9072765295452838,3.7214990028995847,-0.5764811911624153,-0.8621905457391638,-0.11234670145663171,0.7754321867047625,2670971.0
-3.2176232644284397,-6.510587471071231,14.902482469145,0.16326785510932176,-2.4337270973338017,-1.9778282714563062,3.6263209152627045,-0.5619442864579676,-0.8650277465696417,-0.11052783769747009,0.7750073489046236,2670976.0861486485
25.540610399069262,-7.1972123166159205,14.103676086129552,2.0754770633644033,-2.5716161628382257,-2.0344233183083666,3.5263968020565675,-0.5472033076972527,-0.8678286318745174,-0.10870937751072439,0.7745816776320117,2670980.6452702703
-23.01209518333402,4.841419118744405,12.501569556302924,3.6675115732452706,-2.65051832655953,-2.0761455545040164,3.4216759624141617,-0.532264109084395,-0.8705929628499154,-0.10689133338869176,0.7741551724205994,2670985.204391892
23.928003598706685,8.049909624114537,9.027119641993117,4.929007577269406,-2.6684933125626746,-2.102085981047633,3.3121076954684696,-0.5171325448235227,-0.8733205006919598,-0.10507371782366914,0.7737278328040295,2670989.7635135134
-26.677127597873593,0.1673094547534537,2.9025680575839514,5.8494555031542275,-2.623394522048066,-2.1115419218081444,3.197641300352469,-0.5018144691187603,-0.876011006596773,-0.10325654330795457,0.773299658315986,2670994.322635135
6.729174380990466,-3.9033102040619196,-4.794328909689004,6.41834577861716,-2.512268266003106,-2.104644339694177,3.0782526250258355,-0.48631573617423407,-0.878664241760479,-0.10143982233384607,0.7728706484900958,2670998.881756757
33.618479355222135,-3.246190661563945,-12.442376143938832,6.625168831375624,-2.3316288078286815,-2.0821624405076005,2.95402371275497,-0.47064220019407044,-0.881279967379201,-0.0996235673936416,0.7724408028600326,2671003.440878378
-37.62507903968357,-2.5562120696232338,-18.070689502212097,6.4608438976509195,-2.0793306716472335,-2.044980526659313,2.825063155632973,-0.4547997153823952,-0.8838579446490625,-0.0978077909796373,0.7720101209594328,2671008.0
41.786202534792764,-6.524641667506261,-19.695682457183942,5.923619035438307,-1.7605572033551484,-1.9939829005601968,2.691479545752933,-0.4387941359433347,-0.8863979347661873,-0.0959925055841317,0.7715786023219948,2671012.0861486485
-2.148826481425779,-8.07494241187793,-16.298748138419413,5.035800735155152,-1.3883749083862378,-1.9300538646211467,2.5533814752079453,-0.42263131608101434,-0.8888996989266984,-0.09417772369942369,0.7711462464813359,2671016.6452702703
-46.20756267674862,-3.100375951066696,-8.408013047026307,3.886010166516036,-0.9774638799327058,-1.854077721253048,2.4108775360911014,-0.4063171099995609,-0.8913629983267198,-0.09236345781780904,0.7707130529711229,2671021.204391892
43.8563333330164,7.278046944070692,1.4194291929295457,2.5790437721202477,-0.5425042111867573,-1.7669565105159841,2.2640940581446873,-0.38985737190310016,-0.8937875941623749,-0.09054972043158567,0.7702790213250226,2671025.7635135134
-38.28761962333619,6.7483418472463885,10.463926168211087,1.2196979945670647,-0.09817599534059725,-1.669663588512075,2.113228687153027,-0.37325795599575773,-0.8961732476297868,-0.08873652403305271,0.7698441510766842,2671030.322635135
-29.19637116525937,-1.3266928214063496,17.18704906740764,-0.08723072354422758,0.34084067441357085,-1.563191510773741,1.9584982683307441,-0.3565247164816601,-0.8985197199250793,-0.08692388111450612,0.7694084417597661,2671034.881756757
25.680311715289214,-4.644338451515825,20.451859261374775,-1.236945939614353,0.7598657048835425,-1.4485331982786818,1.8001200123377425,-0.3396635075649331,-0.9008267722443752,-0.08511180416824528,0.768971892907932,2671039.440878378
-23.15224977760761,2.54255149133795,19.500094963842812,-2.1441301740075582,1.1442190028771144,-1.326681572004597,1.6383111298339263,-0.32268018344970273,-0.9030941657838002,-0.0833003056865646,0.7685345040548243,2671044.0
24.120051012778227,2.9719526829716068,15.05099764635433,-2.8013817989422387,1.47922047520208,-1.1986295529291877,1.4732888314791992,-0.3055805983400953,-0.9053216617394745,-0.08148939816176576,0.7680962747341102,2671049.0861486485
-27.096599347135054,-2.5720671598606675,8.059096792787752,-3.2207781496003274,1.7501900286662382,-1.0653700620301516,1.305270327933462,-0.28837060644023627,-0.9075090213075242,-0.07967909408614322,0.7676572044794446,2671053.6452702703
4.940618077107675,-1.481232009032137,-1.4615202923879693,-3.414396561163755,1.9424475700773824,-0.9278960202851885,1.1344728298566205,-0.27105606195425236,-0.909656005684071,-0.0778694059519975,0.7672172928244848,2671058.204391892
34.53198809075925,2.9106566135548193,-11.226220625472466,-3.3984026006225805,2.0454012380514417,-0.7872003486719994,0.9611135479085774,-0.2536428190862692,-0.9117623760652401,-0.07606034625162343,0.7667765393028914,2671062.7635135134
-38.345746555747915,3.2299319768582624,-18.318410958805405,-3.20531476219939,2.0648120984368665,-0.6442759681682823,0.7854096927492353,-0.23613673204041286,-0.9138278936471537,-0.07425192747731969,0.766334943448314,2671067.322635135
41.855321684056086,-1.8396388535160757,-20.654583637411587,-2.871739771924903,2.0104078803796352,-0.4999942312411305,0.6075784750384983,-0.21854365502080916,-0.9158523196259357,-0.07244416212138506,0.7658925047943982,2671071.881756757
3.3903137926093545,-4.33006078520659,-16.765777047520388,-2.4333462773493575,1.891478254060601,-0.35478843139251437,0.4278371054362689,-0.2008694422315846,-0.9178354151977096,-0.07063706267611647,0.765449222874828,2671076.440878378
-44.068207902899296,-1.5307319171104365,-7.256317042775047,-1.9220506121010692,1.717384181459241,-0.20916315392302642,0.24640279460245088,-0.18311994787686503,-0.919776941558599,-0.06883064163381057,0.7650050972232529,2671081.0
40.52996540135652,5.011418531280009,4.144495088658378,-1.3688310313278793,1.4975348396323398,-0.06367119921056635,0.06349275319694711,-0.1653010261607764,-0.9216766599047268,-0.06702491148676634,0.7645601273733048,2671086.0861486485
-34.00789866979341,1.8452914372897755,13.618264140793006,-0.8046657901776225,1.2413394056366813,0.08113662179032496,-0.12067779754369785,-0.14741853128744456,-0.9235343314322174,-0.06521988472728024,0.7641143128586708,2671090.6452702703
-14.173896292842704,-4.98574139508319,19.650936782292444,-0.2605331437981345,0.9582070565290478,0.22471745581854363,-0.30590159407637635,-0.12947831746099628,-0.9253497173371935,-0.06341557384765152,0.7636676532130026,2671095.204391892
21.512129579455127,-4.59062840576265,21.22393070200191,0.2325886526627449,0.6575469693662238,0.3665304390363446,-0.49197336228133953,-0.11148623888555673,-0.9271225788157785,-0.061611991340176996,0.7632201479699485,2671099.7635135134
-20.733564870851744,4.545578977796717,18.726292907262923,0.6481412782900962,0.34876832120499324,0.506034707605983,-0.6786878280388391,-0.09344814976525206,-0.9288526770640967,-0.05980914969715345,0.7627717966631639,2671104.322635135
24.633043754393448,2.379475631835171,12.88304054868182,0.9771759712782512,0.04135046692456819,0.6426893976897139,-0.8658397172291267,-0.07536990430420883,-0.9305397732782708,-0.058007061410879836,0.7623225988263156,2671108.881756757
-31.087537287649194,-4.2280415201826775,4.224693336404294,1.2149630455466547,-0.2550263800880401,0.7759536454497913,-1.0532237557324522,-0.057257356706552284,-0.9321836286544253,-0.05620573897365298,0.7618725539930478,2671113.440878378
11.008919597485836,-1.1807383186182137,-6.342193692903332,1.3571629037849378,-0.5310720952160021,0.9052865870484714,-1.2406346694290682,-0.039116361176409466,-0.9337840043886821,-0.054405194877771304,0.7614216616970265,2671118.0
43.4676604624713,4.360122646656123,-16.129703811270964,1.4005810779408783,-0.7786416831006318,1.030147358648009,-1.427867184199226,-0.02095277191790509,-0.9353406616771663,-0.05260544161553129,0.7609699214718998,2671122.0861486485
-47.22952726722451,2.2730838499903765,-22.040735727746508,1.344880518663518,-0.9924475670845218,1.149995096410659,-1.6147160259231772,-0.002772443135166661,-0.9368533617160002,-0.050806491679231965,0.7605173328513358,2671126.6452702703
48.75510339249926,-3.571268945598058,-22.27372499867778,1.19306261030162,-1.1705406042099655,1.264288936498674,-1.8009759204811706,0.015418770967680634,-0.9383218657013084,-0.049008357561169745,0.7600638953690028,2671131.204391892
14.404868228630258,-5.1166517861676315,-16.047637314784172,0.9529225225353826,-1.3116807962900852,1.3724880150743137,-1.9864415937534619,0.03361501618651093,-0.9397459348292133,-0.04721105175364301,0.7596096085585312,2671135.7635135134
-44.36845802881358,-0.9826214622043965,-5.420481127630257,0.6485939872874962,-1.4146281451380036,1.4740514682998287,-2.1709077716202985,0.05181043831719783,-0.9411253302958386,-0.045414586748949444,0.7591544719535981,2671140.322635135
38.18877982550352,5.46117070223092,6.334972528915636,0.3082953770412744,-1.4781426525668442,1.5684384323374767,-2.354169179961934,0.06999918315561501,-0.9424598137839648,-0.04361897455272934,0.758698485087831,2671144.881756757
-30.280468461124208,2.2268217957037146,16.127234666400543,-0.03975493571996889,-1.5009843203897333,1.6551080433495144,-2.536020544658621,0.08817539649763707,-0.9437491489229979,-0.041824225223998944,0.7582416474949184,2671149.440878378
-9.873831980728689,-5.112720808819927,22.064267851297018,-0.36733857851292473,-1.4820318675744444,1.7336381546528439,-2.7162565915906067,0.10633322413913786,-0.9449930998290007,-0.040030348335115144,0.7577839587084981,2671154.0
17.80084509644754,-5.16742664528823,22.674349635202525,-0.6462371788542776,-1.4205826579656353,1.8040252644412595,-2.8946720466381453,0.12446681187599086,-0.946191430618037,-0.03823735345843645,0.7573254182622369,2671159.0861486485
-17.40192295383175,4.847864112017839,18.011895188245575,-0.8528361884653443,-1.3159322952851187,1.8662641107857005,-3.0710616356814864,0.14257030550407068,-0.9473439054061686,-0.03644525016632165,0.7568660256897954,2671163.6452702703
21.496316203639704,4.171795361346632,9.187566445401375,-0.9819363558859274,-1.167737830270641,1.9207126108018078,-3.2452218166296407,0.16063785081925105,-0.9484502883094589,-0.03465404803112799,0.7564057805248212,2671168.204391892
-28.080204371064273,-3.7635631871064072,-1.925530770964905,-1.03130963036739,-0.977393354842434,1.967840027409655,-3.4169559755066397,0.17866359361740586,-0.9495103434439716,-0.03286375662521361,0.7559446823009655,2671172.7635135134
30.343025422493145,-3.8095087478210203,-12.78204538417592,-0.9921452879484536,-0.7528756341333701,2.008117355558083,-3.586069230365281,0.19664167969440902,-0.950523834925768,-0.03107438552093858,0.755482730551904,2671177.322635135
41.266522665369564,1.1852276520456662,-20.495316965497686,-0.8538488266674488,-0.5039452112767216,2.0420168018053366,-3.7523679108677648,0.21456625484613437,-0.9514905268709121,-0.029285944290659137,0.7550199248112802,2671181.881756757
-45.72631856584753,3.509993913850168,-21.871174390239783,-0.606003815139099,-0.24018455882934991,2.070015419147302,-3.915663193113934,0.23243146486845648,-0.9524101833954662,-0.027498442506734253,0.7545562646127555,2671186.440878378
47.810012197959644,0.19398269231984902,-16.064937679284185,-0.250047464761052,0.028881413106081465,2.09259232710091,-4.0757683197246735,0.2502314555572488,-0.9532825686154943,-0.025711889741522075,0.7540917494899846,2671191.0
3.9860420227482334,-3.7448650397599925,-5.662075677095358,0.16539869175421906,0.29372779442689967,2.11023006482966,-4.232499952967441,0.26796037270838546,-0.9541074466470582,-0.0239262955673813,0.7536263789766273,2671195.0861486485
-42.76277912653204,-2.514359477269615,6.041423120863943,0.5799170413655197,0.5448296750304427,2.123412517254886,-4.385676100867524,0.2856123621177405,-0.9548845816062215,-0.022141669556668898,0.7531601526063343,2671199.6452702703
35.147049735514194,4.363680146902033,15.601640236693992,0.9330899710316627,0.7726621448140426,2.1326255326827908,-4.535116734835085,0.30318156958118786,-0.9556137376090466,-0.02035802128174429,0.7526930699127478,2671204.204391892
-25.409330427587264,2.777022659441964,20.15129915478868,1.164499867711459,0.9677002936750305,2.138355563109611,-4.680642429970314,0.3206621408946015,-0.9562946787715968,-0.018575360314965178,0.7522251304295843,2671208.7635135134
-16.420927334575584,-4.821445032034419,19.429078186807104,1.2304288924351037,1.1204192115107434,2.1410893998685636,-4.822074100710385,0.3380482218538552,-0.9569271692099349,-0.01679369622868962,0.7517563336904389,2671213.322635135
10.328275260439698,-5.462945182854198,14.315551746435611,1.1520021386355803,1.2232899987844685,2.141273652300007,-4.959232326182794,0.35533395825482317,-0.9575109730401241,-0.01501303859527567,0.7512866792289876,2671217.881756757
-9.980163302975626,5.847203010240376,6.168749321029056,0.9590178769197701,1.2768789001134349,2.1392862704494773,-5.091937573476663,0.3725134958933792,-0.9580458543782272,-0.013233396987082122,0.7508161665788952,2671222.440878378
14.999314018442375,5.818648955529298,-2.4992506107781334,0.6785104485462151,1.284192578241256,2.1358287155844664,-5.2200103096811175,0.3895809805653973,-0.958531577340307,-0.011454780976467033,0.750344795273803,2671227.0
-22.822070143853768,-3.5697165247152136,-9.89001677253234,0.33731225340707344,1.2485882160821833,2.1314538701681993,-5.34327100188527,0.40653055806675176,-0.9589679060424257,-0.009677200135788464,0.749872564847388,2671231.0861486485
36.49315330536899,-6.476015317704126,-14.956374542077276,-0.037744308605495325,1.1743710779117358,2.1257665353026574,-5.461540117178254,0.423356374193316,-0.959354604600647,-0.007900664037405292,0.7493994748332916,2671235.6452702703
38.014106015542836,-4.770309382766121,-16.85257817933807,-0.41982683759934064,1.0660474792424943,2.118170460852744,-5.574638122649186,0.4400525747409643,-0.9596914371310347,-0.006125182253673941,0.7489255247651795,2671240.204391892
-43.21142239673406,-3.384762105522122,-15.27480762486162,-0.7824906939342843,0.9281141438261599,2.1080789884442432,-5.68238548538719,0.4566133055055709,-0.9599781675913914,-0.004350764515213339,0.7484507141767022,2671244.7635135134
46.174368705933496,-1.8665749133859584,-11.010211957190995,-1.1008422789781107,0.7650677954144419,2.094905459702937,-5.784602672481386,0.47303271228300914,-0.9602145593064851,-0.0025774211856766163,0.7479750426015223,2671249.322635135
19.478211147991644,1.5814255641871353,-5.1007369796268005,-1.3503757543505843,0.5814051577590459,2.0780632162546118,-5.8811101510209,0.4893049408691537,-0.9604003754428246,-0.0008051627869756818,0.747498509573289,2671253.881756757
-44.056651287707595,5.611097939336028,1.4116715045303543,-1.506585281671464,0.3816229546116791,2.0569655997250442,-5.971728388094852,0.5054241370598781,-0.9605353791669201,0.0009660001589778297,0.7470211146256606,2671258.440878378
38.245830546717094,6.668688659170296,7.48506769197987,-1.5449624460404983,0.1702153332040229,2.031025951740019,-6.056277850792364,0.5213844466510561,-0.9606193333574998,0.002736056842492318,0.7465428572922892,2671263.0
-1.7992292097254552,-0.45849326661173023,12.06973302570487,-1.4406882462669877,-0.04863414552267384,1.9996576139253208,-6.134579006202561,0.5371800154385622,-0.9606519997421733,0.0045049953027544165,0.7460637371068641,2671268.0861486485
-20.72184938496198,-6.286402046511127,14.084857933823463,-1.1680389925200534,-0.2716466092673443,1.9622739279067216,-6.206452321414561,0.5528049892182703,-0.96063313976077,0.006272803291174067,0.7455837536030021,2671272.6452702703
13.008697711868772,-1.2043680613156738,12.704223187762675,-0.7186650179920813,-0.49425625251590216,1.9182882353100175,-6.27171826351749,0.5682535137860539,-0.9605625148531202,0.008039468559159392,0.7451029063143824,2671277.204391892
-9.002213956304818,5.648277607259915,8.151061947050326,-0.15042873799172357,-0.7100335468789248,1.8671138777609795,-6.3301972996004645,0.5835197349377874,-0.9604398864590536,0.009804978858119241,0.7446211947746489,2671281.7635135134
9.920643981862437,-0.6238561812348672,1.242474811343401,0.46232916382360156,-0.9121577854284327,1.8081641968853948,-6.381709896752617,0.5985977984693447,-0.9602650160184005,0.01156932193946283,0.7441386185174659,2671286.322635135
-15.029186922957033,-4.858041518993722,-5.87842024728513,1.0452680037964714,-1.0938082612364775,1.7408525343090484,-6.426076522063064,0.6134818501765994,-0.9600376649709894,0.013332485554598096,0.743655177076497,2671290.881756757
23.073184233539152,-0.19719199805181767,-11.015590510550794,1.5240470982694578,-1.2481642673750826,1.6645922316577173,-6.463117642620926,0.6281660358554261,-0.9597575947566512,0.015094457454933258,0.7431708699853772,2671295.440878378
30.00172505183324,4.139089182515889,-13.189189149309193,1.8243257635851464,-1.368405096916295,1.5787966305571808,-6.492653725515323,0.6426445013016987,-0.9594245668152149,0.01685522539187771,0.7426856967777848,2671300.0
-36.164500675026375,0.5465623150685158,-12.397913548623062,1.890149824529434,-1.4481673211685575,1.4828790726332295,-6.514505237835386,0.6569113923112905,-0.9590383425865104,0.01861477711683939,0.7421996569873751,2671304.0861486485
38.15834395879624,-3.7120407959440476,-9.912867039261064,1.7401488655707105,-1.4839543502951742,1.3762528995116403,-6.528492873329884,0.6709610813397285,-0.9585986835103677,0.020373100381228065,0.7417127501477886,2671308.6452702703
42.05995504178909,-3.593359287199667,-7.099092823723137,1.4154898832574088,-1.4771994518547535,1.2586531283403732,-6.534438359490166,0.684788974585117,-0.9581053510266165,0.022130182936450943,0.7412249757926981,2671313.204391892
-42.295986949525826,1.5386814796491537,-4.369504667568527,0.9583776000471392,-1.4316872460876326,1.1311284030399418,-6.532164146692818,0.698391201130777,-0.9575581065750869,0.023886012533918147,0.7407363334557527,2671317.7635135134
41.00824560940426,4.076010336694564,-1.3090696781319116,0.41101673839752106,-1.3516467197218378,0.9951717340185205,-6.521492763657105,0.7117639684027447,-0.9569567115956075,0.025640576925036622,0.7402468226706136,2671322.322635135
27.933457843402284,-0.14948277814408534,2.4691034311546396,-0.18438797923382927,-1.2412965242454257,0.8522657964443313,-6.502246726912007,0.7249034716367443,-0.9563009275280098,0.02739386386121676,0.739756442970927,2671326.881756757
-34.80349248693664,-4.818833219407952,6.6100976035474135,-0.7856318303893093,-1.1044813879964739,0.7035193423356378,-6.474248552986498,0.7378059060684984,-0.9555905158121223,0.02914586109386614,0.7392651938903746,2671331.440878378
30.653646974815025,-3.2523086678527227,10.517026512684781,-1.3505100926112839,-0.9449488104680206,0.549943894865619,-6.437320758409545,0.7504674669337313,-0.954825237887775,0.030896556374393338,0.738773074962585,2671336.0
4.034953686273275,2.581898529737554,13.36693509704504,-1.8368180434421502,-0.7664462911530897,0.39255097720747395,-6.3912858597101225,0.762884349468167,-0.9540048551947976,0.032645937454207026,0.738280085721234,2671341.0861486485
-23.328624034580233,6.281851550003169,14.280351111316472,-2.2023509604242917,-0.5727213295446963,0.23235211253438673,-6.335966373417206,0.7750527489075286,-0.9531291291730204,0.03439399208471678,0.7377862256999681,2671345.6452702703
-7.767487278052149,3.1050077044661437,12.667271236828595,-2.4137095743347596,-0.36752142513586517,0.07035882401954198,-6.271184816059762,0.7869688604875397,-0.9521978212622726,0.03614070801733027,0.7372914944324499,2671350.204391892
9.263920763601552,-3.410973687028508,9.095567861475967,-2.4722329202457884,-0.1550775860631281,-0.09241736516386542,-6.1967637041667665,0.7986288794439241,-0.9512106929023851,0.037886073003456616,0.7367958914523342,2671354.7635135134
22.862339233858872,-7.594163413776345,4.422582299794397,-2.3869422292935805,0.05925592236628827,-0.2549649318426537,-6.1125255542671875,0.8100290010124053,-0.9501675055331851,0.039630074794503395,0.7362994162932809,2671359.322635135
-26.59047808629071,-5.58111653616395,-0.5368275001007667,-2.1696183335839927,0.272882352611648,-0.41627026964045705,-6.018292882889998,0.8211654204287071,-0.949068020594505,0.04137270114188055,0.7358020684889384,2671363.881756757
14.570360818197232,-0.404070084994999,-5.191872853732016,-1.8328528426261927,0.4839892461990198,-0.5752932838444207,-5.9138882065641765,0.8320343329285528,-0.9479119995261736,0.04311393979699684,0.7353038475729686,2671368.440878378
37.8234736225788,4.498660806959898,-9.210791634866595,-1.389237365929348,0.6906894393562815,-0.7309191744435009,-5.799134041818684,0.8426319337476663,-0.9466992037680201,0.04485377851125957,0.7348047530790258,2671373.0
-43.35295208546293,6.968890292459285,-12.31595751522786,-0.8513635130026139,0.8910776127875313,-0.8820149859028716,-5.6738529051825015,0.8529544181217714,-0.9454293947598751,0.046592205036078416,0.7343047845407632,2671378.0861486485
25.364295793859625,8.18973861215713,-14.229744166539128,-0.2318228933551618,1.0832484471968682,-1.0274208059071694,-5.537894269965136,0.8629979812865908,-0.9441023339415677,0.04832920712286103,0.7338039414918792,2671382.6452702703
50.20074215996452,8.470236807077002,-14.674863268660031,0.45713089164012743,1.265296623288414,-1.1658688950188427,-5.39121543659831,0.8727588184778494,-0.9427177827529283,0.05006477252301737,0.733302223465968,2671387.204391892
-50.50890609326085,7.812351708053426,-13.398593357711787,1.1936439125916372,1.435316821766259,-1.2960645570198064,-5.233800662294254,0.8822331249312697,-0.9412755026337863,0.05179888898795537,0.7327996299967283,2671391.7635135134
35.52744088516886,6.377370722660543,-10.265014469534208,1.9123908059887837,1.5914037233345188,-1.416713095691945,-5.065634204265237,0.8914170958825767,-0.9397752550239717,0.05353154426908333,0.7322961606177891,2671396.322635135
44.26357891030412,1.798894155190159,-5.357002540186107,2.5370938477571823,1.7316520086972973,-1.5265198148171828,-4.8867003197234915,0.900306926567492,-0.9382168013633141,0.055262726117810385,0.7317918148628377,2671400.881756757
-38.44490015448098,-5.7740563273921675,0.6478140832763575,2.9914753138224435,1.8541563585586969,-1.624190018177413,-4.696983265881281,0.9088988122217412,-0.9365999030916429,0.05699242228554492,0.7312865922654854,2671405.440878378
32.084963148194866,-7.236832403842463,6.378050805511379,3.199257480110176,1.9570114536228218,-1.7084290095545378,-4.4964672999508535,0.9171889480810471,-0.9349243216487892,0.05872062052369661,0.7307804923594545,2671410.0
18.729242767272833,-0.6825545037738542,10.591049290474404,3.085278260070438,2.0371963370693287,-1.7779242773516462,-4.285154494523276,0.9251735293811325,-0.9331898184745807,0.06044730858367157,0.7302735146783448,2671414.0861486485
-22.366063626683786,6.359220925430419,12.124436498268848,2.578121524444703,2.087944094786461,-1.8312920484565445,-4.063118183704899,0.932848751357722,-0.9313961550088488,0.06217247421688057,0.729765658755834,2671418.6452702703
-20.123924516102768,6.233694771619757,10.228251052214373,1.6483795648155797,2.1045191502803706,-1.867382168659129,-3.830478686616824,0.9402108092465399,-0.9295430926914222,0.06389610517473218,0.7292569241255845,2671423.204391892
-4.955454750378802,0.05182557920428817,5.850735667868036,0.44096469812807537,2.084193454446873,-1.8861621441858087,-3.5875295965269247,0.9472558982833085,-0.9276303929621315,0.06561818920863352,0.7287473103212457,2671427.7635135134
25.389399975548294,-5.3391247066754595,0.572698351059422,-0.8554516041306023,2.0251935666366823,-1.8882805399514067,-3.334838056469556,0.9539802137037522,-0.925657817260806,0.06733871406999473,0.7282368168764742,2671432.322635135
-31.229394151787996,-4.14981254487701,-4.05643836985712,-2.052197870473247,1.9259142806147673,-1.8744255688078089,-3.0730997959562636,0.9603799507435934,-0.9236251270272761,0.06905766751022491,0.7277254433249435,2671436.881756757
-2.123494073734363,1.0619325107009454,-6.960813743605937,-2.960602629412645,1.7847503190206824,-1.8452673747629529,-2.803028542217132,0.9664513046385571,-0.9215320837013704,0.07077503728073066,0.7272131892002766,2671441.440878378
46.5097954463146,4.852010605540994,-7.6564193282998,-3.3915499774064832,1.6000964044939887,-1.8014761018247691,-2.5253380224822557,0.9721904706243671,-0.9193784487229202,0.072490811132922,0.7267000540361664,2671446.0
-53.37506978966281,3.1772582815118793,-5.911897308216981,-3.212998682936695,1.3716045961048873,-1.7437218940011974,-2.2407419639817183,0.977593643936746,-0.9171639835317537,0.07420497681820695,0.726186037366245,2671450.0861486485
9.39490491865705,-1.4645703118547913,-2.296418550442835,-2.5278726834088756,1.1039562986461418,-1.672674895300165,-1.9499540939456115,0.9826570198114174,-0.9148884495677017,0.07591752208799474,0.7256711387241694,2671454.6452702703
60.524377602279415,-5.176876042920618,1.3225988289629569,-1.4979483164733072,0.8030902533411681,-1.589005249729614,-1.6536881396040217,0.9873767934841057,-0.9125516082705936,0.07762843469369368,0.7251553576436094,2671459.204391892
-59.68665508747735,-4.420450805766527,3.292955119346862,-0.2850019197802752,0.47494520141337554,-1.4933831012974736,-1.3526578281870387,0.991749160190534,-0.9101532210802592,0.0793377023867127,0.724638693658223,2671463.7635135134
25.987520232606816,1.619578058391435,3.5656130974564033,0.9454893968523792,0.12545988408617592,-1.3864785940116857,-1.0475768869247495,0.9957703151664262,-0.9076930494365273,0.08104531291845884,0.7241211463016662,2671468.322635135
49.759278580835485,5.902665648723316,2.4985774384035246,2.0131055497727144,-0.23942695741701894,-1.268961871880179,-0.7391590430472438,0.9994364536475054,-0.9051708547792299,0.08275125404034359,0.7236027151075916,2671472.881756757
-42.38398835491557,2.2846339289773674,0.582068220789694,2.7404115176888886,-0.6137765818727992,-1.1415030789108918,-0.42811802378460934,1.0027437708694957,-0.9025863985481949,0.08445551350377332,0.7230833996096337,2671477.440878378
24.502611304707578,-4.1699651919748,-1.1817342289537587,2.9788138948777023,-0.9916502480577534,-1.004772359111758,-0.11516755636693517,1.0056884620681208,-0.8999394421832525,0.08615807906015709,0.7225631993414886,2671482.0
29.089627647974925,-6.266123480027291,-1.6626944937290034,2.5832616694881616,-1.3634062334375487,-0.8594398564907118,0.19897863197568968,1.0082667224791042,-0.8972297471242333,0.087858938460905,0.7220421138367881,2671487.0861486485
1.1641646032092847,-0.12818094198649485,-0.27217413618460157,1.5074422850314484,-1.704590890234168,-0.7061757150556888,0.513606814013178,1.0104747473381692,-0.894457074810966,0.0895580794574233,0.721520142629208,2671491.6452702703
-25.270325126696786,6.062472037333558,1.4124773620453435,0.15554172613125908,-1.9870475893586685,-0.5456500788146239,0.8280032625154399,1.0123087318810404,-0.8916211866832808,0.09125548980112226,0.7209972852523879,2671496.204391892
-22.573939735041904,4.104604503700422,1.697819545056399,-1.0080895827087828,-2.1825248246142026,-0.3786279688833634,1.1414542502523881,1.0137648713434408,-0.8887218441810072,0.0929511572434102,0.7204735412399871,2671500.7635135134
33.69325660644309,-2.151366777686622,0.6312207295036717,-1.7718297305440998,-2.2623849093830217,-0.20626058679864775,1.4532460499939341,1.0148393609610922,-0.8857588087439756,0.09464506953569533,0.719948910125669,2671505.322635135
-41.25366904496359,-5.438127335387475,-1.157805759860458,-2.1318944988363713,-2.1997757387111823,-0.030200803374310557,1.7626649345099887,1.0155283959697214,-0.8827318418120145,0.0963372144293866,0.719423391443083,2671509.881756757
-21.453953886898464,-2.683614755826628,-2.9456655348489744,-2.1102289509930063,-1.979773587516413,0.14637142173792156,2.0689971765704613,1.0158281716050503,-0.879640704824955,0.09802757967589275,0.7188969847259017,2671514.440878378
57.588570318775574,2.5094443845142442,-3.7957248833220563,-1.7162134848298898,-1.6120070617650588,0.3198960246741444,2.371529048945269,1.015734909698471,-0.8764851858182944,0.09971615302662191,0.7183696895077715,2671519.0
-63.73290142451298,5.3027632184179865,-2.718590155696374,-1.0067631470728393,-1.1320885305129504,0.4868129415704654,2.669546824404319,1.0152449384640476,-0.8732651792102034,0.1014029222329844,0.7178415053223447,2671523.0861486485
-9.571963214489532,2.7717072152583877,0.8237522409591427,-0.14814783869658524,-0.5810496873517794,0.6435621085629858,2.962336775717521,1.0143546127115124,-0.8699806060145199,0.10308787504638615,0.7173124317032735,2671527.6452702703
65.48253133899327,-3.0006730519712796,5.077942944709305,0.6444469026981541,7.777412675389188e-05,0.7865834617878114,3.2491851756547923,1.0130602872505974,-0.8666313872450823,0.10477099921823738,0.7167824681842511,2671532.204391892
-58.95848779240228,-6.052576915388887,7.284833993041035,1.149618463684766,0.5702621603309532,0.9123169373810417,3.5293782969860423,1.0113583168910356,-0.8632174439157296,0.10645228249994693,0.7162516142988538,2671536.7635135134
15.557223525926862,1.5769755612795011,5.662703116110796,1.2044381748192694,1.088213709684383,1.0172024714787846,3.8022024124811815,1.009245056442558,-0.8597386970402998,0.10813171264292275,0.7157198695808388,2671541.322635135
33.81578086514219,6.688303012514896,0.8277499676161226,0.8863067658401665,1.5141542031215276,1.0976800002171374,4.066943794910122,1.0067168607148986,-0.8561950676326308,0.10980927739857395,0.7151872335637827,2671545.881756757
-20.186877914741597,-2.1049666308518944,-5.6377550107534535,0.3568334034762662,1.8182226113915507,1.1501894597322095,4.3228887170427726,1.003770084517788,-0.8525864767065621,0.11148496451830858,0.7146537057814016,2671550.440878378
10.625643014358298,-6.893769210528479,-10.418955410539827,-0.2193169609494154,1.9764795583511818,1.1711707861601026,4.569323451649047,1.000401082660959,-0.8489128452759316,0.1131587617535362,0.7141192857673202,2671555.0
-8.510170526063934,4.651264586583277,-10.91913918623402,-0.6880549160125643,1.9779993462836722,1.1575248788301928,4.80557098450974,0.9966062099541452,-0.845174094354578,0.11483065685566468,0.7135839730551969,2671559.0861486485
14.47769890270247,6.3801776537039006,-9.137536887515177,-0.9051238910973852,1.8122727132778518,1.1089362117679444,5.031132129561651,0.9923818212070767,-0.8413701449563389,0.11650063757610223,0.7130477671786952,2671563.6452702703
-38.12922516854595,-1.1571715211209745,-7.625974921390929,-0.8018800426343188,1.4701043182171056,1.02935857956664,5.245679956843055,0.9877242712294876,-0.8375009180950539,0.11816869166625886,0.7125106676714763,2671568.204391892
-40.588143655625196,-5.4408656529286175,-6.787285460925464,-0.3788457121256123,0.9738408894802113,0.9238833552402488,5.448965089299955,0.9826300020734922,-0.8335664220269432,0.1198348068775418,0.7119726740671734,2671572.7635135134
54.00692454904484,0.841776651886969,-6.087760951824655,0.23920655819135145,0.3904643884601342,0.7976491938498811,5.640751976154462,0.9770958047607393,-0.8295670139777623,0.12149897096136118,0.7114337858994649,2671577.322635135
-64.18670313697356,4.826765254802579,-3.6348000960141698,0.8742334934776269,-0.20330801248175365,0.6557863334099946,5.820813483675334,0.9711185575552593,-0.8255031384156475,0.12316117166912403,0.7108940027020149,2671581.881756757
-32.912351919763964,0.9084681636257168,1.8957970651381957,1.3557760103079006,-0.7338395156404788,0.5034229132316516,5.988924576834719,0.9646951387210837,-0.8213752398087365,0.12482139675224055,0.7103533240084609,2671586.440878378
70.48564438687615,-5.171081093167068,8.077398469647335,1.5506583058971983,-1.1427034962891816,0.3457082805035527,6.144839012727138,0.9578224265222427,-0.8171837626251662,0.12647963396211806,0.7098117493524465,2671591.0
-65.44094430842472,-5.234958944320587,11.606804780512025,1.356215475165469,-1.396845717594461,0.18787661392484128,6.288225716936665,0.950497299222768,-0.8129291513330738,0.12813587105016558,0.7092692782676852,2671596.0861486485
-6.08808034546496,3.6669359563723485,11.651656381341157,0.7355716035579097,-1.5090498803833745,0.03518330007226468,6.418732407169764,0.9427166350866915,-0.8086118504005962,0.12979009576779205,0.7087259102877942,2671600.6452702703
41.42584774594755,6.920314301605238,8.37341051883709,-0.23533112722359026,-1.5027263084742626,-0.10722696731311629,6.536006801132874,0.9344773123780423,-0.8042323042958714,0.131442295866406,0.7081816449464229,2671605.204391892
-26.521539394661136,-5.503627700251966,3.1826382259452233,-1.3714932067305423,-1.4002278824274976,-0.2352669377482222,6.639696616532453,0.9257762093608533,-0.7997909574870359,0.13309245909741566,0.7076364817772526,2671609.7635135134
14.486658445607585,-8.055813061905718,-1.5995683856556662,-2.465638555544009,-1.2213381023075396,-0.34741874124590083,6.729449571074971,0.9166102042991543,-0.7952882544422274,0.13474057321223082,0.7070904203139122,2671614.322635135
-9.650396341533419,7.930385777948182,-4.106906677666823,-3.3094288736899298,-0.9852257962638004,-0.4427791797340198,6.804913382466869,0.9069761754569774,-0.7907246396295823,0.1363866259622578,0.706543460090079,2671618.881756757
13.557471807694323,8.278555511089724,-5.086981029954772,-3.7000309455703575,-0.7110597924456921,-0.52044505514047,6.865735768414611,0.8968710010983527,-0.7861005575172392,0.13803060509890802,0.7059956006394064,2671623.440878378
-23.470308234642715,-2.299615864108651,-5.976787896043924,-3.476792460382487,-0.41745035543005776,-0.579513169393125,6.911564446624642,0.8862915594873118,-0.7814164525733341,0.13967249837358828,0.7054468414955483,2671628.0
-37.53237178352821,-7.454254496797791,-6.206923922625125,-2.531924633873859,-0.12077349550351008,-0.6190803244198813,6.942047134803428,0.8752347288878857,-0.7766727692660049,0.14131229353770863,0.7048971821921582,2671633.0861486485
50.03793401585654,1.25537013451577,-4.868442464606512,-0.9151533775939973,0.16315334061989487,-0.6382433221486095,6.956831550657413,0.8636973875641056,-0.7718699520633878,0.1429499783426752,0.7043466222629003,2671637.6452702703
-59.27216502589743,6.1692177841673015,-2.2211274251310007,1.1056457565282343,0.4185127062261125,-0.636098964507199,6.955563307043148,0.851678518629919,-0.7670084454336209,0.14458554053989894,0.7037951612414208,2671642.204391892
-50.11695635716896,1.1947122924101368,0.9379278241518112,3.222080858122456,0.6294871546010866,-0.6118279664507469,6.937963510444722,0.8391855245989349,-0.7620886938448413,0.14621896788078756,0.7032427986614012,2671646.7635135134
65.46545451095116,-5.260000591971755,2.87480182027263,5.127752262319305,0.7802592390307901,-0.5651045103625935,6.904244629924536,0.8262279128346814,-0.7571111417651866,0.14785024811675052,0.7026895340564819,2671651.322635135
-62.402035710391786,-3.9963166377703083,2.2060977811408575,6.503406918710542,0.8550115128011436,-0.4963179529303118,6.855334308849257,0.8128151907006861,-0.7520762336627929,0.14947936899919553,0.7021353669603038,2671655.881756757
-12.321518362524513,3.9955251002618244,0.07633340731362151,6.987864132672933,0.8381305542946783,-0.4062194912573902,6.792318005904877,0.7989568655604743,-0.7469844140057981,0.15110631827953147,0.7015802969065524,2671660.440878378
44.63033410867497,5.51550541016829,-1.4440644454243452,6.219518828600954,0.7223263105255866,-0.29723120356926347,6.716281179777334,0.7846624447775742,-0.7418361272623395,0.1527310837091669,0.701024323428867,2671665.0
-31.636247607103297,-5.998445169482707,-0.6624911149489929,3.921194288418462,0.5305418265861778,-0.1753983161308338,6.628309289152605,0.7699414357155113,-0.7366318179005534,0.15435365303951015,0.7004674460609128,2671669.0861486485
19.537866468898816,-5.398143457256632,0.7975383906484991,0.5256600448204712,0.2932274158141564,-0.04762083594271011,6.529487792716644,0.7548033457378132,-0.7313719303885788,0.15597401402197086,0.6999096643363408,2671673.6452702703
-12.980156656148955,7.085488177541661,1.26381912393137,-3.2402234078246503,0.040833391547234504,0.07920122999448252,6.420902149155426,0.7392576822080061,-0.7260569091945512,0.15759215440795707,0.6993509777888127,2671678.204391892
14.517529777142622,2.7079938523458025,-0.02301206510831597,-6.609143611535333,-0.1961899328768978,0.19813251305312765,6.303673178781921,0.7233139524896178,-0.7206871987866087,0.15920806194887765,0.6987913859519812,2671682.7635135134
-6.903072280750326,-6.117288588069313,-1.7110566429282257,-8.87070671030845,-0.3873922441205227,0.30209619809747446,6.179063148417223,0.7069816639461741,-0.715263243632889,0.16082172439614123,0.698230888359501,2671687.322635135
-34.262796498746425,-7.449753655134558,-1.9327165159057245,-9.330563432620634,-0.50232322884595,0.3839801083647675,6.048369686509444,0.6902703239412027,-0.709785488201527,0.1624331295011549,0.6976694845450381,2671691.881756757
45.33260653010065,1.6423251426873797,0.32991725055607557,-7.546788658338538,-0.5189499635077589,0.4373913437840274,5.912882766189819,0.6731894398382294,-0.7042543769606618,0.16404226501532918,0.6971071740422361,2671696.440878378
-54.95749846925275,6.356854294256409,2.6959969549509597,-4.0871538728888,-0.4499420514905339,0.4598990118962561,5.77380980623805,0.6557485190007826,-0.698670354378431,0.16564911869007248,0.6965439563847734,2671701.0
-59.31549658138515,4.519912619506088,2.658434836047244,0.2338267449060371,-0.32051835701417675,0.4542100962041662,5.632063841890086,0.6379570687923879,-0.693033864922971,0.16725367827679338,0.6959798311062964,2671706.0861486485
61.59189502177081,-2.0228053239713124,0.6198765059112481,4.6217359926208115,-0.1569307120593786,0.4244324646181363,5.488189991734976,0.6198245965765721,-0.6873453530624186,0.16885593152689984,0.6954147977404399,2671710.6452702703
-60.58451560330845,-3.9401672463576727,-2.218781978660477,8.266269262465263,0.014569051393175186,0.3747529809392587,5.342654378471064,0.6013606097168618,-0.6816052632649114,0.17045586619180045,0.694848855820897,2671715.204391892
-13.974797439224469,1.48599853085274,-4.232220357980671,10.286322394148696,0.1677291013628001,0.3093585089686104,5.195923124796692,0.5825746155767854,-0.6758140399985867,0.17205347002290436,0.6942820048812904,2671719.7635135134
47.87705047476844,3.431169623328192,-2.6119338418532325,9.974021335537424,0.281201891887851,0.23238310731268408,5.048462353410214,0.563476121519868,-0.6699721277315818,0.17364873077162074,0.6937142444553083,2671724.322635135
-36.67323258065851,-3.859783182032139,2.874062757408892,7.717980222552609,0.35328572428675226,0.1477209105956705,4.90073818700997,0.5440746349096374,-0.664079970932034,0.17524163618935737,0.6931455740765816,2671728.881756757
25.045902858465677,-0.6686027966552848,6.23237405638947,4.210520796420619,0.387347385101988,0.0590490490421709,4.753216748294303,0.5243796631096188,-0.6581380140680805,0.1768321740275233,0.692575993278789,2671733.440878378
-17.398756325515947,5.904857074118249,4.767765298962724,0.19264854661883055,0.3872384127137388,-0.03044009896095325,4.606364159961563,0.5044007134833417,-0.6521467016078576,0.17842033203752644,0.6920055015955751,2671738.0
17.41441984481464,-2.2740636769438254,-1.5703790806260463,-3.7538409209296635,0.3579623852325161,-0.11870619475712296,4.460646544710095,0.4841472933943309,-0.6461064780195034,0.18000609797077574,0.6914340985606011,2671742.0861486485
19.821800209928167,-8.382931850823521,-7.993122265270001,-7.092853552466282,0.30505594798797947,-0.2042419669089392,4.316530025238235,0.46362891020611374,-0.6400177877711553,0.18158945957868056,0.6908617837075175,2671746.6452702703
-33.05523531039406,-4.003793539384239,-9.834394226291467,-9.288295294232467,0.2341243873455288,-0.2856087850147418,4.174480724244336,0.44285507128221724,-0.6338810753309494,0.18317040461264839,0.6902885565699829,2671751.204391892
44.68601008169432,7.247467534691756,-7.619763097421334,-9.951198177307303,0.15077298967055666,-0.3613680186728502,4.034964764426743,0.42183528398616876,-0.627696785167024,0.18474892082408917,0.6897144166816713,2671755.7635135134
-50.14502428494615,10.870489665141655,-2.8214072204735565,-9.280665465923182,0.060173935131225556,-0.4300810374815985,3.898448268483802,0.40057905568149355,-0.6214653617475163,0.18632499596441096,0.6891393635762134,2671760.322635135
-60.449423771107504,6.354787993995683,3.237457988935053,-7.621194084361178,-0.03423302089327235,-0.4903092110393011,3.765397359113849,0.37909589373171954,-0.6151872495405625,0.18789861778502193,0.6885633967872787,2671764.881756757
61.87129172578425,-2.5599424838957026,9.325620799001484,-5.316847850705148,-0.12944122922096915,-0.5406139089442941,3.6362781590152413,0.35739530550037313,-0.6088628930143007,0.1894697740373309,0.6879865158485312,2671769.440878378
-58.67549949214691,-11.140641145606342,13.750637650296998,-2.7116905830389206,-0.22244404066990936,-0.5795565007948986,3.511556790886316,0.3354867983509813,-0.6024927366368673,0.19103845247274612,0.687408720293594,2671774.0
-14.842669309785267,-10.265121699952395,15.130226502143408,-0.14978609944634821,-0.3102348060581142,-0.6056983561894492,3.3916993774254225,0.313379879647071,-0.5960772248764008,0.19260464084267745,0.6868300096561819,2671778.0861486485
42.94530503254283,-3.8752395071278385,13.781335676664606,2.08273242600662,-0.38980687620363724,-0.6175473569698564,3.2771185535744967,0.29108405675216914,-0.5896168022010375,0.19416832689853322,0.6862503834699225,2671782.6452702703
-33.67459872952221,1.8639688450015472,10.228895366256642,3.9310402006868377,-0.45815360192450916,-0.6133671011941387,3.167982670491573,0.26860883702980265,-0.5831119130789149,0.19572949839172155,0.6856698412684374,2671787.204391892
26.3085291786729,6.580658729557153,4.941561897852809,5.3965862974239105,-0.5122683340387639,-0.5912463681307822,3.0642852605451516,0.24596372784349738,-0.5765630019781691,0.1972881430736506,0.6850883825854358,2671791.7635135134
-23.01912720664384,8.882867644720609,-1.4872685936098,6.4804055944086745,-0.5490380884882843,-0.5493499391661335,2.9659895233454443,0.22315823655678113,-0.5699705133669392,0.19884424869572995,0.6845060069545494,2671796.322635135
13.496795639682563,0.675948514032838,-8.014372287480368,7.183532969831958,-0.5643346362995365,-0.48685784060196147,2.8730586585026674,0.20020187053318073,-0.5633348917133612,0.20039780300936735,0.6839227139094479,2671800.881756757
30.048021090554172,-8.194734529092091,-13.662098820728287,7.507003301884587,-0.5514877562594815,-0.4054920909795341,2.785455865627032,0.17710413713622203,-0.5566565814855723,0.20194879376597266,0.6833385029837751,2671805.440878378
-38.15999508871262,-6.693694598470973,-17.39789937550643,7.453972097548571,-0.5049965801948242,-0.3079240472096028,2.7031424069468026,0.1538745437294329,-0.54993602715171,0.20349720871695356,0.68275337371118,2671810.0
46.64265744898205,-0.2524325658604455,-18.090093357811284,7.0362200785729305,-0.4276805091409915,-0.19707892688682613,2.6260284598158545,0.13052259767633978,-0.5431736731799114,0.20504303561371873,0.6821673256253585,2671815.0861486485
-33.395766392019105,3.0657539735570714,-15.757688858908091,6.279836845358906,-0.3249931438744609,-0.07576389629706622,2.553848922819769,0.1070578063404693,-0.5363699640383146,0.20658626220767742,0.6815803582599341,2671819.6452702703
-56.0765543850351,5.5774772163559385,-10.776524889963781,5.257524503716751,-0.20253078477406253,0.05325721362039175,2.486295359197549,0.08348967708534823,-0.5295253441950547,0.2081268762502373,0.6809924711485589,2671824.204391892
54.32556625663088,8.140806799094657,-3.5340579135969397,4.053602610908394,-0.06588973221861447,0.187220571926272,2.42305933218819,0.05982771727450397,-0.5226402581182711,0.20966486549280816,0.6804036638249316,2671828.7635135134
-48.3961493322817,0.9111619554255854,5.184321662437287,2.75239072419577,0.07933371341305709,0.32336234768128425,2.363832405030698,0.03608143427146259,-0.5157151502760994,0.21120021768679773,0.6798139358226521,2671833.322635135
-11.321122351234576,-8.15668588391157,12.885238567497685,1.4382084008407998,0.22754325174213055,0.45891870994615275,2.308306140964069,0.012260335439751626,-0.5087504651366785,0.21273292058361548,0.6792232866754121,2671837.881756757
32.290986649909044,-8.209659961325071,16.740947554492443,0.1953751981054157,0.37314258238978076,0.5911258277815915,2.256172103227304,-0.011626071857102687,-0.5017466471681434,0.21426296193466832,0.6786317159168564,2671842.440878378
-26.607889497327537,3.2163023446248666,15.918050805447422,-0.9030850011006876,0.5105354049771835,0.7172198702483263,2.2071218550594014,-0.03556828025557294,-0.4947041408386331,0.21579032949136642,0.67803922308066,2671847.0
24.415523388744763,7.867182594275814,10.201600910733847,-1.8293310112767358,0.6341254191255175,0.8344370064070669,2.1608469596993647,-0.059556782392133314,-0.4876233906162847,0.21731501100511916,0.6774458077004597,2671851.0861486485
-25.81085930135707,0.46987801920033645,0.5355662550122584,-2.5668173212741765,0.7383163244559572,0.9400134053185337,2.11703898038619,-0.0835820709032558,-0.48050484096923446,0.21883699422733272,0.6768514693099246,2671855.6452702703
30.258444200322,-6.850366928581853,-9.05287537494197,-3.0989984199444716,0.817511820589682,1.0311852360434475,2.075389480358879,-0.1076346384254148,-0.4733489363656199,0.220356266909418,0.6762562074426974,2671860.204391892
12.684572646286774,-3.159172928974037,-14.404990044980265,-3.409328796139073,0.8661156071478645,1.1051886676425224,2.0355900228564336,-0.131704977595082,-0.46615612127357864,0.22187281680278273,0.6756600216324509,2671864.7635135134
-43.33558229054085,3.879888849695684,-14.196739092388588,-3.488042232696779,0.8785345171813111,1.1592725021317747,1.9973195381625557,-0.15578358104873216,-0.45892684016124746,0.22338663165883504,0.6750629114128458,2671869.322635135
48.468254425363185,4.800454681618427,-9.245930017343417,-3.3550344603610105,0.8512462931022907,1.191224849440734,1.9602040449596971,-0.17986094142283682,-0.4516615374967634,0.2248976992289839,0.6744648763175085,2671873.881756757
-30.85098161171869,-1.7827212062892104,-1.237023670947343,-3.047159591683404,0.7887617105579078,1.2010051595902518,1.9238474098546587,-0.2039275513538709,-0.4443606577482644,0.22640600726463864,0.6738659158801172,2671878.440878378
-47.36697170834795,-3.9646055082819944,6.32770591771231,-2.6038165111708227,0.6967579665394412,1.1899121640087864,1.8878925686576762,-0.2279739034783064,-0.43702464538388663,0.22791154351720636,0.6732660296343242,2671883.0
39.20135429973734,3.95838828785386,10.65964604225624,-2.0644041033301144,0.5803984823423525,1.1595776342455852,1.852163192754007,-0.25199049043261695,-0.4296539448717687,0.22941429573809824,0.6726652171138169,2671888.0861486485
-27.785107598891884,0.5185023144755837,11.868829551852725,-1.4683212526681455,0.44476913602981,1.1116056373193288,1.816588201291782,-0.27596780485327543,-0.4222490006800465,0.23091425167871993,0.6720634778521949,2671892.6452702703
18.016322382401217,-4.804521822324701,10.412254970022621,-0.8547297898451741,0.2949558056649817,1.0475691397448719,1.7811276139229502,-0.29989633937675547,-0.4148102572768576,0.23241139909048159,0.6714608113831542,2671897.204391892
-14.423485510791819,4.030135998739561,6.749563630751281,-0.2618433301350682,0.13604436931103758,0.9690370678213408,1.7457454905151901,-0.32376658663952973,-0.40733815913034005,0.2339057257247925,0.6708572172403459,2671901.7635135134
-6.442289300135426,6.448157485153299,1.7111067952350418,0.27236156503491404,-0.026879294968865285,0.8775783478478684,1.71040589093618,-0.34756903927807165,-0.39983315070862924,0.23539721933305982,0.6702526949574213,2671906.322635135
26.70415787396255,1.1464345204472388,-3.748165532632145,0.7099083342375017,-0.18872930911154853,0.7747619061235776,1.6750728750535968,-0.3712941899288543,-0.3922956764798645,0.23688586766669337,0.6696472440680424,2671910.881756757
-37.55575266338786,-5.721391297519833,-8.349609728802237,1.0124980419480496,-0.3440974209564772,0.6621566689476022,1.6397105027351193,-0.39493253122835165,-0.3847261809121817,0.2383716584771019,0.6690408641058524,2671915.440878378
46.90453154799307,-9.551825497254885,-10.730154377931171,1.1405422562523981,-0.4862858819535794,0.5413315626190675,1.6042828338484243,-0.4184745558130355,-0.37712510847371905,0.23985457951569247,0.6684335546045311,2671920.0
-3.2001520882826635,-10.300008894840827,-9.678837770383542,1.071175928082325,-0.6095359765463962,0.4138555134371013,1.5687539282611902,-0.44191075631938015,-0.369492903632612,0.2413346185338748,0.6678253150977222,2671925.0861486485
-50.81973358111085,-3.004773446969035,-5.048723042817038,0.8497170361429016,-0.7131346175423912,0.28129744770083476,1.5330878458410957,-0.46523162538385815,-0.36183001085699906,0.2428117632830575,0.6672161451190808,2671929.6452702703
43.623188318914,11.777836081057139,1.3326728685689608,0.5385293160825176,-0.7976301248400006,0.1452262917093949,1.4972486464558166,-0.4884276556429434,-0.354136874615017,0.24428600151464908,0.6666060442022678,2671934.204391892
-32.29186616351637,8.150538436029194,7.28551754019404,0.19997650354956414,-0.8635708183376645,0.007210971761908388,1.461200389973033,-0.5114893397331085,-0.34641393937480347,0.24575732098005842,0.6659950118809356,2671938.7635135134
4.645235706292638,-8.659057858578944,11.086776661792445,-0.10357766580756914,-0.9115050179338238,-0.13117958584249323,1.4249071362604209,-0.5344071702908261,-0.33866164960449563,0.2472257094306934,0.6653830476887465,2671943.322635135
14.041191738236076,-12.977614666594077,11.291734648209305,-0.3099537693510892,-0.9419810435269185,-0.26837645480468314,1.388332945185659,-0.55717163995257,-0.33088044977223097,0.2486911546179641,0.6647701511593571,2671947.881756757
-14.796627947891666,7.74253477587213,7.146292140509629,-0.3748799482775405,-0.9555472150153873,-0.40281070882553316,1.3514418766164251,-0.5797732413548138,-0.3230707843461453,0.250153644293277,0.6641563218264183,2671952.440878378
23.23186915409607,13.217863702900665,0.430579083351864,-0.3237118064957399,-0.951648348581209,-0.5332550227884859,1.3141979904203964,-0.6022024671340304,-0.3152330977943764,0.25161316620804236,0.6635415592235955,2671957.0
-35.062449416129034,-1.8492599084751218,-6.623019443250953,-0.2020228698420076,-0.9253267406568574,-0.6598369811909333,1.276565346465252,-0.6244498099266924,-0.30736783458506334,0.2530697081136695,0.6629258628845379,2671961.0861486485
44.82774093040541,-12.689713402815071,-11.79864438699334,-0.05534453868661834,-0.8714229406014569,-0.7829280410696613,1.238508004618669,-0.6465057623692737,-0.29947543918634173,0.25452325776156576,0.6623092323429037,2671965.6452702703
17.408980683421447,-13.135627276027734,-12.871916444970712,0.07400789859989926,-0.7882581395496916,-0.9026351296856431,1.1999900247483255,-0.6683608170982474,-0.2915563560663473,0.2559738029031392,0.6616916671323554,2671970.204391892
-47.88081558019929,-3.1363651047895256,-8.463007144425735,0.15178100540244102,-0.6751934726068438,-1.018829258329189,1.1609754667218986,-0.6900054667500862,-0.2836110296932195,0.2574213312897991,0.6610731667865494,2671974.7635135134
40.89491518941953,13.006598086795623,-0.5702913331901928,0.17307473791538056,-0.5319582146139425,-1.131335396342401,1.121428390407068,-0.7114302039612637,-0.275639904535095,0.25886583067295527,0.6604537308391454,2671979.322635135
-30.71966247098516,10.222595979216932,7.909599125694906,0.14297147395977222,-0.36103719496916564,-1.2399475563814217,1.0813128556715093,-0.7326255213682528,-0.26764342506011063,0.2603072888040142,0.6598333588237751,2671983.881756757
-5.062259977749144,-6.963520426324171,13.972196001549047,0.07290746018338824,-0.17139293864123095,-1.344335924358575,1.040592922382901,-0.7535819116075272,-0.2596220357364044,0.26174569343438675,0.6592120502741224,2671988.440878378
15.54277057808928,-12.87939325929493,14.987278369062917,-0.023097073424968476,0.025397089374158414,-1.4441397295002316,0.9992326504089222,-0.7742898673155596,-0.25157618103211166,0.26318103231547957,0.6585898047238355,2671993.0
-16.79999960843288,6.290316288675753,9.512507595637192,-0.129019469345146,0.21746847992630192,-1.5389982010327574,0.9571960996172489,-0.7947398811288233,-0.24350630541537197,0.2646132931987026,0.657966621706573,2671998.0861486485
24.621998298139367,12.852105519465713,0.34052698124241715,-0.2219751365515842,0.3929568238645019,-1.6285505681825236,0.9144473298755605,-0.8149224456837915,-0.23541285335432113,0.26604246383546404,0.6573425007559967,2672002.6452702703
-35.12999716031786,-0.9341712937779443,-9.096427335217612,-0.2773640006423732,0.5399977120380574,-1.7124360601758963,0.870950401051534,-0.8348280536169372,-0.22729626931709632,0.26746853197717146,0.656717441405757,2672007.204391892
43.48523160217102,-12.008338014887482,-15.802417321959181,-0.2717471004760909,0.6479511293392504,-1.790357187021739,0.8266693730128478,-0.854447197564734,-0.21915699777183503,0.2688914853752353,0.656091443189507,2672011.7635135134
31.097237867100635,-12.892257313393449,-16.868431037019352,-0.18717074434549588,0.7119154532245215,-1.8622695818588875,0.7815683056271793,-0.8737703701636546,-0.2109954831866746,0.27031131178106316,0.6554645056409052,2672016.322635135
-44.95809409966317,-3.433950197483404,-10.586342561008044,-0.020999442514077992,0.7318157916082998,-1.9284312294547714,0.7356112587622059,-0.8927880640501731,-0.20281217002975233,0.2717279989460647,0.6548366282936254,2672020.881756757
38.10401251622968,12.974788959027459,-0.051570064826468046,0.18538618579711671,0.7092082024950916,-1.9898902482746728,0.688762292285607,-0.9114907718607604,-0.19460750276920566,0.27314153462164714,0.6542078106812867,2672025.440878378
-28.572791816321487,11.416568777405935,10.500848754134292,0.3798116982257131,0.6450483623301545,-2.0470943752246185,0.640985466065059,-0.9298689862318925,-0.18638192587317134,0.2745519065592204,0.6535780523375874,2672030.0
-13.282469560755692,-5.8415400539032625,17.33050506364354,0.5095125532948463,0.540016482350152,-2.0996257828875606,0.5922448399682402,-0.9479131998000413,-0.17813588380978645,0.27595910251019223,0.6529473527961644,2672034.0861486485
14.746936221516913,-13.16082726788068,17.756508050867,0.5186011674778538,0.3977409621824122,-2.146891790187315,0.5425044738628281,-0.9656139052016801,-0.16986982104718804,0.2773631102259719,0.652315711590675,2672038.6452702703
-16.02306441953727,4.624099423222007,10.619545480930237,0.36897863507485623,0.22676281356221104,-2.1882997160476996,0.49172842761650143,-0.9829615950732821,-0.16158418205351294,0.2787639174579662,0.6516831282547793,2672043.204391892
23.468423368387207,13.256337228159806,-0.24830376412581984,0.10750084202877744,0.04147341632091669,-2.2232568793925314,0.43988076109693725,-0.9999467620513205,-0.1532794112968998,0.2801615119575866,0.6510496023221239,2672047.7635135134
-33.80310797129756,1.2083180883244908,-10.461145415938375,-0.19754696640878566,-0.1424639190840413,-2.25117059914563,0.3869255341718139,-1.0165598987722675,-0.1449559532454846,0.2815558814762391,0.6504151333263993,2672052.322635135
42.67301058219551,-11.458770263186024,-17.055811375225755,-0.4778795449862392,-0.3093858821952356,-2.2714481942308122,0.33282680670880854,-1.0327914978725976,-0.13661425236740593,0.2829470137653344,0.649779720801213,2672056.881756757
36.10636854546599,-13.127459064718694,-17.400647167073938,-0.6652116484519871,-0.4436291625552382,-2.283496983571895,0.2775486385756,-1.0486320519887837,-0.12825475313080026,0.28433489657628125,0.6491433642802543,2672061.440878378
-45.28127553214688,-3.5538072035119717,-10.168642762307138,-0.7097024561351429,-0.5295345632358173,-2.2867242860926935,0.22105508963986523,-1.064072053757299,-0.1198779000038037,0.2857195176604864,0.6485060632971867,2672066.0
37.72972909701273,12.778510570271449,0.7486340852976905,-0.631811192597965,-0.5549369945151781,-2.280514100779605,0.1632868998318572,-1.0791019958146166,-0.11148413745455417,0.28710086476935914,0.6478678173856222,2672070.0861486485
-26.414491989934767,8.50503943363846,10.602289803439247,-0.45561067188293225,-0.5228088278452436,-2.2638763867177993,0.104113281724642,-1.0937123707972094,-0.10307390995119005,0.2884789256543088,0.6472286260792748,2672074.6452702703
-0.45219546292034374,-8.823314873627274,16.483392704090924,-0.19801516397554192,-0.44429019326736396,-2.2348755780926424,0.043467137523922394,-1.1078936713415501,-0.09464766196184686,0.28985368806674366,0.6465884889117635,2672079.204391892
10.246369820935705,-12.09893855344291,16.140381658571,0.11767885342577253,-0.33094061353399956,-2.1920986915127445,-0.01869687817208209,-1.1216363900841144,-0.08620583795466147,0.29122513975807157,0.6459474054167578,2672083.7635135134
-13.620912298797839,9.954110019764734,8.672277926584295,0.4386509900566037,-0.1941187757539166,-2.134333579230403,-0.08242411076515241,-1.1349310196613716,-0.0777488823977742,0.29259326847970196,0.6453053751279133,2672088.322635135
25.480908276003515,11.89293398679606,-1.861214812505027,0.7035216622102909,-0.04518336703588395,-2.060390083289431,-0.14773791586555146,-1.1477680527097984,-0.06927723975931918,0.2939580619830448,0.64466239757889,2672092.881756757
-40.254608608818664,-4.685896244843176,-10.912614203008358,0.8505970954333147,0.10450692551132755,-1.9691660048997215,-0.2145736899174695,-1.160137981865866,-0.06079135450743494,0.29531950801950596,0.644018472303331,2672097.440878378
50.8389705448316,-11.86279909144302,-15.125646717695746,0.8181847973030717,0.24359213274802877,-1.8595811350626772,-0.2828448395735784,-1.1720312997660476,-0.05229167111025833,0.2966775943404961,0.6433735988349202,2672102.0
23.77147270365371,-12.446624893468515,-12.553518501936546,0.5703083245972469,0.3615863645051809,-1.730555264779706,-0.35246477148654887,-1.1834384990468176,-0.04377863403592586,0.29803230869742287,0.6427277767072923,2672107.0861486485
-47.56801485608771,-2.9149978173217534,-5.627165697412113,0.17383620043087006,0.45151927696018024,-1.5810081850522129,-0.42334689230905354,-1.1943500723446485,-0.03525268775257568,0.2993836388416952,0.6420810054541114,2672111.6452702703
35.13245171680686,13.33635986275844,2.8718219589271343,-0.2786521310044341,0.5072997333847656,-1.4098596868816073,-0.49540460869376357,-1.2047565122960124,-0.026714276728345743,0.30073157252472205,0.6414332846090297,2672116.204391892
-20.737370569695013,4.819942941308933,10.316800504587015,-0.6945772255170316,0.5228365970506688,-1.2160295612692944,-0.5685513272933512,-1.214648311537384,-0.01816384543137128,0.3020760974979113,0.6407846137057095,2672120.7635135134
10.750525123255654,-14.221857251776761,13.907544910835282,-0.9813596389152908,0.492853746034197,-0.9992526140212539,-0.642700454760487,-1.2240159627052374,-0.00960183832979044,0.3034172015126724,0.6401349922778047,2672125.322635135
-2.1568925561422936,-3.3727440101331516,11.670118598763137,-1.0655583024330808,0.4155311958415459,-0.7626322485931237,-0.717765397747844,-1.2328499316011576,-0.0010287267266262793,0.3047548723204134,0.639484419858971,2672129.881756757
-14.50758634095111,14.540827030915569,5.109319854993628,-0.9526793147474634,0.29304195537108874,-0.510521036970606,-0.7936595629080929,-1.2411405766871897,0.0075549107355551695,0.3060890976725426,0.6388328959828706,2672134.440878378
26.37697699831435,9.153948311424356,-3.2497724361314693,-0.6769418129257616,0.13732977469756708,-0.24738008957077856,-0.8702963568939053,-1.248878229590495,0.016148468579303864,0.30741986532046955,0.6381804201831496,2672139.0
-39.89589809416692,-7.605892168588788,-10.279691864927292,-0.27495859977649006,-0.03708910565668063,0.022150658482879206,-0.947589186357954,-1.2560532219382303,0.024751341327167404,0.30874716301560295,0.6375269919934765,2672143.0861486485
49.34592905027965,-13.304864514937162,-12.702375140373197,0.21665752189183876,-0.21509276726072413,0.2928255941582907,-1.0254514579529113,-1.2626558853575556,0.033362923501693925,0.3100709785093513,0.6368726109475091,2672147.6452702703
20.074814140459562,-13.298460421252697,-8.425112101153802,0.7498804266635966,-0.3819098529197392,0.5597496656594871,-1.1037965783314456,-1.2686765514756309,0.04198260962543539,0.3113912995531218,0.6362172765789038,2672152.204391892
-45.84377446644776,-4.4669485222955725,-0.18889300277091944,1.2310306986947206,-0.523242235453548,0.8185010512051495,-1.1825379541462322,-1.2741055519196132,0.050609794220936484,0.31270811389832476,0.6355609884213064,2672156.7635135134
33.944633165870954,11.104559012337484,7.710787177583448,1.5550155995340358,-0.6248826899563784,1.0647488312883584,-1.2615889920499403,-1.2789332183166626,0.05924387181074789,0.3140214092963677,0.6349037460083813,2672161.322635135
-20.12523856771243,4.862820447233936,11.509783569974497,1.6167423907303655,-0.6728824343745686,1.2944205292543103,-1.3408630986952428,-1.2831498822939391,0.06788423691741866,0.31533117349866,0.6342455488737865,2672165.881756757
10.980851785946596,-9.800094332305076,9.907542110447306,1.3457906000639839,-0.6582673165559011,1.5047072471520175,-1.4202736807348113,-1.2867458754786005,0.07653028406349638,0.3166373942566104,0.6335863965511725,2672170.440878378
-10.772517280278263,0.7748064556984348,3.119734138505601,0.8104288202409566,-0.5880898974557892,1.6939825953476149,-1.4997341448213162,-1.2897115294978072,0.08518140777153066,0.3179400593216268,0.6329262885742036,2672175.0
-1.3524040095349048,9.462368495882105,-4.60320118801875,0.11359791019880054,-0.47336294165682374,1.8608693366367925,-1.5791578976074316,-1.2920371759787164,0.09383700256406854,0.3192391564451194,0.6322652244765324,2672179.0861486485
30.130372704780576,4.098092913811248,-8.982485301973364,-0.6417612711249698,-0.3251040500251409,2.0039950700987825,-1.6584583457458275,-1.2937131465484883,0.10249646296366054,0.32053467337849456,0.6316032037918184,2672183.6452702703
-40.50717144588288,-9.682789653713892,-9.691711032285808,-1.352707864792839,-0.15433082342687635,2.121987394812819,-1.7375488958891765,-1.294729769734104,0.11115918039267711,0.3218265978731625,0.6309402260537023,2672188.204391892
46.19120221843325,-11.041788857207973,-7.51476592264947,-1.928000998296184,0.027939137271832983,2.213473909858135,-1.816342954690149,-1.2950773616618259,0.11982453387276874,0.32311491768053174,0.6302762907958754,2672192.7635135134
15.459922110274938,-5.572572021283907,-3.662171929531325,-2.323199744841971,0.21068823120485072,2.277082202252047,-1.894753916739501,-1.2947462353577401,0.1284918993254132,0.3243996205520106,0.6296113975519786,2672197.322635135
-43.56508963215315,1.4208266551229467,0.7820393256943147,-2.505567129488208,0.3829028229281918,2.311437632826334,-1.972692950442449,-1.2937267038479312,0.13716065267208488,0.3256806942390059,0.6289455458556553,2672201.881756757
39.054327187310605,7.859137064910647,4.79600927186273,-2.4442866337706985,0.5354897334756664,2.3151531751383434,-2.0500588369297783,-1.2920090801584865,0.1458301698342583,0.3269581264929295,0.6282787352405665,2672206.440878378
-18.484356711956615,13.59449477776171,7.357879337809215,-2.116155752538796,0.666969797194635,2.2868103859440074,-2.1267189405308593,-1.289583677315488,0.15449982673340776,0.328231905065188,0.6276109652403873,2672211.0
-22.92928632716295,15.971539803527344,7.522171428785662,-1.4998432503696468,0.7775615777905895,2.225102358829928,-2.2024786220360717,-1.2864408083450236,0.1631689992910082,0.3295020177071915,0.6269422353887567,2672216.0861486485
-29.963948083486805,11.245779994350805,4.990600002186326,-0.60235552703916,0.8667211478351998,2.129461762231686,-2.2771286572163043,-1.282570786273178,0.1718370634285363,0.3307684521703464,0.6262725452193402,2672220.6452702703
6.801710272102342,-3.1245169722973682,0.907942577725693,0.45591715182029474,0.9331759559359046,2.000049888549095,-2.3504598218424473,-1.2779639241260357,0.18050339506746432,0.332031196206064,0.6256018942657876,2672225.204391892
32.71381832311543,-16.301206529438847,-3.2393526784058473,1.5262385541122343,0.9741961189947582,1.8384853618873522,-2.422262891685387,-1.272610534929681,0.18916737012926713,0.33329023756575155,0.6249302820617542,2672229.7635135134
-35.944667342663,-17.72241421436889,-5.964837600017897,2.4598724477401737,0.9860169995855114,1.6474215606799552,-2.492328642516012,-1.266500931710202,0.19782836453542274,0.3345455640008168,0.6242577081409094,2672234.322635135
38.758813655615945,-12.224969244421622,-6.1744090231896385,3.1301828898516963,0.9639013285095038,1.4304844951328173,-2.56044785010521,-1.2596254274936816,0.20648575420740262,0.33579716326267,0.6235841720369028,2672238.881756757
33.26692456079197,-9.371104946819942,-4.348832652354636,3.5044239538467505,0.902338226666452,1.1920737853534722,-2.62641129022387,-1.2519743353062058,0.21513891506668334,0.33704502310271894,0.6229096732833952,2672243.440878378
-39.37530916769433,-5.953943452362129,-1.3831746313204465,3.592785937069165,0.7967575474081888,0.9367678214019419,-2.6900097386428796,-1.2435379681738603,0.223787223034739,0.338289131272373,0.6222342114140362,2672248.0
37.078951880711195,2.1849331570399437,1.822010036829281,3.404973833225911,0.6485557575659556,0.6691525427717961,-2.7510339711331278,-1.2343066391227289,0.23243005403304448,0.33952947552303964,0.6215577859624808,2672253.0861486485
-2.763771044892829,10.216733960929968,4.366166349010888,2.943588520441162,0.4662334395537909,0.39381388895660424,-2.8092747634655026,-1.2242706611788994,0.2410667839830771,0.34076604360612806,0.6208803964624074,2672257.6452702703
-30.747397878016336,12.654692221460197,5.345277422969054,2.213196602716206,0.25978732908028734,0.11533779944993122,-2.8645228914108913,-1.2134203473684537,0.24969678880630697,0.34199882327304654,0.6202020424474423,2672262.204391892
-11.916775184352899,6.525836252241756,4.172504427471871,1.2464662137536664,0.03921416185402383,-0.1616897862546445,-2.9165691307401835,-1.2017460107174796,0.2583194444242129,0.34322780227520444,0.6195227234512637,2672266.7635135134
9.814374019539594,-2.7119798051488115,1.5816489229559594,0.13654341848654974,-0.18548932641640598,-0.4326829286635623,-2.9652042572242667,-1.1892379642520616,0.2669341267582685,0.34445296836401035,0.618842439007518,2672271.322635135
29.032675984647177,-7.494304957403641,-1.3624619624319774,-1.0091717051374722,-0.40432640002242326,-0.6930556882832455,-3.010219046634028,-1.1758865209982843,0.2755402117299476,0.3456743092908722,0.6181611886498636,2672275.881756757
-32.072167806051894,-3.5866632617727725,-3.7017490819795693,-2.0832790791707136,-0.6073003232554245,-0.9382221256201357,-3.0514042747403574,-1.1616819939822327,0.2841370752607262,0.3468918128071988,0.6174789719119699,2672280.440878378
24.667483378751974,1.7159005328823453,-4.900254945694359,-2.9783786256654965,-0.7844143604068367,-1.1635963011806494,-3.088550717314143,-1.1466146962299946,0.292724093272079,0.34810546666439995,0.6167957883274792,2672285.0
39.52406209022309,2.6830521423330693,-4.497260515828202,-3.6002041989173543,-0.9256717757680715,-1.3645922754712265,-3.121449150126271,-1.1306749407676526,0.30130064168548093,0.3493152586138822,0.6161116374300478,2672289.0861486485
-40.61311120345173,-1.6223716337006053,-2.5489454212727183,-3.920118287553208,-1.0210758336305363,-1.5366241089982955,-3.149890348947631,-1.113853040621292,0.30986609642240553,0.3505211764070566,0.6154265187533502,2672293.6452702703
37.395217678754136,-1.5284926612914835,-0.8498795842891367,-3.9749889338773485,-1.060629798285646,-1.6751058622682837,-3.17366261390151,-1.096141784464604,0.3184198334043307,0.3517232077953292,0.6147404318310137,2672298.204391892
36.75338265655611,0.674624491267613,0.3534366417510196,-3.8101573302965837,-1.0379576905524168,-1.776450594516047,-3.192544342520773,-1.0775438635616887,0.32696122855272763,0.35292134053011065,0.614053376196708,2672302.7635135134
-31.14371067256732,0.6750056601535254,1.3594598212435338,-3.4524856481936252,-0.9609312972628182,-1.8413026199875653,-3.206311456690688,-1.0580644448242547,0.3354896577890735,0.3541155623628077,0.6133653513841202,2672307.322635135
27.681662431365304,-1.1267752127355728,2.4953072703598966,-2.924216303695181,-0.8399797217852695,-1.8723686916483897,-3.214739878296526,-1.03770869516401,0.344004497034843,0.35530586104483153,0.6126763569268678,2672311.881756757
19.780211478662366,0.00840663702631994,3.875750312416805,-2.247591712927933,-0.684807208985399,-1.873045927182672,-3.2176382061875866,-1.0164835983128213,0.35250512221151015,0.3564922243275888,0.6119863923586176,2672316.440878378
3.262028847623019,2.625542271814328,4.906023704791086,-1.4448542920185814,-0.5049956041275007,-1.846683160342866,-3.2149771481631793,-0.9944047125855819,0.3609909092405489,0.3576746399624891,0.6112954572130312,2672321.0
-27.499529499819268,3.0269458906664717,4.806180371000972,-0.5399557435324487,-0.310126752475847,-1.7964638975122196,-3.206885693362172,-0.9714946423268415,0.3694612340434377,0.3588530957009397,0.6106035510237647,2672326.0861486485
3.164642275405899,-0.6033438596125256,3.0765315567803695,0.4261301828458696,-0.10978249929474342,-1.7255389366777314,-3.193524232017301,-0.9477772991835183,0.3779154725416472,0.3600275792943512,0.609910673324475,2672330.6452702703
36.76480147512273,-4.49010085780711,0.32616806259650466,1.369980845533776,0.08645531015152058,-1.6370590758263914,-3.1750531543613096,-0.9232765948025347,0.3863530006566539,0.3611980784941311,0.6092168236488145,2672335.204391892
-43.15501875652177,-5.125272540582734,-2.5604236941603133,2.197988701583826,0.26900483059867014,-1.5341751129452101,-3.151632850626933,-0.8980164408308126,0.39477319430993274,0.36236458105168873,0.6085220015304578,2672339.7635135134
19.663634164129032,-5.018118929418551,-4.754502290795743,2.81654620804859,0.4282842167823999,-1.4200378460211742,-3.123423711046915,-0.872020748915274,0.4031754294229609,0.3635270747184311,0.6078262065030343,2672344.322635135
51.901478384612865,-4.8884254139227545,-5.646555940367458,3.132045821980628,0.5547116234384298,-1.2977980730412886,-3.0905861258539917,-0.8453134307028378,0.41155908191720897,0.36468554724576857,0.6071294381002224,2672348.881756757
-50.052513725878214,-2.7746319428512685,-4.8880600304413075,3.080385470007754,0.6411144077287718,-1.1706065919925437,-3.053280485280908,-0.8179183978404279,0.4199235277141556,0.36583998638510856,0.6064316958556715,2672353.440878378
26.7674269985959,5.799142980222603,-2.712389318520017,2.715349283484579,0.6900924100948745,-1.0416142008619453,-3.011667179560397,-0.7898595619749618,0.42826814273527225,0.36699037988786015,0.6057329793030366,2672358.0
32.21269454419107,7.4950519097523305,0.5380147476495495,2.1196841690440595,0.7071888421514702,-0.9139631720865609,-2.9659065989252023,-0.7611608347533639,0.4365923029020352,0.36813671550543275,0.6050332879759643,2672362.0861486485
-19.99069322489444,-5.82237950677885,4.251036749248431,1.3760013597449248,0.6977669310116711,-0.7904801200276174,-2.916159133608063,-0.7318461278225531,0.44489538413591945,0.369278980989234,0.6043326214081302,2672366.6452702703
10.725761062052209,-7.788935990851805,6.701517729907139,0.5669120886459054,0.6656496527336186,-0.6724514079913669,-2.8625851738417203,-0.7019393528294527,0.4531767623584007,0.3704171640906731,0.6036309791331906,2672371.204391892
-8.326899380237133,7.791420706077557,6.130665297199032,-0.227163789181057,0.6127747100118695,-0.5592781259204817,-2.805345109858911,-0.6714644214209847,0.4614358134909535,0.37155125256115784,0.6029283606847908,2672375.7635135134
13.722867771314101,4.195956990468971,2.278133604384237,-0.9345719306111656,0.5408022719786253,-0.450083830195276,-2.744599331892378,-0.6404452452440667,0.4696719134550504,0.3726812341520984,0.602224765596599,2672380.322635135
-24.440827420115628,-7.636158751122817,-2.7920487374872263,-1.485849370506412,0.4516572161883504,-0.34425678561832856,-2.6805082301748575,-0.6089057359456229,0.47788443817216913,0.3738070966149022,0.6015201934022602,2672384.881756757
-1.0685088897347572,-5.4412470543171185,-6.654268396804369,-1.8115331437287916,0.3475651112630181,-0.2414859480597229,-2.6132321949390906,-0.576869805172573,0.4860727635637833,0.37492882770097724,0.6008146436354409,2672389.440878378
48.70110784511474,3.489440116067011,-7.802099830622953,-1.8427932306471788,0.23196012437096503,-0.1420359264290254,-2.5429316164178184,-0.5443613645718391,0.49423626555136846,0.37604641516173354,0.6001081158297851,2672394.0
-56.945592150261554,7.474990190171662,-5.9997560429154175,-1.5443159123640382,0.11109770788694966,-0.04630844480062479,-2.4697668848437795,-0.5114043257903419,0.5023743200563991,0.3771598467485791,0.5994006095189796,2672398.0861486485
9.296526053798829,4.36006747574859,-1.4750195868528653,-1.005358490312858,-0.007524188251181577,0.04529477275108403,-2.3938983904497144,-0.4780226004750034,0.5104863030003486,0.3782691102129235,0.5986921242366391,2672402.6452702703
57.68227173267693,-3.0820236366708373,4.140474006587477,-0.34616278463316486,-0.11625522609153946,0.1323720021517082,-2.3154865234683615,-0.44424010027274313,0.5185715903046934,0.3793741933061735,0.5979826595164709,2672407.204391892
-49.19454590270231,-7.838226831335363,8.120698365664566,0.3130293845355156,-0.20744506768223475,0.21452151932685626,-2.234691674132461,-0.4100807368304832,0.5266295578909073,0.38047508377973993,0.5972722148920546,2672411.7635135134
17.710185446049596,0.9394895601898984,8.519851998490147,0.8519761970536579,-0.2734615399176139,0.29135976504837535,-2.1516742326747544,-0.3755684217951464,0.534659581680468,0.38157176938502924,0.5965607898971328,2672416.322635135
22.07138759786449,8.388078503120315,5.497813553169251,1.1728995454646698,-0.306745292674367,0.36257600307045107,-2.0665945893279782,-0.3407270668136503,0.5426610375948455,0.38266423787345205,0.5958483840653053,2672420.881756757
-11.010726941257454,-0.7733399141036073,0.00898501678165496,1.2678761730437045,-0.2997977451378366,0.42792026645592574,-1.9796131343248737,-0.305580583532921,0.5506333015555192,0.3837524769964157,0.5951349969302664,2672425.440878378
7.041260947416076,-8.991391557422178,-5.4777529946271075,1.154669046215222,-0.24864692402571328,0.48744668533360974,-1.890890257898181,-0.2701528835998745,0.5585757494839615,0.38483647450532815,0.5944206280256497,2672430.0
-12.525938391765973,6.400571956318183,-8.572648339722022,0.86404155599137,-0.16301848809934316,0.5419065972882885,-1.8005863502806396,-0.2344678786614369,0.5664877573016491,0.3859162181516003,0.5937052768851145,2672435.0861486485
25.47377494731706,9.37357268898999,-8.739405117658722,0.4304211347393427,-0.0568811693506121,0.5926303717802356,-1.708861801704989,-0.19854948036452533,0.5743687009300533,0.3869916956866391,0.5929889430423233,2672439.6452702703
-40.7442842617786,-4.6862465625915934,-6.125581545191737,-0.10245588723082347,0.05557519283183458,0.6410591029443153,-1.615877002403969,-0.16242160035606384,0.5822179562906535,0.3880628948618532,0.5922716260309285,2672444.204391892
-11.333320659706805,-9.416922418379103,-1.760696068980515,-0.6540591187264012,0.160160759059353,0.6886338849153913,-1.5217923426103195,-0.12610815028297087,0.5900348993049198,0.38912980342865305,0.591553325384588,2672448.7635135134
60.257917246465574,-6.0625253683346,3.084900085517392,-1.134659653333994,0.24268568994329953,0.736795811828327,-1.426768212556779,-0.08963304179217102,0.5978189058943314,0.3901924091384446,0.5908340406369659,2672453.322635135
-59.072784173671955,-0.970072893788978,7.059484807556886,-1.4545285846402032,0.28896014609502874,0.7869859778179867,-1.3309650024760897,-0.05302018653058323,0.6055693519803608,0.391250699742639,0.5901137713217054,2672457.881756757
5.37107635844022,8.16491633627861,8.79099326507098,-1.5236040632217667,0.28469607541041136,0.8404107467248554,-1.2345431026009894,-0.01629349614512776,0.6132856134844824,0.3923046629926424,0.5893925169724736,2672462.440878378
36.88854458064793,9.1174537573223,7.238156033049031,-1.2800814444079855,0.22067220799615844,0.896486934155334,-1.1376629031642174,0.020523117717270604,0.6209670663281729,0.39335428663986544,0.5886702771229169,2672467.0
-22.762084667290782,-6.163452938381401,2.8650222108490375,-0.7801790476863545,0.1092127758244251,0.9511889349053535,-1.0404847943985154,0.057405743409693996,0.6286130864329064,0.3943995584357153,0.5879470513067252,2672471.0861486485
12.867226742982428,-9.30990636801008,-2.805016110541449,-0.10970416933638225,-0.03267762690054105,1.000419787554958,-0.9431691665366218,0.09433046928521925,0.6362230497201578,0.39544046613160133,0.5872228390575029,2672475.6452702703
-11.473445962716871,9.5777687426573,-7.702964828990689,0.645535894362423,-0.18818922368465754,1.0402773483943581,-0.8458764098112751,0.13127338369692526,0.6437963321114013,0.3964769974789323,0.5864976399089444,2672480.204391892
19.143471583359613,6.7685161772837565,-9.126254493741651,1.3997338471305503,-0.3405122380338407,1.0668594737137667,-0.7487669144552187,0.16821057499789263,0.6513323095281122,0.39750914022911715,0.5857714533946948,2672484.7635135134
-32.12556580404943,-8.126397396946103,-7.292947737333081,2.0700391454722764,-0.472836893454012,1.0762640198033961,-0.65200107070119,0.2051181315411999,0.6588303578917653,0.39853688213356325,0.5850442790484076,2672489.322635135
-24.85422389531338,-10.653911642406424,-3.181713288772048,2.5854282570270026,-0.5683534134510858,1.0646096849363733,-0.5557601107648439,0.24197214167992318,0.6662898531238346,0.3995602109436812,0.5843161164037557,2672493.881756757
54.09233744076405,-6.1528671696017305,2.279400416715339,2.877834402217939,-0.6102805979238123,1.0281336592923422,-0.460315182375527,0.27874869376714295,0.6737101711457967,0.4005791144108778,0.5835869649943736,2672498.440878378
-54.7191751448963,-2.445173904344926,7.304062739486754,2.882155201205824,-0.5860485056970915,0.9643668783001154,-0.3659843193231567,0.3154238761559385,0.6810906878791264,0.40159358028656184,0.5828568243539428,2672503.0
-3.052474510429872,7.811317794222764,9.873495982284517,2.545373696997771,-0.4998234480098489,0.8754970695365365,-0.27309151797800535,0.3519737771993885,0.688430779245296,0.40260359632214315,0.5821256940161039,2672508.0861486485
34.63705164217601,10.909924410811948,7.943395744178839,1.843875331595016,-0.36114813986296784,0.7652125227679883,-0.1819606284599306,0.3883744852505705,0.6957298211657835,0.403609150269029,0.5813935735145209,2672512.6452702703
-21.750719255672497,-3.9416842134347267,0.7214413197258527,0.8563801855834492,-0.17988515885910047,0.6372935664665168,-0.09291550088878789,0.4246020886625648,0.702987189562061,0.4046102298786294,0.5806604623828313,2672517.204391892
13.951420167863702,-9.895484218505384,-7.193852659492569,-0.31286495677890935,0.03410291739909635,0.49552128313451127,-0.006280739414773125,0.46063267578844913,0.7102022603556056,0.40560682290235195,0.5799263601547116,2672521.7635135134
-15.02087124934482,9.136382524426939,-10.60498829674116,-1.559613311234027,0.2709535113089687,0.34367977139569933,0.07761603569057643,0.4964423349813034,0.71737440946789,0.40659891709160645,0.5791912663638175,2672526.322635135
23.764541118899146,8.16774156353534,-7.561411704858299,-2.7791832916229917,0.5208040452678656,0.18555388390414113,0.15844645012539293,0.532007154594204,0.7245030128203931,0.4075865001977991,0.5784551805437977,2672530.881756757
-35.19486051341432,-7.559511560731149,0.8011422156452613,-3.865154104183314,0.7737919416731301,0.024928473313901234,0.23588212958780275,0.567303222980233,0.7315874463345838,0.4085695599723413,0.5777181022283241,2672535.440878378
-30.57813035318673,-4.159258303701476,8.365683179027439,-4.71067015325161,1.0200546229221046,-0.13441160772095864,0.30959469977593584,0.6023066284924673,0.7386270859319424,0.4095480841666392,0.5769800309510431,2672540.0
50.769710771267334,6.6324615532691515,11.373080846985484,-5.208875843164509,1.2497295114121416,-0.2886815065463732,0.3792557863879211,0.6369934594839849,0.7456213075339401,0.41052206053210427,0.5762409662455954,2672545.0861486485
-52.650549234362664,6.017847521363602,8.055358770885851,-5.276965840011797,1.4540963750824687,-0.4340963705082811,0.44453701512188415,0.6713398043078679,0.752569487062052,0.4114914768201431,0.5755009076456739,2672549.6452702703
23.42354966888336,-2.1448145432042933,0.8261746886384856,-4.927299491642796,1.627967998786682,-0.5668713469526185,0.5051100116759549,0.7053217513171913,0.7594710004377553,0.4124563207821648,0.5747598546849076,2672554.204391892
48.987086675103576,-6.883241569783312,-6.855405115210771,-4.192140946647343,1.7631540519076019,-0.6832215832253198,0.5606464017482621,0.7389153888650348,0.7663252235825234,0.41341658016957833,0.5740178068969488,2672558.7635135134
10.384237624627223,-0.9571889939926296,-11.908386496076787,-3.1027179883620915,1.8505030484312035,-0.7794374365286568,0.6108178110369344,0.7720968053044795,0.7731315324178308,0.414372242733791,0.5732747638154941,2672563.322635135
-20.598423049326456,7.782657715501398,-12.751501414403878,-1.702820854937087,1.8816673923511018,-0.8526434831004522,0.6553261942680342,0.8048420889886032,0.7798893028651548,0.41532329622621267,0.5725307249741645,2672567.881756757
-46.087560591682134,7.816987572695142,-8.327892869506329,-0.08951755017120039,1.850591821859825,-0.9023779494892001,0.6939948222793609,0.8371273282704828,0.7865979108459663,0.4162697283982528,0.5717856899066203,2672572.440878378
47.73956850651853,-4.655790979379516,0.5662891967780241,1.6154496817417328,1.7525438137857536,-0.9295321299071706,0.726677294936653,0.8689286115031964,0.7932567322817425,0.41721152700131814,0.5710396581465245,2672577.0
-48.823211368155086,-8.492913812683451,9.314311226388407,3.287310650212507,1.5829957669706423,-0.9352336457155789,0.7532586172412062,0.9002220270398281,0.7998651430939585,0.41814867978681824,0.5702926292275441,2672581.0861486485
-37.121796992397044,3.069444659969707,14.601844365380291,4.801295164651889,1.337420080256246,-0.9207786701346193,0.7737923460533132,0.9309836632334515,0.8064225192040869,0.41908117450616145,0.5695446026833094,2672585.6452702703
41.25383482190078,8.612947156018306,12.255601398538069,6.02512030068754,1.0112891524843184,-0.8876665067869837,0.7885351686357425,0.9611896084371488,0.8129282365336051,0.42000899891075655,0.5687955780474858,2672590.204391892
-32.28853881346243,-6.112483394881379,0.3431089098698015,6.796452198814497,0.6000753824966212,-0.8374393906120906,0.7977867035680052,0.990815951003996,0.8193816710039871,0.42093214075201363,0.5680455548537648,2672594.7635135134
23.83908715215573,-8.74608855401925,-12.658208030730409,6.94386903029218,0.10082640458740344,-0.7716395565493475,0.801846569429594,1.0198387792870733,0.8257821985367079,0.4218505877813387,0.5672945326357727,2672599.322635135
-21.31159729255746,8.975569069960748,-16.978698044059264,6.283701659657214,-0.47716284022629024,-0.6918092395381726,0.8010143848000189,1.0482341816394574,0.8321291950532429,0.4227643277501418,0.566542510927157,2672603.881756757
26.800928918597545,6.358984980420256,-9.432665587992329,4.702084103903578,-1.099236715823782,-0.5994906745179904,0.7955897429472943,1.0759782717257198,0.8384220364750645,0.42367334840983123,0.5657894892615979,2672608.440878378
-43.05265037599894,-8.002400999074288,4.864816596965329,2.459859405356458,-1.7247932211716226,-0.49622609642821086,0.7858720223703496,1.1030473779795118,0.8446600987236497,0.42457763751181643,0.5650354671727345,2672613.0
-49.02730519898341,-9.71801691375167,15.381620852559656,-0.08696554609799141,-2.3132303552363482,-0.3835577402082501,0.7721600075538732,1.1294184228487227,0.8508427577204742,0.4254771828075041,0.5642804441942277,2672618.0861486485
56.58714101425903,5.578645130121677,18.815198994322856,-2.5823838605735996,-2.8239461169845046,-0.26302784079752495,0.754751909486834,1.155068902276969,0.8569693893870098,0.42637197204830557,0.5635244198597648,2672622.6452702703
-58.760223193282854,9.078048373487698,13.380706011896187,-4.690101147875524,-3.2163385053826334,-0.13617863313545425,0.7339458184205685,1.1799764329454976,0.8630393696447333,0.42726199298562695,0.5627673937029455,2672627.204391892
26.382692932093278,0.35826861622536876,0.7503591240356484,-6.152673016574203,-3.4498055193972794,-0.004552352161447161,0.7100398230745496,1.2041186330674105,0.8690520744151196,0.428147233370879,0.5620093652574688,2672631.7635135134
53.98583630745085,-7.302612561564399,-12.156891894394507,-6.732367574931402,-3.483739162287456,0.13030277147754232,0.6833320121682582,1.227473120855817,0.8750068796196437,0.4290276809554689,0.5612503340569752,2672636.322635135
30.57332304991426,-3.9680223942200628,-18.60437415415163,-6.178516805163099,-3.290199187230949,0.2665701310075664,0.6541200545598101,1.2500179343851818,0.8809031611797784,0.4299033234908058,0.5604902996351232,2672640.881756757
-0.8575746617241314,3.459364259123292,-17.360983185398755,-4.340073202767796,-2.892006282693715,0.4014495507597284,0.6226999396618558,1.271732791175432,0.8867402950170017,0.43077414872829733,0.5597292615255843,2672645.440878378
-50.032417236619246,4.841292715109694,-9.315422036268272,-1.6585132070607131,-2.3246728698906254,0.5318964617682627,0.5893672370257048,1.292597828607844,0.8925176570527875,0.4316401444193543,0.5589672192619973,2672650.0
51.94126115600942,-3.5141822114491283,3.0250135244699825,1.2733217251772924,-1.623711370036551,0.6548662950674049,0.5544175162026493,1.312593184063709,0.8982346232086089,0.4325012983153835,0.5582041723780345,2672654.0861486485
-52.371453089950414,-5.061575961902334,12.43605192109978,3.8625901371653635,-0.8246342043463556,0.7673144816913908,0.5181463467439837,1.3316989949243123,0.9038905694059413,0.4333575981677941,0.5574401204073278,2672658.6452702703
-49.82706164553618,3.8717186310274707,14.554958034203555,5.516450572122649,0.0370462059650817,0.866196452674462,0.48084929820100947,1.349895398570933,0.9094848715662617,0.43420903172799463,0.5566750628835585,2672663.204391892
44.59495013299082,7.046843935353748,8.682548514194364,5.79791628792542,0.9258174396828901,0.9484676390508601,0.442821940125024,1.3671625323848577,0.9150169056110424,0.43505558674739364,0.5559089993403731,2672667.7635135134
-32.66683670187827,-8.162619216675289,-0.8920987201303306,4.896043233021688,1.8035432436488936,1.0110834718548039,0.4043598420673278,1.3834805337473712,0.92048604746176,0.4358972509774002,0.5551419293114354,2672672.322635135
19.99440161138718,-6.396974404532064,-7.779621161949081,3.1649768197359687,2.6228526154855683,1.050999382120548,0.365758573579211,1.3988295400397597,0.9258916730398873,0.43673401216942354,0.554373852330389,2672676.881756757
-13.769462563840202,10.15585284376291,-9.47580935773431,0.9564439781202294,3.33879303508788,1.0651925057020433,0.3272919993922603,1.4131896886433062,0.9312331582669016,0.4375658580748712,0.5536047679309036,2672681.440878378
18.13345457800705,-0.028880458124940497,-5.491951110653427,-1.3658290675133165,3.9076725609047775,1.0507226680656399,0.289151294625656,1.426541116939293,0.9365098790642747,0.4383927764451517,0.5528346756466286,2672686.0
-23.40411050206937,-12.163251582284166,0.39230551518924706,-3.3850766015957787,4.285799251385186,1.0046548808316598,0.2515224482446093,1.438863962309007,0.9417212113534863,0.4392147550316738,0.5520635750112306,2672690.0861486485
-44.5719828016876,-9.84033378580842,4.16120862650018,-4.671273035744102,4.429481164978032,0.9240500259539716,0.21459557888079175,1.4501383621337305,0.946866531056006,0.4400317815858467,0.5512914655583563,2672694.6452702703
52.942325140705535,4.837890062199155,5.169123482823955,-4.794392781575219,4.293499605404501,0.807495740114193,0.17856080516585887,1.460344453794753,0.9519452140933127,0.44084384385907854,0.5505183468216666,2672699.204391892
-51.49413982820506,9.39348141929422,3.7762965205014476,-3.5086100748102624,3.84737679299221,0.6596866789049322,0.14360824573147352,1.4694623746733562,0.956956636386877,0.44165092960277813,0.5497442183348137,2672703.7635135134
-28.781688314463846,16.619292695761775,0.9963817302206337,-1.3048984475871586,3.1424999354107324,0.4868442526465286,0.1099280192093065,1.4774722621508223,0.9619001738581773,0.44245302656835445,0.5489690796314645,2672708.322635135
28.594836222263122,18.993109711677405,-1.930127564912726,1.1415687438519597,2.2511041758470722,0.29518987165933347,0.07771024423101194,1.484354253608437,0.9667752024286886,0.4432501225072154,0.548192930245274,2672712.881756757
-18.59329229548394,3.0709667029704226,-3.6573328398528555,3.1556181432649746,1.2454246574882144,0.09094494626369287,0.04714503942825629,1.4900884864274906,0.971581098019882,0.4440422051707708,0.54741576970988,2672717.440878378
16.161557579970054,-22.10722976985997,-3.4981391454624235,4.191657451051232,0.19622819308334596,-0.11966911322004126,0.018422523432703106,1.4946550979892579,0.9763172365532362,0.4448292623104276,0.5466375975589672,2672722.0
-21.67529817150612,-17.739507735490125,-1.5629821661024472,4.244259099036673,-0.8351529455647012,-0.3304308964715192,-0.008267185123990594,1.4980342256750254,0.9809829939502267,0.4456112816775957,0.5458584133261751,2672727.0861486485
31.382516618135554,-1.5918139322390477,1.3634490664632444,3.5263167667500923,-1.8044778654897518,-0.5351189931704021,-0.032733967610153986,1.500206006866084,0.9855777461323243,0.4463882507377175,0.5450782168311287,2672731.6452702703
-45.564879956210085,2.984936844361611,4.359930365171002,2.278077325054955,-2.676579579394637,-0.7275119929963408,-0.054787705394128604,1.5011505789437156,0.9901008690210054,0.4471601558123735,0.5442970090373205,2672736.204391892
-47.585500420750634,7.270488419882619,6.506587028915112,0.7398163304752753,-3.417669271600669,-0.9013884856289842,-0.07423827984424944,1.5008480792891994,0.9945517385377466,0.44792698293717675,0.5435147911942034,2672740.7635135134
50.39179843527316,21.26227388292792,6.89146837682023,-0.8561146806953209,-3.9939581264291597,-1.050527060747979,-0.09089557232885802,1.4992786165680498,0.9989297593197949,0.4486887181477422,0.5427315645512015,2672745.322635135
-49.617755921455135,24.694726359824806,4.556727270950873,-2.2948230087507344,-4.371657328201417,-1.168706308032989,-0.1045694642162886,1.4964221845826815,1.0032344508674984,0.44944534747968434,0.5419473303578143,2672749.881756757
7.515848299057329,10.06054525445648,-0.9392985709562516,-3.3879622105222498,-4.51697806123875,-1.2497048171636573,-0.11506983687488055,1.4922587484197283,1.0074653613969808,0.45019685696861483,0.5411620898634479,2672754.440878378
36.41694945053226,-9.49310479427729,-7.1233825848751975,-3.95319088787581,-4.394425446338405,-1.2890072413437068,-0.12220657167296813,1.486768173928547,1.0116221383616397,0.4509432326501512,0.5403758443175803,2672759.0
44.21951176365099,-18.307938368161924,-10.779238433054475,-3.79012905165766,-3.9797189412210536,-1.2888948633431532,-0.12581717450886454,1.4799299300093656,1.0157048261640116,0.45168446055990624,0.5395885949696497,2672763.0861486485
3.796465587565199,-11.139148250958476,-9.524600844640583,-2.7408939182319476,-3.3190263041620898,-1.2531971146208623,-0.12589706611609705,1.4717233863251338,1.0197135684439074,0.45242052673349265,0.5388003430691123,2672767.6452702703
-47.296515465465845,0.06930863644333288,-4.313288816372177,-1.0881703913298968,-2.4765538844566217,-1.1855261352445023,-0.12266148994968891,1.4621304438690945,1.0236485088411391,0.4531514172065277,0.5380110898654207,2672772.204391892
49.66981006097325,2.7054736908076555,3.0141821427988074,0.7707050557205606,-1.5165080313997414,-1.0894466485664354,-0.1163867327762408,1.4511466302307654,1.0275097909955175,0.4538771180146225,0.5372208366080293,2672776.7635135134
-49.689788261456684,0.0570617092277906,10.102401838345823,2.438395949591496,-0.5030950942865527,-0.9685233779390154,-0.1073704286303521,1.4387888202676515,1.0312975585468596,0.45459761519339265,0.5364295845463769,2672781.322635135
-42.10077611445705,4.408998939364155,13.856611878537448,3.517565816954984,0.49947857758785114,-0.8263210467146037,-0.09593295617154786,1.4250966334621917,1.0350119551349755,0.4553128947784522,0.5356373349299365,2672785.881756757
38.122947579735914,5.997336312270062,12.892824589601325,3.716310023665994,1.4270066349283634,-0.6664043782455586,-0.0823995048968303,1.4101145001343023,1.0386531243996784,0.4560229428054147,0.534844089008135,2672790.440878378
-28.765863650024315,-3.6954359614138768,6.6519533244428555,3.1634029352041186,2.2235639714604405,-0.49233809588424204,-0.06709526430319224,1.3938868506038904,1.0422212099807802,0.456727745309895,0.5340498480304399,2672795.0
21.61810967770564,-5.346809134729879,-2.7289624357767615,2.0878720948699163,2.8673356859257613,-0.30768692298300804,-0.0503454238876446,1.3764581151908697,1.045716355518096,0.4574272883275072,0.5332546132463011,2672800.0861486485
-21.325970306797316,5.224122424902789,-11.652905630266417,0.7137557571208706,3.3487290518226525,-0.1160155828942202,-0.032475173147169994,1.357872724215146,1.0491387046514353,0.458121557893865,0.5324583859051543,2672804.6452702703
29.00626500259868,0.11498442480094988,-14.194601748826056,-0.7358930565195456,3.6591365755834726,0.07911120102976413,-0.013809701578776479,1.3381751079966333,1.0524884010206135,0.4588105400445827,0.5316611672564757,2672809.204391892
-19.533794686701608,-5.404431537218974,-9.87607860209309,-2.0447759954629023,3.789950763640586,0.27412870543658824,0.005325801320540993,1.317409696855239,1.0557655882654426,0.45949422081527425,0.5308629585497007,2672813.7635135134
-50.79152251656667,-2.2760863077625775,-0.5697040232696657,-3.02361339286076,3.7324149331854994,0.46562139621474025,0.02460614605378455,1.2956209211108747,1.0589704100257353,0.4601725862415545,0.5300637610342824,2672818.322635135
52.91314861651978,6.669280374067427,8.805219472489426,-3.489880252799699,3.4771878168498125,0.6507583238126193,0.04370748979240315,1.2728518644150058,1.0621030099413022,0.4608456223590365,0.5292635759596562,2672822.881756757
-45.245047919758605,-2.8448590205375095,13.474666895567896,-3.2634588696075784,3.017234937879543,0.8268090383054914,0.06231137638164768,1.2491402237452893,1.0651635316519585,0.4615133152033355,0.5284624045753158,2672827.440878378
-10.225127378738666,-8.418822854407184,12.37579845179242,-2.260659512261939,2.365576226172605,0.9910309173651255,0.08010069633520857,1.2245223494109472,1.0681521187975167,0.46217565081006523,0.5276602481306917,2672832.0
18.87636620157556,-1.1354256024666394,6.17550020535735,-0.7473949947198207,1.579291195001211,1.1406813386632972,0.09675834016679662,1.1990345917211844,1.0710689150177883,0.4628326152148392,0.526857107875223,2672837.0861486485
-13.981116456159729,9.60978936769045,-2.3210239071333136,0.9236230553771927,0.7258724309208681,1.2730176798717738,0.11196719839009933,1.1727133009852235,1.0739140639525873,0.4634841944532718,0.5260529850583682,2672841.6452702703
19.884577528315983,-3.7676655647815807,-9.817332353427883,2.3996830103875095,-0.1271874795129417,1.3852973186623299,0.12541016151881554,1.1455948275122754,1.0766877092417264,0.4641303745609781,0.5252478809295824,2672846.204391892
-33.12270954179967,-9.701816694248011,-13.113965350692181,3.3280732426695505,-0.9123959497447226,1.4747776327067275,0.13677125684344948,1.1177143848347548,1.0793899945250165,0.4647711415735721,0.5244417967383069,2672850.7635135134
46.40786627590433,-1.6660123515885696,-10.07889921267133,3.4468481202886725,-1.5696318950455797,1.5387159996767488,0.1457390587616905,1.0891026393778782,1.0820210634422722,0.4654064815266665,0.5236347337340191,2672855.322635135
-29.968935819314638,-1.2962179269080985,-2.766154426253116,2.8613859034456954,-2.0725201473006245,1.5743697972441624,0.15200327844804135,1.0597891207900587,1.084581059633305,0.4660363804558765,0.522826693166124,2672859.881756757
-53.51994742273861,-0.4846337865438591,5.678011298566109,1.7848704852790893,-2.4190966774522438,1.578945634329978,0.15530550699168602,1.029802247555775,1.0870701267379277,0.46666082439681694,0.5220176762841265,2672864.440878378
44.329537055821426,7.587524611812109,12.119604157673756,0.4347456682349789,-2.6116573657505056,1.549440976900989,0.15560092309180787,0.9991659935037429,1.0894884083959535,0.46727979938510067,0.5212076843374335,2672869.0
-30.09689977610947,0.07974589349926085,13.821770246589656,-0.9715447452405003,-2.652498092445476,1.4827687481988303,0.15293035933667762,0.9679032212987405,1.0918360482471967,0.4678932914563421,0.5203967185755267,2672873.0861486485
18.252232933138743,-6.431305067864865,9.48986255980912,-2.2249293440997118,-2.5450559479002894,1.3769390049487304,0.14737872494404838,0.936036793605543,1.0941131899314673,0.4685012866461549,0.5195847802478534,2672877.6452702703
-15.024322805588797,6.040809013208707,-0.3451589136251517,-3.149826282888979,-2.2976677146421127,1.234851993870378,0.13904043130123234,0.903589573088935,1.0963199770885803,0.4691037709901543,0.5187718706038477,2672882.204391892
21.06328718812306,3.651264937825538,-9.95167017845855,-3.5790261075531205,-1.9211507921581341,1.0618885786434904,0.12800988979555036,0.870584422413687,1.098456553358346,0.4697007305239549,0.5179579908929711,2672886.7635135134
17.325852178278918,-5.156921013214446,-14.368364502720286,-3.340099492021155,-1.4318773036630654,0.8637644746595029,0.11438151181431833,0.8370442042445837,1.1005230623805777,0.4702921512831695,0.5171431423646772,2672891.322635135
-42.98296742536271,-5.813761198012787,-10.532722852157633,-2.3330276312932887,-0.8670988604348244,0.6461953973098674,0.0982497087448513,0.8029917812463975,1.10251964779509,0.47087801930341305,0.5163273262684379,2672895.881756757
46.807295516248836,6.028110752744432,-1.0970478126879042,-0.8257318848914704,-0.2692869457671291,0.4148970619860286,0.07970889197446546,0.7684500160839149,1.1044464532416924,0.4714583206202985,0.5155105438536275,2672900.440878378
-42.03702148488428,1.4382843401003063,8.761914834225234,0.8205763785279628,0.3190869570463145,0.17558518407943005,0.058853472890479916,0.7334417714219047,1.106303622360201,0.4720330412694415,0.5146927963697917,2672905.0
-34.964073642901525,-6.836117977274534,14.152054575632294,2.2446857903086803,0.8555513647117883,-0.06602452101848175,0.03577786288021012,0.6979899099251481,1.1080912987904272,0.4726021672864545,0.5138740850663309,2672909.0861486485
21.845194229884672,-3.2719699299403198,12.094497758747769,3.157382909034105,1.2976347939355812,-0.3042163379162672,0.010576473330974081,0.6621172942584249,1.1098096261721822,0.47316568470695386,0.5130544111927098,2672913.6452702703
-17.706963869002152,7.945528641621253,5.193439321912695,3.557446002246684,1.6028657614239792,-0.5332745512224754,-0.016656284369912382,0.6258467870865083,1.1114587481452824,0.4737235795665521,0.512233775998377,2672918.204391892
22.052482754492875,2.1145908618747646,-2.881315385249312,3.504731150814088,1.7396685226871718,-0.7474590704350342,-0.04582599883513418,0.5892012510741839,1.113038808349536,0.47427583790086375,0.511412180732787,2672922.7635135134
-32.61071734847941,-4.702959049166812,-9.67635296575895,3.0154139799458757,1.7211009490929317,-0.9419829652513454,-0.07683825867737147,0.5522035488862245,1.114549950424758,0.47482244574550325,0.5105896266453854,2672927.322635135
43.77278300842724,-6.722162518524869,-13.042358010797988,2.0947500009370743,1.5753192933809816,-1.116237572826218,-0.10959865250930736,0.514876543187408,1.115992318010761,0.47536338913608417,0.5097661149856295,2672931.881756757
-0.8763643424496644,-9.640820619212109,-10.877256016236021,0.7952356297705768,1.331530468933044,-1.2706648909564642,-0.14401276894363113,0.4772430966425152,1.1173660547473592,0.4758986541082206,0.5089416470029694,2672936.440878378
-49.62338812904088,-5.540151079006488,-2.6078678816605283,-0.6416690988192886,1.0189413891308414,-1.4057069174389059,-0.17998619659301854,0.4393260719163232,1.1186713042743632,0.476428226697527,0.5081162239468319,2672941.0
40.173423955193556,9.4279544797088,6.932017448787633,-1.9272632454103311,0.6667589673561006,-1.521805650070354,-0.21742452407015747,0.4011483316736107,1.1199082102315845,0.47695209293961804,0.5072898470667425,2672946.0861486485
-25.534871069793436,2.3182176131060723,12.44613013899917,-2.772845870580355,0.30419011699054194,-1.6194030866476266,-0.2562333399877277,0.3627327385791521,1.1210769162588394,0.4774702388701076,0.5064625176120526,2672950.6452702703
13.761452330757676,-8.213228209440848,12.228312915296211,-2.970025025346742,-0.03955824858410832,-1.698941224967537,-0.2963182329584163,0.32410215529772884,1.1221775659959383,0.4779826505246091,0.5056342368322848,2672955.204391892
-11.518654462155887,5.2013999199174785,6.693096181045876,-2.62719323666185,-0.3397307018094293,-1.760862062826904,-0.33758479159490135,0.2852794444941154,1.1232103030826945,0.4784893139387377,0.5048050059768616,2672959.7635135134
7.377564752001957,6.402517737985194,-0.7571665184386973,-1.9154012115371086,-0.5892226255075073,-1.805607598022541,-0.3799386045098731,0.24628746883309643,1.1241752711589208,0.4789902151481061,0.5039748262952433,2672964.322635135
31.231653765488247,-2.215889513962796,-8.362124934036098,-1.0018687028114361,-0.7847603566729323,-1.8336198283512652,-0.4232852603160088,0.2071490909794457,1.125072613864428,0.47948534018832983,0.5031436990368754,2672968.881756757
-42.33793853204805,-4.99488248284638,-12.910108225822048,-0.05397059623645961,-0.922915099387594,-1.845340751609892,-0.46753034762599427,0.16788717359794025,1.125902474839032,0.4799746750950226,0.5023116254512154,2672973.440878378
47.373767927849904,4.800928631106015,-11.148973088567507,0.7796559316320951,-1.000258057733384,-1.841249308034572,-0.512542512613179,0.12852457935336,1.1266649977225445,0.480458205903799,0.5014786067877133,2672978.0
-24.78839262437984,1.8669874512957472,-2.89170223943799,1.4253245410220747,-1.0132033354758312,-1.822129307935152,-0.5580426316935722,0.08908417091048129,1.1273603261547778,0.48093591865027097,0.5006446442958249,2672982.0861486485
-38.31555766189069,-5.6569527029065,7.312918902827232,1.8280866013572155,-0.9575020062520114,-1.7894645341892674,-0.6037146388438548,0.049588810934085494,1.1279886037755422,0.48140779937005607,0.4998097392249828,2672986.6452702703
30.13316742172615,-2.0203997686460564,13.835130096442663,1.9329934820612582,-0.8286095279306159,-1.7450343854429424,-0.6492424680407022,0.010061362088947099,1.1285499742246563,0.4818738340987661,0.49897389282466625,2672991.204391892
-24.801747837099757,7.569744346711122,14.264568139822714,1.6904129278102207,-0.6272631047696061,-1.6906528892052033,-0.6943100532607922,-0.02947531296015358,1.129044581141926,0.48233400887201644,0.4981371063443034,2672995.7635135134
25.2231788230426,4.9543544935624215,8.004180333668943,1.107408199257264,-0.37546544203606175,-1.628134072985082,-0.738601328480799,-0.0689983515484417,1.129472568167169,0.48278830972541964,0.4972993810333487,2673000.322635135
-31.044743703184093,-1.5141950256512982,-1.746739166484301,0.33807899217992055,-0.1005356202493419,-1.5592919642916054,-0.7818002276774068,-0.10848489101113548,1.129834076452702,0.4832367251820858,0.4964607181412711,2673004.881756757
38.951448871814435,-8.23146703009705,-10.839809491394464,-0.4280449826762481,0.17020728007119465,-1.485940590633804,-0.8235906848272879,-0.1479120686834572,1.1301292372008582,0.48367925371510556,0.4956211189175046,2673009.440878378
29.52676558458615,-11.188650087895466,-15.12664977181899,-1.0014340145656846,0.4094441784061878,-1.4098939795207068,-0.8636566339071221,-0.1872570219006316,1.1303581791264867,0.4841158962850626,0.4947805846115062,2673014.0
-46.61472772133223,-4.774843242328639,-11.856977084165242,-1.234125778920261,0.589855994236279,-1.332966158461342,-0.9016820088935857,-0.22649688799787765,1.1305210309444222,0.4845466538525421,0.49393911647271693,2673018.0861486485
41.58827885794982,11.695577730277067,-3.872900287440347,-1.151078076210801,0.6907742273713126,-1.256890571528488,-0.937431327199609,-0.26560880431041983,1.1306179213695124,0.4849715273781287,0.4930967157506249,2673022.6452702703
-31.256197494367218,8.909637855569766,5.089796064241557,-0.84541841440237,0.7181326989379458,-1.183078329049914,-0.9709914399831283,-0.3045699081734774,1.1306489769997723,0.48539051993923055,0.49225338369462973,2673027.204391892
-14.184349560670476,-7.190522632516227,12.766605174067745,-0.41692488178923903,0.6841928491220846,-1.1124839011002066,-1.0025828773853074,-0.34335733692227516,1.130614315965925,0.4858036430805534,0.4914091215542163,2673031.7635135134
12.680367923493792,-11.01826161795019,15.211797516288215,0.03462443333432124,0.5999242730298135,-1.0445570112093483,-1.032639071012097,-0.38194822789203287,1.1305140542818701,0.48621091046362414,0.490563930578823,2673036.322635135
-13.759240852070391,8.628567955477008,9.528630173941792,0.42052936835651256,0.4759736044972631,-0.9783692489828756,-1.0616486251239345,-0.42031971841797267,1.1303483079615047,0.4866123357499719,0.48971781201791315,2673040.881756757
23.56359722229444,10.71535055036218,-0.6122933989037137,0.6964014633954403,0.32298747736056205,-0.9129916847494461,-1.0901006632581367,-0.45844894583531975,1.1301171930187288,0.48700793260112607,0.48887076712093513,2673045.440878378
-37.28388326951218,-2.963926044249473,-9.770644074553418,0.8275108636188632,0.15303184608866216,-0.8474953888377175,-1.1184843089520218,-0.4963130474792922,1.1298208254674393,0.48739771467861276,0.48802279713731145,2673050.0
48.15637169721841,-9.99403801409411,-14.595105791340231,0.7753470082358793,-0.01804662889082527,-0.780951431576347,-1.1472886857429088,-0.5338891606851117,1.1294593213215343,0.48778169564396134,0.4871739033165431,2673055.0861486485
22.372704205081714,-11.687272628275922,-13.073565605920363,0.5275256659177782,-0.1805682728079666,-0.7125227173808156,-1.1769110830812923,-0.5711544227880039,1.129032796594915,0.48815988915870145,0.4863240869080444,2673059.6452702703
-47.76522231994666,-3.3151935748444394,-6.5134668746028455,0.15339655712653624,-0.3267499874654537,-0.6417394870138927,-1.2073814540703767,-0.6080859711231863,1.128541367301476,0.4885323088843598,0.4854733491612793,2673064.204391892
36.44561018553127,13.060315984765397,2.057188538461768,-0.2577312538713519,-0.448808674665978,-0.568223815325172,-1.2386379177265445,-0.644660943025886,1.1279851494551216,0.48889896848246384,0.4846216913257073,2673068.7635135134
-22.338184016119584,4.288248988855894,9.540428470418801,-0.6165487028093943,-0.5389612362122318,-0.491597777164246,-1.2706185930661777,-0.6808564758313207,1.1273642590697441,0.4892598816145448,0.4837691146507617,2673073.322635135
12.06770477493354,-14.22339468204562,13.508446958720679,-0.833746725421099,-0.5894245739069061,-0.4114834473807075,-1.3032615991056604,-0.7166497068747135,1.126678812159246,0.48961506194212817,0.4829156203859057,2673077.881756757
-5.733570656711591,-2.6975896008653817,12.348003494515956,-0.8438629672907769,-0.5947151192899348,-0.3274550662436762,-1.3365050548613724,-0.7520177734912892,1.1259289247375246,0.48996452312674504,0.4820612097805911,2673082.440878378
-15.38670371695877,14.395296635524685,7.033953183430732,-0.6764062085131257,-0.5587629151748272,-0.2390957482685989,-1.3702870793496995,-0.7869378130162653,1.1251147128184786,0.4903082788299214,0.48120588408426174,2673087.0
27.562858082503386,9.638153862580266,-0.6182123104441105,-0.3830691194623195,-0.4886649899772594,-0.14673613709685038,-1.4045457915870219,-0.8213869627848641,1.1242362924160039,0.4906463427131869,0.48034964454637535,2673092.0861486485
-41.45530868422394,-5.433846409414476,-8.01855070363597,-0.015128665619703455,-0.3917558107034513,-0.05088514267209213,-1.4392193105897222,-0.8553423601323109,1.1232937795440032,0.4909787284380686,0.47949249241639114,2673096.6452702703
50.86692521722239,-10.381615185282719,-12.383507057826835,0.37613818753337847,-0.27537533092610733,0.04795381162849828,-1.474245755374183,-0.8887811423938274,1.122287290216374,0.4913054496660962,0.4786344289437307,2673101.204391892
19.280072806232646,-11.683938017388886,-11.30633525341783,0.7408583557487817,-0.146863504217931,0.14927730242774329,-1.5095632449567877,-0.9216804469046307,1.1212169404470123,0.4916265200587973,0.4777754553778783,2673105.7635135134
-46.590528739055394,-5.523603783328509,-4.7105775292592345,1.034774279711165,-0.013560284151626755,0.252581906348465,-1.5451098983539175,-0.9540174109999474,1.120082846249818,0.49194195327770107,0.4769155729682804,2673110.322635135
34.94063849306986,9.73572317750537,3.8112027227891527,1.215032281338386,0.1171943757001016,0.3573642000134856,-1.5808238345819554,-0.9857691720149986,1.118885123638691,0.49225176298433526,0.4760547829643615,2673114.881756757
-22.09867819800701,6.291722247521162,10.081068001393094,1.2387774807858274,0.23806172352702512,0.46312076004562835,-1.6166431726572825,-1.0169128672850078,1.117623888627529,0.49255596284022807,0.4751930866156037,2673119.440878378
14.202585463367111,-8.258082206141822,11.048395844218899,1.0619598968635495,0.34289810886423866,0.5693481630677145,-1.6525060315962834,-1.047425634145192,1.1162992572302288,0.49285456650690773,0.47433048517144183,2673124.0
-14.913859249649933,-0.5965508619125558,5.788304260765321,0.661397745668589,0.4303222601909929,0.6755429857025671,-1.688350530415339,-1.0772846099307778,1.1149113454606918,0.49314758764590216,0.4734669798813368,2673128.0861486485
2.014801494408211,7.739049786730552,-1.7208298876525099,0.11524125392710315,0.5001432002819581,0.7812018045730089,-1.7241147881308334,-1.1064669319769838,1.1134602693328128,0.49343503991874144,0.47260257199473205,2673132.6452702703
34.56229375615136,5.036168852282585,-7.172334751067564,-0.47272877540361563,0.5521699519118058,0.8858211963018611,-1.7597369237591467,-1.134949737619037,1.1119461448604961,0.4937169369869526,0.47173726276108796,2673137.204391892
-44.460346180342256,-5.77367762162916,-9.673018234113396,-0.9987315393662743,0.5862115378552062,0.9888977375119468,-1.795155056316663,-1.1627101641921533,1.1103690880576338,0.4939932925120643,0.47087105342984137,2673141.7635135134
48.97063545805377,-8.767431741775455,-9.165331081206583,-1.3767133338707216,0.6020769808868313,1.0899280048260884,-1.8303073048197651,-1.1897253490315567,1.1087292149381263,0.49426412015560495,0.470003945250454,2673146.322635135
3.91589478991,-8.179964480998578,-5.815045220667781,-1.5915288502953613,0.5995113712928845,1.1884725073555737,-1.8651317882848324,-1.2159724294724723,1.1070266415158752,0.4945294335791023,0.46913593947238175,2673150.881756757
-39.92049068851459,-1.3780764883616705,-0.9469631834180311,-1.6457598788857366,0.5781636475167934,1.2841879060544705,-1.899566625728252,-1.2414285428501184,1.1052614838047763,0.4947892464440856,0.468267037345063,2673155.440878378
30.089980696796463,11.820183524594903,3.820525384341335,-1.5424133769937887,0.5385795045170263,1.3762592724682017,-1.9335499361664024,-1.2660708264997171,1.1034338578187264,0.4950435724120826,0.4673972401179653,2673160.0
-21.232566617181927,11.871441407238883,6.940576512542439,-1.2861969703970533,0.48275372159978264,1.4641232622200542,-1.9670198386156688,-1.2898764177564925,1.1015438795716286,0.49529242514462213,0.466526549040523,2673165.0861486485
17.493684581082576,-1.9943163951915928,7.478366860689586,-0.8822434519794637,0.41300345463042487,1.5473193214805503,-1.9999144520924312,-1.3128224539556663,1.0995916650773794,0.4955358183032314,0.4656549653621982,2673169.6452702703
-20.792776730881126,-6.63363882008828,5.887429558994291,-0.34673546869884064,0.331645859474315,1.6253868964202127,-2.0321718956130734,-1.3348860724324592,1.097577330349876,0.49577376554943986,0.4647824903324376,2673174.204391892
16.744948288467445,-10.064670357985273,2.991977543094357,0.2599449161914624,0.24099809199681463,1.697865433209566,-2.063730288193978,-1.3560444105220928,1.095500991403018,0.49600628054477547,0.4639091252006968,2673178.7635135134
39.56763343798542,-14.731849256733303,-0.37272639729853035,0.8663657853642073,0.14337730806328575,1.7642943780191322,-2.0945277488515264,-1.3762746055597905,1.0933627642507033,0.49623337695076736,0.4630348712164302,2673183.322635135
-46.8906693161509,-16.58580273150227,-3.3714194724726934,1.401095221492153,0.04110066353909103,1.824213177019435,-2.124502396602102,-1.3955537948807721,1.0911627649068294,0.4964550684289426,0.46215972962909807,2673187.881756757
48.37478611366206,-8.600286797689652,-5.316314013916138,1.7927013072480624,-0.06351468571040754,1.8771672378135282,-2.153598311894618,-1.4138591158202642,1.0889011093852998,0.4966713686408297,0.46128370168809363,2673192.440878378
1.0571881022648282,-3.21973357313113,-6.10952283791565,1.969752125304699,-0.16815158381984877,1.9227108230479124,-2.1817684302214344,-1.4311677057134837,1.0865779137000078,0.4968822912479578,0.46040678864293316,2673197.0
-35.29847970476306,3.3224716747983285,-5.8225722779474065,1.8827107621155235,-0.2704494827148727,1.9603441940548993,-2.2089116857607216,-1.4474567018956555,1.0841932938648537,0.49708784991185523,0.45952899174305145,2673201.0861486485
25.79800117761503,15.757993839266634,-4.614742251446355,1.5696203192567904,-0.36787426548512836,1.989552621480125,-2.234912022003976,-1.4627032417019983,1.0817473658937344,0.4972880582940493,0.45865031223787894,2673205.6452702703
-18.799223778085913,19.805307825963357,-2.667251071837169,1.0904189020854647,-0.4578484230112681,2.009823659400235,-2.2596556658737015,-1.476884462467739,1.0792402458005521,0.4974829300560692,0.45777075137690715,2673210.204391892
17.18886822494189,4.2177854235084755,-0.2056962597677067,0.5050446159585041,-0.5377944461739432,2.0206549472477184,-2.2830389296482476,-1.4899775015280947,1.0766720495992015,0.497672478859443,0.45689031040955097,2673214.7635135134
-21.499302398106405,-9.562800368972606,2.366807835221364,-0.12656443376713186,-0.6051348258538061,2.0215487156542817,-2.3049627168051785,-1.501959496218291,1.0740428933035837,0.49785671836569917,0.4560089905852841,2673219.322635135
24.809998106026335,-17.102065183193247,4.602767656366177,-0.7444701417344849,-0.657292052931508,2.012001589932342,-2.325322325502772,-1.5128075838735477,1.0713528929275964,0.49803566223636514,0.45512679315353743,2673223.881756757
38.372232334073175,-20.585530494342763,6.054689646902859,-1.2887344025865934,-0.6916886182877008,1.991506448974799,-2.3440093074797868,-1.5224989018290882,1.0686021644851371,0.4982093241329715,0.45424371936378005,2673228.440878378
-44.14302319731446,-20.35901085267313,6.351476276528165,-1.7077699822827888,-0.7058422477849694,1.959650844741355,-2.3609146525598517,-1.5310105874201327,1.0657908239901042,0.4983777177170452,0.45335977046544595,2673233.0
44.599378376538354,-13.334962005815044,5.481083637028149,-1.9870874195165118,-0.697635350717743,1.9163870126235554,-2.375929350566593,-1.5383197779819047,1.062918987456399,0.49854085665011305,0.4524749477080157,2673237.0861486485
13.517101477705035,-8.249478129053292,3.721741911636602,-2.135325274173316,-0.6649805453788452,1.8616973970113377,-2.388944391323637,-1.544403610849626,1.059986770897918,0.4986987545937052,0.45158925234091113,2673241.6452702703
-30.85286359379417,-0.17880930439735013,1.405150799834102,-2.164575764268835,-0.6060148229040848,1.795548185798756,-2.3998507646546137,-1.5492392233585173,1.0569942903285583,0.49885142520935094,0.4507026856136003,2673246.204391892
20.814398682755996,14.719018365448322,-1.1369899988987726,-2.0851632450998436,-0.520643037148143,1.7179055668798626,-2.408539460383149,-1.5528037528438012,1.0539416617622204,0.4989988821585763,0.4498152487755209,2673250.7635135134
-12.805790674468366,19.15160248031842,-3.5729807850814472,-1.9039500611707385,-0.41238874951713683,1.6288924249077839,-2.414901468332872,-1.555074336640701,1.0508290012128028,0.4991411391029113,0.4489269430761342,2673255.322635135
10.024320697531763,6.194200325410523,-5.61168058941916,-1.6269932116225485,-0.2862076538168486,1.5292584315719298,-2.4188252408109467,-1.5560306496008984,1.0476564246942044,0.4992782097038839,0.44803776976488974,2673259.881756757
-13.460488867554782,-0.22862926402432143,-7.124183363360427,-1.2603496955963027,-0.14721214061212934,1.4199099553207901,-2.420187441856987,-1.5556641548436296,1.0444240482203204,0.4994101076230214,0.4471477300912408,2673264.440878378
22.283861852122158,-0.40312190952306776,-8.02000158972709,-0.8100765122330272,-0.0005146004678308278,1.301753364602849,-2.418855645187266,-1.553975412705275,1.0411319946988549,0.49953684652185326,0.446256825304636,2673269.0
30.308766353542403,-1.4713420528066923,-8.207969024288936,-0.28516344267144517,0.14877257605119465,1.1756950278665887,-2.4146920766235898,-1.5509703589918808,1.0377804146127116,0.4996584400619076,0.44536505665452386,2673274.0861486485
-37.18796369357144,-6.239917325863821,-7.634523474464396,0.290034201123247,0.2955369983800938,1.0426413135604995,-2.407544123216782,-1.5466698333248032,1.0343695234891166,0.49977490190471274,0.4444724253903733,2673278.6452702703
39.94385009108912,-7.267805418979954,-6.274647206620412,0.8736907138453227,0.4346662759540152,0.9034985901330648,-2.397255462324915,-1.5410986176202457,1.030899769457396,0.499886245711797,0.4435789327616097,2673283.204391892
37.59125081114829,-9.62463641352258,-4.069807116521931,1.420345987353346,0.5610987942637888,0.7591224499770901,-2.3836697713060633,-1.5342815519449329,1.0273716587973964,0.4999924851446883,0.44268458001770056,2673287.7635135134
-35.22372350759835,-12.265284554766852,-0.9778488581975839,1.884539913505886,0.6699760430229696,0.6101653812626501,-2.366630727518298,-1.5262434763655794,1.0237856977889552,0.5000936338649159,0.44178936840808725,2673292.322635135
31.115598239722864,-11.387269122828034,2.8612578700859705,2.220812384161504,0.7564902880007932,0.4572290961041454,-2.345982008319693,-1.517009230948919,1.020142392711927,0.5001897055340069,0.4408932991822313,2673296.881756757
5.509615966170049,-4.500262153275516,6.597716767331791,2.3837032911787666,0.8158337949664969,0.3009153066159714,-2.3215672910683227,-1.5066036557616662,1.0164422498461518,0.5002807138134909,0.4399963735895786,2673301.440878378
-20.258112724577824,3.739556281284496,9.152409078958891,2.3267513354531753,0.8441807067056504,0.14184503885925576,-2.29323025312226,-1.4950515908705502,1.012685775471478,0.5003666723648955,0.4390985928795834,2673306.0
-26.000916582424548,7.023073799429094,9.430355352933837,2.001274271229967,0.8417410327028219,-0.019164541301709997,-2.2608145718395756,-1.4823778763422903,1.0088734758677484,0.5004475948497493,0.4381999583016973,2673310.0861486485
-1.5746960474217329,1.708324672252805,6.768508839510008,1.3894570265352564,0.8101263297102973,-0.18078765370763974,-2.2241639245783467,-1.4686073522436112,1.0050058573148106,0.5005234949295805,0.4373004711053674,2673314.6452702703
33.06308763322319,-4.153295922515712,2.261719495866612,0.574200730341086,0.7510014559808372,-0.34152457704981676,-2.1831219886966426,-1.4537648586412348,1.0010834260925079,0.500594386265918,0.43640013254004817,2673319.204391892
-39.09952992083498,-2.988462933412022,-2.663311757351115,-0.33686039244451027,0.6660175054838986,-0.4998618257362148,-2.137532441552539,-1.437875235601885,0.9971066884806877,0.500660282520289,0.4354989438551823,2673323.7635135134
23.29025700271179,0.7389535614578114,-6.952780762580698,-1.2360921169135053,0.5568255721889414,-0.6542859141748114,-2.0872389605041106,-1.4209633231922851,0.9930761507591946,0.5007211973542224,0.4345969063002446,2673328.322635135
47.54106618500122,1.405915656120947,-9.466428403222539,-2.0158602181578713,0.4250767500654252,-0.8032833567735889,-2.0320852229094264,-1.403053961479157,0.9889923192078728,0.5007771444292477,0.43369402112466193,2673332.881756757
-45.05496217449521,-1.4673646195541519,-9.745056344789882,-2.567611643331825,0.272422133082808,-0.9453406679405235,-1.9719149061265642,-1.3841719905292245,0.9848557001065692,0.5008281373672689,0.4327902896175109,2673337.440878378
36.89052742543946,2.075866875758378,-8.860944811163312,-2.800088794425095,0.10051281521054674,-1.0789443620835915,-1.906571687513594,-1.3643422504092102,0.9806667997351285,0.5008741895187931,0.4318857133392962,2673342.0
29.345299365757032,0.7683729803315286,-5.688856964497206,-2.706333987757611,-0.08766443365991262,-1.2025809536107746,-1.8358992444285909,-1.3435895811858374,0.976426124373396,0.5009153137430535,0.43098029434172047,2673347.0861486485
-15.349421066748462,-4.402514274696127,0.019666700932758827,-2.305814064797614,-0.2836690850753037,-1.314736956930052,-1.7597412542296265,-1.3219388229258298,0.9721341803012183,0.5009515227863732,0.43007403478945405,2673351.6452702703
10.449569535147592,-4.64571233960954,6.555731851843848,-1.6197757624309486,-0.4772807151647644,-1.4138852521949616,-1.6779550285292104,-1.2994148156959093,0.96779147379844,0.5009828293950741,0.42916693684717167,2673356.204391892
-13.294847674230297,5.730848364525292,10.226831178634473,-0.6695768724173521,-0.6581678451835232,-1.49841608574018,-1.5904805127587203,-1.2760423995628005,0.9633985111449063,0.5010092463154795,0.4282590026795147,2673360.7635135134
22.878605783188164,3.2891294726708242,7.25731913652885,0.4935674688833876,-0.815998996386817,-1.5665936824414342,-1.4973836738084796,-1.2518464145932244,0.9589557986204628,0.5010307862939098,0.42735023445115605,2673365.322635135
-35.52985252580122,-5.569207457704411,0.31227634791974923,1.6990127467113547,-0.9404426900298782,-1.616654170373329,-1.3987585753699379,-1.2268517008539048,0.9544638425049542,0.5010474620766897,0.426440634326717,2673369.881756757
7.244406042749243,-4.277143250632314,-6.564141115851479,2.7462571017065853,-1.0208420656746773,-1.6471426541457086,-1.294715686292556,-1.2010830984115661,0.9499231490782267,0.5010592864101403,0.425530204470897,2673374.440878378
55.26456435407294,0.30962529400982675,-10.751848428883797,3.4347986745091292,-1.0452387361101838,-1.6578269337127618,-1.1854443068544698,-1.1745654473329303,0.9453342246201261,0.5010662720405844,0.4246189470483357,2673379.0
-57.07753728012716,0.5106168421153284,-11.264067677516367,3.564135605759022,-1.0011469321323618,-1.6489169394082928,-1.0712189889471875,-1.1473235876847183,0.9406975754104953,0.5010684317143442,0.4237068642236817,2673384.0861486485
24.870650055079825,3.2326142242019316,-9.67440243259515,3.00383615663306,-0.8802782872205029,-1.6213533788931995,-0.9523915083340514,-1.1193823595336574,0.9360137077291835,0.5010657781777418,0.4227939581616098,2673388.6452702703
42.86198916308056,3.097338992422794,-5.683017741675378,1.9037490704550488,-0.6941640500831522,-1.5762629568593123,-0.8293296440472011,-1.0907666029464673,0.9312831278560334,0.5010583241771001,0.4218802310267699,2673393.204391892
-30.71427411852063,-3.6680155194098134,0.932342815156463,0.4837932110855335,-0.45934087331108914,-1.5147723779984594,-0.7024011751187769,-1.0615011579898723,0.926506342070891,0.501046082458741,0.42096568498381204,2673397.7635135134
19.704275151161312,-1.8275207689802961,7.849725346029802,-1.0361125576149286,-0.1923454094951013,-1.4380083470024736,-0.5719738805809176,-1.0316108647305957,0.9216838566536024,0.5010290657689872,0.4200503221974008,2673402.322635135
-14.001217257643233,4.77633221503228,12.124941700723443,-2.4360493717857876,0.09028568877402783,-1.3470975685631847,-0.43841553946576356,-1.0011205632353595,0.916816177884011,0.5010072868541615,0.41913414483219635,2673406.881756757
16.158191620093323,-2.3053065753438244,11.623432498342352,-3.5232123523972003,0.3720157689055117,-1.2431667473724233,-0.30209393080545494,-0.9700550935708889,0.9119038120419658,0.5009807584605851,0.4182171550528501,2673411.440878378
-25.634458897811516,-6.38201486099293,7.439115494179061,-4.210113396484242,0.6363081783085653,-1.1273425881220185,-0.163376833632131,-0.938439295803903,0.906947265407308,0.5009494933345813,0.41729935502402227,2673416.0
-13.864960850508542,-2.7126656369312694,1.4579874064252882,-4.424290981601824,0.8670955131132732,-1.0007517955038023,-0.022632026977930434,-0.9062980100011298,0.9019470442598866,0.5009135042224725,0.4163807469103672,2673420.0861486485
52.763675660455505,2.6396241475570106,-4.497685193321307,-4.09328893981926,1.0514548872220602,-0.8645210742096036,0.11977271012500605,-0.873656076229289,0.896903654879545,0.5008728038705798,0.4154613328765495,2673424.6452702703
-62.01933063079281,5.16258354150905,-8.921891567457696,-3.150190443482196,1.1820027548136895,-0.7197771289312533,0.2634695986445376,-0.8405383345551047,0.891817603546129,0.5008274050252275,0.4145411150872191,2673429.204391892
9.346658193457527,8.453616993010764,-10.79014697329114,-1.5267052755480452,1.2526230929557882,-0.5676466643605833,0.40809085954852775,-0.8069696250452989,0.8866893965394835,0.5007773204327364,0.4136200957070304,2673433.7635135134
58.471481796549234,4.3964614543616465,-9.05664440174973,0.7257572648013005,1.2572584239107785,-0.4093149303842114,0.5532687138048319,-0.772974787766595,0.881519540139454,0.50072256283943,0.4126982769006581,2673438.322635135
-45.07442946615097,-7.809667219557009,-3.454133689312722,3.037376129329326,1.1902631519193443,-0.24637905886702643,0.698635382381314,-0.7385786627857172,0.8763085406258867,0.5006631449916298,0.4117756608327275,2673442.881756757
27.972409232576688,-1.6335055451432896,3.7191963922998763,4.708067104466592,1.0467646400092547,-0.08120914046099847,0.843823086245833,-0.7038060901693887,0.8710569042786271,0.5005990796356591,0.4108522496679337,2673447.440878378
-14.659102859407973,6.013733489578168,7.60699802235458,5.037745976643645,0.8220823875908534,0.08363259779932726,0.9884640463662502,-0.668681909984331,0.8657651373775199,0.5005303795178392,0.4099280455709121,2673452.0
11.488622899391583,-4.976039076167428,4.63583859895076,3.5886836524856696,0.5176421429562774,0.24558032008354247,1.1321904837104246,-0.633230962297268,0.8604337462024103,0.5004570573844936,0.4090030507063244,2673457.0861486485
-22.265659617855153,-4.0911336281373165,-1.3799329276249128,0.9725715193963268,0.15933533191283977,0.40201307338979414,1.2746346192462168,-0.5974780871749232,0.8550632370331449,0.5003791259819436,0.4080772672388264,2673461.6452702703
-33.93365299160088,3.2834966356070736,-4.711776701439951,-1.9365439150260826,-0.22062351096045346,0.5500894360304558,1.4154286739414865,-0.5614481246840183,0.8496541161495675,0.5002965980565122,0.40715069733307974,2673466.204391892
50.33204942890172,3.108911568815423,-2.6808397376378434,-4.266821155118418,-0.5899647339131427,0.6869128691464548,1.5542048687640952,-0.5251659148912751,0.8442068898315235,0.5002094863545216,0.4062233431537286,2673470.7635135134
-62.48165108513773,-3.582613351176893,2.3394692726487265,-5.202333273276375,-0.9164186851947633,0.8095868338787179,1.6905954246819026,-0.48865629786342263,0.8387220643588604,0.5001178036222946,0.4052952068654666,2673475.322635135
-1.6739897226147171,1.851884869926463,2.8359132746395095,-4.112860831804925,-1.1728582716085836,0.91548174662298,1.8242325626627687,-0.4519441136671767,0.8332001460114214,0.5000215626061526,0.40436629063289925,2673479.881756757
60.54043820880722,5.054759020773128,-0.6124639307625344,-0.8885069110799437,-1.3527266341727548,1.0030358447942012,1.9547485036745558,-0.415054202369265,0.8276416410690536,0.49992077605241847,0.40343659662072284,2673484.440878378
-46.00967014811259,-5.741371876867958,-2.823132258879129,2.680316644502166,-1.4546094724591319,1.0709543210621344,2.08177546868512,-0.3780114040364089,0.8220470558116004,0.49981545670741523,0.40250612699357596,2673489.0
27.722272453677864,-2.389828098380945,0.28342034133889354,4.848288817034535,-1.477401961022651,1.1182518430796118,2.204945678662326,-0.34084055873533137,0.8164168965189095,0.49970561731746405,0.40157488391612406,2673493.0861486485
-14.457739649903317,6.217373306558625,3.8195804037199306,5.035314391256335,-1.4213775711045633,1.1453213751857765,2.323891354574031,-0.30356650653275674,0.8107516694708246,0.49959127062888925,0.4006428695530171,2673497.6452702703
12.826920644008329,-5.028166558433347,2.4105029862079435,3.188064447336513,-1.2895595757283829,1.153426943718924,2.4382447173880974,-0.2662140874954053,0.8050518809471903,0.4994724293880109,0.3997100860689197,2673502.204391892
-21.481329893678087,-5.5851442646183305,-2.1391585428347315,0.2607867209907918,-1.0926266038041035,1.1439486058698647,2.547662353973892,-0.228808141690004,0.7993180372278554,0.4993491063411521,0.39877653562848764,2673506.7635135134
-38.53778725890858,2.6225600100511115,-6.2174438656030695,-2.54037688817843,-0.8431360240248335,1.118160976918721,2.6519062931114594,-0.1913735091832707,0.7935506445926616,0.499221314234636,0.39784222039638256,2673511.322635135
53.932925015551746,4.710336983300477,-5.961207195115877,-4.203968308603905,-0.553645205083686,1.0772729786259385,2.750804257100545,-0.15393503004193546,0.7877502093214573,0.4990890658147845,0.39690714253724574,2673515.881756757
-62.66806192613254,-4.510853021877739,0.7317624444986601,-4.566436229557952,-0.2356882259215112,1.022447896848648,2.8442296041441835,-0.11651754433271322,0.7819172376940839,0.4989523738279207,0.39597130421573296,2673520.440878378
-1.947739532319681,-0.30849870882372604,7.171686311789803,-3.933885113536829,0.10158014392283457,0.9548396030443208,2.9320651068450916,-0.07914589212233476,0.7760522359903929,0.49881125102036494,0.3950347075965546,2673525.0
52.951864218010854,4.615138317327423,9.030838456669626,-2.6747354733075652,0.44317302623460525,0.8756019686704273,3.0141935378059608,-0.041844913477516885,0.770155710490223,0.49866571013844135,0.39409735484429603,2673529.0861486485
-38.4130704648501,-4.100797782232462,4.780113194608544,-1.1271409931857024,0.7723896931919909,0.7858888651844274,3.090497669629517,-0.004639448464986883,0.7642281674734253,0.49851576392847147,0.39315924812366027,2673533.6452702703
24.287594860544033,-4.841337598862549,-0.8310833529056452,0.4849565578910367,1.0725294169732078,0.6868541640437975,3.16086027491846,0.03244566284853537,0.7582701132198403,0.498361425136779,0.3922203895992922,2673538.204391892
-17.94745898003657,4.830044388072221,-3.351865339547381,1.9661683898293918,1.3268914697564533,0.5796562084906817,3.225159654490822,0.06938558039632454,0.7522820540093174,0.4982027065096847,0.3912807814358447,2673542.7635135134
22.98073808325292,-2.234369883624807,-5.135818580234074,3.1211057125361106,1.518775123719938,0.4654712289058928,3.2832562220259645,0.10615546411165751,0.7462644961216991,0.4980396207935122,0.3903404257979737,2673547.322635135
-42.23641791196361,-4.85255119895634,-7.732192134856097,3.7543797359179174,1.6314796510418657,0.34547992745494027,3.335005919418552,0.14273047392781257,0.7402179458368328,0.49787218073458284,0.38939932485034656,2673551.881756757
-51.230514407369014,1.871449981440129,-10.83428590836238,3.666371319489979,1.6525324943837634,0.2208651862115941,3.380264688563264,0.17908576977806678,0.7341429094345626,0.4977003990792193,0.38845748075761044,2673556.440878378
59.94814920774942,5.778749506459359,-9.482667676814453,2.7390636296192077,1.5861705512982243,0.09307763469165933,3.4188884713547725,0.21519651159569736,0.7280398931947344,0.49752428857374437,0.3875148956844095,2673561.0
-57.84821871844632,-6.739270350898896,-0.7108694145676938,1.2443043159536447,1.4400459816520739,-0.03539380644487842,3.450733209687758,0.25103785931397843,0.7219094033971943,0.49734386196447994,0.3865715717954548,2673566.0861486485
12.332825847285015,-2.3885881738821864,8.13806356600568,-0.4475352634404769,1.2216077182698255,-0.16180118872904142,3.475654845456897,0.2865849728661898,0.7157519463217875,0.49715913199774914,0.3856275112553527,2673570.6452702703
30.613181936770737,9.035949704918288,10.674461703291074,-1.9660837504969522,0.9383046939760338,-0.28339656369186145,3.493509320556869,0.32181301218560787,0.709568028248357,0.49697011141987285,0.3846827162287679,2673575.204391892
-18.393710327105566,5.59283455130349,3.876034660549559,-2.9852227014737065,0.5975858415952218,-0.3974319828643498,3.504152576882339,0.3566971372055084,0.7033581554567518,0.4967768129771751,0.3837371888803712,2673579.7635135134
15.746770608899444,-10.783378286153845,-5.520746754792691,-3.355845329925271,0.2069000939519443,-0.5011594977775549,3.5074405563279933,0.39121250785916967,0.6971228342268141,0.49657924941597825,0.38279093137480924,2673584.322635135
-24.830146474177585,-2.702717478201219,-10.09165702945843,-2.97842153402462,-0.2209798458349856,-0.5918311599624824,3.503229200788503,0.42533428407986834,0.6908625708383918,0.4963774334826035,0.3818439458767501,2673588.881756757
40.978675944391966,6.108846816372543,-9.7541570556559,-1.8474130267365971,-0.6526623060200147,-0.6666990209501675,3.491373357662219,0.45903872029720416,0.6845778715713283,0.49617137792337296,0.3808962345508445,2673593.440878378
-55.74386289151054,5.9409504343369735,-6.0991740596438095,-0.2533922257788994,-1.052136294765398,-0.7230151322716377,3.4717234963622072,0.4923064489260707,0.6782692427054705,0.49596109548461054,0.3799477995617555,2673598.0
-48.45234994751086,12.68162631158552,-0.8457833111324805,1.440371717516115,-1.3840669327838846,-0.7580315454579087,3.4441264794815587,0.5251217092013205,0.6719371905206641,0.4957465989126374,0.3789986430741186,2673602.0861486485
57.82376647606633,9.307540557952338,4.830755080925932,2.8706096518160966,-1.6131193407882176,-0.7690003120400238,3.40841912031882,0.5574787896523696,0.665582221296752,0.4955279009537765,0.3780487672526158,2673606.6452702703
-43.33991518160268,-13.813420671609064,8.56258922295902,3.6740524257886817,-1.7039586394911554,-0.7531861878884113,3.3644484241883044,0.5893744911322653,0.6592048413135817,0.49530501435435015,0.3770981742619,2673611.204391892
24.747448989977705,-6.605316129567277,7.186431286919575,3.585572911302969,-1.631206724078834,-0.7090468554441215,3.312194444824409,0.6208056144940621,0.6528055568509997,0.4950779518606804,0.37614686626662414,2673615.7635135134
-12.782569299428895,14.807829243085857,2.200517851705511,2.7343887667760995,-1.411089281373212,-0.6396211383395191,3.2519788645507584,0.6517689605908121,0.6463848741888482,0.49484672621909015,0.375194845431444,2673620.322635135
14.466386183987693,-1.3260437073229645,-3.5885788857279386,1.3549664487958604,-1.0768955476387874,-0.5490899694199814,3.1842055967534493,0.6822613302755688,0.6399432996069742,0.4946113501759013,0.37424211392102125,2673624.881756757
-9.1374632200166,-15.365387527615965,-7.261648641222333,-0.316450892307718,-0.6636914528823543,-0.44163428153084056,3.1092785548185575,0.7122795244013774,0.6334813393852241,0.49437183647743616,0.37328867390001164,2673629.440878378
-45.34010553375619,-11.584961486240259,-6.698352892267655,-2.033092460860928,-0.20654292711071343,-0.3214350075174638,3.027601652132177,0.7418203438212955,0.6269994998034405,0.49412819787001866,0.3723345275330827,2673634.0
58.18343124014566,5.2462919810881,-3.0767968471200584,-3.515758282846119,0.2594840996693474,-0.19267308022520402,2.93957880208039,0.7708805893883737,0.6204982871414715,0.493880447099969,0.371379676984864,2673638.0861486485
-60.65989042346727,7.443242899291563,1.6366086146375456,-4.513446351024415,0.6993236974510288,-0.05952943249940176,2.845613918049276,0.7994570619556624,0.6139782076791623,0.4936285969136102,0.3704241244200377,2673642.6452702703
-12.217764917874478,11.57152616141584,5.485134016452836,-4.787179580998454,1.0802534560384656,0.0738150028145726,2.7461109134249284,0.8275465623762136,0.6074397676963572,0.4933726600572647,0.3694678720032463,2673647.204391892
40.4860315117189,14.482063512432303,6.5120498817734855,-4.109842862670598,1.3814129395355033,0.2031792928713691,2.6414737015934264,0.8551458915030807,0.6008834734729023,0.49311264927725584,0.36851092189915013,2673651.7635135134
-28.901388329928285,5.424012047282226,3.544700391801087,-2.3951132436661218,1.5942368120810955,0.32438250482563774,2.532106195940858,0.8822518501893155,0.5943098312886416,0.4928485773199045,0.36755327627242973,2673656.322635135
24.077538758359662,-12.01068243577441,-1.4532756412471195,-0.07314389741754901,1.712647632870237,0.43324370583202204,2.4184123098533092,0.908861239287966,0.5877193474234215,0.49258045693153424,0.3665949372877219,2673660.881756757
-28.689288117725532,-12.774072466862664,-5.733853923597073,2.29741494495478,1.7305679610979263,0.5255544939806378,2.300823425781394,0.9349708596520888,0.581112528157088,0.49230830085846716,0.36563590710968263,2673665.440878378
40.36154033144511,-9.2795834392223,-7.0795885298660055,4.192357099899277,1.641188323856234,0.5977286232064319,2.1798808024338334,0.9605775121347335,0.574489879769486,0.4920321218470246,0.36467618790296763,2673670.0
-47.65174169736243,-2.757335012896354,-5.466625174694546,5.29185338355403,1.4347711198254889,0.6490805067915383,2.056153167583887,0.9856779975889515,0.5678519085404613,0.4917519326435304,0.3637157818322385,2673675.0861486485
-60.23020544939575,6.536629710119851,-1.669338473984849,5.574324660317678,1.1034439525498831,0.6796565901210486,1.9302092490048082,1.0102691168677942,0.5611991207498576,0.4914677459943062,0.3627546910621424,2673679.6452702703
56.17349111707709,11.380870340851539,3.471296146946252,5.067118180347499,0.6570088492296406,0.6895133223841804,1.8026077706657073,1.0343476708243131,0.554532022677523,0.49117957464567424,0.3617929177573905,2673684.204391892
-40.84223400943843,-11.665038635499046,8.16097944183128,3.765842053678718,0.13700697718704066,0.6788023836730206,1.6738122256328334,1.0579104603115634,0.547851120603299,0.4908874313439585,0.3608304640825541,2673688.7635135134
21.87772283621308,-10.851316829158387,8.047965425210995,1.7339900725283552,-0.4077350204667977,0.6479063206291713,1.5440552404229242,1.0809542861825938,0.5411569208070358,0.49059132883547807,0.35986733220234146,2673693.322635135
-9.806696935740637,12.97225347053324,3.150223818745144,-0.6587879039641399,-0.9283905006207535,0.597262895580563,1.4135142258663758,1.1034759492904571,0.5344499295685752,0.490291279866558,0.3589035242814098,2673697.881756757
11.31174933975926,2.6208238672137347,-3.7976206818454954,-2.945785118529608,-1.3761328201637195,0.527309870855137,1.282366592793588,1.1254722504882044,0.5277306531677644,0.48998729718351985,0.35793904248440483,2673702.440878378
16.11916616328021,-14.572717259439212,-8.712397907428308,-4.654823378859116,-1.7021353359845734,0.43848500878082025,1.1507897520349621,1.1469399906288893,0.5209995978844469,0.4896793935326864,0.3569738889759882,2673707.0
-37.96312583651564,-11.163787705549625,-8.409110731929575,-5.408092481877851,-1.8575714049722079,0.33122607168555845,1.0189611144208972,1.1678759705655588,0.5142572699984715,0.48936758166037936,0.35600806592081274,2673712.0861486485
51.8054151762711,10.35736609847926,-4.30479689742455,-5.231785639826398,-1.8072185241076093,0.20654899249578385,0.8870580907817928,1.1882769911512696,0.5075041757896791,0.4890518743129214,0.35504157548354737,2673716.6452702703
-56.497334078490205,16.191080281513667,1.1813374914961325,-4.3514985855161825,-1.571636650994768,0.0680569846076368,0.7552580919480418,1.2081398532390717,0.5007408215379201,0.48873228423663434,0.35407441982884363,2673721.204391892
-37.47611674201494,15.996121808898804,5.711958782720193,-3.0149933014219856,-1.1904630170729118,-0.07896064295666758,0.6237385287500532,1.227461357682016,0.49396771352303503,0.48840882417784226,0.3531066011213485,2673725.7635135134
41.97554356190709,13.461309909647946,7.593281543041673,-1.4689404678397036,-0.704738884934795,-0.2289018522002627,0.4926768120182182,1.2462383053331558,0.48718535802487234,0.4880815068828661,0.3521381215257325,2673730.322635135
-32.21071632050973,5.913043980955196,7.076933366329522,0.06264556967483935,-0.15551504989791204,-0.3761550724015544,0.36225035258293864,1.2644674970455427,0.4803942613232767,0.4877503450980282,0.3511689832066454,2673734.881756757
27.41770771188161,-4.616397376507921,4.911769026820938,1.447218826787525,0.4161576927202477,-0.5151087328389417,0.23263656127461108,1.2821457336722293,0.473594929698093,0.487415351569652,0.3501991883287607,2673739.440878378
-30.101399485530585,-8.984365171587882,1.849216730243937,2.578261742950125,0.9692285476021933,-0.640151262790829,0.10401284892364035,1.299269816066264,0.4667878694291671,0.4870765390440581,0.349228739056705,2673744.0
38.55668492887727,-16.335484399366425,-1.3601383399349363,3.350099779875879,1.4626467194304316,-0.7456710915356185,-0.023443373639582245,1.3158365450807017,0.45997358679634426,0.4867339202675704,0.34825763755515743,2673748.0861486485
-21.504931196886332,-14.529102205139246,-3.93116285642009,3.6570583992780077,1.8553614128874736,-0.8260566483517143,-0.14955469558465231,1.331842721568593,0.4531525880794709,0.48638750798651126,0.3472858859887767,2673752.6452702703
-52.69608363417196,0.21746070602881576,-4.937945312787739,3.38873437830791,2.1110505172176675,-0.8756963625175193,-0.27414370608116906,1.3472851463829905,0.4463253795583891,0.4860373149472022,0.34631348652222155,2673757.204391892
48.64796366994711,16.3477522457184,-3.4892254064467085,2.49321313730162,2.2146587672836167,-0.8891923892044858,-0.39703299429873795,1.3621606203769434,0.43949246751294857,0.48568335389596595,0.3453404413201158,2673761.7635135134
-36.49783071895837,-1.0439908531012394,0.33107677952214004,1.223464937761372,2.166777151711301,-0.8635225921799949,-0.5180334841012112,1.3764659444035072,0.432654358222992,0.4853256375791253,0.34436675254716476,2673766.322635135
22.722926742981784,-16.78212758438144,3.721103647749273,-0.09013657737859697,1.9763853253694768,-0.8019617811993615,-0.6369094381294398,1.39019791931573,0.4258115579683666,0.48496417874300135,0.343392422367998,2673770.881756757
9.76643385712679,-0.8036065373247003,3.982375652262944,-1.1321748788197437,1.65397208284487,-0.7093055710416198,-0.7534134537185297,1.4033533459666663,0.4189645730289159,0.4845989901339184,0.342417452947283,2673775.440878378
-13.022241002854855,17.288687024130105,1.5220721270145858,-1.7008128147595831,1.2100262187242077,-0.590324478119508,-0.8673232265698798,1.4159290252093677,0.41211390968448564,0.4842300844981971,0.34144184644966835,2673780.0
21.02706715889876,-1.3658991242518304,-2.059829050493219,-1.8241740388442633,0.6550365275942119,-0.449688625380591,-0.9785168458500654,1.427921757896886,0.40526007421492194,0.48385747458216083,0.34046560503982287,2673785.0861486485
-33.70622385294233,-17.275734565496336,-4.2503276298217445,-1.5894269048183927,0.0047855811868242806,-0.29204303740614107,-1.0868974990919493,1.439328344882271,0.39840357290006867,0.48348117313213207,0.339488730882401,2673789.6452702703
43.80596563981941,-3.342797897316878,-3.098440267773011,-1.1083037499820645,-0.7000576168096592,-0.12203273877742819,-1.1923683738284014,1.450145587018573,0.39154491201977437,0.4831011928944326,0.33851122614203094,2673794.204391892
-41.153006651989095,8.341244335286138,0.23947729990507124,-0.5113861886791607,-1.3986849920596829,0.055697245924275995,-1.2948326575922913,1.4603702851588498,0.38468459785388176,0.4827175466153844,0.3375330929834208,2673798.7635135134
-44.06703145350223,12.021804344609176,3.8302345677281235,0.06616007787462228,-2.025381934955009,0.23650189211770237,-1.3941935379164834,1.4699992401561481,0.3778231366822376,0.4823302470413108,0.33655433357119446,2673803.322635135
35.84846387754176,14.843946975552587,5.740641030211759,0.484388500874901,-2.509652988298709,0.4157361752215767,-1.4903542023338452,1.479029252863522,0.3709610347846863,0.48193930691853387,0.335574950069999,2673807.881756757
-27.123344980454334,12.606526801544302,4.591654059725356,0.6349583700578264,-2.787945175956769,0.5887550706546308,-1.5832178383772464,1.4874571241340244,0.36409879844107257,0.4815447389933764,0.3345949446445527,2673812.440878378
22.190100462966228,6.997428642632778,1.220822540053315,0.5482469042045072,-2.8371513895457285,0.7512949224516867,-1.6726876335795504,1.4952796916747253,0.3572368970772205,0.48114655601216005,0.3336143194594402,2673817.0
-23.44956199929743,5.522548781092716,-2.9801567671662035,0.31748728171027374,-2.6739994512952823,0.9007344031241231,-1.7586667754736292,1.502493940608799,0.3503756527028593,0.4807447707212069,0.3326330766793653,2673821.0861486485
29.655498733911426,-3.6561468090588187,-6.6195871002950435,0.04413352199561005,-2.3242868091251143,1.0353009698481561,-1.841058451592345,1.5090968929134276,0.3435153504736966,0.48033939586684055,0.33165121846895623,2673825.6452702703
10.635425477208763,-10.069035867263974,-8.305771697695034,-0.16612138384344954,-1.8181667366426397,1.15333893381218,-1.9197658494685672,1.5150855705658044,0.33665627554543903,0.47993044419538233,0.3306687469928876,2673830.204391892
-40.87944510759588,-4.827563216270006,-6.896114937288148,-0.22654664625505375,-1.1944179302394349,1.253192606204589,-1.994692156635165,1.5204569955431222,0.3297987130737939,0.4795179284531547,0.329685664415811,2673834.7635135134
37.930038038640944,9.120833979395856,-2.2444257552368705,-0.15326059256873428,-0.4993204667390929,1.333206298213784,-2.065740560625006,1.5252081898225691,0.322942948214469,0.4791018613864804,0.3287019729023981,2673839.322635135
-28.19013033795653,2.1985402327733694,4.816234172076857,0.0002506495694390275,0.23062575302299312,1.3917551653001767,-2.132845093242974,1.5293361753813324,0.3160892661231689,0.47868225574168244,0.3277176746172743,2673843.881756757
-9.865275900955261,-9.442413204030675,10.402817838895269,0.1774868480045001,0.9619349327203194,1.427337740012278,-2.1960631633820524,1.532837974196606,0.3092379519556043,0.4782591242650818,0.3267327717251245,2673848.440878378
8.236245087342073,-5.700617958712397,10.559572717999222,0.3219477705814831,1.6611212760263807,1.4384833991706143,-2.2554830242072375,1.535710608245578,0.30238929086747995,0.4778324797030018,0.3257472663905957,2673853.0
-9.365455454747014,11.190069642543927,5.890249094101549,0.38809859108142053,2.294698986614673,1.4237070347430403,-2.311178444030858,1.537951099505441,0.2955435680145032,0.477402334801764,0.32476116077834527,2673857.0861486485
19.408313418704857,-0.9549288153595639,-1.5459751105251711,0.37445394105150465,2.828994434136499,1.381465599286716,-2.3631652517545425,1.5395564699533817,0.2887010685523815,0.476968702307692,0.3237744570530362,2673861.6452702703
-31.319134604716854,-14.065063189787368,-8.403577478935777,0.2904500425043109,3.23037780371376,1.3102015605061312,-2.4114447914272517,1.5405237415665929,0.28186207763682114,0.47653159496710745,0.3227871573793259,2673866.204391892
37.226098619658856,-1.0373996907377472,-11.757259498636925,0.13635290366180405,3.474389494258988,1.2083573861057684,-2.456018407097943,1.5408499543032186,0.2750268624425739,0.4760910255263328,0.32179926392185115,2673870.7635135134
-17.738337289512625,4.332352560401299,-11.678535113201749,-0.1054722150941079,3.563896907860444,1.0746288819263115,-2.4968874428155745,1.5405322200452323,0.26819561822056354,0.47564700673168986,0.3208107788453115,2673875.322635135
-28.170035407234085,5.010763218505956,-9.069005211448115,-0.42506132612481407,3.5144264169466166,0.9095320188502005,-2.534053242629107,1.5395676686555662,0.2613685222407579,0.47519955132950165,0.3198217043143191,2673879.881756757
21.557835604632142,13.66633706162295,-4.876719766981479,-0.7914083167667686,3.340099229273462,0.7170633558840636,-2.567517150587496,1.537953429997147,0.2545457517731233,0.47474867206609067,0.31883204249355596,2673884.440878378
-19.615485902669878,22.14092402892943,0.0055198836047465364,-1.1701475856052779,3.0542297400999585,0.5020262645315243,-2.597280510739703,1.535686633932906,0.2477274840876288,0.4742943816877787,0.3178417955476771,2673889.0
23.96609587895202,2.085896370856716,4.752281435614855,-1.526913531225636,2.6701323446850727,0.2692241162962093,-2.623344667134685,1.5327644103257727,0.2409138964542416,0.4738366929408888,0.3168509656413348,2673894.0861486485
-31.35233453816172,-19.9666422419537,8.741252259894704,-1.8273405522131416,2.201121438287776,0.02346028268174118,-2.645710963821399,1.5291838890386749,0.23410516614292837,0.4733756185717432,0.3158595549391885,2673898.6452702703
36.74230239581188,-23.88922188540101,11.392845236348268,-2.0370630471530946,1.660511416167044,-0.23046186480825484,-2.6643807448488053,1.524942199934544,0.22730147042365706,0.4729111713266641,0.3148675656059034,2673903.204391892
0.03960099177606019,-24.329468140007197,12.203390466198526,-2.1281795924072244,1.0616166735818426,-0.48773895467015355,-2.6793553542658617,1.520036472876309,0.22050298656639608,0.4724433639519733,0.31387499980611794,2673907.7635135134
-34.36850777592615,-16.34015938075507,11.10843184474902,-2.093531631905054,0.4178498102993884,-0.7435676154003306,-2.690636136121528,1.5144638377268997,0.2137098918411125,0.47197220919399463,0.3128818597045054,2673912.322635135
28.804810941056672,5.5943432227460015,8.210563173513163,-1.9125286522148368,-0.2564245168660735,-0.9931444754951619,-2.698224434464762,1.508221424349246,0.20692236351777424,0.47149771979904886,0.3118881474657215,2673916.881756757
-24.109507454266875,21.52392113678788,3.627107015399757,-1.5624104935769059,-0.9437992493820226,-1.2316661634510213,-2.7021215933445206,1.5013063626062764,0.20014057886634748,0.47101990851345965,0.3108938652544175,2673921.440878378
23.454771692548487,16.619255221917726,-2.225478712374356,-1.0243203003050385,-1.6229640246424966,-1.4543293077642867,-2.702328956809765,1.4937157823609215,0.1933647151568023,0.47053878808354804,0.3098990152352516,2673926.0
-27.249468143001263,8.276455100399916,-7.734194675360268,-0.28216885964351573,-2.269840837111034,-1.6563305369313335,-2.698848871030362,1.4854478155970214,0.1865949496591038,0.47005437125563765,0.30890359957288294,2673930.0861486485
33.58965106304335,-2.251993508272627,-10.986906184801088,0.6790911189581447,-2.8593097590459315,-1.8328664794485336,-2.69168769065984,1.4765046027820734,0.17983145964322148,0.46956667077605063,0.3079076204319779,2673934.6452702703
33.28764733161506,-13.029662481580335,-10.028557844806407,1.829478931872722,-3.3641435756612483,-1.979133763812265,-2.6808527724726368,1.4668892865044876,0.17307442237912146,0.46907569939110866,0.30691107997717926,2673939.204391892
-36.02125594084277,-12.903264753656114,-3.825325349810032,2.9668042251780675,-3.7565882504099894,-2.090329018518902,-2.666351473243187,1.4566050093526697,0.16632401513677203,0.4685814698471351,0.3059139803731471,2673943.7635135134
29.993163936374973,5.647711319673867,4.320760840319108,3.845955937818571,-4.008889746745145,-2.1616488720648213,-2.6481911497459265,1.445654913915027,0.15958041518614094,0.468083994890451,0.30491632378455624,2673948.322635135
-21.63339243654049,6.817126980501045,9.98627715830845,4.221823008738624,-4.093294028119726,-2.188289952946397,-2.626380748963189,1.4340437329878635,0.152843799797195,0.4675832872673802,0.30391811237603483,2673952.881756757
17.102903801862894,-5.5120553682418825,9.19240007155931,3.9112523229073064,-3.9904130799240756,-2.1669365126334705,-2.6009609365987423,1.4217825601990477,0.14611434623990294,0.46707935972424397,0.3029193483122619,2673957.440878378
-20.133087351824894,1.631897386544123,1.5246394292726575,2.978922549392465,-3.714322975297916,-2.100223294489739,-2.572075400123737,1.4088840793843498,0.1393922317842312,0.46657222500736556,0.30192003375788756,2673962.0
19.73489733444025,4.765784269164796,-6.508046409235348,1.5514703032866513,-3.2874658093183156,-1.99227266485237,-2.539893184899187,1.3953609743795319,0.13267763370014862,0.46606189586306623,0.30092017087756756,2673967.0861486485
36.507207731077976,-1.9594942568530778,-9.688682562245141,-0.24446780031759077,-2.732283677062351,-1.8472069900585248,-2.5045833362861094,1.3812259290203608,0.12597072925762184,0.46554838503766927,0.29991976183595775,2673971.6452702703
-38.1127252488113,-6.513886140985915,-6.676708499315354,-2.2322778247271002,-2.071218673607086,-1.669148636445368,-2.4663148996455226,1.3664916271426024,0.11927169572661822,0.46503170527749704,0.2989188087977168,2673976.204391892
31.187603027853676,8.10018959801019,1.5205699728917508,-4.035436546846245,-1.3267128940295945,-1.4622199703500636,-2.4252569203384406,1.3511707525820198,0.11258071037710604,0.46451186932887206,0.2979173139275268,2673980.7635135134
-20.010216488990242,3.809039056353233,9.025799894283633,-5.227443421978782,-0.5212084334069421,-1.230543358109777,-2.381578443725884,1.3352759891743828,0.10589795047905211,0.46398888993811593,0.2969152793899999,2673985.322635135
12.204508621587447,-11.748448787069657,10.768494951104946,-5.380505810330517,0.32156051808585717,-0.9782411660616706,-2.3354485151688658,1.3188200207554532,0.09922359330242488,0.4634627798515511,0.2959127073498231,2673989.881756757
-12.30722321149541,1.7168781040309622,4.429469160937516,-4.225338004061175,1.1701293055008763,-0.7094357605429098,-2.287036180028406,1.3018155311609978,0.09255781611719155,0.4629335518155009,0.29490959997164873,2673994.440878378
5.180127565706314,14.538370422779304,-5.180409653591551,-2.146063449615165,1.9814928412675474,-0.42824950789065774,-2.236510483665519,1.284275204226782,0.08590079619331975,0.46240121857628674,0.29390595942013326,2673999.0
28.65722097156552,8.385931097874874,-12.118854973131382,0.3095190942174429,2.710083953434136,-0.13880477444207928,-2.184040471441221,1.2662117237885693,0.07925271080077767,0.4618657928802312,0.29290178785992455,2674004.0861486485
-36.72410117278772,-13.65078952628286,-12.957001834738014,2.6267542065963347,3.310335470048899,0.1547760734656623,-2.129795188716532,1.2476377736821287,0.0726137372095315,0.4613272874736569,0.2918970874557045,2674008.6452702703
41.75503973906443,-15.127981700852375,-5.9859007591797875,4.439898760663735,3.7366802191601014,0.44837066949540255,-2.073943680852467,1.228566037743225,0.06598405268954985,0.4607857151028859,0.29089186037210574,2674013.204391892
-27.443471499845728,1.4930847861014547,5.744228976382994,5.481708736245687,3.9435510288160036,0.7378566473099769,-2.0166549932100435,1.209009199807623,0.059363834510800025,0.4602410885142411,0.289886108773787,2674017.7635135134
-46.33881318971572,13.220314311844076,14.788155080506066,5.494749290721587,3.891534731476047,1.0194874007912196,-1.9580981711502754,1.1889799437110853,0.05275325994324964,0.4596934204540445,0.2888798348254201,2674022.322635135
-30.94955633558948,9.577805692182809,14.867743451438328,4.3129031861964835,3.5763032026234254,1.2909097526828957,-1.8984422600341824,1.1684909532893808,0.04615250625686618,0.45914272366861875,0.2878730406916474,2674026.881756757
-1.3029098914246404,-1.7381041103640638,7.7842930506321375,2.24997020568462,3.0415584236686817,1.549707837891518,-1.8378563052227812,1.1475549123782751,0.03956175072161743,0.4585890109042859,0.28686572853714176,2674031.440878378
45.601011162561065,-9.485534282568903,-2.703664391736368,-0.19601267433778907,2.3414714014014026,1.7933561793095452,-1.776509352077088,1.1261845048135324,0.0329811706074706,0.45803229490736846,0.28585790052653903,2674036.0
-40.66553749637645,-4.171449501237427,-12.393688245485247,-2.5103083448406,1.5302131426111716,2.019329299829431,-1.7145704459581173,1.1043924144309165,0.026410943184394957,0.4574725884241878,0.28484955882454777,2674040.0861486485
32.01864426359858,8.636607757564544,-15.317500335752326,-4.178179696793694,0.6619546540875723,2.2251017223436333,-1.6522086322268912,1.0821913250661985,0.019851245722355044,0.45690990420106825,0.283840705595754,2674044.6452702703
-4.7003418734075995,2.8036802789012634,-7.609633584177488,-4.813292638065402,-0.20913305737980895,2.408147969744605,-1.5895929562444224,1.0595939205551386,0.013302255491320688,0.4563442549843313,0.2828313430048542,2674049.204391892
-12.321286740974172,-10.14635375884823,4.8576122795638605,-4.540337976136387,-1.0314661529829199,2.565942564924802,-1.5268924633717278,1.0366128847335034,0.00676414976125916,0.4557756535202988,0.28182147321650425,2674053.7635135134
9.681888540128483,-6.828626293456242,13.017287146037326,-3.5990612762565397,-1.7668090530429346,2.695960030776678,-1.4642761989698256,1.0132609014370597,0.000237105802137008,0.45520411255529386,0.28081109839535995,2674058.322635135
-15.589785193866748,13.56226835450928,13.547103074838109,-2.2138070001191377,-2.391511694674873,2.7956748901926916,-1.4019132083997319,0.9895506545015718,-0.006278699116076767,0.45462964483563795,0.27980022070606986,2674062.881756757
26.899768979374375,3.7795993736755285,6.217600708370349,-0.6068535203198108,-2.88492360219683,2.8625616660652953,-1.339972537022464,0.9654948277628063,-0.012783087723415978,0.45405226310765495,0.27878884231329704,2674067.440878378
-35.846845972535625,-17.664325620462364,-3.195674009244565,0.9835529966823517,-3.2263942999269037,2.894094881286946,-1.2786232301990383,0.9411061050565276,-0.01927588274991199,0.4534719801176661,0.27777696538170754,2674072.0
36.315110859995336,-10.334941479040118,-8.795909084077413,2.314970539271702,-3.3952733121831926,2.8877323689481,-1.2180176434884709,0.9163971702184995,-0.02575690692559662,0.4528888086119936,0.27676459207594695,2674076.0861486485
-2.477772002074738,-3.4057478453106493,-10.207049211447684,3.144957095832594,-3.371517533642653,2.8414608112642123,-1.1582296112159225,0.8913807070844932,-0.032225982980504865,0.45230276133696085,0.2757517245606827,2674080.6452702703
-19.561185739818647,-0.8733364881839306,-8.494987099836456,3.2928294955988293,-3.1379489443559363,2.7560682379189707,-1.0992692298010855,0.8660693994902684,-0.03868293364466581,0.45171385103888884,0.274738365000562,2674085.204391892
14.579677280568635,7.717274008552259,-4.972650821122655,2.836637381954701,-2.6914367612382124,2.6346807026820365,-1.0411348336377915,0.8404759312715929,-0.04512758164811464,0.451122090464101,0.2737245155602405,2674089.7635135134
-18.061953964722882,25.559775668725152,-1.014727288034631,1.9629790421446847,-2.0760756081536207,2.480859863261308,-0.9838247571198736,0.8146129862642334,-0.05155974972088244,0.45052749235891953,0.2727101784043815,2674094.322635135
27.902207529095026,7.847150527478093,2.1916257467849296,0.8701502141659392,-1.3476575597189946,2.2981673773646927,-0.9273373346411614,0.7884932483039531,-0.05797926059300194,0.4499300694696666,0.2716953556976595,2674098.881756757
-36.8397877282016,-24.630174825376084,4.2093671710360345,-0.2435533639843787,-0.5619746905511516,2.090164902700087,-0.871670900595486,0.762129401226518,-0.06438593699450514,0.44932983454266484,0.2706800496046912,2674103.440878378
38.71256628080099,-27.032161267747924,4.7899649561645905,-1.1808158779693378,0.22518092473307993,1.8604140969753944,-0.816823789376678,0.7355341288676934,-0.07077960165542502,0.44872680032423634,0.2696642622901717,2674108.0
7.181350837825698,-20.287647004414207,3.8575463719237075,-1.7828927992021157,0.9580172115168765,1.6124766178985168,-0.7627943353785706,0.7087201150632462,-0.07716007730579405,0.4481209795607042,0.26864799591873345,2674113.0861486485
-25.30477494842433,-9.70717711736039,2.012177026391893,-2.0348371365324396,1.5849533445229598,1.349914123177358,-0.7095808729949936,0.6817000436489411,-0.08352718667564377,0.44751238499838925,0.2676312526550556,2674117.6452702703
19.849085600944086,8.296410728680968,0.022662131313956637,-1.9788576076072606,2.076912616162079,1.0762882705198162,-0.6571817366197776,0.6544865984605434,-0.08988075249500782,0.4469010293836155,0.26661403466377653,2674122.204391892
-20.956741811782088,26.021709445583518,-1.3421931015653075,-1.684010660732337,2.431666049503793,0.7951607176337981,-0.6055952606467547,0.6270924633338185,-0.09622059749391709,0.44628692546270393,0.26559634410956146,2674126.7635135134
28.095714486541837,8.482475945819841,-1.5418461734736364,-1.2283525230273393,2.6526115178585976,0.5101253923160798,-0.554819779469756,0.5995303221045329,-0.1025465444024057,0.4456700859819782,0.26457818315706405,2674131.322635135
-36.104447749279174,-19.431914853971236,-0.9552137934981076,-0.6968936995791724,2.742973373190679,0.2249497437097588,-0.5048536274826115,0.57181285860845,-0.10885841595050452,0.44505052368775977,0.26355955397095976,2674135.881756757
39.48389769630996,-24.95667282644432,-0.21510880757491257,-0.1523519300822594,2.7062478993185084,-0.0568707108963625,-0.4556951390791535,0.543952756681337,-0.11515603486824712,0.4444282513263716,0.2625404587158659,2674140.440878378
13.826024338011411,-22.976838877085175,0.17325811607466907,0.34896340173810825,2.547814802695389,-0.33372387684830795,-0.40734264865321324,0.5159627001589592,-0.12143922388566539,0.44380328164413596,0.26152089955648183,2674145.0
-30.202411094885182,-12.44706206070319,0.24244562369962744,0.7479277756370379,2.2746237124665174,-0.6044796253985105,-0.3597944905986205,0.4878553728770819,-0.1277078057327919,0.4431756273873746,0.26050087865745475,2674149.0861486485
23.235651295117762,10.143602066000266,0.15064812610221584,0.9874848752520626,1.8999308230254466,-0.8680078277993996,-0.3130489993092074,0.4596434586714696,-0.1339616031396594,0.4425453013024111,0.25948039818340846,2674153.6452702703
-19.829473976974462,24.37873862881612,-0.0033467384502333147,1.0603490056026526,1.4466284799187143,-1.1231783553034094,-0.26710450917880535,0.4313396413778898,-0.14020043883629926,0.4419123161355665,0.25845946029905614,2674158.204391892
22.19539095794127,7.436830867954111,-0.13174568827430447,0.9705218774650243,0.9416051110033736,-1.368861079162971,-0.22195935460124502,0.4029566048321065,-0.14642413555274486,0.4412766846331637,0.2574380671690006,2674162.7635135134
-28.637646315199742,-12.942446618141599,-0.13451882163201717,0.7296983598060627,0.4089758918246269,-1.6039258706305166,-0.1776118699703567,0.3745070328698851,-0.15263251601902866,0.4406384195415257,0.25641622095795075,2674167.322635135
35.52166741640155,-21.4707513903739,0.06764572659426683,0.37545611325977923,-0.12801962563576058,-1.8272426009584781,-0.13406038967997325,0.3460036093269918,-0.15882540296518205,0.4399975336069738,0.2553939238305268,2674171.881756757
34.928892346607576,-23.141034990709098,0.5266101966047768,-0.027177576622408113,-0.646141889396024,-2.0376811413992866,-0.09130324812392494,0.31745901803919163,-0.165002619121238,0.439354039575831,0.2543711779513961,2674176.440878378
-34.008536566836064,-12.036219223634093,1.1950778980739876,-0.40125059512587824,-1.1221513474743992,-2.2341113632053755,-0.049338779696041744,0.28888594284225017,-0.17116398721722983,0.4387079501944202,0.2533479854852058,2674181.0
25.287774967034114,14.645369578596526,1.6677663858737009,-0.6607614781835525,-1.5328084478891135,-2.415403137629177,-0.008165318790157286,0.2602970675719333,-0.17730932998318902,0.4380592782090631,0.2523243485966408,2674186.0861486485
-14.806099644828885,20.63473067311342,1.4706302687781385,-0.7406831210055319,-1.8548736386584084,-2.5804263359231214,0.032218800199899464,0.23170507606400598,-0.18343847014914788,0.4374080363660816,0.2513002694503399,2674190.6452702703
8.592543566610091,6.123540721248403,0.30598825728914103,-0.6782580928825509,-2.068121561730803,-2.728050829339642,0.07181524288029614,0.2031226521542341,-0.1895512304451389,0.43675423741179853,0.25027575021096504,2674195.204391892
-10.381110827828257,6.033004166712692,-1.6765892611015107,-0.5234438321553374,-2.1669592511597164,-2.8571464891311695,0.11062567485720234,0.1745624796783829,-0.19564743360119555,0.43609789409253724,0.24925079304316292,2674199.7635135134
8.45052318599015,6.725820913295189,-3.7978466786075185,-0.31224076675702844,-2.1600895467248433,-2.9664545149170363,0.1486517617367878,0.1460372424722165,-0.20172690234734808,0.4354390191546184,0.24822540011160432,2674204.322635135
29.834824456893244,-0.13175300053911296,-5.13182935681252,-0.07467180972535362,-2.0622343393635947,-3.0546745700542663,0.1858951691252187,0.11755962437150348,-0.207789459413631,0.43477762534436565,0.2471995735809443,2674208.881756757
-38.14675796555741,-12.06189816506164,-5.004778242037752,0.1624986132702567,-1.8872020651940362,-3.122270247347153,0.22235756262866588,0.08914230921200686,-0.21383492753007538,0.4341137254081004,0.2461733156158336,2674213.440878378
40.305536439570346,-14.121050931655784,-2.8760908561165417,0.3801561418138361,-1.6483280100641367,-3.1701782898700803,0.25804144348086305,0.060797145201928714,-0.21986312942671488,0.43344733209214614,0.24514662838092877,2674218.0
32.571203568716285,-13.24058764855176,1.2646643305485465,0.5536664853978747,-1.358947459821866,-3.1993354406974355,0.2929526554258006,0.032532638039210256,-0.22587388783358037,0.4327784581428242,0.24411951404089147,2674222.0861486485
-27.29399129529435,-7.360708144594222,5.972957727491875,0.6564133678068859,-1.0323957003151936,-3.2106784429036064,0.32709787783503663,0.004356457794230765,-0.23186702548070542,0.4321071163064573,0.24309197476038327,2674226.6452702703
17.486375553160396,5.087436457537467,9.43100541528581,0.6615079170035821,-0.681735421570296,-3.205141472630328,0.36048122314748093,-0.023723725462632024,-0.23784236509812212,0.43143331932936807,0.24206401270406588,2674231.204391892
-10.332991788445355,8.219971486779047,9.815561031035468,0.540592226092795,-0.3185602787554546,-3.183648390471786,0.39309648825448484,-0.051700241661001095,-0.24379972941586361,0.43075707995787926,0.24103563003657763,2674235.7635135134
9.046856405850003,-3.186320469087086,5.993297013990088,0.28133134649202435,0.04703810017007806,-3.1471202988215903,0.4249347118468309,-0.07956542073049826,-0.2497389411639606,0.4300784109383122,0.24000682892258743,2674240.322635135
-14.159579951390413,-4.902006487499839,-0.41711616006811725,-0.05774768028275351,0.4042060392354147,-3.0964782522563734,0.4559868847983223,-0.10731159260074505,-0.25565982307244717,0.4293973250169899,0.23897761152675837,2674244.881756757
15.14321053414588,0.46035409737193284,-7.060172575898073,-0.3992441209253302,0.7407411562011396,-3.032643305352765,0.48624399798275963,-0.13493108720136424,-0.26156219787135465,0.4287138349402345,0.23794798001373318,2674249.440878378
32.848089325849124,2.5896131131485824,-11.428926649125664,-0.6629660776506312,1.0416499043489789,-2.9565365126873986,0.5156970422739474,-0.16241623446197795,-0.26744588829071575,0.42802795345436845,0.2369179365481837,2674254.0
-39.398648055832076,-2.2169038842308164,-12.464216405753868,-0.7735099653523034,1.2967270496393768,-2.8690789288369074,0.5443370085456866,-0.18975936431220777,-0.27331071706056326,0.4273396933057144,0.235887483294757,2674259.0861486485
31.445482328445504,-0.3474279783679677,-12.1862503988011,-0.6799509768732246,1.499182283643623,-2.771191608377921,0.5721548876717797,-0.21695280668167616,-0.2791565069109295,0.42664906724059476,0.2348566224181118,2674263.6452702703
39.44323662849233,2.9266912197103516,-10.529115054974453,-0.42342757280155346,1.6500331563247663,-2.6637956058870706,0.5991416705260296,-0.24398889150000483,-0.2849830805718468,0.42595608800533125,0.23382535608290686,2674268.204391892
-35.081296289042164,-0.1695408081306742,-6.84018875837353,-0.06809403066176783,1.7522491822437931,-2.547811975940991,0.6252883479822389,-0.27085994869681684,-0.290790260773347,0.42526076834624676,0.23279368645380671,2674272.7635135134
30.13983786655489,-4.346635399661186,-1.109065497526084,0.32189537202165525,1.8087998759616888,-2.424161773116311,0.6505859109142091,-0.2975583082017333,-0.29657787024546334,0.4245631210096634,0.23176161569546425,2674277.322635135
4.5749878692892345,-2.145587151371781,6.042953194467758,0.6823863577242344,1.8226510452937463,-2.2937623452439726,0.6750253501957427,-0.32407629994437676,-0.30234573171822815,0.42386315874190417,0.2307291459725295,2674281.881756757
-14.983739855195232,3.0805447613249224,11.872714991791703,0.9492246489214924,1.7967583538363732,-2.1575208959360284,0.6985976567006429,-0.35040625385436935,-0.30809366792167325,0.4231608942892905,0.22969627944966953,2674286.440878378
-24.72548957911661,5.249494000108347,13.102368509399435,1.0570506410777718,1.7353357356573342,-2.0163975722647103,0.7212938213027112,-0.3765404998613334,-0.31382150158583094,0.4224563403981452,0.22866301829153327,2674291.0
-13.703407173603859,0.7631922803228663,7.75640229198877,0.9568333347883586,1.6466557745605275,-1.8715088806675728,0.7431048348757506,-0.4024713678948904,-0.3195290554407346,0.4217495098147907,0.22762936466278488,2674296.0861486485
32.56742257551069,-4.357841388967322,-0.9313353967659098,0.682936056340021,1.5365582298157308,-1.7240092467325283,0.7640216882935636,-0.4281911878846629,-0.32521615221641637,0.42104041528554975,0.22659532072807984,2674300.6452702703
-38.98862026388399,-3.7502448291758266,-8.6284702119355,0.29087204519519316,1.4099638430188128,-1.5750530960474902,0.7840353724299517,-0.4536922897602727,-0.330882614642908,0.4203290695567437,0.22556088865207613,2674305.204391892
12.635814474187951,0.304913788878598,-12.40573555727259,-0.16384545918368743,1.2717785757060716,-1.425780074140804,0.8031368781587181,-0.4789670034513426,-0.3365282654502425,0.41961548537469595,0.22452607059942442,2674309.7635135134
49.671697909796755,1.9017875355904272,-11.877594303538126,-0.6255499456334985,1.1268492691755287,-1.277270706302536,0.8213171963536651,-0.5040076588874938,-0.3421529273684521,0.4188996754857283,0.22349086873479312,2674314.322635135
-50.30682818718776,-1.3146929112024366,-8.217737031206374,-1.041461450520746,0.980007984665632,-1.13059073776318,0.8385673178885945,-0.528806585998349,-0.34775642312756955,0.4181816526361637,0.2224552852228371,2674318.881756757
27.96206376195553,-0.46983420791319375,-5.252422529722987,-1.3726452758408278,0.8360867834148319,-0.9868059137532336,0.8548782336373096,-0.5533561147135303,-0.35333857545762687,0.41746142957232407,0.22141932222818825,2674323.440878378
39.47475103703319,0.9845095396759322,-2.178716205917554,-1.5836663579215389,0.6999177266615795,-0.8469819795031932,0.8702409344736117,-0.5776485749626595,-0.3588992070886565,0.41673901904053173,0.2203829819155489,2674328.0
-29.955572330872023,-1.1628347289694276,2.7362347368562285,-1.6390896330906697,0.5763328756443243,-0.7121846802435551,0.8846464112713045,-0.6016762966753592,-0.36443814075069036,0.41601443378710845,0.21934626644955163,2674332.0861486485
20.641443982230967,0.1998196784051836,8.388853049547553,-1.5021277871028382,0.46851963764325855,-0.5831873578197354,0.8980856549041892,-0.6254316097812509,-0.369955199173762,0.415287686558378,0.21830917799484645,2674336.6452702703
-14.737460930168202,1.7289556087406888,10.871423558920563,-1.1305845034199422,0.3730868041055421,-0.4595937405368334,0.9105496562460687,-0.648906844209957,-0.37545020508790317,0.4145587901006618,0.21727171871610695,2674341.204391892
14.751279873350436,-1.9256786985346968,7.390699288053136,-0.5095326516620544,0.28499851252007735,-0.34071515331486935,0.9220294061707451,-0.6720943298910999,-0.38092298122314644,0.41382775716028286,0.2162338907779792,2674345.7635135134
-21.851439919989584,-0.29484105014093354,1.3740993072931689,0.26146915162535067,0.19921890037576623,-0.22586292107386274,0.9325158955520211,-0.6949863967543011,-0.38637335030952397,0.4130946004835632,0.21519569634512878,2674350.322635135
-22.26593059237505,2.070874509194623,-3.9569376688623863,1.054240853165446,0.1107121051615114,-0.11434836873383361,0.9420007445972935,-0.717576004062778,-0.3918011350770688,0.41235933281682535,0.2141571375822112,2674354.881756757
43.69494484196083,-0.16279133033240167,-6.716020928793137,1.7406023996814095,0.014528497415351418,-0.00556905426393966,0.9504780908483363,-0.7398586284141235,-0.39720615825581235,0.4116219669063912,0.21311821665386765,2674359.440878378
-53.61472192487777,-2.348133989520143,-8.244415356222278,2.1923737378964128,-0.09393662012811912,0.10073253217010812,0.9579427011805183,-0.7618303757395263,-0.4025882425757881,0.4108825154985835,0.21207893572480058,2674364.0
6.8555685242957844,1.858842278156677,-9.799073727278923,2.2813748145336303,-0.2192017116851712,0.20472766735346237,0.9643893424692076,-0.7834873519701752,-0.40794721076702756,0.41014099133972454,0.21103929695960377,2674368.0861486485
57.68976551949006,3.190542520782193,-9.26813958485873,1.9238439953221274,-0.3642511080921941,0.3065876280712737,0.9698127815897732,-0.8048256630372576,-0.41328288555956405,0.409397407176137,0.20999930252298232,2674372.6452702703
-49.753307498509294,-3.8704519735607423,-4.862833570906976,1.2135638607452546,-0.5259326066660605,0.4064836911086938,0.9742077854175836,-0.8258414148719623,-0.41859508968342884,0.4086517757541425,0.20895895457956024,2674377.204391892
36.84315405774002,-1.4248641177055106,2.1906370195819833,0.2882175652152122,-0.6995598713437651,0.5045871332508745,0.9775691208280075,-0.8465307134054778,-0.42388364586865535,0.40790410982006414,0.20791825529404076,2674381.7635135134
13.767906686618,5.58573685135647,7.824250766103307,-0.7146411981250591,-0.8804465660623007,0.6010692312829667,0.9798915546964126,-0.8668896645689916,-0.42914837684527557,0.40715442212022407,0.2068772068310419,2674386.322635135
-13.966992508576398,5.000711702850889,8.501916325886457,-1.673072425002947,-1.063906354758663,0.6961012619901232,0.9811704827195419,-0.8869150031150662,-0.4343891053433218,0.4064027254009447,0.20583581135523119,2674390.881756757
13.041998753912953,-7.302158185213499,5.062494250069863,-2.502703292295037,-1.2452529013698437,0.7898545021574934,0.9814038158796319,-0.906605979081758,-0.43960565409282687,0.4056490324085484,0.20479407103126723,2674395.440878378
-21.34131413761364,-2.0935116601115276,-0.4334033999268073,-3.035224368419762,-1.4197998698328385,0.882500228570231,0.9805900939802902,-0.9259624713284941,-0.44479784582382326,0.4048933558893577,0.20375198802381467,2674400.0
35.134519104360486,8.50441380309751,-5.099881408447901,-3.0774386474634383,-1.58286092408464,0.9742097180134859,0.9787278568251274,-0.944984358714705,-0.44996550326634277,0.40413570858969455,0.20270956449751476,2674405.0861486485
-48.71640857672233,8.194047119093424,-6.601555605502513,-2.4366907871462553,-1.7292080644283727,1.0651542472724091,0.9758156442177536,-0.9636715200998205,-0.45510844915041787,0.4033761032558814,0.2016668026170349,2674409.6452702703
-21.5228558870953,5.104963890052577,-5.580773448338809,-1.0328590103058464,-1.8514466366316866,1.1555050931321547,0.971851995961777,-0.9820238343432688,-0.4602265062060815,0.40261455263424095,0.200623704547031,2674414.204391892
60.57525727637727,-0.6826261256849305,-3.008373717409658,0.7721691542583793,-1.9416403228283607,1.2454335323778734,0.966835451860808,-1.0000411803044795,-0.4653194971633656,0.4018510694710954,0.19958027245218787,2674418.7635135134
-55.90663513563378,-8.042034179308562,0.25590987940843035,2.5061392671650378,-1.9917570382178993,1.3350150748604404,0.9607645517184557,-1.0177234368428814,-0.47038724475230287,0.401085666512767,0.19853650849710322,2674423.322635135
25.15194698358613,-2.668791579966581,3.1274905361540353,3.6967968890327447,-1.9933725165239011,1.4239330489548296,0.9536378353383294,-1.035070482817904,-0.47542957170292593,0.4003183565055786,0.19749241484645613,2674427.881756757
32.55186364091055,6.168462855373392,3.622594926471416,3.8716617085348126,-1.9379385189410276,1.511746810507072,0.9454538425240387,-1.0520821970889769,-0.480446300745267,0.39954915219585224,0.19644799366494023,2674432.440878378
-22.05897529481872,4.7303917026112625,0.6353581412188747,2.728056003825577,-1.8211029518983097,1.5980395990667167,0.9362111130791929,-1.068758458515528,-0.48543725460935755,0.3987780663299094,0.19540324711717352,2674437.0
17.601662159947274,-3.7354687500566675,-2.5324267467290653,0.6459004901630474,-1.6552110173087862,1.6824029035438972,0.9259081868074021,-1.0850991459569879,-0.49040225602523185,0.39800511165407454,0.19435817736783362,2674441.0861486485
-21.245509124367008,0.7186696508639847,-2.468467820982005,-1.8086662513533855,-1.4567801786163497,1.7644282128487465,0.9145436035122754,-1.1011041382727857,-0.49534112772292044,0.3972303009146679,0.19331278658157203,2674445.6452702703
31.31422055451294,1.9863660087084136,0.19517721116037154,-3.9285455976251096,-1.2423278992648938,1.8437070158913973,0.9021159029974213,-1.116773314322349,-0.5002536924324578,0.3964536468580138,0.19226707692304887,2674450.204391892
-43.450704931820084,-1.817989225208508,2.489957985790545,-4.675475586243643,-1.0283716426983096,1.9198308015819814,0.8886236250664523,-1.1321065529651102,-0.5051397728838739,0.39567516223043253,0.19122105055691274,2674454.7635135134
-30.304801064727698,1.4970980981983195,-0.12762959784265399,-3.3134930729153553,-0.828639462217798,1.9923910588306335,0.8740653095229739,-1.1471037330604945,-0.5099991918072035,0.3948948597782488,0.19017470964782526,2674459.322635135
56.6381799659237,2.9107762604322853,-3.178281881784549,-0.6314817365367532,-0.6457017705537828,2.0609792765474846,0.8584394961705972,-1.1617647334679335,-0.5148317719324773,0.39411275224778275,0.18912805636043933,2674463.881756757
-52.781461455542406,-3.7719983438229323,-2.1869781827071875,2.269896621109503,-0.4793395702939947,2.1251869436426696,0.8417447248129328,-1.176089433046856,-0.5196373359897283,0.3933288523853578,0.18808109285943697,2674468.440878378
18.02308656069076,-1.2896931943779966,2.341753220072963,4.567714529886261,-0.32933386402616077,2.1846055490263185,0.8239795352535894,-1.1900777106566918,-0.5244157067089891,0.39254317293729646,0.187033821309442,2674473.0
29.773229304646826,5.0824065775279275,5.003305715549668,5.50847810256775,-0.1954656543380123,2.2388265816085653,0.8051424672961758,-1.2037294451568685,-0.5291667068202921,0.3917557266499211,0.18598624387513057,2674477.0861486485
-19.49911200414217,3.4230059227533842,1.4826824289144396,4.602220288572225,-0.07638252826515307,2.2874415302995432,0.7852320607443027,-1.2170445154068175,-0.5338901590536694,0.3909665262695537,0.18493836272115852,2674481.6452702703
15.921651580139548,-5.104507497540797,-4.161735360011904,2.4130813838940988,0.033801589365310594,2.3300418840093857,0.764246855401578,-1.2300228002659654,-0.5385858861391539,0.390175584542517,0.1838901800121715,2674486.204391892
-20.277586820337728,1.4150662368699358,-6.784123459022922,-0.23127147882818527,0.1421061892784026,2.3662167061847112,0.7421878165351247,-1.2426641785937436,-0.5432537108067774,0.3893829142151329,0.18284169791284421,2674490.7635135134
29.683612652697445,4.093758415195801,-5.146622109739837,-2.6188132382153597,0.2555507621991432,2.395545358418096,0.7190656112661106,-1.25496852924958,-0.5478934557865726,0.38858852803372407,0.18179291858782523,2674495.322635135
-40.009287498583475,-3.5855065969389592,0.2588720471659404,-4.506637554151984,0.3811547988525559,2.4176047768385978,0.6948933321792179,-1.2669357310929048,-0.5525049438085724,0.38779243874461333,0.180743844201766,2674499.881756757
-38.93403095462641,-2.073334391283852,5.23645892718179,-5.793681902690306,0.5259377899636613,2.4319718975752807,0.6696840718591264,-1.2785656629831457,-0.5570879976028084,0.3869946590941224,0.17969447691933108,2674504.440878378
48.91182929931011,3.252423374625048,8.108002252621432,-6.385434196109703,0.6969192262574821,2.4382236567572035,0.6434509228905174,-1.2898582037797328,-0.5616424398993134,0.3861952018285738,0.17864481890517334,2674509.0
-48.09675484349277,1.6541696969576567,8.288903197271742,-6.179783787978331,0.897910056028951,2.4359340252350057,0.6162099431364978,-1.300813232342096,-0.5661680934281198,0.38539407969429007,0.177594872323969,2674514.0861486485
24.258490229229583,-3.1219341534752236,5.933804775333287,-5.113504696182014,1.119887057852653,2.4246616434829313,0.5879925208365624,-1.311430627529664,-0.57066478091926,0.3845913054375934,0.17654463934034187,2674518.6452702703
40.77113458909839,-4.638528116813331,1.6419563329696223,-3.39288797654556,1.3506184678730913,2.403948309646043,0.5588468865593916,-1.3217102682018649,-0.5751323251027668,0.38378689180480674,0.17549412211896812,2674523.204391892
-1.3423221620779449,0.5906453796247921,-3.6180869275015466,-1.2935035840563094,1.5778725222347614,2.373332352606713,0.5288247401363549,-1.3316520332181296,-0.5795705487086719,0.3829808515422516,0.17444332282452069,2674527.7635135134
-9.340079397247687,6.17942505531086,-7.677661975796057,0.9090785262983899,1.7894174570821586,2.3323521012473134,0.497977781398825,-1.341255801437886,-0.5839792744670081,0.38217319739625094,0.17339224362163316,2674532.322635135
-35.5108410859012,3.7640529508573253,-8.512826273743476,2.9354431670462477,1.9730215085597846,2.280545884450214,0.46635771017817196,-1.3505214517205646,-0.5883583251078078,0.38136394211312674,0.17234088667496614,2674536.881756757
37.61120552937364,-7.411705893664665,-5.927899074248441,4.54006621542887,2.1164529128121403,2.2174520310977885,0.43401622630576486,-1.359448862925594,-0.5927075233611035,0.3805530984392018,0.17128925414917578,2674541.440878378
-39.869368450573326,-7.929276297124272,-0.5144898608427274,5.670666294817605,2.207347710815313,2.142741065240815,0.40100502961297313,-1.3680379139124013,-0.5970266919569276,0.37974067912079823,0.17023734820893247,2674546.0
-33.82115896354596,4.1226383193730864,5.839225529178172,6.32423402323746,2.232770398361076,2.05665505611439,0.3673758199311711,-1.3762884835404186,-0.6013156536253119,0.3789266969042382,0.169185171018892,2674551.0861486485
36.75841506049162,8.262811919715725,8.437715865685254,6.497298692989192,2.179872868653298,1.959810001265789,0.33318029709172703,-1.3842004506690744,-0.6055742310962897,0.37811116453584465,0.16813272474369856,2674555.6452702703
-29.13546631572604,-7.303490178382881,3.822976220070868,6.199479755544462,2.0413087427650893,1.8531473631570163,0.29847016092601264,-1.3917736941577976,-0.6098022470998928,0.37729409476193926,0.16708001154801963,2674560.204391892
20.448269970088926,-8.325829260593775,-3.850992540261133,5.499677184922601,1.8260498519405,1.7376792793510973,0.26329711126539607,-1.3990080928660173,-0.6139995243661541,0.3764755003288451,0.16602703359650517,2674564.7635135134
-15.837603667188928,8.565716230478154,-8.470010495514583,4.481726417210914,1.5470499173105012,1.6144178874110486,0.2277128479412501,-1.405903525653163,-0.6181658856251058,0.3756553939828842,0.1649737930538183,2674569.322635135
17.951941992909198,3.3637427681445002,-5.7069875331292526,3.2301725742219074,1.2172626600060523,1.484375324899893,0.19176907078494312,-1.4124598713786631,-0.6223011536067804,0.374833788470379,0.16392029208461045,2674573.881756757
-23.748212227831043,-10.239659638715981,0.7591431796703221,1.8323995206688242,0.8496418011581247,1.3485637293806485,0.15551747962784804,-1.4186770089019474,-0.62640515104121,0.3740106965376518,0.16286653285354766,2674578.440878378
-34.07837955063251,-10.6267715459076,6.016743997626022,0.3765008069900866,0.457141061897684,1.2079952384163375,0.11900977430133387,-1.4245548170824454,-0.6304777006584272,0.373186130931025,0.16181251752529008,2674583.0
41.057228383101666,7.627164360183835,8.37786082624147,-1.0494300163758796,0.05271416335569758,1.0636819895699794,0.08229765463677188,-1.430093174779586,-0.6345186251884648,0.37236010439682127,0.16075824826447901,2674587.0861486485
-44.56010114272935,13.256483406222461,7.305266609037335,-2.3597283753599068,-0.350685173336867,0.9166361204045956,0.04543282046553129,-1.4352919608527983,-0.6385277473613544,0.3715326296813622,0.1597037272357848,2674591.6452702703
20.16487379652497,1.196315893690352,2.8823245794419896,-3.4784456013698484,-0.7401032270490445,0.7678697684832043,0.008466971618984626,-1.4401510541615115,-0.642504889907129,0.37070371953097087,0.15864895660385162,2674596.204391892
35.91344594885978,-12.308752518109753,-2.7268778339122215,-4.332062002182826,-1.1025862766498664,0.6183950713688274,-0.028548192071497603,-1.4446703335651552,-0.646449875555821,0.3698733866919696,0.15759393853335277,2674600.7635135134
41.56242144346447,-17.035656255778058,-6.8386793976842455,-4.847057885575951,-1.4251806010083694,0.46922416662448707,-0.06556097077454906,-1.448849677923157,-0.6503625270374628,0.3690416439106809,0.15653867518894113,2674605.322635135
9.419634247895882,-10.265522091671485,-7.46745577114375,-4.949913559326344,-1.6949324789935807,0.3213691918132,-0.10251966465879378,-1.4526889660949494,-0.6542426670820867,0.3682085039334264,0.15548316873527254,2674609.881756757
-38.69730455552909,3.9620682575357047,-5.386820866075932,-4.598282151494502,-1.9006246871183536,0.17584228449799003,-0.13937257389286725,-1.4561880769399562,-0.6580901184197248,0.36737397950652906,0.1544274213369941,2674614.440878378
38.53842462289744,18.01248606038897,-1.9367882151678635,-3.873571050221408,-2.038923013523894,0.033655582241874635,-0.1760679986453906,-1.4593468893176131,-0.6619047037804102,0.3665380833763114,0.153371435158782,2674619.0
-38.80894599213748,20.00439065045459,1.5755379668205927,-2.884612379719088,-2.1119778282075483,-0.10417877739212446,-0.2125542390850004,-1.4621652820873454,-0.6656862458941748,0.3657008282890953,0.15231521236528037,2674624.0861486485
-2.2720147486507623,8.305971288926491,4.063604710205901,-1.7393012431464945,-2.1228659818648583,-0.2366591971958831,-0.24877959538032304,-1.4646431341085822,-0.6694345674910515,0.3648622269912036,0.1512587551211516,2674628.6452702703
38.81754086630542,-7.72360900427157,5.3230640256099555,-0.5455327436625729,-2.074411346152724,-0.36303705899991306,-0.28469236769998985,-1.4667803242407542,-0.6731494913010719,0.364022292228958,0.1502020655910552,2674633.204391892
20.048025892417158,-18.240137181030438,5.370272782456853,0.5886444018478627,-1.968583981896928,-0.4834175554658467,-0.32024085621262827,-1.4685767313432898,-0.6768308400542692,0.36318103674868185,0.14914514593963418,2674637.7635135134
10.359177947486046,-19.694595971356478,4.2107630131254545,1.5660063135452411,-1.807196905620915,-0.5980629235576557,-0.35537336108686796,-1.4700322342756187,-0.6804784364806753,0.3623384732966965,0.1480879983315637,2674642.322635135
-36.854600027830394,-10.349473998031286,1.9614515658451703,2.334932665658749,-1.5922782271149372,-0.7070203069724945,-0.39003818249133976,-1.4711467118971695,-0.684092103310323,0.3614946146193251,0.14703062493149696,2674646.881756757
36.187362133751606,7.410339609860026,-0.6442305234259855,2.8552424243662355,-1.3259098294859586,-0.8102830760908143,-0.4241836205946738,-1.4719200430673705,-0.6876716632732444,0.36064947346288967,0.14597302790408584,2674651.440878378
-35.83625125853408,18.087691411362936,-2.715863848810688,3.0867545558455634,-1.0101735958409515,-0.9078446012930633,-0.4577579755654978,-1.472352093101229,-0.691216952643896,0.3598030625737127,0.1449152094139847,2674656.0
-9.525861734587037,12.067208458626277,-3.5574536584015104,2.990650195364896,-0.6485135783771993,-0.9996982529596876,-0.4907095475724416,-1.4724426731360556,-0.6947278618744289,0.35895539469811677,0.14385717162586314,2674660.0861486485
36.21789290602884,-1.9972063106571811,-3.2710986856901476,2.555661013349537,-0.25152949492961424,-1.085837401471146,-0.5229866367841333,-1.472191580764735,-0.698204294961418,0.3581064825824236,0.14279891670437048,2674664.6452702703
21.400662426595012,-13.017306167670126,-2.2361599674723633,1.8615464557546118,0.1619888104712145,-1.1662554172078745,-0.5545375433692077,-1.471598613580155,-0.7016461559014385,0.3572563389729564,0.14174044681416248,2674669.204391892
17.34212646998086,-16.261292063183163,-0.8574260950881063,1.015200512355762,0.5715445045183843,-1.2409456705503332,-0.5853105674962874,-1.4706635691752021,-0.7050533486910653,0.35640497661603704,0.1406817641199034,2674673.7635135134
-37.22580041479771,-8.742959960085132,0.5000234748382222,0.12477534418480261,0.956640753904982,-1.309901531878967,-0.615254009334007,-1.4693862451427622,-0.7084257773268732,0.3555524082579878,0.13962287078624208,2674678.322635135
36.99285886672646,7.94010260939699,1.6349785095690996,-0.7015768877264532,1.2967807253240966,-1.3731163715742258,-0.6443161690509924,-1.4677664390757221,-0.7117633458054371,0.35469864664513107,0.13856376897784567,2674682.881756757
-36.48199320486692,16.457900120951933,2.3871960823387233,-1.3557040223461851,1.5714675854688178,-1.430583560016559,-0.6724453468158745,-1.46580394856697,-0.7150659581233328,0.3538437045237898,0.1375044608593645,2674687.440878378
-10.155468277977281,7.583605836470611,2.6095358236383244,-1.731263113122614,1.7602045010322303,-1.482296467586413,-0.6995898427972848,-1.4634985712093906,-0.7183335182771345,0.3529875946402858,0.136444948595458,2674692.0
35.56986217364288,-8.239957527911049,2.233655647145935,-1.7586332074600919,1.84559172058477,-1.5282484646642434,-0.7256979571638502,-1.460850104595871,-0.7215659302634176,0.3521303297409416,0.13538523435078859,2674696.0861486485
28.32711356214284,-18.427946484735852,1.3098682404311002,-1.4907899221153065,1.8253949870829052,-1.5683632777787129,-0.7507179900842005,-1.4578583463192982,-0.724763098078757,0.35127192257207956,0.13432532028999533,2674700.6452702703
24.002453190426966,-19.000770437301735,-0.08512565477802313,-1.0215812527947952,1.7115857928672407,-1.6022860580513825,-0.7745982417269658,-1.4545230939725604,-0.7279249257197279,0.3504123858800222,0.13326520857775478,2674705.204391892
-35.399679470741916,-8.206816764117727,-1.7754974894006237,-0.44770200593356313,1.5189127971550678,-1.6295923127520382,-0.7972870122607764,-1.4508441451485397,-0.7310513171829045,0.3495517324110915,0.13220490137871949,2674709.7635135134
35.349957485141154,11.10462949115441,-3.1889074849452834,0.13415301203338026,1.2621246591636799,-1.6498575491504572,-0.8187326018542583,-1.4468212974401267,-0.734142176464863,0.3486899749116106,0.1311444008575456,2674714.322635135
-35.10385950962622,21.439505951707595,-3.655672067244426,0.6290730063475264,0.9559700381103646,-1.6626572745164103,-0.8388833106760477,-1.442454348440206,-0.7371974075621774,0.3478271261279009,0.13008370917888937,2674718.881756757
-15.106515186608013,13.24131083631424,-2.719776046102361,0.9650778171396264,0.6152089105771529,-1.6675669961196897,-0.857687438894768,-1.4377430957416664,-0.7402169144714231,0.3469631988062853,0.12902282850740945,2674723.440878378
24.84220695984627,-4.172135146596196,-0.7531175920633617,1.1349713829677734,0.2548247885871491,-1.6641680522572508,-0.87508745565187,-1.4326872911628123,-0.7432006469637543,0.3460982056930863,0.1279617610077588,2674728.0
33.55242248601156,-18.63050150750079,1.6658727870624226,1.146631410821986,-0.10946667872048024,-1.652069665578946,-0.8909979457359125,-1.4272865034236384,-0.7461487379086408,0.3452321595346263,0.12690050884460777,2674733.0861486485
19.235974051748258,-22.849951460462076,3.9587645834648457,1.0081007494974101,-0.4621149840116975,-1.6308944422589637,-0.9053201104111163,-1.4215402554695562,-0.7490613659501312,0.34436507307722714,0.12583907418259474,2674737.6452702703
-33.58997487094814,-13.690012503752667,5.5412911614087195,0.7289122162782484,-0.789059588441526,-1.6002255611260312,-0.9179945782871598,-1.4154480702459777,-0.7519387097322753,0.34349695906721184,0.12477745918639004,2674742.204391892
34.908167712488954,7.093297253483899,5.798511351763083,0.3263030812222708,-1.0766143842429197,-1.5596305778431856,-0.9289776011394241,-1.4090094706983143,-0.7547809478991214,0.34262783025090215,0.12371566602064078,2674746.7635135134
-37.48782470013914,21.207880726794397,4.073652979489903,-0.14649450763072863,-1.3110932636488428,-1.5086758144019035,-0.9382266644148283,-1.4022239797719829,-0.7575882590947188,0.34175769937462097,0.12265369685002606,2674751.322635135
-8.353002903658258,15.281370145288342,0.14701366212175765,-0.6022192157471948,-1.4788101188922411,-1.4469275927936733,-0.945699253560305,-1.3950911204123917,-0.7603608219631166,0.3408865791846903,0.12159155383918131,2674755.881756757
16.116167265501748,-1.8645266365781725,-4.323387857750794,-0.9469349173940352,-1.5660788422060812,-1.3739522350099784,-0.9513528540227775,-1.3876104155649558,-0.7630988151483636,0.3400144824274328,0.12052923915276967,2674760.440878378
45.20408425932625,-16.08748673182868,-7.208433858472841,-1.086705486838175,-1.5591025015593034,-1.2894268873063144,-0.9551449512491705,-1.3797813881750867,-0.7658024172945087,0.33914142184917084,0.11946675495545418,2674765.0
29.170639078128108,-16.246092373547533,-6.497802256323397,-0.9573459925484824,-1.4492591305415656,-1.1936095264482358,-0.957031975028526,-1.371604616846083,-0.7684718070456013,0.3382674101962267,0.11840410341188348,2674769.0861486485
-38.48704624595029,-3.3181277239480624,-1.5497203089511296,-0.6136762798016288,-1.2502889891854827,-1.0874190872814384,-0.9569664625448845,-1.3630845727862437,-0.7711071630456899,0.33739246021492264,0.11734128668672046,2674773.6452702703
29.214409382294317,13.210958078497388,4.585321929526159,-0.1402673880762327,-0.981550600200422,-0.9719120381056496,-0.9549012154305213,-1.3542254627556263,-0.7737086639388239,0.33651658465158113,0.11627830694462696,2674778.204391892
-18.360105252328097,2.4941706713451435,8.204688239355288,0.37830964314907944,-0.6624024862957364,-0.8481448472205916,-0.9507893653442591,-1.3450311634877512,-0.7762764883690517,0.3356397962525245,0.11521516635024127,2674782.7635135134
11.068727107090014,-11.105946275939722,6.570247118438379,0.85786155273406,-0.31220317018079896,-0.7171739829259852,-0.9445840439449088,-1.3355055517161438,-0.7788108149804235,0.3347621077640755,0.11415186706824539,2674787.322635135
-11.035164216017806,4.953721192635584,-0.9098374017296045,1.2157061928918982,0.04968882543503991,-0.5800559135215597,-0.9362383828912894,-1.3256525041743223,-0.7813118224169868,0.33388353193255593,0.11308841126328205,2674791.881756757
17.034389442983088,10.039234684577739,-7.725110060707054,1.3695391941741615,0.4039149778424161,-0.43784710730703674,-0.9257055138422168,-1.3154758975958125,-0.7837796893227915,0.33300408150428845,0.11202480110001435,2674796.440878378
13.441706120217592,-4.502848159071319,-8.67230300307788,1.2363803568032266,0.7317925946611497,-0.2916040325821405,-0.9129385684565069,-1.3049796087141343,-0.7862145943418863,0.3321237692255952,0.1109610387430961,2674801.0
-28.639575203069818,-9.872213198091835,-3.587948842047881,0.7696631325026616,1.0180583563343817,-0.1423831576465951,-0.8978906783929734,-1.2941675142628124,-0.7886167161183206,0.33124260784279913,0.10989712635718331,2674805.0861486485
27.035741438846866,9.993765570110723,4.8096158650228205,0.07861303393855898,1.250988979660736,0.00875904919987378,-0.8805149753104351,-1.283043490975367,-0.7909862332961431,0.33036061010222223,0.10883306610693597,2674809.6452702703
-21.361822496623038,8.936196673723536,8.694995519173629,-0.6884274534050585,1.4195772329454082,0.16076611965754453,-0.8607645908677076,-1.2716114155853202,-0.7933233245194026,0.32947778875018663,0.10776886015701627,2674814.204391892
17.353952668644855,-10.532782640229435,5.068674033270802,-1.3838592854228586,1.5128158844935986,0.31258158542669007,-0.8385926567236022,-1.2598751648261977,-0.795628168432148,0.32859415653301505,0.1067045106720742,2674818.7635135134
-18.259953757894742,-0.6680386885125186,-2.9080610198466945,-1.863057183524251,1.519697702610505,0.46314897820759093,-0.8139523045369431,-1.2478386154315182,-0.7979009436784288,0.3277097261970298,0.1056400198167656,2674823.322635135
22.062231511322015,11.681404544451155,-8.473216878411554,-1.9821393104973395,1.4295266051474074,0.6111006801544367,-0.7867966659665384,-1.2355056441348058,-0.8001418289022939,0.3268245104885535,0.10457538975576082,2674827.881756757
6.6333760401640225,-1.991066402855167,-6.38729742501781,-1.6468196215895878,1.238062038359601,0.7539731426267072,-0.7570788726712069,-1.2228801276695824,-0.8023510027477924,0.3259385221539079,0.10351062265369823,2674832.440878378
-25.85172342967638,-13.45950684129969,-0.0576960813312336,-0.9611952418859252,0.9622183189272518,0.8895863369962107,-0.7247520563097657,-1.2099659427693712,-0.8045286438589728,0.32505177393941603,0.10244572067525691,2674837.0
23.44820642224247,3.806885590882664,5.544632674449865,-0.07895908893064646,0.624120693750225,1.0159089020243504,-0.6897693485410297,-1.1967669661676932,-0.806674930879884,0.3241642785913999,0.10138068598507524,2674842.0861486485
-20.302128421459493,15.243109280337148,7.841379677068736,0.8461959197319513,0.2458944097283856,1.1309094764725354,-0.6520838810238159,-1.1832870745980713,-0.8087900424545758,0.32327604885618183,0.1003155207478083,2674846.6452702703
19.97937198313868,-3.941309545834593,5.808681334645668,1.679196491423116,-0.15033528623840403,1.2325566991021724,-0.6116487854169383,-1.169530144794028,-0.8108741572270964,0.3223870974800845,0.09925022712812866,2674851.204391892
-23.688726234337143,-16.048612326264593,2.247811035867541,2.359447832926272,-0.5424431472502768,1.318819208674667,-0.5684171933792147,-1.1555000534890862,-0.8129274538414953,0.3214974372094301,0.09818480729069284,2674855.7635135134
29.8025147352027,-5.599787759599405,0.0894081251064095,2.8449747758903845,-0.9083039264073703,1.3876656439514259,-0.5223422365694588,-1.141200677416766,-0.814950110941821,0.32060708079054073,0.09711926340015449,2674860.322635135
-16.821683076571226,7.987011390759528,-1.043561211091665,3.0938021519644194,-1.2257923768098207,1.4370646436938597,-0.4733770466464897,-1.1266358933105924,-0.8169423071721232,0.3197160409697393,0.09605359762116214,2674864.881756757
-41.26727073378604,14.322708746664912,-2.3550490756371096,3.067598278476172,-1.4764267372365891,1.4649848466633715,-0.4214747552691197,-1.1118095779040873,-0.8189042211764506,0.31882433049334813,0.09498781211838472,2674869.440878378
5.985671422702851,9.178168670973527,-4.560451335716127,2.742605415468736,-1.6562991891819414,1.4694018220434097,-0.36659542451820776,-1.0967256079307706,-0.8208360315988518,0.31793196210768904,0.0939219090564766,2674874.0
21.8851728583388,-1.6581690226534884,-6.420938915618032,2.0987093086640383,-1.7651453998189723,1.448345264290056,-0.30875324174724217,-1.0813878601241678,-0.8227379170833762,0.3170389485590849,0.09285589060009503,2674879.0861486485
40.58288437123214,-10.128854888946217,-6.2150331304878605,1.1217023303639482,-1.8027010363207745,1.3999574126192842,-0.24807493906960687,-1.0658002112177996,-0.8246100562740726,0.316145302593858,0.09178975891388712,2674883.6452702703
-33.6340615393819,-7.546959992506028,-2.8975709776012066,-0.14721045625270282,-1.7694503916044708,1.3231735004556495,-0.18473161706323793,-1.0499665379451886,-0.8264526278149903,0.3152510369583307,0.09072351616252904,2674888.204391892
24.571934169758705,7.7163697230532975,1.959947215943338,-1.5337726231984623,-1.6689462413046567,1.2200691034615285,-0.11896623582641631,-1.0338907170398577,-0.8282658103501777,0.31435616439882513,0.08965716451066788,2674892.7635135134
-16.722518008307997,6.6890936282500615,5.95077817458187,-2.831941557928698,-1.5057859057654104,1.0937823068888632,-0.05103972033750843,-1.0175766252353289,-0.8300497825236843,0.31346069766166396,0.08859070612295802,2674897.322635135
13.254514500049044,-7.3922049933852865,5.958851505865221,-3.8610458246186434,-1.2846406850721719,0.9475251757309581,0.018787004425118027,-1.0010281392651228,-0.83180472297956,0.31256464949317,0.08752414316406619,2674901.881756757
-14.63868296877682,0.9310245626931034,0.43458791771326466,-4.5406070715902755,-1.0101818793103823,0.7845097749811203,0.09025301348309667,-0.9842491358627646,-0.8335308103618512,0.31166803263966436,0.08645747779863874,2674906.440878378
21.51300223019114,9.952259692135447,-5.488731995852522,-4.810351632954931,-0.687080788565485,0.6079481696326562,0.16309738185805905,-0.9672434917617748,-0.8352282233146092,0.3107708598474706,0.08539071219133514,2674911.0
22.35817400728964,-2.3705299628721264,-6.4593824754391616,-4.607105686113883,-0.32161724690036264,0.42105242467886983,0.23705918457164135,-0.9500150836956773,-0.836897140481882,0.30987314386291054,0.084323848506825,2674915.0861486485
-23.643206805939297,-14.81944713046613,-2.8836521092253666,-3.8914381758696353,0.07349477571233404,0.22703460511306803,0.311877496645473,-0.9325677883979925,-0.8385377405077192,0.30897489743230677,0.08325688890975254,2674919.6452702703
22.285260159315975,2.6364537848913407,3.08052186691026,-2.743017126291375,0.4839327753225059,0.02910677592855593,0.3872913931011891,-0.9149054826022436,-0.8401502020361691,0.30807613330198147,0.08218983556477355,2674924.204391892
-21.116961983760593,19.97541502725912,7.604145327506861,-1.2716874647592962,0.8953742479800578,-0.1695189978813614,0.4630399489604234,-0.8970320430419532,-0.8417347037112815,0.30717686421825713,0.08112269063655476,2674928.7635135134
22.90627378200115,-0.17820869807210124,7.602959564401093,0.39654619883086883,1.2934966897348945,-0.3656306513233782,0.5388622392448076,-0.878951346450644,-0.8432914241771042,0.30627710292745614,0.0800554562897571,2674933.322635135
-27.898009550985954,-23.248594393075624,4.662034859115315,2.0818869969189606,1.6639775966369172,-0.556016119404186,0.6144973389759745,-0.8606672695618374,-0.8448205420776876,0.305376862175901,0.07898813468901966,2674937.881756757
34.201778107396,-17.128705200890806,1.0919093295576847,3.6317642690200125,1.9924944647360316,-0.7374633371304823,0.6896843231755588,-0.8421836891090568,-0.8463222360570797,0.30447615470991357,0.07792072799901062,2674942.440878378
-13.011360429911843,4.140823570697004,-2.412485936938521,4.904453827046721,2.2647247900821417,-0.9067602395089602,0.7641622668651915,-0.823504481825823,-0.84779668475933,0.303574993275817,0.07685323838439231,2674947.0
-43.634396439778556,21.35488184325695,-5.557409992584349,5.758231482911797,2.46634606872515,-1.0606947615463134,0.8376702450665066,-0.8046335244456599,-0.8492440668284865,0.30267339061993287,0.07578566800981551,2674952.0861486485
-21.668271610866945,21.604309670739948,-8.417815610178865,6.051373048527952,2.5830357967149626,-1.1960548382492369,0.909947332801138,-0.7855746937020899,-0.8506645609085998,0.30177135948858436,0.07471801903994056,2674956.6452702703
9.925313814276048,10.52945708175817,-11.650246983298256,5.6389065046737805,2.6042612176823927,-1.310170321071225,0.980732605090717,-0.7663318663286335,-0.852058345643718,0.300868912628093,0.07365029363942127,2674961.204391892
38.549182479060484,-4.961927906745182,-12.707208179806731,4.362868507591413,2.5347097807946595,-1.402599942465719,1.049765136956878,-0.7469089190588145,-0.8534255996778902,0.2999660627847818,0.07258249397292058,2674965.7635135134
-31.43582544132028,-14.551938271185232,-8.266771201169586,2.1807992775649714,2.383103543650893,-1.473709468295851,1.1168042595331398,-0.7273097286261547,-0.8547665016551652,0.29906282270497303,0.07151462220508317,2674970.322635135
24.043985983256707,-1.4297349833501387,2.567986610886989,-0.47475538441706944,2.1582257790629757,-1.5240069040850508,1.1816903284005713,-0.7075381717641771,-0.8560812302195924,0.29815920513498884,0.07044668050058528,2674974.881756757
-20.08568360581889,10.3668593119313,12.775237481234658,-3.0524982821901587,1.8688597598427934,-1.5540259577185478,1.2442894015020363,-0.6875981252064037,-0.8573699640152205,0.2972552228211517,0.06937867102407014,2674979.440878378
21.01374422873433,-5.403944351457191,14.687611423952946,-5.02845148340188,1.523788758802224,-1.5643184574627012,1.304485657161536,-0.667493465686357,-0.8586328816860983,0.2963508885097841,0.06831059594019633,2674984.0
-23.744587072940035,-8.822614082303222,5.892163559039367,-6.024509021808669,1.1317960487531549,-1.5554263490533002,1.362153391172492,-0.6472280699375591,-0.8598701618762752,0.29544621494720835,0.06724245741362854,2674988.0861486485
23.79334991394009,9.494026293864913,-9.8372493541531,-5.833816329380013,0.6992173934672626,-1.5278852323817131,1.4171605534839133,-0.6268058146935325,-0.8610819832298002,0.2945412148797467,0.06617425760902643,2674992.6452702703
19.134012802351922,3.3346417825913144,-14.9693566646787,-4.279245654939226,0.2255204627097531,-1.4822300370328352,1.4693744237383308,-0.6062305766877987,-0.8622685243907222,0.29363590105372156,0.0651059986910331,2674997.204391892
-16.31348679937709,-12.596509821610661,-7.9106886797863805,-1.4112993330115535,-0.2805868141770392,-1.4189956925915603,1.5186622815782769,-0.5855062326538819,-0.8634299640030898,0.2927302862154557,0.06403768282431054,2675001.7635135134
15.549508459111978,-8.110969389520218,6.314660521035322,1.8430390552241118,-0.8074745656964447,-1.338717128642784,1.5648914066462825,-0.5646366593253022,-0.8645664807109527,0.2918243831112708,0.06296931217352293,2675006.322635135
-20.127571726671974,14.867344538419841,13.828649608936312,4.338396102464054,-1.3435129203517953,-1.2419292747713975,1.6079290785848794,-0.5436257334355836,-0.8656782531583591,0.29091820448748984,0.06190088890332428,2675010.881756757
27.153853636681287,4.783110869886842,4.322430329467222,5.18452118098236,-1.8770720066464222,-1.1291670605622979,1.647642577036599,-0.5224773317182471,-0.8667654599893588,0.29001176309043475,0.0608324151783733,2675015.440878378
-29.830917855727474,-14.16194398053275,-9.163736198732158,4.50706799840163,-2.391935170120988,-1.0009654156003778,1.6838991816439735,-0.5011953309068171,-0.8678282798480002,0.2891050716664283,0.059763893163317115,2675020.0
24.18714743297609,6.836892330502481,-11.574743007128374,2.6684659100716113,-2.8535386244654966,-0.8578592694705334,1.7165661720495349,-0.4797836077348144,-0.8688668913783325,0.2881981429617927,0.05869532502283769,2675025.0861486485
-14.023474887523392,11.563486747038109,-3.244234080824286,0.12558246850123825,-3.222731800407284,-0.7003835517576563,1.7455108278958122,-0.458246038935761,-0.8698814732244047,0.2872909897228503,0.05762671292156614,2675029.6452702703
7.812628710372544,-10.60943177643248,8.367863746228156,-2.2686148533130868,-3.460364128673685,-0.5290731920466424,1.770600428825341,-0.4365865012431807,-0.8708722040302664,0.28638362469592343,0.05655805902416985,2675034.204391892
-10.53880932719619,-1.7105140472302525,9.092309293337177,-3.6622353923622524,-3.5271105924094095,-0.34463756750501,1.7917022544806493,-0.41480887139059464,-0.8718392624399653,0.2854760606273346,0.05548936549530483,2675038.7635135134
5.764936664492173,10.950446010905772,2.0829537898284456,-3.745873730182692,-3.3885112251617993,-0.1488212725333386,1.8086835845042692,-0.39291702611152546,-0.8727828270975511,0.28456831026340595,0.05442063449963398,2675043.322635135
29.272068835188385,4.925136207603684,-4.80282255628049,-2.8713326166637723,-3.03938893402036,0.05510694327491558,1.821411698538734,-0.37091484213949594,-0.8737030766470731,0.28366038635046004,0.05335186820180155,2675047.881756757
-32.887237862315345,-14.292875244146325,-7.196064391630978,-1.503669053034716,-2.5089532995768504,0.26354090342373354,1.829753876226575,-0.34880619620802783,-0.8746001897325797,0.28275230163481924,0.05228306876649099,2675052.440878378
29.503085121911326,0.8365047818213829,-3.216519264403497,-0.0632706911068884,-1.8336198606153202,0.47287443141709834,1.8335773972103222,-0.32659496505064356,-0.8754743449981204,0.28184406886280605,0.05121423835833049,2675057.0
-24.19974959631541,19.288141180637314,2.6976568774684178,1.1793283822106688,-1.0498041559198148,0.6795013507589903,1.832749605168014,-0.30428508943637245,-0.8763257210877433,0.2809357007807423,0.05014537914198541,2675061.0861486485
22.414988741259396,-1.3865624027528525,5.741832802571732,1.9910574712344837,-0.19392172427438104,0.8798154849533907,1.8271383114754596,-0.2818809778320122,-0.8771544966454988,0.280027210134951,0.04907649328212948,2675065.6452702703
-24.158673283686298,-21.549995412661474,5.910659608828015,2.192070816781524,0.6976118955369365,1.0702106575042807,1.8166122377669525,-0.25938794896284995,-0.8779608503154348,0.2791186096717545,0.04800758294338897,2675070.204391892
25.45819342979333,-23.838106329127562,4.181473012700611,1.8366988374550577,1.5846471848607615,1.2470806919156425,1.801040317232537,-0.23681153310991762,-0.8787449607416009,0.27820991213747454,0.046938650290456706,2675074.7635135134
24.203393491090726,-28.155764640636697,1.408213986491517,1.1177186768535134,2.4119826442099117,1.4068194116914583,1.7802919566036126,-0.21415773409560823,-0.8795070065680455,0.27730113027843417,0.04586969748796814,2675079.322635135
-22.092927188625392,-23.606169573358766,-1.599059513504486,0.24884952436231317,3.121017180225426,1.545820640335709,1.754238456777023,-0.19143444990775485,-0.8802471664388181,0.2763922768409554,0.044800726700581994,2675083.881756757
20.192033866261784,3.6322803384562503,-4.135651787360633,-0.5592678949709313,3.656228163886173,1.660478201352374,1.7227515921909689,-0.16865005207554934,-0.8809656189979678,0.27548336457136097,0.0437317400929541,2675088.440878378
-20.99536626138928,29.809351167408717,-5.523207699242136,-1.0967914875222036,3.962891597594597,1.7471859182454381,1.6857031372836546,-0.14581291212818676,-0.881662542889543,0.2745744062159728,0.042662739829762084,2675093.0
24.973717343772872,11.497673689767282,-5.244878036810851,-1.1968226723321178,3.986283483753138,1.802337614518882,1.6429648664932817,-0.12293140159485874,-0.8823381167575934,0.2736654145211134,0.04159372807563705,2675097.0861486485
-30.645860031613392,-23.68777804484118,-3.4298372817152116,-0.8855870093590225,3.6919376918476265,1.8233919901066442,1.5944359010038975,-0.10001389200475962,-0.8829925192461673,0.2727564022331055,0.04052470699525952,2675101.6452702703
36.50051306269448,-25.94535711670715,-0.3602270366258579,-0.31904442390179977,3.127810051336551,1.81202921000752,1.5401627896379122,-0.07706875488708233,-0.8836259289993138,0.271847382098271,0.03945567875326353,2675106.204391892
-17.80124201102615,-1.6396920321501232,3.3624887597807867,0.3199331019247271,2.3676762253185593,1.7708421530303433,1.4803715905834987,-0.0541043617710196,-0.8842385246610821,0.27093836686293243,0.038386645514322325,2675110.7635135134
-46.168342551982924,21.14026274513446,5.73147478768925,0.8470830943665263,1.4867023685314849,1.7023856573289697,1.415326402683811,-0.031129084185764034,-0.8848304848755217,0.2700293692734123,0.037317609443085924,2675115.322635135
-19.466506022598725,20.570569581218102,4.807401202999906,1.1045033054366369,0.559689627678562,1.60921456105725,1.3452913247820035,-0.008151293660510775,-0.8854019882866803,0.26912040207603266,0.036248572704218864,2675119.881756757
1.6952955114962913,5.217737831155054,0.785825724907828,1.048143012244863,-0.34843150470393786,1.4938837023690432,1.2705304557212287,0.014820638275549384,-0.8859532135386082,0.26821147801711637,0.03517953746236532,2675124.440878378
44.867258777507715,-10.490207969458654,-3.912888998501877,0.6939542057821807,-1.2067380322284573,1.3589479194181984,1.1913078943446407,0.03777834009322202,-0.8864843392753541,0.2673026098429854,0.03411050588219859,2675129.0
-36.36437241992895,-11.280557405204645,-6.416579156396379,0.06629949906810513,-1.9927175805359791,1.206962050358573,1.1078877394953937,0.06071344026331361,-0.8869955441409663,0.2663938102999623,0.033041480128357024,2675134.0861486485
23.973152274631854,8.34215141521937,-4.544371965382518,-0.7581451741321281,-2.6838577752674797,1.0404809333440201,1.020534090016641,0.08361756725663191,-0.8874870067794945,0.2654850921343694,0.03197246236552262,2675138.6452702703
-11.924815463647919,8.69008226073101,1.1018331376182038,-1.4934505970703622,-3.257646242063939,0.8620594065283942,0.929511044751536,0.10648234954398315,-0.8879589058349873,0.26457646809252905,0.030903454758340287,2675143.204391892
6.332147132785406,-8.316815794537014,7.388104997331766,-1.8013742322527198,-3.6915706065663345,0.674252308065548,0.8350827025432329,0.12929941559617425,-0.8884114199514939,0.2636679509207638,0.029834459471463307,2675147.7635135134
-10.068622327932765,0.3624566012605474,6.640077288473316,-1.4454221611275306,-3.966075823756896,0.4796144761093371,0.7375131622348855,0.15206039388401227,-0.8888447277730636,0.26275955336539586,0.028765478669553677,2675152.322635135
5.799428914694489,8.778664822821154,0.30633420367817776,-0.59141474473764,-4.078116362157224,0.28070074881361606,0.6370665226696469,0.1747569128783042,-0.889259007943745,0.2618512881727476,0.027696514517266853,2675156.881756757
29.612259310120287,3.5681244760816355,-6.996331636330445,0.511799821629296,-4.046167507130903,0.07990866713558036,0.534006882690671,0.19738060104985647,-0.8896544391075867,0.2609431680891415,0.026627569179260475,2675161.440878378
-32.5869411472222,-9.241326511663328,-8.918911077167254,1.6200535388599742,-3.892747987519352,-0.12100098066409722,0.42859834114111184,0.21992308686947573,-0.8900311999086382,0.26003520586089984,0.025558644820188905,2675166.0
26.934025863530355,3.3215695457185266,-1.5669577219326387,2.486215480059075,-3.6401889537049037,-0.3204549847838265,0.32110499686412297,0.24237599880796926,-0.8903894689909486,0.25912741423434493,0.024489743604715234,2675171.0861486485
-17.297426545908763,8.654887718242358,7.403507262668146,2.851303007203221,-3.310798563324502,-0.5169031281674006,0.21179094870285783,0.26473096533614376,-0.8907294249985664,0.2582198059557993,0.02342086769749746,2675175.6452702703
10.980126369746957,-7.328862083324565,9.57973016338657,2.45034430908392,-2.9237973976126144,-0.708856524757982,0.1009202955004706,0.2869796149248057,-0.8910512465755408,0.25731239377158516,0.022352019263187774,2675180.204391892
-11.82889633903582,-7.431297633196384,4.943672205570037,1.1500670340854606,-2.486285729847062,-0.8948416148428667,-0.011242863899885734,0.3091135760447629,-0.8913551123659214,0.2564051904280251,0.02128320046644272,2675184.7635135134
16.504878230161196,3.147226989133475,-3.7289438969275572,-0.6106096499897948,-2.0023375879025567,-1.073384838709349,-0.12443443065505673,0.3311244771668215,-0.8916412010137568,0.25549820867144146,0.02021441347193484,2675189.322635135
27.387157070478366,6.722279791759184,-9.432950249767291,-2.248962134134197,-1.476026999653802,-1.2430126366447238,-0.23839030592188912,0.3530039467617882,-0.8919096911630955,0.25459146124815646,0.01914566044429523,2675193.881756757
-34.58865994733116,-3.9023190814953193,-7.410789716065528,-3.284999265227357,-0.9114279929755021,-1.40225144893629,-0.3528463908572293,0.37474361330046935,-0.8921607614579865,0.2536849609044925,0.018076943548198617,2675198.440878378
38.18408683208689,-7.367093740707687,-1.1445850660891517,-3.649659713697896,-0.3126145957423718,-1.5496277158713379,-0.46753858661792325,0.3963351052536738,-0.89239459054248,0.252778720386772,0.017008264948305183,2675203.0
7.189935482015007,-1.3665837668967182,4.930595238795158,-3.373410126985915,0.313134685295084,-1.683667877737165,-0.5822027943608171,0.4177700510922062,-0.8926113570606237,0.25187275244131746,0.015939626809258384,2675207.0861486485
-7.0068566891223565,7.135188432794527,8.389145328203004,-2.4738992370282595,0.9457234278831165,-1.8028983748210679,-0.6965749152427583,0.43904007928687483,-0.8928112396564675,0.250967069814451,0.014871031295728587,2675211.6452702703
-33.419359263363276,10.126984699906314,7.530576296370109,-1.0057626197268834,1.561850730892171,-1.9058456474103393,-0.8103908504205918,0.46013681830848535,-0.8929944169740595,0.2500616852524954,0.013802480572367246,2675216.204391892
7.533294718989614,2.264494946362845,2.3945187433889483,0.7818554310401322,2.1382156931926986,-1.9910361357922781,-0.9233865010511644,0.48105189662784537,-0.893161067657449,0.24915661150177254,0.012733976803825818,2675220.7635135134
28.420908111037566,-8.556743746818645,-3.913054863853923,2.4646455921036945,2.651517413655142,-2.0569962802541752,-1.0352977682913225,0.5017769427157617,-0.893311370350686,0.2482518613086052,0.011665522154778297,2675225.322635135
-27.580625827749955,-12.532764075797909,-7.584488861050642,3.5845551136821867,3.0784549911499486,-2.1022525210833285,-1.1458605532979123,0.5223035850430408,-0.8934455036978177,0.24734744741931539,0.010597118789864511,2675229.881756757
27.949531581625024,-6.980046732063085,-5.941417676177181,3.806375314077707,3.39572752454757,-2.1253312985670356,-1.2548107572277796,0.5426234520804897,-0.8935636463428943,0.24644338258022577,0.00952876887374755,2675234.440878378
1.3327763262441932,3.0231173816144823,-0.822636106344866,3.2802005462876944,3.5861073503579433,-2.1247583626460607,-1.3618849715842964,0.5627281722989154,-0.8936659769299646,0.2455396795376584,0.008460474571094865,2675239.0
-21.10309528606061,11.382622165913416,4.803770959051131,2.2546762808353344,3.656659755649001,-2.0990617160686664,-1.4668175350633463,0.5826093741691243,-0.8937526741030777,0.24463635103793632,0.007392238046548825,2675244.0861486485
-32.31750420966076,12.232286383715566,7.969718630615647,0.9723747506042992,3.621114871925069,-2.047375077743967,-1.5693286769968562,0.602258686161924,-0.8938239165062823,0.24373340982738104,0.0063240614647779745,2675248.6452702703
-0.015641435630041507,2.6568891486333617,6.540699539096256,-0.3417089456926651,3.4955692578780826,-1.9711825797068223,-1.6691546407786169,0.6216677367481207,-0.8938798827836275,0.24283086865231557,0.0052559469904283175,2675253.204391892
32.59737201136909,-8.398328736019286,1.7165163958114762,-1.5328882460265432,3.2967110789968723,-1.8725334714734585,-1.7660581591179494,0.6408281543985211,-0.8939207515791623,0.24192874025906203,0.004187896788170577,2675257.7635135134
-29.73012500748775,-9.611196138738363,-4.469450567777428,-2.4640537225392536,3.0412285007702704,-1.7533920735534094,-1.8598868937308672,0.6597315675839325,-0.8939467015369356,0.24102703739394285,0.0031199130226533048,2675262.322635135
23.465573131351626,2.0975325358421637,-9.599027946447777,-2.9980959473727142,2.7458096886871144,-1.6157014742045455,-1.9505097385850536,0.6783696047751616,-0.8939579113009968,0.24012577280328046,0.002051997858533772,2675266.881756757
22.876009144481138,7.639566995000907,-9.677088625443814,-3.0356007838712693,2.4270570849512656,-1.4614047616847359,-2.0377955876481915,0.6967338944430154,-0.8939545595153944,0.239224959233397,0.0009841534604692536,2675271.440878378
-10.893584798038054,-2.992451166280617,-2.219219557854478,-2.6393109340040164,2.099024497065901,-1.2924450242518402,-2.121613334887967,0.7148160650583002,-0.8939368248241777,0.23832460943061523,-8.361800687134414e-05,2675276.0
8.064906046213535,-6.275728128989342,7.156637982832155,-1.9551670862026862,1.766857043006078,-1.110765350163721,-2.201831874272063,0.7326077450918231,-0.8939048858713952,0.23742473614125734,-0.0011513143788474693,2675280.0861486485
-11.458463684817145,5.956213026958007,11.35854834190618,-1.1404856027140642,1.4334940991860832,-0.9183088276782503,-2.2783200997681656,0.7501005630143914,-0.8938589213010967,0.23652535211164538,-0.002218933490794578,2675284.6452702703
20.685763762787417,1.9849403020882064,6.7853086401829295,-0.3339004177242342,1.1018750420201882,-0.7170185450532899,-2.3509469053439562,0.7672861472968112,-0.8937991097573306,0.23562647008810228,-0.0032864731780524875,2675289.204391892
-31.411550916584428,-5.907598229717282,-2.1930743275906,0.4006842468235266,0.7749392479226773,-0.5088375905467082,-2.4195811849671216,0.7841561264098901,-0.8937256298841463,0.23472810281695003,-0.004353931275974104,2675293.7635135134
18.755319450856458,1.7478624532427443,-9.833234871948635,1.0180465970466455,0.4556260933078196,-0.2957090524163673,-2.484091832605345,0.8007021288244339,-0.8936386603255922,0.2338302630445112,-0.005421305619881068,2675298.322635135
39.3058131649928,6.191082876644204,-12.482503933493708,1.4729648390625405,0.1468749545899001,-0.07957601892013424,-2.544347742226311,0.8169157830112502,-0.8935383797257178,0.23293296351710827,-0.006488594045133555,2675302.881756757
-32.120774677621306,-6.328447769606137,-8.202943011659046,1.7263393769171085,-0.14837479181680963,0.13761842168412555,-2.6002178077977027,0.8327887174411456,-0.8934249667285715,0.23203621698106305,-0.007555794387083017,2675307.440878378
20.52338655612623,-3.0455912729263495,0.12034894317512385,1.764490394921571,-0.4281147580495041,0.3539311811385459,-2.6515709232872045,0.8483125605849269,-0.8932985999782033,0.23114003618269857,-0.00862290448104019,2675312.0
-12.114248352926644,6.490288167695311,8.190969196544426,1.5834814207356875,-0.6939577016654488,0.5674191711852631,-2.6982759826625036,0.8634789409134019,-0.8931594581186617,0.2302444338683367,-0.009689922162377062,2675316.0861486485
12.60466560171833,-5.006415332394541,12.304676273989315,1.1798957354273645,-0.9480361336300631,0.7761393035664109,-2.7402018798912793,0.8782794868973757,-0.893007719793995,0.22934942278430032,-0.010756845266421273,2675320.6452702703
-21.132443716523568,-6.511991137556235,11.321155274026593,0.5741796610922358,-1.1923797561229257,0.9781484900241227,-2.777217508941219,0.8927058270076563,-0.8928435630996531,0.22845501512831118,-0.011823671628519007,2675325.204391892
-7.656254680540262,3.833984991763577,5.393924828308388,-0.11735708091985673,-1.429018271323616,1.1715036423005352,-2.809191763780008,0.9067495897150505,-0.8926671639366829,0.2275612209036902,-0.0128903990840248,2675329.7635135134
39.76155063973611,6.479319917218727,-2.607592206382993,-0.7544389194455178,-1.6599813814117126,1.3542616721377834,-2.8359935383753285,0.9204024034903645,-0.8924786976575312,0.22666804956515774,-0.013957025468258477,2675334.322635135
-38.440548331813936,-6.49837765819526,-9.367368308419621,-1.196790283321334,-1.8872987885668004,1.524479491277996,-2.857491726694862,0.933655896804405,-0.8922783396146451,0.22577551056743445,-0.01502354861656822,2675338.881756757
28.300803941480112,-3.6484710908131315,-10.537787949633255,-1.304135601383907,-2.1130001949684587,1.6802140114633153,-2.8735552227062993,0.9465016981279797,-0.8920662651604717,0.2248836133652405,-0.016089966364334195,2675343.440878378
21.916567641038423,6.7003429065935745,-6.092879906336417,-0.9888334623567321,-2.3341103667414944,1.8195221444358698,-2.884054244077151,0.9589327596317281,-0.8918426496474593,0.2239923674132969,-0.01715627654684678,2675348.0
-8.334927107729476,4.547717562262837,2.209894415487945,-0.373779094510818,-2.5276343257916434,1.9404608019377982,-2.888864303274267,0.9709473282856181,-0.8916076684280536,0.22310178216632365,-0.018222476999471247,2675353.0861486485
9.141955080627298,-7.088316561151656,9.190478899231941,0.3654981139959188,-2.6655721579698604,2.0410868957112354,-2.887862215373158,0.9825449536682831,-0.8913614968547023,0.22221186707904175,-0.01928856555754813,2675357.6452702703
-19.397140557528406,4.7467386298194425,8.49952701363495,1.055841267930683,-2.719995585895784,2.1195289742669874,-2.8809247110846568,0.9937251009936818,-0.8911043094841484,0.22132263081046724,-0.020354540056426708,2675362.204391892
33.07251462399419,7.308207667326082,1.2864129174078942,1.5368123335805928,-2.663646279368116,2.1745855332949384,-2.867928500028434,1.0044872143846046,-0.8908362776903179,0.22043407883679972,-0.021420398331438797,2675366.7635135134
-42.385556002428686,-7.198238161946753,-6.280285363661847,1.6632613294358194,-2.4708711453717105,2.2066603056711114,-2.848750291824155,1.014830737963842,-0.890557572051433,0.21954621583853454,-0.022486138217918398,2675371.322635135
16.54100315511216,-2.7689667801231983,-7.764470204330197,1.3032378106479408,-2.1263711378377064,2.2165561552052164,-2.8232825269208104,1.024755115854184,-0.8902683631457158,0.2186590464961673,-0.023551757551251138,2675375.881756757
38.60701151864273,6.460336609848454,-4.064197914282121,0.431904923022643,-1.6558728157149891,2.205133153594252,-2.7914748536546736,1.0342597921784218,-0.8899688215513886,0.21777257549019363,-0.024617254166738295,2675380.440878378
-30.094617448034015,-0.19245819887106555,1.719866816366008,-0.6966795276469321,-1.09964545539445,2.1732705452450065,-2.753296093071812,1.0433442110593443,-0.8896591178466725,0.21688680750110853,-0.02568262589973205,2675385.0
23.893483730340332,-5.549876613743361,6.304655101028315,-1.7612267322812596,-0.4991013509169952,2.1219479974260516,-2.708815489080074,1.0520078166197437,-0.8893394226097909,0.21600174720940785,-0.026747870585572948,2675389.0861486485
-25.148910980988042,5.320536241109197,7.146972879791921,-2.440447881800812,0.1043472036764639,2.0521973041843,-2.658154412365651,1.0602500529824084,-0.8890099064189645,0.2151173992955867,-0.027812986059616806,2675393.6452702703
33.772478060287895,0.9606804044180572,4.754305803451933,-2.491337275109595,0.6737084717059068,1.9651396939271266,-2.601523667975193,1.0680703642701301,-0.8886707398524163,0.21423376844014083,-0.02887797015719616,2675398.204391892
-44.47055406783824,-5.64542297039447,0.302550174916576,-1.9836775356940435,1.1893288385831833,1.861918522679499,-2.539156188572948,1.0754681946056994,-0.8883220934883689,0.21335085932356557,-0.029942820713649388,2675402.7635135134
-15.01754207572754,3.2566899652852355,-4.675213059119925,-1.064157965617384,1.6345988176742918,1.743677146466388,-2.471284906823163,1.082442988111905,-0.8879641379050425,0.2124686766263562,-0.03100753556432648,2675407.322635135
51.72148279645736,6.960127787460185,-7.116621149551131,0.12087624040884308,1.992564814993545,1.6115589213127628,-2.3981427553900834,1.0889941889115387,-0.8875970436806604,0.2115872250290083,-0.03207211254457743,2675411.881756757
-43.71976265701605,-7.858150437997411,-4.499028085203743,1.4122371013068726,2.2462732365552527,1.4667072032435957,-2.319962666937961,1.0951212411273903,-0.8872209813934445,0.2107065092120173,-0.03313654948974061,2675416.440878378
30.963153929087223,-3.3161634307273724,1.5485275051049732,2.599365490534035,2.3787704883737324,1.3102653482838538,-2.2369775741310405,1.1008235888822508,-0.8868361216216173,0.2098265338558788,-0.034200844235136925,2675421.0
-20.72730356730871,9.779219095226928,6.620826260638436,3.45885949518143,2.3729823099354346,1.1434973789863652,-2.1494204096335663,1.1061006762989096,-0.8864426349434,0.20894730364108802,-0.035264994616124735,2675426.0861486485
18.25092407996294,-3.973578296664195,7.050078194903663,3.7673172023401724,2.2113528095476016,0.9681489490831755,-2.057524106109792,1.1109519475001575,-0.8860406919370151,0.20806882324814047,-0.03632899846805223,2675430.6452702703
-27.92802966431658,-11.468188321902428,3.888742819119341,3.3752434281923867,1.885914382273388,0.7860822391052772,-1.96152159622396,1.1153768466087846,-0.8856304631806847,0.20719109735753163,-0.037392853626259576,2675435.204391892
-32.22149438240676,1.262775316476546,-0.8602344915047078,2.4287699052843275,1.427519712327651,0.59915839465144,-1.8616458126403197,1.119374817747582,-0.8852121192526312,0.206314130649757,-0.03845655792610005,2675439.7635135134
41.18642646852039,12.7248906924081,-4.9416528064630825,1.1479350952532716,0.8767262974801157,0.4092385613204345,-1.7581296880231179,1.1229453050393396,-0.8847858307310761,0.20543792780531175,-0.03952010920289166,2675444.322635135
-47.203992710215935,1.0235348578464858,-6.5308730317605,-0.24722254026350016,0.2740916355005065,0.21818388471103045,-1.6512061550366015,1.1260877526068476,-0.8843517681942414,0.20456249350469158,-0.04058350529199894,2675448.881756757
50.00850701965435,-13.569863228223035,-5.844127525221753,-1.5539075317904998,-0.3398267758414511,0.027855510421997715,-1.5411081463450196,1.1288016045728966,-0.8839101022203495,0.20368783242839195,-0.04164674402873989,2675453.440878378
43.80701872870699,-13.247789318985674,-3.573781031098264,-2.6511904435607945,-0.9244714387760331,-0.15988541594789318,-1.4280685946126173,1.1310863050602766,-0.8834610033876225,0.20281394925690835,-0.04270982324848779,2675458.0
20.07660976268539,-2.2448859062355475,-0.517258277792847,-3.4869610922148455,-1.4392848555335123,-0.34317774879987417,-1.3123204325036426,1.1329412981917784,-0.8830046422742822,0.20194084867073572,-0.04377274078655772,2675463.0861486485
-26.399956852194194,10.090464446900103,2.4974402622133756,-4.022003359454509,-1.843709528344162,-0.5201603425351748,-1.1940965926823441,1.1343660209535884,-0.8825411823219468,0.20106853535037023,-0.04483549447831423,2675467.6452702703
-46.39493826500116,14.417915152579676,4.6423141164393,-4.217101126981644,-2.0971879594382643,-0.6889720515550244,-1.0736300078129677,1.1353598817854775,-0.8820707584258196,0.2001970139763069,-0.04589808215908114,2675472.204391892
45.69011626353672,5.031611184653111,5.270663162370642,-4.02137545538518,-2.1708254721590214,-0.8477517302606549,-0.9511536105597613,1.135922281990612,-0.8815934983444977,0.19932628922904116,-0.046960501664220076,2675476.7635135134
-45.79894118814024,-9.062732922065084,4.49960115673402,-3.375908600175839,-2.08207074472717,-0.9949461626274995,-0.8269003335869718,1.13605262287216,-0.8811095298365816,0.1984563657890685,-0.048022750829063585,2675481.322635135
37.838366144007836,-14.713867668326863,2.787480396639882,-2.370058186168394,-1.8588035581795714,-1.1302338509278103,-0.7011031095588468,1.13575028199887,-0.8806189569262517,0.19758724833688462,-0.04908482748894713,2675485.881756757
46.71633579687361,-10.63165936540996,0.6314037879366622,-1.1537474092425395,-1.5285957639788634,-1.2536171662234548,-0.573978931924224,1.1350145420018223,-0.8801217887000188,0.1967189415529846,-0.05014672947922943,2675490.440878378
9.877148337011992,0.42778929505327074,-1.5532973399120458,0.11761226179918635,-1.119019213587702,-1.3651622364379425,-0.44568103727029706,1.1338446617776772,-0.8796180105099762,0.19585145011786412,-0.05120845463523357,2675495.0
-19.932114402414403,11.592103117149733,-3.3731066197695903,1.2886093581542548,-0.6576457584687335,-1.4649511287101917,-0.3163467229688521,1.1322399002230972,-0.8791076077082173,0.19498477871201847,-0.05227000079231901,2675499.0861486485
-46.22889708538975,15.115571202113077,-4.438312179273315,2.2076369057941467,-0.1720472500846071,-1.553065910179123,-0.18611328639167313,1.1301995162347431,-0.8785905656468351,0.19411893201594324,-0.053331365785823384,2675503.6452702703
45.50508589724492,5.7516768840737935,-4.501532705823451,2.7679487844133086,0.3102044601020267,-1.629591583033182,-0.05511508986101741,1.1277227687092777,-0.8780668696779235,0.19325391471013367,-0.054392547451095966,2675508.204391892
-44.92344349709122,-8.74892222693826,-3.83227050983523,2.989803672561529,0.7615375206285223,-1.6946248896589302,0.07652524449897131,1.1248089165433615,-0.8775365051535754,0.19238973147508548,-0.055453543623462026,2675512.7635135134
31.34483063154099,-15.467743757373265,-2.845655704685872,2.9403304389919476,1.1556679867509758,-1.7482655074924547,0.20868802961367622,1.1214572186336569,-0.8769994574258845,0.1915263869912938,-0.05651435213827738,2675517.322635135
45.650553634337406,-11.039932695682195,-1.8551302985823108,2.683861130028533,1.47373754172846,-1.7906131139698427,0.34125357840848203,1.1176669338768244,-0.8764557118469433,0.1906638859392544,-0.057574970830874574,2675521.881756757
-10.512472950842637,2.6228401400440715,-0.7488686567550591,2.273282082398197,1.7083335784170999,-1.8217619453490268,0.4740967626306155,1.1134373211695272,-0.8759052537688463,0.1898022329994626,-0.05863539753661087,2675526.440878378
-26.689698682303423,15.481840117134155,0.691271766309483,1.7549584382344596,1.8585646842664196,-1.8417844731753183,0.6070706893146846,1.1087676394084252,-0.8753480685436852,0.18894143285241363,-0.05969563009082174,2675531.0
-48.22129928549525,15.4522982740137,2.525261012173911,1.1741935413044848,1.9246012450922947,-1.8507425691876362,0.7400178656889034,1.1036571474901815,-0.8747841415235551,0.18808149017860323,-0.06075566632884263,2675535.0861486485
46.425223581294226,-2.167432905882334,4.191477610228871,0.5762907353754355,1.9064967253280805,-1.848543128551609,0.8727427437907173,1.098105104311456,-0.8742134580605474,0.18722240965852663,-0.06181550408604098,2675539.6452702703
-41.35800550692695,-14.80737368299173,5.014521600442042,0.006553364214476012,1.8038844820557467,-1.8345980977419198,1.0049749343180119,1.092110768768912,-0.873636003506757,0.1863641959726794,-0.06287514119771591,2675544.204391892
4.454920056618302,-1.0834932905954993,4.375289015116735,-0.4880899796726674,1.61667312649166,-1.8085772566898244,1.1364266272908465,1.0856733997592103,-0.8730517632142768,0.18550685380155704,-0.06393457549925374,2675548.7635135134
23.745688375858883,13.580887391104673,1.8354658413708866,-0.854209708826033,1.3456262992394012,-1.771005414713784,1.2668100127292754,1.0787922561790124,-0.8724607225351998,0.18465038782565477,-0.06499380482595941,2675553.322635135
-16.800187905855562,2.5063728288000737,-2.34280426872987,-1.0367509870470948,0.9917095037046759,-1.722609243934395,1.395837280653359,1.0714665969249801,-0.8718628668216194,0.18379480272546825,-0.06605282701321928,2675557.881756757
16.37076674721948,-11.878499308189086,-5.276336958143664,-0.9819094145380983,0.5571386796939619,-1.6641154164722496,1.5232206210831525,1.0636956808937752,-0.8712581814256288,0.18294010318149298,-0.06711163989634317,2675562.440878378
-23.904836442106397,6.090890414121029,-4.30199654747077,-0.6711639018751904,0.054513603301067,-1.5962506044479405,1.648672224038713,1.0554787669820587,-0.8706466516993214,0.18208629387422406,-0.06817024131068088,2675567.0
34.589640456627336,10.125371033954442,-0.25788277285630634,-0.21343944606372758,-0.4757177592972795,-1.519741479982063,1.7719042795400997,1.046815114086493,-0.870028262994791,0.18123337948415721,-0.06922862909157677,2675572.0861486485
-40.66368701851916,-9.41375224664544,4.3244413322221975,0.231779827339694,-0.9674477874596772,-1.4353147151952086,1.8926289776073668,1.0377039811037392,-0.8694030006641302,0.18038136469178784,-0.07028680107437595,2675576.6452702703
0.6530476768348884,-4.200192304669221,5.045833807000547,0.4999404018333737,-1.3494994695996239,-1.3436969822079738,2.0105585082605755,1.0281446269304588,-0.8687708500594323,0.17953025417761134,-0.07134475509441132,2675581.204391892
30.645595067376636,8.487572060039625,2.2725662662692105,0.47695896368173707,-1.5645786299048583,-1.2456149531409466,2.125405061519778,1.0181363104633137,-0.8681317965327912,0.17868005262212314,-0.07240248898704052,2675585.7635135134
-20.987978245835595,1.0247377605646133,-2.014675932447055,0.2506330102137081,-1.6110243618830775,-1.1416933738917292,2.236880827405035,1.007678290598965,-0.8674858254362996,0.1778307647058188,-0.07346000058759426,2675590.322635135
15.93600451591316,-8.070909924482015,-4.448897341800753,-0.03726463555370912,-1.5048679163084977,-1.032252791787594,2.3446979959364027,0.9967698262340751,-0.8668329221220513,0.17698239510919359,-0.07451728773141711,2675594.881756757
-19.609808358229827,7.982710676871051,-2.572077507495888,-0.2529475696555649,-1.275848936579518,-0.9179258532194506,2.44856875713394,0.9854101762653048,-0.8661730719421393,0.17613494851274306,-0.07557434825385104,2675599.440878378
29.218330639351063,7.148709484815516,1.1815462010342819,-0.3448103967505457,-0.9594501941087288,-0.7994487108998578,2.5482053010177004,0.973598599589316,-0.8655062602486568,0.17528842959696275,-0.07663117999025407,2675604.0
-37.38715264802831,-7.990149286248457,3.6735256951876525,-0.27686083644958864,-0.5975482560963344,-0.677557517541384,2.643319817607743,0.9613343551027707,-0.8648324723936976,0.17444284304234792,-0.07768778077594637,2675608.0861486485
-11.186695788669732,-0.5149464278491818,2.568916902333737,-0.047639694846983785,-0.22247220168466827,-0.5529884258565928,2.733624496924127,0.9486167017023304,-0.8641516937293547,0.17359819352939404,-0.07874414844628522,2675612.6452702703
34.15843214897307,8.267578773429939,-0.33431986124902785,0.24139757839313278,0.1364211398518956,-0.426477588558046,2.818831528986906,0.9354448982846557,-0.863463909607721,0.17275448573859656,-0.07980028083661625,2675617.204391892
-24.43440947948023,-5.144004911447255,-2.525433162477403,0.4638099351811671,0.44977493923897677,-0.29876115835831746,2.898653103816142,0.9218182037464092,-0.8627691053808905,0.17191172435045118,-0.0808561757822531,2675621.7635135134
15.578261275065609,-8.709002700223587,-2.8912086356184643,0.4998103909076362,0.6917056663034984,-0.17057528796996116,2.972801411431888,0.9077358769842527,-0.8620672664009561,0.17106991404545288,-0.0819118311185763,2675626.322635135
-13.817950354925419,8.91107107493797,-1.2123069221497025,0.2931137573206461,0.8535822327766116,-0.04265613010554329,3.0409886418542014,0.8931971768948471,-0.8613583780200115,0.17022905950409742,-0.08296724468090533,2675630.881756757
19.916725653332747,2.7445202615419984,0.9444352521361363,-0.05940804323427963,0.9447229541176878,0.08426016252236802,3.102926985103142,0.8782013623748539,-0.8606424255901491,0.16938916540688032,-0.08402241430459452,2675635.440878378
-28.790730905367532,-9.065693526300766,2.5056832348977753,-0.4281540364980789,0.9819807675666888,0.20941855144315485,3.1583286311987635,0.8627476923209351,-0.8599193944634628,0.16855023643429673,-0.08507733782498371,2675640.0
-24.580366917076628,0.9731039499071659,2.7588320366542116,-0.6877490772469026,0.9833970476364629,0.3319146835442119,3.206905770161125,0.8468354256297521,-0.8591892699920461,0.1677122772668423,-0.086132013077404,2675644.0861486485
33.626564696873224,8.814071342265246,1.459545485364983,-0.751941227967056,0.9683381529864927,0.45053023351584126,3.248370592010284,0.8304638211979669,-0.8584520375279923,0.16687529258501244,-0.08718643789721407,2675648.6452702703
-26.126707738040437,-7.018841742509676,-1.064108605459371,-0.6385174449769587,0.9556349207399413,0.5639731044385901,3.282435286766298,0.8136321379222409,-0.8577076824233946,0.16603928706930246,-0.08824061011974943,2675653.204391892
16.018690259703455,-8.323761326355605,-3.0178304795535262,-0.37302770291082976,0.9465158361923167,0.6709511993930066,3.308812044449223,0.7963396346992355,-0.856956190030346,0.16520426540020808,-0.08929452758034695,2675657.7635135134
-10.828635096868483,8.098743018994199,-2.5647358255970327,0.009074227775991638,0.9375560436948294,0.7701724214596315,3.327211536247089,0.7785870892576416,-0.8561975457009401,0.16437023225822445,-0.0903481881143596,2675662.322635135
14.329443866522313,1.317694441042379,0.309667634304351,0.4141060295665333,0.9253306875986745,0.8603446737190232,3.3373383580198035,0.7603813546542667,-0.8554317347872701,0.16353719232384722,-0.0914015895571285,2675666.881756757
-25.000502518545638,-7.826373021003902,3.094785365805802,0.7338282481783935,0.9064173578909607,0.9401734136158237,3.3388947272146177,0.7417316623585812,-0.8546587426414288,0.16270515027757176,-0.09245472974399799,2675671.440878378
-31.693688354064474,-3.862747849687194,3.4012768898828827,0.8600014293291715,0.8774143750251637,1.0083433681283132,3.331578898539208,0.722651206579631,-0.8538785546155112,0.16187411079989344,-0.09350760651029329,2675676.0
32.71162857962289,7.8111922053776714,1.4924740955254896,0.7227967737701421,0.8361194090984156,1.0637278369661602,3.3150861694524756,0.7031561387752269,-0.8530911560616086,0.16104407857130776,-0.0945602176913731,2675681.0861486485
-25.09811004653184,-4.970812571154864,-1.5391909234752443,0.4060281023872294,0.7849383429982009,1.1060766290727957,3.28917828047239,0.683263134820215,-0.8522965323318153,0.1602150582723102,-0.09561256112259618,2675685.6452702703
14.620007558581777,-7.923457227110449,-3.3803775384155146,0.03191989110002214,0.7272873136488762,1.1352493518254427,3.2538848420212885,0.6629888705894406,-0.8514946687782244,0.15938705458339628,-0.09666463463926452,2675690.204391892
-9.568999224640665,7.965003606041267,-2.1672914988775225,-0.2951096115270714,0.6662387350685244,1.1513823680315227,3.209302431997605,0.6423500219577503,-0.8506855507529293,0.15856007218506124,-0.09771643607675037,2675694.7635135134
13.45208893919368,1.7155282885704155,0.7932678082402278,-0.5418670663503514,0.6047826775329406,1.154694384240729,3.1555276282997715,0.6213632647999896,-0.8498691636080238,0.15773411575780075,-0.09876796327038931,2675699.322635135
-15.943197578148324,-7.974537024501468,2.982973792268984,-0.6929653615812998,0.5459091555538533,1.1453584043484715,3.0927027672445817,0.6000452749910036,-0.8490454926955999,0.15690918998211,-0.09981921405551958,2675703.881756757
-31.180698850777247,-4.560674506539221,2.507814649599109,-0.7368838704774316,0.49232855589370866,1.1233643985767188,3.0211532188222794,0.5784127284056381,-0.848214523367752,0.1560852995384847,-0.10087018626749657,2675708.440878378
32.1767797860541,7.8930591857753445,0.4178417722614037,-0.6776247424260072,0.445689590263481,1.0886565787290656,2.941250111441467,0.5564823009187393,-0.8473762409765729,0.15526244910742004,-0.10192087774163244,2675713.0
-24.56718919743513,-4.241202407000493,-1.5825793376290815,-0.5232839556425618,0.40758868640709556,1.0411791566091175,2.853364573510752,0.5342706684051525,-0.8465306308741563,0.1544406433694116,-0.1029712863133121,2675718.0861486485
14.158817248233365,-7.789939068265219,-2.11588993326065,-0.2821015482572787,0.3797663319831338,0.9808763440204766,2.757867733438737,0.511794506739723,-0.8456776784125948,0.15361988700495496,-0.10402140981785646,2675722.6452702703
-9.05268159880563,7.758829080516172,-0.5770095522531897,0.024335939564835297,0.36431191052658285,0.9076923527667345,2.655130719634031,0.4890704917972979,-0.8448173689439826,0.15280018469454523,-0.10507124609060353,2675727.204391892
12.531386346636053,2.234635014222053,1.1487397890103879,0.32236431905596896,0.363290739267589,0.8216826849254266,2.5455246605052344,0.46611529945272145,-0.8439496878204127,0.15198154111867807,-0.10612079296690148,2675731.7635135134
-9.4973545247148,-7.74648501068338,1.5760750931811247,0.5254045854032935,0.3780945443093828,0.7234936435876045,2.4294206844609496,0.4429456055808397,-0.8430746203939777,0.15116396095784895,-0.10717004828209487,2675736.322635135
-28.759387839378935,-5.019158406670634,0.10353335506475274,0.5592000450561073,0.4090900845754582,0.6144653817894974,2.307189919909787,0.4195780860564992,-0.8421921520167721,0.15034744889255316,-0.10821900987152094,2675740.881756757
29.285797089605477,7.7899799702178125,-1.425884076553945,0.39948727365362247,0.4543264407708166,0.49622723770624744,2.179203495260349,0.39602941675454395,-0.8413022680408877,0.14953200960328633,-0.10926767557053699,2675745.440878378
-21.846443606283902,-3.5582665281345216,-1.1584897645772716,0.06876056623073123,0.5034730877798828,0.3710046951831452,2.0458325389212395,0.37231627354982205,-0.8404049538184204,0.14871764777054378,-0.11031604321446246,2675750.0
12.312968800016245,-7.8273176055730485,0.35408691372995615,-0.2970108318295038,0.5440222202803527,0.2412546424298438,1.9074481793010651,0.3484553323171772,-0.8395001947014606,0.14790436807482096,-0.11136411063865607,2675755.0861486485
-8.378236582562721,7.832683346159614,1.6440923673740018,-0.5204873553859671,0.5634440681641021,0.1094559324418215,1.7644215448084288,0.3244632689314556,-0.8385879760421031,0.14709217519661344,-0.11241187567845404,2675759.6452702703
12.552580644744289,3.250802892996175,0.8306364179638656,-0.4716015907432917,0.5519386292092507,-0.021916058337708922,1.617123763851936,0.300356759267503,-0.8376682831924408,0.14628107381641645,-0.11345933616920413,2675764.204391892
1.7024537869223821,-7.86853510041489,-1.085725822839774,-0.22376198452951068,0.5106610699014192,-0.1504359568371051,1.4659259648401919,0.2761524792001653,-0.8367411015045668,0.1454710686147256,-0.1145064899462433,2675768.7635135134
-28.316887745077914,-6.525404513506911,-2.3615771315129876,0.0987540515464982,0.4436848905327011,-0.27387043245721643,1.3111992761818003,0.2518671046042884,-0.8358064163305755,0.14466216427203626,-0.11555333484492587,2675773.322635135
27.71700898261481,8.012081209205933,-1.591213264746275,0.38174512815023603,0.35529710440207235,-0.39019966760577657,1.1533148262853674,0.22751731135471667,-0.8348642130225586,0.14385436546884395,-0.1165998687005735,2675777.881756757
-19.292741895767943,-2.2633997157774646,1.3313340698992142,0.5513139454447181,0.24983172913427987,-0.49745084901628794,0.9926437435594958,0.20311977532629694,-0.8339144769326101,0.14304767688564396,-0.11764608934854855,2675782.440878378
9.573168044350304,-8.297456061935943,3.420530842120689,0.543016714932957,0.13224600015237067,-0.593651870186171,0.8295571564127919,0.17869117239387547,-0.8329571934128241,0.14224210320293196,-0.11869199462418938,2675787.0
-6.259041091961053,8.469571917875585,1.8583435393087149,0.32206792748265767,0.009889154704495707,-0.6768306246128454,0.66442619325386,0.15424817843229696,-0.8319923478152933,0.14143764910120318,-0.11973758236282926,2675791.0861486485
11.646545803899196,4.79404694779671,-2.118103856431629,-0.018347143063978756,-0.10965922817650915,-0.7450150057937294,0.49762198249130435,0.12980746931640733,-0.8310199254921107,0.1406343192609532,-0.12078285039981891,2675795.6452702703
16.348981695528305,-8.835311207179176,-4.682664440034919,-0.35289489936253204,-0.21891761177022667,-0.7962329072262446,0.3295156525337299,0.10538572092105228,-0.8300399117953693,0.13983211836267742,-0.12182779657050416,2675800.204391892
-27.90954163014082,-8.870716990449353,-2.742838390735233,-0.5760146747140602,-0.3104044593562477,-0.8285122224078091,0.16047833178974144,0.08099960912107816,-0.8290522920771637,0.13903105108687117,-0.12287241871022136,2675804.7635135134
27.65579538435947,8.893885184895723,1.9945176339737438,-0.6612375250015569,-0.3766382342141565,-0.8398808448358431,-0.009118851332055207,0.05666580979132904,-0.8280570516895863,0.13823112211403005,-0.12391671465431017,2675809.322635135
-19.293990705268097,0.31150013902851736,6.0859162757457685,-0.5999738568721921,-0.41196812091433405,-0.8284437415075301,-0.1788905535137953,0.03240099880665246,-0.8270541759847305,0.13743233612464956,-0.12496068223812111,2675813.881756757
9.650132699815126,-8.72308753145209,6.523970156672293,-0.37544648622700805,-0.4183655520513499,-0.7929439843519334,-0.34837866922768396,0.008221852041892406,-0.8260436503146894,0.13663469779922502,-0.1260043192969882,2675818.440878378
-6.473491381433349,8.580371997601794,1.873915308863438,0.004884178111534638,-0.4003811343155607,-0.7339699611682263,-0.5170472677451652,-0.015854954628103594,-0.825025460031557,0.1358382118182518,-0.1270476236662652,2675823.0
12.352592494890212,7.993119599406283,-4.072289378838854,0.41983396779566395,-0.361068842701948,-0.6542452709854945,-0.6843351100240934,-0.03981274532849147,-0.8239995904874258,0.1350428828622255,-0.1280905931812849,2675827.0861486485
16.999054576483527,-5.984428134072113,-7.877823482450455,0.7196344567910516,-0.30303365356639694,-0.5569801344347712,-0.849643334059481,-0.06363484418442404,-0.8229660270343898,0.13424871561164142,-0.12913322567739674,2675831.6452702703
-27.91782268801229,-8.08408773073276,-6.582576474926475,0.7880753349250771,-0.22888054326479787,-0.44539417788779323,-1.0123636721056248,-0.08730457532105751,-0.8219247550245417,0.13345571474699508,-0.1301755189899291,2675836.204391892
28.58611451133333,7.892646848347808,0.7030497792188539,0.643926624762885,-0.14196258476590443,-0.32270680039435823,-1.1718878564168265,-0.1108052628635439,-0.8208757598099752,0.13266388494878203,-0.1312174709542628,2675840.7635135134
-22.103472584974742,2.352844569859172,7.761852441269168,0.3425079418950258,-0.048625237489944316,-0.19213649171648348,-1.327607619247383,-0.13412023093704004,-0.8198190267427831,0.13187323089749758,-0.13225907940569306,2675845.322635135
14.378011008084068,-7.45778054517401,9.234529873657326,-0.06011322879703881,0.044037942529984775,-0.05690151429423543,-1.4789146928515922,-0.15723280366669812,-0.8187545411750599,0.13108375727363727,-0.13330034217959305,2675849.881756757
-11.825445261537956,5.590861293799535,3.07577039848999,-0.491813594563961,0.12893339926078556,0.07975893321260615,-1.6251798732640466,-0.18012630517767378,-0.8176822884588973,0.13029546875769638,-0.13434125711128736,2675854.440878378
17.004872006519516,6.856389735295945,-4.695447203970552,-0.8162466311849372,0.1989675766693593,0.21452190726541392,-1.7656902116404798,-0.20278405959512014,-0.8166022539463897,0.12950837003017046,-0.1353818220361296,2675859.0
21.43549133547703,-3.607954087692156,-9.550592068666605,-0.88101000657128,0.24704691872261558,0.34404352810584826,-1.8997118229169303,-0.22518939104419158,-0.8155144229896303,0.12872246577155494,-0.13642203478945744,2675864.0861486485
-28.44941873996585,-6.143467451414315,-8.168218578252587,-0.5910699080592106,0.2680235459949895,0.4648674042682202,-2.02651082202942,-0.24732562365004432,-0.8144187809407119,0.12793776066234536,-0.13746189320662303,2675868.6452702703
28.936097070265514,5.838769776632221,0.3606411385885555,-0.08086660068454585,0.2643373778818504,0.5732820050666542,-2.1453533239139824,-0.26917608153783085,-0.8133153131517282,0.12715425938303707,-0.13850139512295892,2675873.204391892
-24.14164084334407,2.6144648160618353,7.9232636201768125,0.4577911310919859,0.2394617040697819,0.666438969228205,-2.255568818310601,-0.2907240888327053,-0.8122040049747726,0.12637196661412536,-0.1395405383738064,2675877.7635135134
18.68839593801319,-5.635497173712535,8.753283936710618,0.833094502809662,0.19606212106070775,0.7425511278803905,-2.35674029417507,-0.31195296965982316,-0.811084841761938,0.12559088703610605,-0.14057932079451546,2675882.322635135
-17.05000942908891,4.324591251640791,2.2402724932940172,0.9012825350489916,0.1369967955978459,0.8003549540818071,-2.4485141152671446,-0.3328460481443375,-0.8099578088653178,0.12481102532947427,-0.14161774022042734,2675886.881756757
19.39625588660202,6.294075349252509,-4.436607362085092,0.7104879191241487,0.06795365920301806,0.838666055017326,-2.5305366453465705,-0.35338664841140427,-0.8088228916370057,0.12403238617472552,-0.14265579448688337,2675891.440878378
17.407928382274655,-3.741233702633025,-7.391289510898415,0.35570095366550886,-0.0035561407300482685,0.8563497494571688,-2.6024841405369137,-0.3735580945861764,-0.8076800754290945,0.12325497425235529,-0.14369348142922478,2675896.0
-26.650752933303497,-7.802106733703381,-6.2157851967257,-0.06876675366667237,-0.06980613219386628,0.8525337577821488,-2.6642130337548173,-0.3933437107938088,-0.8065293455936777,0.12247879424285911,-0.14473079888278995,2675900.0861486485
26.150632114748237,4.663032085549072,-1.6601909222997098,-0.47012816136749624,-0.12309039938533836,0.8266386782925672,-2.7158520796320365,-0.41272682115945586,-0.8053706874828483,0.12170385082673213,-0.14576774468292886,2675904.6452702703
-22.87258245663454,9.748284489987682,3.151302203775013,-0.7559773694709155,-0.1557030265013582,0.7781457166265636,-2.7575906401381642,-0.43169074980827055,-0.8042040864487007,0.1209301486844702,-0.1468043166649886,2675909.204391892
20.001767978798895,4.83923233747062,5.254426340583973,-0.8339084780108912,-0.15992437070386226,0.7065223513873033,-2.7896180772427774,-0.45021882086540826,-0.8030295278433274,0.12015769249656853,-0.14784051266429885,2675913.7635135134
-19.960386562830575,4.214922277815134,4.736949122953315,-0.6468607179835848,-0.1310931596378886,0.6117729050533962,-2.8121237529154652,-0.4682943584560239,-0.8018469970188215,0.1193864869435226,-0.1488763305162183,2675918.322635135
22.439822996903455,-1.9216173060097477,2.5916470205314117,-0.2791538442340774,-0.07724475709884317,0.49651222982319887,-2.825297029125815,-0.48590068670527015,-0.8006564793272768,0.11861653670582781,-0.14991176805607365,2675922.881756757
22.783534408280786,-13.116866302888383,-0.15083683946347837,0.14954725743034095,-0.010660910752069023,0.36508003515733006,-2.8293272678434116,-0.5030211297383038,-0.7994579601207862,0.1178478464639797,-0.15094682311921495,2675927.440878378
-26.411176180580476,-14.385479599543437,-2.4598593298130984,0.5195777012023713,0.05570294115260198,0.22248972110089815,-2.8244034353633958,-0.5196394073547228,-0.7982514247514422,0.11708042089847352,-0.15198149354098636,2675932.0
25.352301091207863,3.098734270272355,-3.4807819890392158,0.7112726012747215,0.10878724989262623,0.07385879817173281,-2.810712211989858,-0.5357415253451768,-0.7970368585713398,0.11631426468980491,-0.15301577715672915,2675936.0861486485
-22.888338946872206,15.77738586717254,-3.102356965676283,0.642136844853054,0.13774448388155378,-0.07570506620878587,-2.788435233536932,-0.5513185339902725,-0.795814246932572,0.11554938251846929,-0.15404967180177298,2675940.6452702703
21.46023534118691,12.655124168055204,-1.6068180192793258,0.3783544111948631,0.1410322685668809,-0.22159066549462694,-2.757746089955804,-0.5663695294335592,-0.7945835751872313,0.11478577906496201,-0.15508317531147944,2675945.204391892
-22.274170744654008,7.480514114145652,0.444272515263611,0.023279052570593844,0.12134965860105389,-0.36122604830503774,-2.718816535555259,-0.5808954434609983,-0.7933448286874113,0.11402345900977869,-0.15611628552118692,2675949.7635135134
24.148999314194633,-1.9158074148894917,2.4293631459943583,-0.31973547874929087,0.08265702956947353,-0.49330058419223743,-2.6718183246440765,-0.594897207858552,-0.7920979927852055,0.11326242703341456,-0.15714900026623377,2675954.322635135
22.44942062373551,-15.019397726796715,3.7269023809547663,-0.5473354304943504,0.029115815168432684,-0.6167047008193367,-2.6169232115310224,-0.6083757544121844,-0.7908430528327066,0.11250268781636515,-0.1581813173819649,2675958.881756757
-25.232916284255598,-17.161443155095597,3.7379823007036093,-0.5788106229110604,-0.035112550905778736,-0.7303288258494379,-2.5543029505248844,-0.6213320149078568,-0.789579994182009,0.11174424603912599,-0.15921323470372814,2675963.440878378
23.086215586586775,1.0574292565976837,2.177578855653183,-0.4305345452806123,-0.10494819026877347,-0.8330633869456344,-2.484129295934435,-0.633766921131532,-0.7883088021852054,0.11098710638219231,-0.1602447500668495,2675968.0
-20.523428746965074,16.301196262232395,-0.3234501121242938,-0.1675617752687907,-0.17163744578376777,-0.9237988117710396,-2.406574002068452,-0.6456814048691746,-0.7870294621943886,0.11023127352605981,-0.1612758613066826,2675973.0861486485
19.774154532548103,14.72507444270501,-2.9656540539118743,0.13854373049163826,-0.2255082156258718,-1.0013936616436825,-2.321840689580779,-0.657076397906745,-0.785741959561653,0.10947675215122382,-0.16230656625857012,2675977.6452702703
-21.375781076152172,11.982226983825154,-5.150814707168091,0.41621801536795733,-0.2568883979702082,-1.0645660429477692,-2.230273434059094,-0.6679528320302066,-0.7844462796390912,0.1087235469381797,-0.1633368627578665,2675982.204391892
23.660085731172817,7.119414313471175,-6.264889856937378,0.593897122727431,-0.25613174501554026,-1.1119243834844776,-2.132300135650446,-0.6783116390255232,-0.7831424077787958,0.10797166256742301,-0.16436674863989115,2675986.7635135134
16.4926265499795,-4.367951638085057,-5.69077033999748,0.6145853540594038,-0.21358891553936557,-1.142061569225258,-2.02836732975288,-0.6881537506786564,-0.7818303293328618,0.10722110371944915,-0.16539622174000318,2675991.322635135
-24.03414931413276,-10.224463650714616,-2.8696200256145548,0.4840890810736332,-0.12352365924797902,-1.1541632736049263,-1.9189447111042701,-0.6974800987755687,-0.7805100296533809,0.10647187507475367,-0.16642527989354858,2675995.881756757
21.493614641686122,-0.8925016744512542,2.159228931735116,0.24148104028428463,0.0020717280396655904,-1.1483774312581008,-1.8045092738123605,-0.7062916151022244,-0.779181494092448,0.10572398131383173,-0.16745392093584352,2676000.440878378
-18.856996226162735,6.4994115954725,7.022044269222992,-0.06730917104493246,0.14456385251852938,-1.1250697731453025,-1.6855359784224404,-0.7145892314445839,-0.7778447080021546,0.10497742711717906,-0.168482142702258,2676005.0
18.426888945221393,2.4770412821063803,8.603163399238648,-0.39576999989591777,0.2847373646291925,-1.0846066827552205,-1.5624991329516447,-0.7223738795886119,-0.7764996567345953,0.10423221716529114,-0.16950994302812167,2676009.0861486485
-20.54767975485997,3.657615508836681,4.431884963779265,-0.6899298824956837,0.40355244771239424,-1.0273545435765306,-1.4358730454171085,-0.729646491320271,-0.7751463256418633,0.10348835613866299,-0.17053731974878453,2676013.6452702703
23.11981451387188,4.669810459546046,-2.8358943812517867,-0.8660392566828748,0.4827334613407724,-0.9536797390979057,-1.3061320238359717,-0.7364079984255221,-0.7737847000760514,0.10274584871779047,-0.17156427069958202,2676018.204391892
20.938229901387544,-2.041311172600362,-8.745380342580583,-0.8367831972338184,0.5080749456796884,-0.8639486528080317,-1.173750376225366,-0.7426593326903294,-0.7724147653892531,0.10200469958316886,-0.17259079371586925,2676022.7635135134
-22.438106853887493,-5.378053699820123,-9.336297210005368,-0.5294951259561632,0.4801750471425814,-0.7586829274123175,-1.0392024106024265,-0.7484014259006558,-0.7710365069335616,0.10126491341529377,-0.17361688663296346,2676027.322635135
18.301037595292584,3.338586664060006,-2.6822975483321465,0.06613253105058921,0.40401103887092443,-0.6391351602557604,-0.9029624349842925,-0.7536352098424637,-0.7696499100610703,0.10052649489466034,-0.17464254728624157,2676031.881756757
-13.906699555227203,4.8828626723187,5.6735701907420015,0.7255635931431585,0.2851555500437449,-0.5071528789906676,-0.7655047573880992,-0.7583616163017144,-0.7682549601238732,0.09978944870176419,-0.17566777351102014,2676036.440878378
12.444266903886666,-4.4332832646603455,8.837020317129834,1.1655510474748776,0.1292911276127275,-0.3646935290420046,-0.6273036858309808,-0.7625815770643724,-0.7668516424740622,0.09905377951710097,-0.176692563142647,2676041.0
-14.80185316270965,-0.608730034637287,3.9553967278994464,1.1734947719776012,-0.056485916583070374,-0.21371455583473478,-0.4888335283300731,-0.7662960239164012,-0.7654399424637315,0.09831949202116572,-0.17771691401647283,2676046.0861486485
19.12425499704087,4.130661515957021,-3.509795631274805,0.8187082351817463,-0.2585040591982602,-0.05641958423514681,-0.3505685929025129,-0.7695058886437606,-0.7640198454449748,0.09758659089445419,-0.17874082396783966,2676050.6452702703
19.311662019016552,-1.7630189179527291,-7.577148895561321,0.23845590633410044,-0.45819732140831515,0.10420296036086059,-0.2129831875654367,-0.7722121030324155,-0.7625913367698846,0.09685508081746155,-0.17976429083207857,2676055.204391892
-19.95485953576482,-5.168792128294005,-6.436702831711605,-0.42812352453826696,-0.6368792413748129,0.2657181420590209,-0.07655162033597761,-0.774415598868328,-0.761154401790554,0.09612496647068358,-0.180787312444541,2676059.7635135134
15.019225567831363,6.157157916175745,-0.6073101769472713,-1.0316985942250232,-0.7760632744950616,0.4258909422008086,0.05825180076872684,-0.776117307937462,-0.7597090258590772,0.09539625253461542,-0.18180988664056535,2676064.322635135
-8.931704412207006,6.295029677054815,4.670511485005215,-1.4203896462200176,-0.8572628761663712,0.5824863421276963,0.1909527677315401,-0.7773181620257782,-0.7582551943275472,0.09466894368975276,-0.18283201125550577,2676068.881756757
5.806237218835127,-7.2050738362189755,5.524458385852706,-1.4412217220218804,-0.8633153048640437,0.7334978242639272,0.3210769725353271,-0.7780190929192399,-0.7567928925480569,0.09394304461659067,-0.18385368412469155,2676073.440878378
-7.399684258570929,-2.1678215975725172,2.005280237809283,-1.004850571140485,-0.7870549861604655,0.8776354632433084,0.44815010716295134,-0.7782210324038109,-0.7553221058726997,0.09321855999562513,-0.1848749030834705,2676078.0
12.062979384626187,7.910864282486751,-2.3880756273154256,-0.2928843050589163,-0.6414479678465863,1.0130481862963594,0.5716978635972787,-0.7779249175093089,-0.7538428144097133,0.0924954945073512,-0.18589566596718568,2676083.0861486485
8.503786688728576,2.5352278477628754,-4.283798060375254,0.4450570487476281,-0.4441622524984943,1.1376875085320861,0.6912459338211733,-0.7771317154760458,-0.7523549680568427,0.09177385283226445,-0.18691597061117496,2676087.6452702703
-21.999801409403265,-7.666113391697539,-3.6257891439012564,1.0020198316802327,-0.21286584269228143,1.2495049450594966,0.806320009817496,-0.7758424357284609,-0.7508584745277015,0.09105363965086016,-0.1879358148507854,2676092.204391892
24.45815262497164,-8.468210685551634,-1.436962774106351,1.341715860645093,0.03477325899596224,1.3464520109875964,0.9164457835691143,-0.7740580969260704,-0.7493532323008325,0.0903348596436341,-0.18895519652136555,2676096.7635135134
-0.8056493293946809,-1.629522362909816,0.9871995193624987,1.4705233214246882,0.28108704999014705,1.4264802214253929,1.021148947058892,-0.7717797177283847,-0.747839139854782,0.08961751749108156,-0.18997411345824378,2676101.322635135
-16.691753450524782,6.411055024974988,2.782880485775409,1.3941313468549779,0.5090965806607011,1.4875410914818905,1.1199551922696922,-0.7690083167949139,-0.7463160956680934,0.08890161787369776,-0.19099256349677463,2676105.881756757
-22.553617133126945,9.058816918187205,3.2167000997508883,1.1138445624121982,0.7062074087377703,1.5275861362660972,1.21239021118438,-0.7657449127851704,-0.7447839982193118,0.08818716547197837,-0.1920105444722948,2676110.440878378
5.480218614304767,2.362652601293355,1.876894266251259,0.6428468812740337,0.8673396432099176,1.5445668708870204,1.2979796957858192,-0.761990524358666,-0.7432427459869811,0.08747416496641887,-0.1930280542201505,2676115.0
20.343459911601098,-6.740903846679483,-0.3618373883859266,0.06902001281453074,0.9902909527087601,1.536359170167613,1.3763249783429259,-0.7577461701749123,-0.7416922374496463,0.08676262103751448,-0.1940450905756852,2676119.0861486485
-20.120124600798444,-9.612602636616645,-2.3031793074793243,-0.5006728106497503,1.0731713218832617,1.5005363477866231,1.447329952268822,-0.7530128688934212,-0.740132371085851,0.08605253836576114,-0.19506165137424158,2676123.6452702703
20.236401027191054,-3.764989761621665,-3.024379461774818,-0.9592683568022524,1.1139793339382622,1.4346682189509221,1.5110134108926305,-0.7477916391737037,-0.7385630453741396,0.08534392163165362,-0.1960777344511464,2676128.204391892
-3.710032856667942,4.594658997233353,-2.675596611203921,-1.2211467138497551,1.109292289331847,1.3375917132000597,1.567548315957557,-0.7420834996752704,-0.7369841587930576,0.08463677551568802,-0.19709333764176545,2676132.7635135134
-20.251489976772426,9.843680458462996,-1.5951797610320528,-1.2860612520923589,1.0516618340050827,1.2121416353834966,1.617135408413909,-0.7358894690576354,-0.7353956098211479,0.08393110469835918,-0.19810845878142894,2676137.322635135
-12.396744155918931,8.437859288408486,-0.10106234542840327,-1.1775959247966883,0.9351050186048301,1.0621775181938045,1.6599725591062804,-0.7292105659803085,-0.7337972969369572,0.08322691386016297,-0.19912309570548414,2676141.881756757
5.74057729197691,2.416841648325203,1.4750867676427837,-0.9298615843308856,0.7641542476876891,0.8915704395153338,1.6962576388792634,-0.7220478091028022,-0.7321891186190269,0.08252420768159463,-0.2001372462492732,2676146.440878378
19.56949914322019,-4.704185176978466,2.7605732164435266,-0.5829597188707812,0.5493325616179464,0.704191477232436,1.726188518577454,-0.7144022170846269,-0.7305709733459039,0.08182299084314963,-0.20115090824812942,2676151.0
-19.458593234698657,-9.503028637792804,3.3726782031491815,-0.18233757011870683,0.30650875428638974,0.5039117092294626,1.7499630690454449,-0.7062748085852957,-0.7289427595961313,0.08112326802532353,-0.2021640795374166,2676155.0861486485
19.398866444808903,-9.811516383506216,2.9286491069780825,0.2253994671306007,0.0527435956332466,0.29460221339076526,1.767779161127831,-0.6976666022643194,-0.7273043758482544,0.08042504390861156,-0.20317675795245568,2676159.6452702703
4.298443307093445,-5.914716766285955,1.247324449337235,0.5945063115849213,-0.19562716607563663,0.08013406760069464,1.7798346656692052,-0.6885786167812098,-0.7256557205808165,0.0797283231735095,-0.20418894132860022,2676164.204391892
-18.828775180974976,0.2812247841139375,-1.0455853352560718,0.8821717916065881,-0.4251678692719324,-0.13562165025639752,1.7863274535141618,-0.679011870795478,-0.7239966922723631,0.07903311050051234,-0.20520062750118945,2676168.7635135134
-8.016857130195804,6.493860981592105,-3.1226433782677376,1.046598475253911,-0.6234565920832909,-0.3487938622961598,1.7874553955072952,-0.6689673829666359,-0.7223271894014381,0.07833941057011565,-0.20621181430556743,2676173.322635135
2.000925165376951,10.131378123301742,-4.156412811163653,1.0491742266065958,-0.781256708658757,-0.5555114906342409,1.7834171261341876,-0.6584469355951842,-0.7206471104465858,0.07764722806281549,-0.2072224995770769,2676177.881756757
16.019968353802064,8.773939221471213,-3.5634919865727746,0.8742501477475468,-0.8978868671754616,-0.7519034573862898,1.7744143344443724,-0.6474553655455737,-0.7189563538863508,0.07695656765910651,-0.2082326811510628,2676182.440878378
-14.78244709636407,2.0546808965830654,-1.7366201417763076,0.566419061660866,-0.9752755808112803,-0.9340986846679551,1.7606509794098366,-0.6359997796047089,-0.7172548179301156,0.07626743377032254,-0.2092423568628642,2676187.0
13.775931826143301,-5.985652616400566,0.6874282647814756,0.18482661557219612,-1.015496223010517,-1.0982260945948847,1.7423370451284224,-0.6240933096853495,-0.7155423997106152,0.07557982973114948,-0.21025152454781945,2676192.0861486485
12.108012079214921,-10.340754129143539,3.0718787746563074,-0.21138154329281436,-1.0206190757134135,-1.2404177007867951,1.7196840219794338,-0.6117505939817165,-0.7138189960914226,0.07489375860711109,-0.21126018204127933,2676196.6452702703
-13.758078687636537,-10.77919864152865,4.846197426000933,-0.5630597677085252,-0.9919223951929853,-1.3575975425306204,1.6929034003421777,-0.5989862706880366,-0.7120845039361099,0.07420922346373161,-0.2122683271785887,2676201.204391892
3.148268472446642,-8.310314018386766,5.711573824571116,-0.8110624104492825,-0.927552936024575,-1.449821160810979,1.6622066705959595,-0.5858149779985302,-0.7103388201082513,0.07352622736653486,-0.21327595779507685,2676205.7635135134
6.0119155334452214,-3.6508404731286515,5.478881079212087,-0.9120235522975493,-0.8253545943200336,-1.5180639087004726,1.627805323120084,-0.5722513541074212,-0.7085818414714189,0.07284477338104468,-0.21428307172609923,2676210.322635135
18.20906525107951,2.662159917880417,4.031340606514426,-0.8841280091239346,-0.6867932217326699,-1.563715175172488,1.589910848293855,-0.5583100372089319,-0.7068134648891853,0.07216486457278513,-0.21528966680699238,2676214.881756757
-19.38410164378157,8.923615103126554,1.2685705047013223,-0.7550563232538517,-0.5201345590158616,-1.5882654152781508,1.5487347364965804,-0.5440056654972864,-0.7050335872251239,0.07148650400728013,-0.21629574087310158,2676219.440878378
2.444117257064575,9.90975664586234,-2.673406620104175,-0.5508756849626911,-0.3352576989730029,-1.5932050840685879,1.5044884781075643,-0.5293528771667065,-0.703242105342808,0.07080969475005362,-0.21730129175976953,2676224.0
16.98946400769668,2.9141042265330768,-6.477492624847885,-0.29764199074939995,-0.14205302818393226,-1.5800097914494924,1.4573687183606787,-0.5143663104114157,-0.7014389161058101,0.07013443986662968,-0.21830631730233319,2676228.0861486485
-12.405514732137801,-8.572171809311348,-7.648354837248934,-0.02141113711292404,0.0495890667715114,-1.5500855490194927,1.4075025041827312,-0.49906060342563724,-0.699623916377703,0.069460742422532,-0.21931081533614105,2676232.6452702703
7.372377900663348,-4.7485970448793955,-4.347713540523665,0.2506729603486143,0.2297781993134866,-1.5048051955720356,1.354983709695349,-0.48345039440359544,-0.6977970030220596,0.06878860548328461,-0.22031478369654062,2676237.204391892
-5.386458945550006,6.799573871085196,1.692669138795879,0.48711430964039826,0.38862398286215366,-1.445621525141527,1.2999861642611141,-0.46755032153951037,-0.6959580729024532,0.06811803211441154,-0.2213182202188629,2676241.7635135134
8.05398932761413,1.1502447721760363,7.4921906608973625,0.6553288996684367,0.5162360308376728,-1.3740098750039453,1.2427062404841849,-0.45137502302760707,-0.6941070228824563,0.06744902538143689,-0.2223211227384602,2676246.322635135
-13.296236871721991,-5.133640669602637,8.754168837827562,0.7227327193387365,0.6027239566602015,-1.2914455824352664,1.1833403109687182,-0.4349391370621078,-0.6922437498256424,0.06678158834988417,-0.22332348909066496,2676250.881756757
2.0725801151385936,0.3955358953937199,3.02039234724595,0.6699428338123086,0.6409796036671938,-1.1994039847114701,1.1220847483188696,-0.4182573018372361,-0.6903681505955833,0.06611572408527765,-0.22432531711083048,2676255.440878378
18.544573515647176,4.127324569814057,-5.019880579635938,0.530246452326534,0.6350849869511305,-1.0992875102507458,1.059135925138797,-0.4013441555472149,-0.6884801220558533,0.06545143565314106,-0.22532660463429513,2676260.0
-14.666939909583183,-3.9132016505786447,-9.229832844054643,0.3495952165991797,0.5918877915842665,-0.9919453837591465,0.9946902140326563,-0.384214336386267,-0.6865795610700246,0.0647887261189989,-0.22632734949639727,2676264.0861486485
7.8995248632866835,-2.717452437719687,-6.357642375348536,0.16717863997833438,0.5176239882466153,-0.8774809546068251,0.928943987604605,-0.36688248254861583,-0.68466636450167,0.06412759854837441,-0.22732754953248815,2676268.6452702703
-2.940425636798734,3.762074004773063,0.34739989342535,-0.004325633891979885,0.41976120592050886,-0.7572292304662551,0.8620936184587991,-0.3493632322284845,-0.6827404292143623,0.0634680560067919,-0.22832720257790537,2676273.204391892
3.2753681061566224,-2.136946462607783,6.441018345473937,-0.1588679287937631,0.3061403802341015,-0.6328985256557328,0.794335479199395,-0.33167122362009394,-0.6808016520716755,0.0628101015597752,-0.22932630646798788,2676277.7635135134
-8.399613378104304,-3.498813541058956,9.12336831194661,-0.2903985685090131,0.1846024468155516,-0.5061971544935562,0.7258659424305504,-0.3138210949176705,-0.6788499299371811,0.06215373827284827,-0.23032485903808617,2676282.322635135
-4.01247915811494,1.5889674665794773,7.461526081310129,-0.39166453421739383,0.06298834129301388,-0.37883343129802155,0.656881380756422,-0.29582748431543526,-0.6768851596744534,0.061498969211535186,-0.23132285812354136,2676286.881756757
19.850541865851575,3.108209057568345,2.6407337032607283,-0.4505994366892308,-0.0508610007053551,-0.2525156703874265,0.5875781667811648,-0.2777050300076112,-0.674907238147064,0.060845797441359865,-0.23232030155969333,2676291.440878378
-19.63810290016724,-3.0565272292650163,-3.464340862984871,-0.45392117748879174,-0.1491170101551177,-0.12895218608006798,0.5181526731089363,-0.2594683701884213,-0.6729160622185866,0.060194226027846034,-0.23331718718187314,2676296.0
9.88610783285448,-0.7984255393103341,-7.662963656981199,-0.3872642631019349,-0.22503451311024864,-0.009851292694244949,0.448801272343895,-0.24113214305209013,-0.6709115287525941,0.059544258036517826,-0.23431351282545446,2676301.0861486485
8.888301393409135,3.708657629993369,-7.720005340730986,-0.235451737355138,-0.2760143778781231,0.10305091007669101,0.3797203370901956,-0.22271098679283916,-0.6688935346126589,0.05889589653289921,-0.2353092763257534,2676305.6452702703
-3.802832439823584,-0.15652176800198894,-3.148528064700291,-0.008913142443843988,-0.3004832454118151,0.20790718103917213,0.3111062399519953,-0.20421953960489206,-0.6668619766623545,0.05824914458251413,-0.23630447551811892,2676310.204391892
4.6379585537255075,-5.508496651203264,3.0504116255375213,0.2254095502836738,-0.2970030439702388,0.3029798199348761,0.24315535353345008,-0.1856724396824703,-0.6648167517652536,0.057604005250886596,-0.2372991082378965,2676314.7635135134
-10.89030376890113,6.593203145059925,6.251551917997168,0.38728041684055386,-0.26491899522366524,0.387314419916839,0.17606405043871884,-0.1670843252197997,-0.6627577567849295,0.05696048160354008,-0.23829317232042752,2676319.322635135
18.619432268060418,8.02106556007827,5.106315941498301,0.414489664993421,-0.20488964046457933,0.4612622278601109,0.11002870327195588,-0.1484698344111011,-0.6606848885849538,0.056318576705999185,-0.23928666560105818,2676323.881756757
-22.846572491786805,-8.216650737588553,1.208646064339343,0.31892893921862614,-0.12076458137677554,0.5263379777344682,0.04524568463731897,-0.12984360545059825,-0.6585980440289011,0.05567829362378725,-0.24027958591512527,2676328.440878378
14.45757452861988,-10.447151446809725,-2.633979177065373,0.138299678559931,-0.024417123089318055,0.5842887782408285,-0.01808863286103538,-0.11122027653251411,-0.6564971199803437,0.05503963542242899,-0.24127193109796563,2676333.0
17.19743225258782,-4.207438706331127,-4.090961052669473,-0.08851567212011457,0.07109842344994069,0.6368617380801104,-0.07977787661894957,-0.09261448585107253,-0.6543820133028536,0.054402605167447576,-0.24226369898493438,2676338.0861486485
-11.939322616610783,-1.0098125675665324,-3.4650590468571507,-0.3210506967946012,0.1529317232624005,0.6858039659532339,-0.13962567403226817,-0.07404087160049481,-0.6522526208600058,0.0537672059243675,-0.24325488741137352,2676342.6452702703
9.66986339620391,2.1464804129868797,-1.724076999371282,-0.5116871909021727,0.20823244136946173,0.7328625705611175,-0.19743565249683398,-0.05551407197500589,-0.6501088395153709,0.05313344075871216,-0.2442454942126192,2676347.204391892
-12.36109197360553,13.077155118649193,0.16239330291164203,-0.611019002747862,0.2241822593734502,0.7797526440237551,-0.2530114394084912,-0.03704872516882704,-0.6479505661325232,0.05250131273600623,-0.24523551722402046,2676351.7635135134
18.260622370969664,7.952379476075859,1.3939878681335793,-0.5734633355702926,0.1924581298821306,0.8275173623892916,-0.3061566621630817,-0.01865946937618213,-0.6457776975750354,0.05187082492177301,-0.24622495428091717,2676356.322635135
-23.426425032386117,-9.02091260882708,1.8472538845102735,-0.3687639417689099,0.12227097023760547,0.874992486132358,-0.3566749481564502,-0.00036094279129426265,-0.6435901307064799,0.05124198038153686,-0.247213803218652,2676360.881756757
12.128032225843809,-12.80452829700435,1.5915945881645708,0.005751300728781547,0.02733142016953549,0.9204699259794347,-0.4043699247844384,0.01783221639161417,-0.6413877623904305,0.05061478218082134,-0.24820206187255703,2676365.440878378
23.351119117533578,-8.316756277006844,0.8250264918275309,0.4566755732093577,-0.07861675116596518,0.9622415926570047,-0.4490452194428896,0.0359053699783186,-0.6391704894904593,0.04998923338515064,-0.24918972807799097,2676370.0
-18.53621631996093,-4.87187716386222,-0.09440457866665242,0.8608426048512555,-0.1818297746127811,0.9985993968915512,-0.4905044595276489,0.05384387977459818,-0.6369382088701401,0.04936533706004887,-0.2501767996702864,2676374.0861486485
13.282966222359093,3.3882656905101918,-0.7745525324301604,1.09355332502804,-0.26856388101479733,1.0278352494095557,-0.5285512724345584,0.07163310758622826,-0.6346908173930449,0.048743096271039746,-0.25116327448479325,2676378.6452702703
-10.69608011585584,11.02785060353936,-0.8414011824273153,1.0504601468527957,-0.32729688110327865,1.0482410609375004,-0.5629892855594617,0.08925841521898581,-0.6324282119227467,0.048122514083647164,-0.2521491503568533,2676383.204391892
11.952944784829237,1.1193690846801767,-0.17332778101575588,0.7282918527029042,-0.3553926007271985,1.0581106980692188,-0.5936256687292104,0.10670516447864943,-0.6301502893228194,0.04750359356339531,-0.25313442512180356,2676387.7635135134
-15.810752600335732,-10.433013025185895,0.6136652196557123,0.22281044592013258,-0.3527224333507733,1.0560539086805856,-0.6203026138522136,0.1239587171709942,-0.6278569464568348,0.046886337775808,-0.2541190966149866,2676392.322635135
15.55980133839415,-9.930681719682918,0.8843936777351715,-0.3573748983082274,-0.32041267398217654,1.0420277155224489,-0.6429559682997424,0.14100443510179791,-0.6255480801883663,0.046270749786408924,-0.2551031626717557,2676396.881756757
24.293239114714936,-4.723807494123403,0.64884804890888,-0.9325230045957595,-0.26030235970598303,1.0167768188027917,-0.6615965148238021,0.1578276800768378,-0.6232235873809867,0.0456568326607225,-0.25608662112743824,2676401.440878378
-26.753688970698978,-3.3586644444331872,0.08735002432506118,-1.4360306193830392,-0.17433691176208968,0.981268080950919,-0.6763522654803193,0.1744152651398134,-0.6208833648982697,0.04504458946427232,-0.2570694698173893,2676406.0
27.819769970080635,-1.174590364245429,-0.6173132063209595,-1.8029288772042462,-0.06446175139039244,0.936495633012183,-0.6873843058929601,0.19075980828611314,-0.6185273096037865,0.044434023262582625,-0.2580517065769408,2676411.0861486485
2.516554520855763,4.784712756932939,-1.2823395937999764,-1.9682637721274332,0.06737770016921225,0.883453606031942,-0.6948551729233168,0.2068553787490508,-0.6161553183611119,0.04382513712117692,-0.2590333292414535,2676415.6452702703
-5.4611809629758366,10.752803157999228,-1.7249270888827954,-1.8655682263534963,0.21772294980967197,0.8231361310555478,-0.6989276643319685,0.22269630666092938,-0.6137672880338181,0.04321793410557964,-0.2600143356462497,2676420.204391892
-27.666434272340734,11.44580632523855,-1.733346840774747,-1.4509707772436586,0.37706321695531425,0.756537339128359,-0.6997656214754643,0.23827796575001586,-0.6113631154854773,0.04261241728131451,-0.2609947236266799,2676424.7635135134
3.4143292628692525,3.753888745717796,-1.0903015372546403,-0.7937534135350354,0.5343746491633109,0.6846513612957272,-0.6975333520402224,0.2535961960744547,-0.6089426975796634,0.04200858971390554,-0.26197449101809134,2676429.322635135
27.678491982499878,-6.650561631920003,0.009877956122959391,0.007854322497283824,0.6786333939908326,0.6084723286030104,-0.692395985436195,0.2686476594159169,-0.6065059311799488,0.04140645446887647,-0.26295363565582264,2676433.881756757
-27.8312616689676,-12.195051906104725,1.2627220289681746,0.8555479758509534,0.7988155989950525,0.5289943720955619,-0.6845188565042131,0.2834292229869561,-0.6040527131499063,0.040806014611751526,-0.263932155375207,2676438.440878378
27.865982307951114,-8.073129074518219,2.370314815140037,1.6510230915236295,0.8838974117331406,0.44721162281873944,-0.6740673000851125,0.29793775400012934,-0.6015829403531093,0.040207273208054464,-0.26491004801160967,2676443.0
2.114256284701153,1.2239908162012303,3.0609554254931854,2.295975214512965,0.9229298933819577,0.36404329819820647,-0.6612066510197221,0.3121701196679893,-0.5990965096531308,0.03961023332330923,-0.2658873114003531,2676447.0861486485
-21.54584331562952,9.865759323523612,3.0678031587507344,2.6937934461970423,0.905221356414712,0.2801513643632832,-0.6461022441488773,0.32612318720309175,-0.5965933179135428,0.03901489802304007,-0.26686394337678654,2676451.6452702703
-27.053288716772087,12.131260051738058,2.092914971835346,2.778349700598632,0.8206049433504571,0.1962924865532088,-0.6289194143134113,0.33979382381799106,-0.5940732619979193,0.03842127037277054,-0.2678399417762534,2676456.204391892
-2.380168194433737,4.6424854048460436,-0.0014095475619742633,2.576460021612091,0.6649332851495666,0.11326573318962073,-0.6098234963541546,0.35317889672524205,-0.5915362387698327,0.03782935343802487,-0.2688153044340987,2676460.7635135134
26.19908408126811,-5.9612650277953465,-2.3402043189743202,2.1243139402521023,0.4490136419308156,0.031870172694162396,-0.5889798251119417,0.3662752731373993,-0.5889821450928565,0.03723915028432685,-0.2697900291856628,2676465.322635135
-25.65686450513804,-10.968657863738601,-3.7892546096711315,1.4545172125326833,0.18723704881364014,-0.04709512651152644,-0.5665537354276043,0.3790798202670168,-0.586410877830562,0.0366506639772003,-0.27076411386629873,2676469.881756757
25.03687066651771,-5.468674997587881,-3.507489102810996,0.6011650517672757,-0.10600545908252285,-0.1228310960058051,-0.5427105621419768,0.39158940532665043,-0.5838223338465237,0.03606389758216951,-0.271737556311307,2676474.440878378
14.10488383926259,3.926303887554242,-1.8417673941964992,-0.3803322504455889,-0.4163228466382402,-0.19453866736703165,-0.5176156400958917,0.403800895528854,-0.5812164100043143,0.0354788541647579,-0.2727103543560813,2676479.0
-24.14524869132322,9.274726014621944,0.5064785081309922,-1.3716459488583224,-0.7293240787340731,-0.2614187721735683,-0.4914343041301799,0.4157111580861826,-0.5785930031675065,0.03489553679049019,-0.2736825058359425,2676484.0861486485
-4.126870312104802,5.517620252890485,2.795949383146901,-2.239090049135927,-1.0306181202505855,-0.32267234200377265,-0.4643318890856765,0.42731706021119004,-0.5759520101996728,0.034313948524889906,-0.2746540085862373,2676488.6452702703
12.250883288491815,-2.5794411712207554,4.187306154243482,-2.8489785569434116,-1.3058139360683436,-0.37750030843600246,-0.4364737298032137,0.43861546911643257,-0.5732933279643867,0.033734092433480696,-0.2756248604423022,2676493.204391892
24.907238461718457,-7.898480907074461,3.8451475681746294,-3.0960732652032195,-1.5405204910679113,-0.42510360304862027,-0.4080251611236235,0.44960325201446383,-0.5706168533252213,0.033155971581787014,-0.27659505923948624,2676497.7635135134
-25.42380976210157,-5.1011099746953645,1.4433964123146075,-2.987758917598923,-1.7215149483985166,-0.46467585511898474,-0.37915882018873837,0.4602772761178386,-0.5679224831457488,0.03257958903533228,-0.2775646028131339,2676502.322635135
13.557256093525636,2.8171900333588864,-1.7334451723425912,-2.5536997599752094,-1.841742756305714,-0.4953748895863644,-0.3500831484784819,0.4706344086391112,-0.5652101142895424,0.032004947859641364,-0.27853348899857916,2676506.881756757
25.50007741115118,7.335494966882897,-4.005342153212386,-1.8164098718213846,-1.9012995293904396,-0.5163287048951406,-0.321036413967665,0.48067151679083686,-0.5624796436201749,0.03143205112023702,-0.2795017156311677,2676511.440878378
-24.728399909340208,2.4535774576725102,-4.113846509127876,-0.8161946885222771,-1.9015462657783617,-0.5269101271132168,-0.2922421655045243,0.49038546778557013,-0.5597309680012199,0.030860901882644145,-0.28046928054625964,2676516.0
18.335166740822647,-4.929975894023345,-2.4817295757502684,0.32436427402584717,-1.8428947568757084,-0.5274848573820938,-0.26388028358312876,0.49977312883586594,-0.5569639842962495,0.030291503212386033,-0.2814361815791614,2676520.0861486485
23.175903619506013,-7.242289015099585,0.057841532595703515,1.4428838966390165,-1.725411594665195,-0.5188415497811957,-0.23605289518314843,0.5088313671542785,-0.5541785893688372,0.029723858174986968,-0.28240241656524184,2676524.6452702703
-0.7623131495562346,-0.6729278649441847,2.5558555570533787,2.3718523712906237,-1.5491345983978881,-0.5018412428835899,-0.20881851552225072,0.5175570499533624,-0.5513746800825555,0.029157969835971045,-0.2833679833398399,2676529.204391892
-24.55241361473025,6.80758326340774,3.719262744513278,2.943757889954065,-1.314101587324854,-0.4773518140906356,-0.1822288209898149,0.5259470444456725,-0.5485521533009774,0.02859384126086173,-0.2843328797382967,2676533.7635135134
-6.852868893860724,6.813577774423323,2.5895541317998103,3.033345626645136,-1.0203503806971632,-0.44624114080368993,-0.15633548797521926,0.5339982178437641,-0.5457109058876762,0.028031475515183396,-0.28529710359595145,2676538.322635135
27.550974865457373,0.7723610407671773,-0.008979410879406362,2.6861436380671626,-0.6696737522838347,-0.4093771004241122,-0.13119019286784248,0.5417074373601909,-0.5428508347062246,0.02747087566446005,-0.2862606527481529,2676542.881756757
-27.890465786888576,-5.95908818530844,-2.3941406724291396,1.9978034871705286,-0.2717310000585471,-0.36762757035325827,-0.10684461205706342,0.5490715702075077,-0.5399718366201949,0.026912044774215254,-0.28722352503024157,2676547.440878378
7.859109416904518,-4.58537506203191,-3.155326849189234,1.0691185159549366,0.15867679895570289,-0.3218604279924872,-0.08335042193226104,0.5560874835982698,-0.5370738084931611,0.026354985909973146,-0.2881857182775548,2676552.0
25.05076946662466,1.251367368168442,-2.4139827063332198,0.007711903601657232,0.6059018616030742,-0.27294355074315757,-0.060759298882813985,0.5627520447450319,-0.5341566471886958,0.025799702137257557,-0.28914723032544215,2676556.0861486485
-23.050098896014983,4.613152420385352,-0.6970016426757706,-1.054860646513129,1.0542964047277243,-0.22174481600662535,-0.03912291929810094,0.5690621208603476,-0.5312202495703711,0.025246196521592636,-0.29010805900923947,2676560.6452702703
3.133647692730293,1.6150763360696716,1.367358263530067,-1.9810602999645168,1.4882126451738134,-0.16913210118425026,-0.018492959567500473,0.5750145791567728,-0.528264512501761,0.024694472128502253,-0.2910682021642993,2676565.204391892
11.660607963238911,-3.5076730764028783,2.7693127404726625,-2.6333482223275984,1.8920027997854971,-0.11597328367738875,0.0010789039196084241,0.5806062868468614,-0.5252893328464376,0.02414453202351005,-0.29202765762595634,2676569.7635135134
22.17332931490195,-4.457807089279595,2.440419894653693,-2.9116564684813966,2.250766048007913,-0.06313624088739953,0.019540994773846916,0.5858341111431679,-0.5222946074679741,0.023596379272140547,-0.2929864232295585,2676574.322635135
-24.670868226759495,1.5282938441266214,0.03767653432223713,-2.8678863410531203,2.5546751102225684,-0.011488850215640275,0.036841636605836656,0.5906949192582477,-0.5192802332299439,0.023050016939917563,-0.2939444968104419,2676578.881756757
-18.239356366731787,5.522407061267972,-2.4310246258273125,-2.5997527941037903,2.8029924315418318,0.03810101093653129,0.052929153026198536,0.5951855784046554,-0.5162461069959197,0.0225054480923647,-0.2949018762039463,2676583.440878378
31.134809119263867,2.3864165612465897,-2.9310244872338824,-2.2174217070086857,2.9970661476105462,0.08476546516775689,0.06775186764555398,0.5993029557949449,-0.5131921256294734,0.021962675795005833,-0.2958585592454305,2676588.0
-32.7673507793111,-5.909344038615269,-1.6693841642643437,-1.8379061296178754,3.1382443940735514,0.12763663507667944,0.08125810407452413,0.6030439186416717,-0.5101181859941795,0.02142170311336561,-0.2968145437702212,2676593.0861486485
15.921213346862595,-8.255486862051132,0.47180695008468354,-1.450129271953789,3.2278753065756893,0.1658466432619402,0.09339618592373031,0.6064053341573903,-0.5070241849536101,0.020882533112967443,-0.2977698276136757,2676597.6452702703
31.936639647443926,-3.848405706129674,2.602129667159737,-1.0084005753865055,3.267307020761804,0.1985276123221812,0.10411443680379388,0.6093840695546547,-0.503910019371338,0.020345168859335207,-0.29872440861112215,2676602.204391892
-10.512463780770542,4.245305338689567,3.7082495845605794,-0.4670294812860996,3.2577105930701724,0.22498874406261038,0.11336118032533579,0.6119769920460206,-0.5007755861109364,0.0198096134179931,-0.29967828459791,2676606.7635135134
-19.258283675807338,10.408435711968984,2.763186832451666,0.19879038121385453,3.1994988769152517,0.24529744331224965,0.12108474009897757,0.6141809688440423,-0.4976207820359783,0.019275869854465034,-0.3006314534093818,2676611.322635135
-30.72302656759267,7.651182578766466,-0.5457824015443874,0.9303286319257794,3.092708101714708,0.25989773889692086,0.12723343973534043,0.6159928671612738,-0.49444550401003623,0.018743941234274746,-0.3015839128808769,2676615.881756757
31.973474748199994,-6.363374855729571,-3.9876205164247067,1.647970702898591,2.937324610688643,0.2692684233402818,0.13177072534476764,0.6174095542102709,-0.4912496488966836,0.01821383062294625,-0.302535660847746,2676620.440878378
-32.856665190150444,-10.415305026687262,-4.700570604782241,2.272102026181214,2.7333347470571607,0.2738222438873594,0.13472608831623364,0.618427897203587,-0.48803311355949275,0.01768554108600387,-0.30348669514531934,2676625.0
-17.1331273482765,2.2220157645226806,-1.0711855816534899,2.717544226380083,2.4807248540403637,0.2739343009974298,0.13616666682446382,0.6190447633537781,-0.4847957948620372,0.01715907568897098,-0.3044370136089512,2676630.0861486485
27.36495285048704,9.365663193775985,3.52074234815086,2.8758886682106706,2.1804563049793875,0.2699676519039076,0.13617165167156775,0.6192570104718743,-0.48153758966788934,0.016634437497372045,-0.3053866140739813,2676634.6452702703
-20.79879918809973,-4.597462358366829,5.158574253482888,2.6290118669029092,1.837641515258424,0.26226394956164023,0.13484150717702054,0.6190616606509999,-0.4782584283615122,0.016111629576730666,-0.30633549437575247,2676639.204391892
14.981320042690289,-8.478839396737602,2.7151672356023835,1.9131679733475935,1.4593716166184711,0.2511595716475969,0.13228059933964442,0.6184572436663636,-0.474958375410923,0.015590654992571167,-0.30728365234959437,2676643.7635135134
-13.826907943365146,8.518408890352198,-2.737219235872612,0.8897856249472902,1.05298866235947,0.23699089583874694,0.1285902876675132,0.6174453293048148,-0.4716375288050306,0.01507151681041688,-0.3082310858308707,2676648.322635135
17.715270634997445,3.7028653281451707,-5.090816724381519,-0.22335018887776995,0.6258347057813662,0.22009429981205839,0.12387122213783852,0.6160281968840633,-0.4682959865327431,0.014554218095792175,-0.3091777926549075,2676652.881756757
-23.44175914230204,-9.753461027773826,-3.544202884206388,-1.235117316863394,0.18525180018409965,0.20080616124450149,0.11822405272783162,0.6142081257218192,-0.4649338465829678,0.014038761914221064,-0.31012377065707014,2676657.440878378
-19.9175108896078,-1.9618175884290532,0.5755247438681076,-2.0610449603695664,-0.26141800113238683,0.1794628578130451,0.11174942941470373,0.6119874230275555,-0.4615512348363756,0.013525151331227375,-0.3110690176726583,2676662.0
30.811916787579243,11.786966073497819,4.0736201100275045,-2.643325158912326,-0.7068326448681508,0.1564007671946588,0.10454800217566654,0.6093685075777922,-0.45814838874068353,0.01301338941233475,-0.3120135315370599,2676666.0861486485
-31.755116851233378,9.750270764073953,4.209797082040035,-2.9387051133477193,-1.1436500777232501,0.1319562670663111,0.09672042098793107,0.6063538260408118,-0.45472557363537186,0.012503479223067384,-0.31295731008559874,2676670.6452702703
26.07699423263136,-5.023091861959528,1.9594510808759986,-2.9656832055772844,-1.5645282463977428,0.10646573510497244,0.08836733582870886,0.602945825084898,-0.45128305485992226,0.011995423828949968,-0.3139003511536131,2676675.204391892
30.87599522917782,-14.443399194228014,-0.7598625753734716,-2.770315728781345,-1.9632444903945871,0.08026554898761082,0.07958939667521119,0.5991469513783323,-0.44782109775381307,0.011489226295505146,-0.31484265257645744,2676679.7635135134
30.338474682482115,-13.902737955407003,-2.381255413953458,-2.397711940614032,-2.3380537204283467,0.053692086391196193,0.07048725350464949,0.5949596515893981,-0.44433996765652567,0.010984889688257476,-0.3157842121894599,2676684.322635135
-19.45838929340121,-5.817592047255055,-2.786981913004416,-1.8919605868132223,-2.68823135912983,0.027081724992697412,0.06116155629423523,0.5903863723863771,-0.44083992990753934,0.010482417072731193,-0.31672502782797773,2676688.881756757
-31.992759202401622,5.835565174710386,-2.3455568620971405,-1.2948967134902152,-3.0126573055832075,0.0007708424690840443,0.05171295502117957,0.5854295604375536,-0.4373212498463358,0.009981811514449988,-0.31766509732734205,2676693.440878378
32.93414973416564,15.268809439166525,-1.4684453703041895,-0.637857354950065,-3.3101125779859975,-0.02490418350267528,0.04224209966269386,0.5800916624112088,-0.43378419281239355,0.009483076078937188,-0.31860441852289706,2676698.0
-33.74677850611966,13.798593921600668,-0.5254149755764534,0.05046967767542087,-3.579378194535716,-0.04960697524561037,0.03284964019598974,0.5743751249756258,-0.4302290241451939,0.008986213831717715,-0.31954298924999563,2676703.0861486485
16.823732219489216,2.561582455153408,0.2911539613148994,0.741396573254406,-3.8192351734298775,-0.07300115508275327,0.023636226598278326,0.568282394799087,-0.4266560091842164,0.008491227838315121,-0.3204808073439703,2676707.6452702703
34.13650495174023,-9.360713819330783,0.8332278738936104,1.4062355206550758,-4.028464532866002,-0.09475034533713408,0.014702508846771089,0.5618159185498756,-0.42306541326894165,0.007998121164253235,-0.3214178706401653,2676712.204391892
20.41141995001225,-13.625497679638334,0.9527731956834237,2.0162987087456017,-4.2058472910416,-0.11451816833178266,0.006149136918679329,0.5549781428962738,-0.41945750173884977,0.007506896875056383,-0.322354176973924,2676716.7635135134
-17.48834514775227,-10.046991863099302,0.5825923262776389,2.5419607413046346,-4.350164466154189,-0.13196824638973143,-0.0019232392087855461,0.5477715145065645,-0.4158325399334209,0.007017558036247713,-0.3232897241805929,2676721.322635135
-32.43193242232352,-0.5319791122512282,-0.021168470452183123,2.9498458817526902,-4.460197076401279,-0.14676420183401107,-0.009413969558412196,0.5401984800490298,-0.41219079319213475,0.00653010771335228,-0.3242245100955051,2676725.881756757
31.74753007265353,10.592202222263099,-0.521526964564927,3.2056408084207746,-4.5347261399804015,-0.15856965698765071,-0.01622240415298944,0.5322614861919533,-0.4085325268544726,0.006044548971893001,-0.32515853255402016,2676730.440878378
-31.263874971104823,12.324700344439627,-0.5818319494235241,3.2753632229439216,-4.572532675089058,-0.1670482341736822,-0.022247893015305435,0.5239629796036168,-0.40485800625991397,0.005560884877394569,-0.3260917893914619,2676735.0
13.20746762073752,2.2484692657673384,-0.028020327231473557,3.1461233783306257,-4.573399342043987,-0.17188664624164177,-0.027389786168149115,0.5153054069523034,-0.40116749674793906,0.005079118495380447,-0.3270242784431861,2676739.0861486485
31.145380888525313,-9.695902707822102,0.6685839140062377,2.883932891329429,-4.540504254431218,-0.17296172613372393,-0.031557298662262596,0.5062912149062954,-0.3974612636580281,0.004599252891374872,-0.32795599754452825,2676743.6452702703
19.17981684177522,-13.284655449456073,0.873518599687027,2.57443203904743,-4.4755827071257155,-0.17055303421316312,-0.03471050071221496,0.4969228501338761,-0.39373957232966195,0.0041212911309018545,-0.32888694453083467,2676748.204391892
-16.35884994139464,-7.902712637194121,0.18057748243413457,2.289060915503609,-4.3797588797948706,-0.1649882522133626,-0.03686896417699965,0.48720275930332746,-0.3900026881023201,0.003645236279485221,-0.32981711723744883,2676752.7635135134
-32.095946641300486,3.6897288640157866,-0.8753094116274015,2.0163602865379153,-4.2541569521060785,-0.1565687506855816,-0.03807857209775472,0.47713338908293185,-0.38625087631548194,0.0031710914026482997,-0.3307465134997011,2676757.322635135
32.34773785426579,15.954588660370694,-1.523459445253796,1.7236775432022258,-4.099901103726729,-0.14559776406424824,-0.038383343632446144,0.4667171861409728,-0.382484402308629,0.002698859565916191,-0.33167513115295677,2676761.881756757
-32.51438916971599,15.48263617703305,-1.1909321909401087,1.381551794550128,-3.918115514324219,-0.1323825653970517,-0.03782325932578163,0.4559565971457332,-0.37870353142124213,0.0022285438348122228,-0.3326029680325425,2676766.440878378
18.200867922350184,1.277833632941665,-0.10081723758073116,0.9732890216420016,-3.709924363565935,-0.11723111000910573,-0.036438285153916235,0.4448547364743694,-0.3749085289927998,0.0017601472748599955,-0.3335300219737996,2676771.0
32.529756553773666,-14.052852339165172,1.3058089064153948,0.48538692353995194,-3.4764518311192782,-0.10045135322552907,-0.0342710579285031,0.4334173893395375,-0.37109966036278247,0.001293672951584155,-0.33445629081208106,2676775.0861486485
25.642845801424443,-19.404189982665855,2.582808555195402,-0.0956568006939391,-3.218822096651637,-0.08235125037143756,-0.03136488217006953,0.42165100866276956,-0.36727719087067123,0.0008291239305083926,-0.33538177238271927,2676779.6452702703
-9.371351666444927,-14.034620432571215,3.3417629231562604,-0.783344451997569,-2.9381593398304076,-0.06323875677194701,-0.02776306239914325,0.40956204736559537,-0.3634413858559458,0.000366503277156627,-0.3363064645210731,2676784.204391892
-31.356395103628817,0.1911970971554606,3.4194796043355997,-1.585529109950106,-2.635587740322977,-0.04342182775217427,-0.023508903136252157,0.3971569583695462,-0.3595925106580862,-9.418594294772303e-05,-0.3372303650624517,2676788.7635135134
31.065840548915457,17.298026779463978,2.663313004879117,-2.462891765988923,-2.3122314777967414,-0.023208418637236175,-0.01864570890192347,0.3844421945961533,-0.35573083061657323,-0.0005529406642797845,-0.33815347184224587,2676793.322635135
-31.632990090738897,18.99150102666149,0.7172243003587608,-3.2721633793655247,-1.9692147319190936,-0.0029064847522489445,-0.013216784216685267,0.3714242089669462,-0.35185661107088606,-0.0010097578213159116,-0.3390757826957474,2676797.881756757
13.418855518229117,2.105797670820768,-2.6293390788737336,-3.8454997066246177,-1.6076616823574281,0.017176018577671794,-0.007266508149711415,0.3581105289521042,-0.3479701173605063,-0.0014646343485324126,-0.33999729545833834,2676802.440878378
35.9262126793723,-14.911257004481557,-5.415035896702246,-4.012774363986258,-1.2309786491038133,0.036731136027408504,-0.0008435579647604701,0.3445129802163867,-0.34407161482491266,-0.001917567180405551,-0.340918007965341,2676807.0
32.65380376784402,-15.447216434836735,-5.127267748482826,-3.6170664591878623,-0.8482380615935061,0.05545091227184532,0.006002314525764135,0.3306444629732021,-0.34016136880358655,-0.002368553251410499,-0.3418379180521126,2676812.0861486485
-15.275832987441389,-5.808179464999057,-0.44857802905148125,-2.6229992921821466,-0.45694468216440726,0.0730273919858655,0.013221357509457516,0.31651787743595794,-0.33623964463600764,-0.0028175894960241104,-0.34275702355397564,2676816.6452702703
-36.49424435756858,6.454300026605556,5.406578906489584,-1.1554907008405138,-0.05114082129891199,0.08915261984435253,0.020763819173915198,0.30214612381806166,-0.33230670766165643,-0.003264672848722012,-0.3436753223062902,2676821.204391892
29.690707835810123,10.876039022833494,8.094915233599147,0.6260513556899824,0.37513121052058734,0.10351864052219076,0.02857994770673293,0.2875421023329205,-0.32836282322001226,-0.0037098002439808313,-0.34459281214439175,2676825.7635135134
-19.604066188412776,-5.759108429658381,4.516204266438267,2.49058867521473,0.8278291028116981,0.11581749869426336,0.03661999129550665,0.2727187131939421,-0.32440825665055617,-0.004152968616275967,-0.3455094909036303,2676830.322635135
10.766046156465373,-9.365632934642155,-3.4575361260229736,3.920562083348888,1.312910545092027,0.12574123903545295,0.044834198127832244,0.25768885661453367,-0.32044327329276817,-0.004594174900083547,-0.346425356419333,2676834.881756757
-8.326341980863619,9.3830923036657,-10.598274993311717,4.3267821626600576,1.8363332268791825,0.13298190622064446,0.0531728163913046,0.24246543280810393,-0.3164681384861284,-0.00503341602987997,-0.347340406526857,2676839.440878378
13.283225918276194,3.8240699651900685,-7.120416220381665,3.3244989315302855,2.3961547831774044,0.13723521702155764,0.0615824221766829,0.22706134198805908,-0.312483117570117,-0.005470688940141317,-0.34825463906153414,2676844.0
-19.33921667858867,-10.269899460485087,3.297617824099542,1.3467201515993603,2.9588326309374757,0.1382128679212943,0.0699936118633448,0.21148948436780782,-0.30848847588421485,-0.0059059905653428965,-0.34916805185871597,2676848.0861486485
-28.202391059523617,-8.396206040428313,12.882982002407626,-0.9691069796784952,3.482924132596817,0.1356226505948556,0.07834088663876874,0.19576276016075642,-0.30448447876790097,-0.006339317839961564,-0.35008064275374695,2676852.6452702703
28.01033385372556,10.49937764645979,13.097371707777269,-3.022866650295566,3.9269866505928444,0.12913689591294272,0.08659420849473168,0.17989406958031237,-0.3004713915606555,-0.0067706676984730365,-0.3509924095819684,2676857.204391892
-21.70618344287698,3.8228627417325765,-0.2521105363319745,-4.330981316632941,4.249577547362976,0.11847366492032754,0.0946778092489408,0.16389631283988487,-0.2964494796019603,-0.007200037075353714,-0.3519033501787012,2676861.7635135134
15.60629202636265,-9.228777261473669,-13.704930745915785,-4.319728433905475,4.412926892320994,0.10337165802348988,0.1024952813573974,0.1477823901528799,-0.29241900823129413,-0.007627422905079131,-0.3528134623793186,2676866.322635135
-15.353842333650073,5.153518042660354,-13.47687821769486,-2.6569787809884837,4.392458606936793,0.08380159173510697,0.10994861160465859,0.13156520173270558,-0.28838024278813795,-0.008052822122125507,-0.3537227440191445,2676870.881756757
20.08509125554388,7.954319427441677,-2.1072056511636608,-0.05303492034279524,4.1612814162592295,0.06065582430688434,0.11694042726679874,0.11525700730125063,-0.2843334486119716,-0.008476231660969148,-0.3546311929335259,2676875.440878378
-24.885386006440303,-8.197000123416215,11.12075095718762,2.5221108164184867,3.6910070694878003,0.03505712442528379,0.12337591758597008,0.09886750461432699,-0.2802788910422752,-0.008897648456085684,-0.35553880695781864,2676880.0
-24.380668098651114,-4.087143109911882,11.69049355674392,4.099870814182854,2.9532473158220074,0.008128260776766108,0.12916091229584264,0.08240575093622796,-0.27621683541852865,-0.009317069441951967,-0.3564455839273495,2676884.0861486485
21.013237420140232,11.20654620364183,3.811280578219171,3.983260864417296,1.9434863605898558,-0.019007997952207336,0.13420124113008675,0.06588080353124767,-0.27214754708021294,-0.00973449155304299,-0.35735152167746254,2676888.6452702703
-14.483219817202205,4.286180087258915,-4.655927976957997,2.5406396373979727,0.7526982336333778,-0.04522888307517463,0.13840273382237392,0.04930171966367871,-0.26807129136680813,-0.010149911723835467,-0.35825661804350206,2676893.204391892
12.808123893523245,-16.223050566196243,-8.574341798252606,0.40635034397818626,-0.5042705790768903,-0.06941162590567475,0.14167122010637262,0.03267755659781519,-0.2639883336177938,-0.010563326888805298,-0.3591608708608151,2676897.7635135134
-19.108405574874205,-6.344593261819437,-5.134383278508421,-1.7717158722573707,-1.7125735915704092,-0.0904334577572459,0.14391252971575513,0.016017371597949883,-0.2598989391726509,-0.010974733982428613,-0.3600642779647459,2676902.322635135
26.601116821171292,20.429896712938383,1.598884793358829,-3.291373860053543,-2.7573643178766405,-0.1071716099434274,0.14503270033693622,-0.0006699860243690643,-0.25580337337085884,-0.011384129939181264,-0.3609668371906211,2676906.881756757
-33.61740362603953,22.449514418991797,5.841355991622039,-3.4364814284441936,-3.5237962720250504,-0.1185033137777581,0.1449386014673126,-0.01737649876857388,-0.2517019015518982,-0.011791511693539378,-0.3618685463738067,2676911.440878378
0.32963475842287066,1.9072988595320117,3.6358561845761312,-1.8239616861287529,-3.9178612873070184,-0.12330580057377571,0.1435373105570269,-0.03409435708684358,-0.2475947890552493,-0.0121968761799794,-0.362769403349628,2676916.0
41.89815373111958,-18.989410244259442,-1.6666504764162628,0.5965919525514807,-3.928904474061602,-0.12046946016267553,0.14074906357387676,-0.05081575143135519,-0.24348230122039277,-0.012600220332976683,-0.36366940595343367,2676921.0861486485
30.419346055773538,-22.29000985345745,-4.888165269225609,2.5424184968447574,-3.5666796520134456,-0.10936692632261905,0.136546730556286,-0.06753287225428754,-0.23936470338680751,-0.013001541087007948,-0.3645685520205639,2676925.6452702703
0.9321703293116559,-12.974638529696495,-2.480376596617699,3.0141198482503073,-2.839222201381816,-0.09110243085478735,0.13091634006033592,-0.0842379100078192,-0.23524226089397518,-0.013400835376548683,-0.36546683938637,2676930.204391892
-37.045237357736774,3.1862246023638847,2.5862786390602617,2.1643890082906245,-1.7727774235288523,-0.06721979193665038,0.12385389714205235,-0.1009230551441273,-0.2311152390813751,-0.013798100136075105,-0.3663642658861745,2676934.7635135134
29.720554446233724,15.667023789632331,5.7116764105657305,0.5164079115973084,-0.4807166606747945,-0.03930273374546201,0.11539531285724838,-0.11758049811539084,-0.2269839032884875,-0.014193332300063297,-0.36726082935534143,2676939.322635135
-20.849958314262423,2.6493189698931396,3.606042667470494,-1.3197454696527788,0.8546775468158838,-0.00894495695842436,0.10558647476168495,-0.13420242937378737,-0.22284851885479312,-0.01458652880298984,-0.3681565276292121,2676943.881756757
14.101728876135383,-10.405553754777038,-1.7789967333962842,-2.649485888897381,2.038554741797444,0.0222598377472598,0.09447327041112002,-0.15078103937149467,-0.21870935111977147,-0.01497768657933004,-0.3690513585431153,2676948.440878378
-12.693853570559233,2.9354788314269777,-6.923463784988033,-2.7847476520671446,2.9005688590180774,0.05271794969438951,0.08210158736131509,-0.1673085185606915,-0.21456666542290373,-0.015366802563559892,-0.36994531993240337,2676953.0
16.225374575884594,7.483319432480885,-7.026670655243547,-1.3937152455257698,3.3779228822566387,0.08083567820576347,0.06851731316802895,-0.1837770573935565,-0.21042072710366866,-0.01575387369015661,-0.3708384096324182,2676958.0861486485
-7.425136226406559,-5.592204463789586,0.6641030385297281,0.7597239642721767,3.470450113005738,0.1050110227134065,0.053774635277794025,-0.20017884632226718,-0.20627180150154728,-0.016138896893595007,-0.37173062547849456,2676962.6452702703
-24.983046529844174,-8.707787319120905,7.102842917597248,2.500377850944561,3.1872610929936367,0.12386302430555025,0.0379609407002315,-0.21650607579900155,-0.2021201539560204,-0.01652186910835116,-0.3726219653059839,2676967.204391892
24.346040660243208,10.82633272361238,6.069516077147493,2.891291396159788,2.549615951152993,0.13701938905683475,0.021171916335732992,-0.23275093627593732,-0.19796604980656726,-0.01690278726890206,-0.3735124269502376,2676971.7635135134
-20.50734352412641,7.8039805551089945,-0.592200346149517,2.095473061787257,1.637243882594794,0.14436206426119155,0.003503249084694272,-0.24890561820525398,-0.1938097543926686,-0.01728164830972311,-0.374402008246568,2676976.322635135
17.429298531128126,-16.41331318321277,-5.96812414530612,0.5282080582290847,0.5672690307969787,0.14576072432368925,-0.014937101263628244,-0.2649623120391289,-0.18965153305380394,-0.017658449165290205,-0.3752907070303453,2676980.881756757
-18.055685947425864,-10.521095524077804,-4.440269266742987,-1.3447412881186251,-0.5371273616911668,0.1410511161507944,-0.034007247421374745,-0.28091320822974003,-0.18549165112945398,-0.0180331867700802,-0.37617852113691086,2676985.440878378
22.196540855419766,16.26085391531602,0.862200437744321,-2.835502749652726,-1.5527640523203576,0.13011736998753304,-0.05361368543924405,-0.2967504972292657,-0.1813303739590992,-0.018405858058568224,-0.3770654484015739,2676990.0
-27.974421458971992,22.45648273265797,4.638434736470157,-3.215777719921961,-2.3564597985413074,0.112858780135787,-0.07367807542479246,-0.31246636948988354,-0.17716796688221975,-0.018776459965230495,-0.3779514866597354,2676994.0861486485
-9.560157669093632,5.742087045794744,3.1489796458561763,-2.038541108038711,-2.8497872306503447,0.08917464089743879,-0.09412207748557684,-0.3280530154637724,-0.17300469523829512,-0.019144989424543683,-0.37883663374668997,2676998.6452702703
38.31565849012082,-14.573606509777576,-1.1161416614640454,0.03424595084732323,-3.033334470326246,0.05896424657437187,-0.1148673517291533,-0.3435026256031104,-0.1688408243668061,-0.019511443370983324,-0.37972088749780225,2677003.204391892
27.756016863702232,-21.321534738225886,-4.109536723803922,2.063375765077115,-2.9328360593365623,0.022519438711626233,-0.1358355582630767,-0.35880739036007503,-0.16467661960723312,-0.01987581873902523,-0.38060424574840135,2677007.7635135134
13.342770154646233,-16.076839392511346,-2.9347115790679057,3.2629222334122057,-2.5755967284214782,-0.0182977521731236,-0.15694835719490421,-0.3739595001868451,-0.16051234629905545,-0.020238112463146114,-0.3814867063338432,2677012.322635135
-36.97836371937011,-1.216288803594798,0.7012337364754737,3.4600856162964413,-1.989313755564336,-0.061232748319044385,-0.17812740863219204,-0.388951145535598,-0.15634826978175395,-0.02059832147782215,-0.3823682670894544,2677016.881756757
29.861878708864275,14.323157057199339,3.940300686966669,2.64631628807762,-1.2126529422318568,-0.10403097196530378,-0.19929437268249572,-0.4037745168585129,-0.15218465539480944,-0.02095644271752801,-0.3832489258506072,2677021.440878378
-21.012623953361715,4.737447917921756,4.451176148327371,0.942276465802917,-0.32815418382427786,-0.14443784535106785,-0.22037090945337154,-0.41842180460776773,-0.14802176847770057,-0.021312473116741597,-0.38412868045261106,2677026.0
14.365283301627752,-9.470747335952224,1.9712624752654238,-1.1410259465948451,0.5706741007747793,-0.18019879071550385,-0.24127867905237582,-0.43288519923553975,-0.1438598743699085,-0.021666409609937716,-0.385007528730826,2677031.0861486485
-12.832450249736763,1.5630602386353458,-2.5054805259697415,-2.855140623061803,1.3903234926816999,-0.20905923029777912,-0.2619393415870649,-0.447156891194007,-0.1396992384109139,-0.022018249131592768,-0.3858854685205919,2677035.6452702703
15.662231565027046,7.057033336228498,-4.4952123650052975,-3.4215811536677228,2.0452756574752997,-0.22876458633706204,-0.2822745571649941,-0.4612290709353487,-0.13554012594019588,-0.022367988616183016,-0.38676249765724857,2677040.204391892
3.4048765921509676,-4.234043553673724,-0.6919669220740797,-2.373073751720076,2.4873307858732465,-0.2370602810725172,-0.3022059858937204,-0.4750939289117429,-0.13138280229723484,-0.022715624998184084,-0.38763861397614274,2677044.7635135134
-22.60670650642066,-8.196612007750426,3.9610215654520546,-0.3673438565406275,2.697711902212128,-0.23169942202324262,-0.32164760260087016,-0.48874365557536587,-0.12722753282151233,-0.02306115521207215,-0.3885138153126109,2677049.322635135
22.138653096114194,9.983485861908646,3.885549429231799,1.6684965067821396,2.6637861886062364,-0.21125182831663436,-0.3404826409943542,-0.5021704413783988,-0.1230745828525069,-0.023404576192323563,-0.38938809950201664,2677053.881756757
-19.422038213382805,9.606152410564729,-0.08501989673204723,2.944479483405017,2.3760647091242038,-0.17742742730258335,-0.35859810851393153,-0.5153664767730175,-0.11892421772969926,-0.023745884873414405,-0.39026146437965853,2677058.440878378
17.473051107070813,-14.809721530437377,-3.4025137963035785,3.0581346704752,1.8389382329953756,-0.1326762807724526,-0.3759268486464715,-0.5283239522114015,-0.1147767027925698,-0.024085078189820305,-0.39113390778092344,2677063.0
-17.989308377111794,-14.600898554743424,-2.3865018920033934,1.8315093215645744,1.1120885132407585,-0.07943699150582834,-0.39241316389062414,-0.5410350581457269,-0.11063230338059839,-0.024422153076017573,-0.39200542754113393,2677067.0861486485
20.391756224368052,9.15694573217962,0.9883100507919632,-0.14220639504811167,0.27995521796615097,-0.020148162282296062,-0.4080013567450332,-0.5534919850281736,-0.10649128483326636,-0.024757106466481965,-0.39287602149562817,2677071.6452702703
-23.496033766499295,19.27849325476187,3.1183189709703374,-1.8608580220404145,-0.5701059396194788,0.04275160411855734,-0.4226357297083496,-0.5656869233109203,-0.10235391249005203,-0.02508993529569007,-0.3937456874797724,2677076.204391892
-19.39412780400766,11.000629271376944,1.5782381982845888,-2.60111605061426,-1.3507392463071664,0.10682370491714849,-0.43626058527922085,-0.5776120634461432,-0.098220451690437,-0.025420636498117558,-0.3946144233288847,2677080.7635135134
26.966447373765813,-7.985634637987907,-1.6666651300581479,-2.423505929898819,-1.9783914762452592,0.1696295373338898,-0.44882022595629345,-0.5892595958860216,-0.09409116777390093,-0.02574920700824042,-0.39548222687831647,2677085.322635135
30.752179382466174,-18.626231337610058,-3.5634389145318868,-1.5498360359253494,-2.395187348456464,0.22873049858919622,-0.46025895423821594,-0.6006217110827337,-0.08996632607992418,-0.026075643760535006,-0.3963490959634122,2677089.881756757
24.038054126676418,-17.533903085800556,-1.9882306724237526,-0.21316255367853254,-2.588926051101197,0.2816879859034807,-0.4705210726236359,-0.6116905994884567,-0.08584619194798732,-0.026399943689477397,-0.3972150284195098,2677094.440878378
-28.67112874456617,-4.372524305707493,1.4664136117264208,1.1362372149375097,-2.558292294146472,0.32648092285864183,-0.4795508836112011,-0.6224584515553698,-0.08173103071756965,-0.026722103729543274,-0.3980800220819676,2677099.0
24.240266153391136,13.45333473880983,4.278848336565691,1.991163689927522,-2.303640893005236,0.36275833848251465,-0.4872926896995592,-0.6329174577356509,-0.07762110772815199,-0.027042120815209122,-0.3989440747860973,2677103.0861486485
-18.818439886400146,6.681744038195122,4.440669122355765,1.9440651179977213,-1.8291818004698226,0.39058678816441716,-0.49369079338735766,-0.6430598084814777,-0.07351668831921482,-0.027359991880950292,-0.399807184367263,2677107.6452702703
15.209524651027195,-9.868303888216573,1.9289975471165786,1.0649076733715823,-1.1643631054150938,0.4100328272936677,-0.4986894971732455,-0.6528776942450278,-0.0694180378302381,-0.027675713861243144,-0.40066934866080894,2677112.204391892
-15.071926479547525,-0.9322010690615217,-2.302387433457968,-0.16098816018070009,-0.38802127577739065,0.42116301125958383,-0.5022331035558694,-0.6623633054784815,-0.06532542160070079,-0.027989283690564845,-0.40153056550207056,2677116.7635135134
17.179838135553368,8.238130324681803,-4.434458308930532,-1.1693752781776212,0.40951952849604994,0.4240528451156545,-0.5042748646980479,-0.6715088326340143,-0.06123910497008456,-0.028300698303390253,-0.402390832726392,2677121.322635135
2.6259836072269924,-2.463444614984501,-1.5696264166962952,-1.516773763470921,1.142022222423741,0.4188225254890878,-0.5048120320476542,-0.6803071584524703,-0.05715935327786993,-0.02860995463419504,-0.4032501481691222,2677125.881756757
-19.88451291662006,-9.47013000882394,2.5712540310756955,-1.2528225862474165,1.7496481588892594,0.4056367703394167,-0.5038824899778889,-0.6887550540816875,-0.0530864318635364,-0.028917049617456194,-0.4041085096655853,2677130.440878378
18.62973562744467,6.771394154145933,3.699288887312084,-0.5881284560355127,2.216846317750277,0.38466919054320814,-0.5015278464809557,-0.6968544599675393,-0.04902060606656347,-0.029221980187649706,-0.40496591505115426,2677135.0
-17.04131574354974,12.89193679615415,1.8865150659484604,0.24200385378213526,2.5381158168665445,0.356093396977031,-0.4977885902967152,-0.7046084358082401,-0.04496214122643228,-0.02952474327925116,-0.4058223621611475,2677140.0861486485
17.638625789013958,-9.45367058163661,-1.2982833961927214,0.9436778664142005,2.7079557740978197,0.32008300051745425,-0.49270494643087187,-0.7120203050361626,-0.0409113026826227,-0.02982533582673686,-0.40667784883091407,2677144.6452702703
-21.16884298709484,-16.74070818997185,-2.865335993680802,1.2076821708347887,2.7213896158090254,0.2769543119182776,-0.48631608495250506,-0.7190944460203049,-0.036868355774615585,-0.030123754764582844,-0.4075323728958107,2677149.204391892
26.158791220974884,4.1335713131709335,-0.7217583719073498,0.8413251614680597,2.58178973225018,0.22757076557074077,-0.47866091219653384,-0.7258355008638234,-0.03283356584189009,-0.030419997027265108,-0.40838593219113867,2677153.7635135134
-30.67161484640437,19.425001196447326,2.231450677691134,0.12799958027440855,2.3180597416341113,0.17284379225740854,-0.46977833449787776,-0.7322481116698742,-0.028807198223927247,-0.030714059549259768,-0.40923852455228715,2677158.322635135
-22.912909043052828,13.731637626089205,2.7114457221668884,-0.5430617466510064,1.9653549920380582,0.1136611468893722,-0.4597072581914606,-0.738336920541613,-0.024789518260206575,-0.031005939265042824,-0.4100901478145742,2677162.881756757
0.18111047748428707,-3.6474444925668883,0.9686806827886619,-0.9028197868092018,1.5588308315392594,0.05091058437771706,-0.4484865896121987,-0.7441065695821962,-0.02078079129020866,-0.03129563310909035,-0.41094079981334986,2677167.440878378
34.19583519850685,-18.73731258118459,-1.6125552773081744,-0.9625643220553876,1.1334125708576022,-0.014520140366467187,-0.43615523509501614,-0.7495617008947796,-0.016781282653413734,-0.03158313801587866,-0.4117904783839524,2677172.0
27.000576957486118,-19.96881121559891,-3.5811702207715754,-0.7937944074840061,0.7174320197355297,-0.08174327243209231,-0.42275210097483096,-0.7547069565825194,-0.012791257689301661,-0.03186845091988352,-0.4126391813617362,2677176.0861486485
-27.465539412802457,-4.944751939834448,-3.731820135367751,-0.4593685566364502,0.316297544366071,-0.14987105690807118,-0.4083160935865651,-0.7595469787485718,-0.00881098173735331,-0.032151568755580506,-0.4134869065820281,2677180.6452702703
22.40105284101253,18.63029328994674,-1.8499654010964408,-0.06571554790053617,-0.07033114043627996,-0.21801573888331285,-0.3928861192651381,-0.7640864094960921,-0.004840720137048455,-0.03243248845744683,-0.41433365188018373,2677185.204391892
-17.980071427608543,16.64413874022589,1.6508241142643731,0.2980049047039137,-0.4430955191790471,-0.2852895634467334,-0.37650108434547064,-0.7683298909282364,-0.0008807382278672363,-0.032711206959957176,-0.41517941509153233,2677189.7635135134
16.094554447675314,-10.024469816754987,4.970721402534759,0.5537362551870127,-0.8059275526391169,-0.35080477568723906,-0.3591998951624841,-0.7722820651481611,0.003068698650710025,-0.032987721197588846,-0.41602419405142693,2677194.322635135
-17.431667842956692,-16.082562252291364,6.062783595234033,0.6362826633142461,-1.175619907348744,-0.4136736206937433,-0.34102145805109935,-0.7759475742590213,0.00700732515920328,-0.03326202810481724,-0.4168679865952057,2677198.881756757
21.082445848861642,1.1849384592384684,3.636839882147612,0.5103196420881531,-1.5649217964475086,-0.47300834355515997,-0.32200467934623456,-0.7793310603639746,0.01093487595813239,-0.03353412461611885,-0.41771079055821775,2677203.440878378
-10.91869640565571,14.00557541634202,-0.6741872491915512,0.24714741170408577,-1.9575479137489127,-0.5279211893603997,-0.3021884653828125,-0.7824371655661756,0.014851085708016671,-0.033804007665969166,-0.4185526037757976,2677208.0
-29.67489120833744,14.081035128787686,-4.749625986098453,-0.05527763084438932,-2.3299543232349453,-0.5775244031983713,-0.2816117224957529,-0.785270531968781,0.018755689069376254,-0.03407167418884423,-0.4193934240832937,2677213.0861486485
19.482594446533852,2.8123931095569463,-7.447556896647259,-0.29899908856370355,-2.6585970888875945,-0.6209302301579912,-0.26031335701997493,-0.7878358216700327,0.022648440697816595,-0.03433712111922079,-0.4202332493160445,2677217.6452702703
32.39336902617114,-9.137215526100006,-7.895710082676441,-0.3860605644602926,-2.919932274688849,-0.6572509153281673,-0.23833227529040232,-0.7901377767485117,0.02652917522928387,-0.03460034539157453,-0.42107207730939367,2677222.204391892
30.385451992184908,-12.246127893710586,-5.190450794694193,-0.2580091527116604,-3.0889336883997704,-0.6855987037978131,-0.21570738364195288,-0.7921811592778872,0.030397747294810585,-0.0348613439403813,-0.42190990589868393,2677226.7635135134
-25.156932449751196,-4.332297377698504,0.766402761424963,-0.01294674897412129,-3.136105276103192,-0.7050905900137797,-0.19247283905160537,-0.7939707313318296,0.03425401152542842,-0.03512011370011687,-0.42274673291926673,2677231.322635135
18.160090335124682,11.36733001909202,6.280902034088979,0.2173579127467427,-3.035991115800268,-0.7151788680405781,-0.16864176356122654,-0.7955112549840032,0.03809782255216933,-0.03537665160525799,-0.42358255620646007,2677235.881756757
-11.702476877616775,6.306417630500884,7.603675244212824,0.3025952616507742,-2.7633373899674347,-0.7165826434289404,-0.14421752645661134,-0.79680749230808,0.04192903500606699,-0.035630954590280615,-0.4244173735956354,2677240.440878378
8.878408977846918,-10.833967370579384,4.558098448793211,0.16096587047624047,-2.305375325323131,-0.7103175050197302,-0.11922127841597673,-0.7978642053777257,0.045747503518151544,-0.03588301958966042,-0.4252511829221215,2677245.0
-10.374738966407076,-1.1182703424721925,-1.5122991686674245,-0.09528911388492382,-1.700533384283964,-0.6973669652998608,-0.0937062464714776,-0.7986861562666103,0.049553082719456576,-0.03613284353787452,-0.4260839820212615,2677250.0861486485
14.656895511602945,10.990443077445182,-6.256172070131172,-0.3058790023365684,-0.999578736856891,-0.6787073043215812,-0.06773289008994068,-0.7992781113765648,0.053345631569176516,-0.03638042336939696,-0.42691576872839704,2677254.6452702703
14.882831783872938,-0.5186764785020941,-5.938507410165838,-0.3481774364744339,-0.2496152494679561,-0.6553148021371354,-0.04136166873819165,-0.7996448544220758,0.05712502633916132,-0.03662575601870541,-0.4277465408788771,2677259.204391892
-16.16110644504349,-11.9907914425305,-2.33315030291134,-0.24354162578612365,0.5102326709047581,-0.6281657387987741,-0.014653041883058313,-0.7997911734457898,0.060891147629422986,-0.03686883842027509,-0.4285762963080371,2677263.7635135134
13.585565778105817,2.832047754051857,1.5985821149964743,-0.050091765662927154,1.2436025760758698,-0.5982363943587448,0.01233253100863423,-0.7997218564903569,0.06464387603997467,-0.03710966750858267,-0.42940503285122134,2677268.322635135
-11.193126269358103,13.531217786279706,3.654342576510035,0.1738166833667348,1.9143672829971303,-0.5665030488692917,0.039534590470060325,-0.7994416915984269,0.06838309217082925,-0.037348240218104366,-0.430232748343779,2677272.881756757
12.203055215232459,-5.047730035864857,2.600483374538122,0.3745113405240526,2.4863996086202977,-0.5339419823826652,0.06689267703439143,-0.7989554668126462,0.07210867662199831,-0.037584553483315214,-0.43105944062104484,2677277.440878378
-17.070113003777525,-14.987910453312544,0.3191851722265947,0.5170521440286725,2.923572369897124,-0.5015294749511114,0.09434633123480479,-0.7982679701756668,0.07582050999349607,-0.037818604238691975,-0.43188510751836084,2677282.0
23.452223996878327,-1.554144368257035,-1.0309778446867197,0.5668014848825966,3.1941390107466217,-0.47024180662687687,0.1218350936044715,-0.7973839897301354,0.07951847288533391,-0.03805038941871115,-0.43270974687107483,2677286.0861486485
-12.30444391665117,12.147544754094609,-1.3016857703330738,0.46213451400777,3.2933402151678615,-0.44105525746221097,0.14929850467656738,-0.7963083135187022,0.08320244589752507,-0.03827990595784777,-0.433533356514535,2677290.6452702703
-32.29269945199189,16.06086209227732,-0.8945685083510679,0.14756496210360778,3.2574156224603508,-0.4146974030472058,0.17667610498426403,-0.7950457295840142,0.08687230963008187,-0.038507150790578225,-0.4343559342840706,2677295.204391892
-16.453997654474577,7.858505425413716,-0.3306831834224167,-0.24834562998609777,3.1271453547805814,-0.390939153813039,0.2039074350607362,-0.7936010259687215,0.09052794468301728,-0.03873212085137884,-0.435177478015032,2677299.7635135134
17.509128764972917,-5.554500050245088,0.10635095869517347,-0.5530107558241285,2.942221544532858,-0.36945532648748824,0.23093203543915838,-0.7919789907154735,0.09416923165634401,-0.038954813074725814,-0.4359979855427564,2677304.322635135
26.48764401472183,-15.703107594864251,0.22607943998942398,-0.6168909396015395,2.74237447681118,-0.3499588904880224,0.25768944665270294,-0.7901844118669169,0.09779605115007382,-0.03917522439509438,-0.436817454702594,2677308.881756757
-20.207049501413927,-14.615451900691449,-0.03152558913126423,-0.37380765754473483,2.560373196964057,-0.3321628152321101,0.2841192092345452,-0.788222077465703,0.10140828376422115,-0.03939335174696184,-0.43763588332988584,2677313.440878378
13.82155884123159,4.63839246338568,-0.3035350233744412,0.010752474005713834,2.401141791358062,-0.31578007013721726,0.3101608637178578,-0.7860967755544792,0.10500581009879677,-0.03960919206480296,-0.43845326925996175,2677318.0
-10.072694996252547,14.676282018502132,-0.13718236191408395,0.34064755647537037,2.262643106614285,-0.300523624620814,0.33575395063581515,-0.7838132941758953,0.10858851075381447,-0.03982274228309459,-0.43926961032818906,2677323.0861486485
10.79724216801763,-3.32982286410857,0.5994810595638971,0.5292690679083085,2.1428399893538175,-0.2861064481003693,0.36083801052159065,-0.7813764213725989,0.11215626632928606,-0.04003399933631214,-0.44008490436988723,2677327.6452702703
-15.490392017010501,-14.086190447788235,1.138601793273461,0.5314770913201974,2.040774516838219,-0.272241509993348,0.3853525839083586,-0.7787909451872399,0.11570895742522519,-0.040242960158932535,-0.44089914922040485,2677332.204391892
21.910626188136934,-3.5871648194139505,0.7402658988529159,0.32877129236079,1.9541910752793845,-0.2586417797172207,0.40923721132929236,-0.7760616536624667,0.11924646464164419,-0.040449621685431286,-0.4417123427150992,2677336.7635135134
-8.737539787304149,8.664870927852098,-0.3500508570411765,0.009020725990479952,1.859454827083386,-0.2450202266894541,0.43243143331756595,-0.7731933348409281,0.12276866857855527,-0.04065398085028496,-0.4425244826893004,2677341.322635135
-32.24327462935827,13.471478858977363,-1.6396187220514724,-0.31394995678877907,1.7273163210447293,-0.23108982032751732,0.45487479040635365,-0.7701907767652739,0.12627544983597155,-0.040856034587968514,-0.4433355669783495,2677345.881756757
-6.275894993453242,8.099629900346805,-2.6552570867824863,-0.5265578540273536,1.5285261059579145,-0.21656353004887785,0.4765068231288276,-0.7670587674781512,0.12976668901390528,-0.04105577983295906,-0.4441455934175894,2677350.440878378
15.922573427667533,-2.7081014862823345,-3.0029489098954585,-0.5244127261782338,1.2430273930200655,-0.2011543252710044,0.4972670720181639,-0.7638020950222112,0.133242266712369,-0.04125321351973147,-0.4449545598423671,2677355.0
29.157040369270796,-12.420725095148743,-2.272500798345564,-0.27499116333156454,0.8866629793452071,-0.18457517541136415,0.5170950776075337,-0.7604255474400995,0.13670206353137626,-0.04144833258276359,-0.4457624640880189,2677359.0861486485
-22.545070206480545,-12.43302159907648,-0.2108431554059648,0.10415541118590411,0.48136752329114824,-0.166539049887426,0.535930380430113,-0.7569339127744679,0.14014596007093955,-0.04164113395653036,-0.4465693039898994,2677363.6452702703
14.95491432422571,4.320638757764892,2.242944037513911,0.4600036785331074,0.04812434656249793,-0.14675891811665706,0.5537125210190744,-0.7533319790679638,0.1435738369310703,-0.04183161457550755,-0.4473750773833441,2677368.204391892
-9.614913184107174,11.241868147067708,3.752205079563478,0.6456002052792504,-0.39826711165822104,-0.12494774951652607,0.5703810399075924,-0.7496245343632363,0.1469855747117824,-0.04201977137417191,-0.4481797821036913,2677372.7635135134
8.976963269380708,-5.127026141704675,3.322361995209672,0.5581596573604544,-0.8456687010005701,-0.10081851350450147,0.5858754776288408,-0.745816366702935,0.15038105401308813,-0.04220560128699913,-0.44898341598629027,2677377.322635135
-12.657256771245514,-9.960252654025686,1.4237306584316531,0.2621841516330747,-1.283202479795027,-0.07408417949805088,0.6001353747159923,-0.7419122641297071,0.15376015543500005,-0.04238910124846533,-0.44978597686647864,2677381.881756757
18.06006529166746,1.8836248698617317,-1.0365239261648769,-0.1407693292327575,-1.6955385616310181,-0.04445771691464226,0.6131002717022221,-0.7379170146862035,0.1571227595775306,-0.042570268193046636,-0.4505874625795985,2677386.440878378
1.018407690032905,8.746969182460694,-2.868734080980286,-0.5504076026477646,-2.0660832600171113,-0.011652095171743877,0.6247097091207038,-0.7338354064150718,0.16046874704069297,-0.04274909905521854,-0.45138787096100697,2677391.0
-26.35607679968555,7.904908695929263,-3.141241987518756,-0.8688290311241347,-2.3782428884618647,0.02461971631317688,0.6349032275046097,-0.7296722273589606,0.1637979984244995,-0.042925590769457705,-0.4521871998460287,2677395.0861486485
8.817516095440235,3.4493620157759852,-2.2159982925222814,-1.0286326475921506,-2.615422914632952,0.06464474812265017,0.6436203673871155,-0.7254322655605193,0.16711039432896244,-0.04309974027024,-0.4529854470700129,2677399.6452702703
14.611140570915337,-2.046629802613752,-0.6998545933996265,-1.048792402774572,-2.760780010192552,0.10871003083921019,0.6508006693013934,-0.7211203090623968,0.17040581535409582,-0.04327154449204218,-0.4537826104683031,2677404.204391892
27.798087103646946,-6.635752185256693,0.8212711566118356,-0.9657457590748205,-2.8009867668564796,0.1571483826082962,0.6563836737806182,-0.7167411459072416,0.17368414209991045,-0.043441000369339185,-0.45457868787624056,2677408.7635135134
-26.857652168124517,-7.7989756781132,1.7565322628851208,-0.7983453396892815,-2.7401927761040037,0.21018478213176905,0.6603089213579639,-0.712299564137703,0.17694525516642062,-0.04360810483660779,-0.4553736771291723,2677413.322635135
26.105150102434624,-3.964952567758919,1.677324949406511,-0.5645677804993817,-2.5859610321026216,0.2669260368935218,0.6625159525666041,-0.7078003517964305,0.180189035153638,-0.0437728548283233,-0.4561675760624338,2677417.881756757
2.921513950511664,3.3871806219448297,0.8805000303361478,-0.29954412237662964,-2.3455832755763324,0.3261879646822272,0.6629443079397117,-0.7032482969260709,0.18341536266157596,-0.0439352472789632,-0.4569603825113671,2677422.440878378
-5.905411559370414,9.955638040220627,-0.14492661648670577,-0.05226817229124828,-2.0263512472491345,0.38678638328655973,0.66153161663795,-0.6986462761967636,0.18662411829024622,-0.044095279123001714,-0.4577520943113229,2677427.0
-24.224609097679586,10.506152027378016,-0.9011207744419241,0.12591873418290114,-1.635760954118246,0.44753711049519235,0.6582077742244508,-0.6939894326811146,0.18981518263966207,-0.04425294729491633,-0.4585427092976447,2677432.0861486485
9.526896683595307,2.252883615719867,-0.9848103397215356,0.1829268189189655,-1.184086658288219,0.5072559640967989,0.6529004124598973,-0.6892706456492824,0.19298843630983567,-0.04440824872918189,-0.45933222530565987,2677436.6452702703
19.94416779353843,-9.462850713074127,-0.4924524473196593,0.08864279990573748,-0.6902032796269661,0.5647587618800535,0.64553712543518,-0.6844827567016326,0.1961437599007802,-0.04456118036027582,-0.4601206401707272,2677441.204391892
-16.705944854997785,-14.548025235004104,0.24993696336709928,-0.07548673048580204,-0.17814179407055766,0.6188613216336294,0.6360457089919767,-0.6796188091893185,0.19928103401250852,-0.044711739122673136,-0.46090795172819365,2677445.7635135134
14.02825396670002,1.7575235908262277,0.9341637511912113,-0.1968820936054378,0.32441636515928923,0.6683794611462007,0.6243540094096613,-0.6746718969011887,0.2024001392450323,-0.044859921950849604,-0.46169415781337453,2677450.322635135
-13.699495718565098,17.657885762252782,1.4332514839758035,-0.16539341225670512,0.7922195662946089,0.7121289982064398,0.6103898729676076,-0.6696351136260918,0.20550095619836525,-0.04500572577928272,-0.4624792562616364,2677454.881756757
16.42398672668848,1.4275010220485647,1.6267861107586281,0.1235860905606795,1.203324646933352,0.7489257506030219,0.5940811459451905,-0.6645015531528782,0.20858336547251977,-0.04514914754244824,-0.4632632449083184,2677459.440878378
-21.19130466225138,-20.329149777386473,1.2789142019579525,0.7163801273478516,1.5456041803589011,0.7775855361246198,0.5753556746217842,-0.6592643092703965,0.21164724766750803,-0.04529018417482093,-0.4640461215887582,2677464.0
26.293870366415756,-15.426046129014965,0.3261403624587452,1.4927578710679157,1.8093846737760004,0.7969169676161942,0.5541485102204751,-0.6539164757674957,0.21469248338334251,-0.0454288326108772,-0.464827884138305,2677468.0861486485
-1.5354296504056075,5.164604366263037,-1.0478641249594982,2.282258239622781,1.9849926343893913,0.8056800564249331,0.5304433054621235,-0.6484511464330254,0.21771895322003745,-0.0455650897850947,-0.465608530392287,2677472.6452702703
-33.107894021706706,21.89682844773489,-2.6236493657707785,2.9278756448761953,2.062754569403815,0.8025302604247727,0.5043282665408401,-0.6428614150558329,0.22072653777760298,-0.04569895263194685,-0.46638805818606005,2677477.204391892
-29.91358471247009,20.8047839398393,-4.079695856303525,3.276906060386295,2.03255820591743,0.7864691493218691,0.4759842679251059,-0.6371403754247695,0.22371511765605434,-0.04583041808591259,-0.467166465354964,2677481.7635135134
-0.48212770892991214,6.802909004906696,-4.668999409526284,3.1707686536080995,1.8884129567051513,0.7582351916108728,0.44561040572126165,-0.6312811213286842,0.22668457345540244,-0.04595948308146567,-0.4679437497343444,2677486.322635135
28.449354976631067,-10.381058839523861,-3.6008957404765147,2.4899976897647536,1.6474854295760641,0.7190056358930221,0.4134057760356462,-0.6252767465564242,0.22963478577566024,-0.046086144553082416,-0.46871990915954254,2677490.881756757
-22.755645927181803,-17.84222641680141,-0.3355648558272022,1.3597399166987147,1.3331740413554691,0.6699577307695559,0.3795694749746029,-0.6191203448968408,0.23256563521684095,-0.046210399435240676,-0.46949494146589826,2677495.440878378
16.790335773141766,-0.9255432519987589,4.6499198016585845,-0.032235595566941604,0.9689659595969423,0.6122687248417114,0.344300598644471,-0.6128050101387812,0.2354770023789568,-0.046332244662414396,-0.47026884448874706,2677500.0
-13.477192414580545,13.620290668228652,7.0617553364930545,-1.498159777009151,0.5783483518540594,0.5471158667107284,0.3077982431515925,-0.6063238360710963,0.2383687678620204,-0.04645167716908088,-0.4710416160634403,2677505.0861486485
14.22448600917701,-0.6429224831160348,3.328867739530707,-2.834797895313807,0.18480838568039684,0.47567640497784464,0.27026150460230647,-0.5996699164826336,0.24124081226604518,-0.04656869388971635,-0.4718132540253266,2677509.6452702703
-16.991615534502326,-9.337953901845248,-3.412172000280022,-3.7770525690026626,-0.18816677137047003,0.3991275882442987,0.23188947910295638,-0.5928363451622436,0.24409301619104298,-0.04668329175879611,-0.4725837562097341,2677514.204391892
18.135176302518765,2.991147758009736,-8.421821025116953,-4.0443607543064335,-0.517089951744965,0.31864666511132905,0.19288126275988063,-0.585816215898774,0.24692526023702652,-0.0467954677107962,-0.47335312045202294,2677518.7635135134
17.974360097981943,7.035659935412265,-7.154062074384846,-3.4537976691562013,-0.7830676515611861,0.2354108841801742,0.15343595167942242,-0.5786026224810761,0.24973742500400856,-0.04690521868019257,-0.47412134458751704,2677523.322635135
-12.811287440935057,-7.175349494958174,1.85618454884755,-2.2129915782845617,-0.9855810216239249,0.15059749405207246,0.11375264196792047,-0.5711886586979963,0.25252939109200145,-0.04701254160146179,-0.4748884264515779,2677527.881756757
9.613799272566514,-6.6424708769020535,8.740995755742464,-0.6272090081244823,-1.1287048764096492,0.06538374332826224,0.07403042973171717,-0.5635674183383853,0.2553010391010186,-0.04711743340907999,-0.4756543638795324,2677532.440878378
-10.250811133771771,9.805336679301211,9.135932182998241,0.9982835148910689,-1.2165140303948219,-0.019053119390017876,0.0344684110771521,-0.5557319951910918,0.2580522496310724,-0.047219891037523026,-0.47641915470673046,2677537.0
15.901807628450207,3.318308000352071,2.491572521846016,2.3919025121579383,-1.253083298055911,-0.10153584550152958,-0.004734317889432674,-0.547675483044965,0.260782903282175,-0.047319911421266944,-0.4771827967685105,2677542.0861486485
-24.281369660711675,-13.77761674222509,-5.4783221642780235,3.4167966963872156,-1.2425154855762253,-0.18085919469818995,-0.0433786610616973,-0.5393909756888542,0.2634928806543397,-0.0474174914947874,-0.4779452879002195,2677546.6452702703
31.9127920447287,-12.28425496231199,-8.834075190290632,3.969797828118804,-1.1889820966155082,-0.25574922919548554,-0.08126552233330019,-0.5308715669116084,0.2661820623475783,-0.047512628192560614,-0.47870662593720026,2677551.204391892
16.86814008525806,0.8642829487877939,-7.263760192087498,3.984518586048046,-1.095663680298366,-0.32510687999931054,-0.11819580559790074,-0.5221103505020762,0.2688503289619039,-0.047605318449062725,-0.4794668087147925,2677555.7635135134
-17.100165525252958,14.736535458251526,-2.8890061530297357,3.5433651043398546,-0.9639308908218696,-0.3880484129119771,-0.15397041474915737,-0.5131004202491081,0.27149756109733053,-0.04769555919877112,-0.48022583406834424,2677560.322635135
-37.537437064378665,19.66549225872678,1.8947932055960217,2.7722035667056946,-0.800775912649485,-0.44393160911579355,-0.18839025368073023,-0.5038348699415512,0.2741236393538686,-0.047783347376159385,-0.4809836998331886,2677564.881756757
-9.640846319333757,9.346412304207982,5.14118321079666,1.798569939704809,-0.6148077800208123,-0.4921671828647047,-0.2212562262862777,-0.4943067933682562,0.276728444331532,-0.04786867991570538,-0.4817404038446756,2677569.440878378
26.864093001318672,-8.849832123136208,6.699465382753225,0.7500001898964442,-0.41463552717546154,-0.5321658484126526,-0.25236923645946086,-0.4845092843180712,0.27931185663033287,-0.047951553751884216,-0.4824959439381465,2677574.0
-18.993866375194152,-19.626914625220948,6.875306536581205,-0.25339596280107535,-0.20886818835303717,-0.5633383200135827,-0.2815301880939348,-0.4744354365798464,0.28187375685028415,-0.04803196581917249,-0.4832503179489375,2677578.0861486485
11.828548830474173,-2.3280121248523833,6.010284138528103,-1.1336822808296687,-0.0061147977931433435,-0.5850953119214374,-0.3085399850833627,-0.46407834394242975,0.2844140255913987,-0.04810991305204632,-0.4840035237124081,2677582.6452702703
-8.033725977539937,17.50851065528622,4.478224559755762,-1.8702227564584497,0.18501561026461205,-0.5968475383901597,-0.33319953132140095,-0.4534311001946715,0.28693254345368896,-0.04818539238498121,-0.48475555906388934,2677587.204391892
9.01582400539706,3.8409671260471354,2.6045855331898977,-2.454849877753097,0.35591400158062575,-0.5980057136736938,-0.35530973070171085,-0.4424867991254199,0.28942919103716713,-0.04825840075245354,-0.48550642183871956,2677591.7635135134
-13.857741164734055,-14.609737941846744,0.4965275805383904,-2.8793961327792923,0.49797134191529113,-0.5879580146028376,-0.3746940245410951,-0.43123853452352384,0.2919038489418463,-0.04832893508893926,-0.4862561098722343,2677596.322635135
20.52053105367818,-10.941216568702194,-1.6982160710919165,-3.135694009602706,0.602578597029002,-0.5659832228008119,-0.39128524936393644,-0.41967940017783345,0.29435639776773964,-0.0483969923289146,-0.4870046209998169,2677600.881756757
26.275033204919573,3.0988287896859146,-3.4513241617804136,-3.2153474935065547,0.6608982298996856,-0.531260600407672,-0.40511576117778103,-0.40780248987719725,0.29678671811485885,-0.04846256940685531,-0.48775195305676217,2677605.440878378
-29.96971538909196,10.62596289168718,-4.139328423403072,-3.111671329858982,0.6658125291724818,-0.4829592296307543,-0.4162357063909533,-0.39560235252468934,0.2991946905832176,-0.04852566325723798,-0.4884981038784506,2677610.0
1.5130558320220717,9.66190995625339,-3.3288950971802707,-2.8319940358032136,0.6209781763699607,-0.4207520034780948,-0.4246894109548779,-0.38307935748028027,0.30158019577282735,-0.04858627081453855,-0.4892430713001813,2677614.0861486485
10.074057925464643,3.62774038925456,-1.4064466092817016,-2.401241658490685,0.5347057453817696,-0.3463409361100059,-0.4305197457067566,-0.37023532921816743,0.30394311428370147,-0.04864438901323224,-0.48998685315733337,2677618.6452702703
28.335743743025667,-3.530167868696993,0.814587514492065,-1.8480834347711854,0.4163728053040677,-0.26249503689331166,-0.43376958148379124,-0.357072092212547,0.3062833267158528,-0.048700014787796536,-0.4907294472852336,2677623.204391892
-26.524616659145746,-7.976785493776539,2.461559600768852,-1.201188601494504,0.2755067869167499,-0.1721331768785742,-0.43448178912318264,-0.34359147093761494,0.30860071366929326,-0.04875314507270566,-0.49147085151924347,2677627.7635135134
6.786177403006913,-7.593683852401271,2.874667078511,-0.4892263955104292,0.1216351209997096,-0.07817422711635323,-0.4326988038175192,-0.3297957255121796,0.310895155744036,-0.04880377680243701,-0.49221106369467704,2677632.322635135
25.286375898607584,-2.437317265393893,2.2510275470293792,0.25359418532079475,-0.03571476166715581,0.01646294134279064,-0.42846131818094396,-0.3156888586334975,0.31316653354009394,-0.048851906911466444,-0.49295008164689647,2677636.881756757
-26.184333595167733,5.156381236036329,1.0225211726902355,0.9711466784180692,-0.187015430303954,0.10885945744829677,-0.4218095891829857,-0.30127530864343616,0.31541472765747935,-0.048897532334269994,-0.49368790321124245,2677641.440878378
-13.579991633414046,8.423175752951115,-0.3743984344135462,1.6027311774736552,-0.3227394541307881,0.19609645014960414,-0.4127838737931735,-0.28655951388386425,0.3176396186962049,-0.048940650005323605,-0.4944245262230451,2677646.0
-2.208320085205583,6.30129472429566,-1.5462526674142758,2.087889355500771,-0.43335940236776527,0.27525504839615333,-0.4014244289810371,-0.27154591269664985,0.3198410872562829,-0.04898125685910268,-0.49515994851766093,2677651.0861486485
30.691517353219133,-0.4393842882035857,-2.2704966150612274,2.366162885512633,-0.5093778222823596,0.34344635918475314,-0.38777151171610613,-0.256238943423661,0.3220190139377269,-0.0490193498300847,-0.4958941679304246,2677655.6452702703
-30.944902023546316,-8.896545689748033,-2.3673187900079173,2.3783473948891927,-0.5427195057470545,0.39794977975048784,-0.3718653789679104,-0.24064304440676562,0.3241732793405491,-0.049054925852744985,-0.49662718229669134,2677660.204391892
15.534766675659867,-10.61689018210733,-1.678983840224278,2.093078700222487,-0.5318875622296588,0.4368589710281025,-0.3537462877059784,-0.22476265398783232,0.32630376406476136,-0.04908798186155875,-0.4973589894517914,2677664.7635135134
28.864542496582363,-4.959376425368342,-0.25866735121156775,1.5715440594518801,-0.4820434731568747,0.4606790658295948,-0.3334544948998404,-0.20860221050872935,0.328410348710378,-0.04911851479100394,-0.49808958723106533,2677669.322635135
-7.917721913242714,5.367396103653134,1.3279533711500158,0.8977551022618864,-0.3996877298412442,0.4705059704240747,-0.311030257519025,-0.19216615231132408,0.3304929138774103,-0.04914652157555467,-0.49881897346986703,2677673.881756757
-26.55694520535079,12.485735823478473,2.392594624714639,0.1557234583370192,-0.29132082359531,0.4674412527894852,-0.28651949424189194,-0.17545891773748593,0.3325513401658714,-0.04917199914968808,-0.49954714600353645,2677678.440878378
-18.18422712051434,9.788170899497004,2.4262764647375783,-0.5757629576702101,-0.16344324573161464,0.452627015729493,-0.26000865857252736,-0.15848494512908146,0.3345855081757737,-0.04919494444787966,-0.5002741026674037,2677683.0
27.638755440611334,0.18895348750445234,1.6356531957216098,-1.2372303108783738,-0.022555487562700996,0.42728855850381664,-0.23166740047106718,-0.14124867282797993,0.3365952985071308,-0.04921535440460653,-0.5009998412968304,2677687.0861486485
-29.972659179655817,-10.152017542045796,0.4003597581429344,-1.7681053600103622,0.12484195959888807,0.39269992250342883,-0.20171411202890174,-0.12375453917604957,0.3385805917599541,-0.049233225954343374,-0.5017243597271344,2677691.6452702703
23.079645180990706,-14.650937538688934,-0.9015496878791762,-2.106234083432141,0.2722486044406099,0.35016882389842224,-0.17040086011654199,-0.10600698251515807,0.3405412685342567,-0.04924855603156694,-0.5024476557936839,2677696.204391892
35.96585043512914,-10.605690654546525,-1.930051329910768,-2.189584033512182,0.4132855296524256,0.30100990185726456,-0.13798663460287403,-0.08801044118717333,0.34247720943005105,-0.04926134157075264,-0.5031697273318136,2677700.7635135134
18.230156549578002,1.6899763947608533,-2.4972427462591904,-1.956830382201502,0.5422814375068395,0.24654341428915613,-0.10473604409751557,-0.06976935353396413,0.3443882950473505,-0.049271579506377776,-0.503890572176857,2677705.322635135
-37.07592881933073,13.780621151784521,-2.419723149431348,-1.3811838832295198,0.654571898568976,0.1881120940662303,-0.07093617217301844,-0.05128815789739854,0.34627440598616765,-0.049279266772917926,-0.5046101881641762,2677709.881756757
-31.10495382389689,16.236194567707585,-1.3782194460900508,-0.5719489197422625,0.7457138069764904,0.12706429280135306,-0.03687972114266622,-0.03257129261934447,0.3481354228465148,-0.04928440030484887,-0.5053285731290864,2677714.440878378
27.887312583353253,3.790293030818966,0.6439783413120194,0.3210116040247333,0.8112640568670371,0.0647483621073897,-0.002859393319742365,-0.01362319604167016,0.349971226228404,-0.04928697703664598,-0.5060457249069492,2677719.0
-20.260602338932333,-16.63594923424915,2.292851094705616,1.146077331935002,0.8468533445670028,0.0024388514084745234,0.030832108982468652,0.005551693493756409,0.3517816967318487,-0.04928699390278705,-0.5067616413331175,2677723.0861486485
14.160977238978646,-8.092740332271697,2.263596283704017,1.7700912784923437,0.848435926101658,-0.058913249570143204,0.06390208345068328,0.024948937645066768,0.35356671495686104,-0.049284447837746,-0.5074763202428962,2677727.6452702703
-13.38209445797495,16.46397305596114,0.8151503723006145,2.1393638446291257,0.8121796745346883,-0.11857056814162835,0.09605782777161788,0.04456409807039272,0.3553261615034545,-0.049279335776000695,-0.5081897594716631,2677732.204391892
17.93784000354898,3.9488633929030184,-1.1907313132685269,2.2411244173879634,0.7343864581691728,-0.17592972685853958,0.12700663963198844,0.06439273642786644,0.35705991697164097,-0.04927165465202608,-0.508901956854752,2677736.7635135134
-23.521924206471617,-15.351180408231336,-1.966162338031749,2.066315420170629,0.6132854238903891,-0.23041375934729558,0.15645581671851105,0.08443041437561963,0.3587678619614336,-0.04926140140029919,-0.509612910227497,2677741.322635135
-8.313611422100305,-2.385457157487576,-0.3058726401378064,1.6196936067678334,0.4547091886169707,-0.28144569923431495,0.18411265671790206,0.1046726935717842,0.3604498770728444,-0.04924857295529515,-0.5103226174252451,2677745.881756757
24.536412517056927,13.239616144026565,1.7331973371798806,0.9897860651511264,0.2663912367758886,-0.3284553121395235,0.20969118931038516,0.12511513567449176,0.3621058429058869,-0.049233166251490455,-0.5110310762833377,2677750.440878378
-19.497688365415144,0.2036154710228896,1.8997972567012145,0.2885769382684251,0.056065052794115354,-0.3709072561588911,0.23294033665222735,0.14575330234187447,0.363735640060573,-0.04921517822336168,-0.5117382846371304,2677755.0
14.929435427516138,-10.642385122588971,0.4464805095533778,-0.38262541192532745,-0.16853587890137758,-0.4083047793899462,0.2536476109012555,0.16658275523206376,0.3653391491369158,-0.049194605805383415,-0.5124442403219517,2677760.0861486485
-15.594629013209053,6.0067909611603865,-1.5161117088207998,-0.9958045657581417,-0.3996780738836181,-0.44015909443223117,0.27160848871730897,0.1875990560031919,0.36691625073492745,-0.0491714459320326,-0.513148941173144,2677764.6452702703
21.91855788019698,8.406246342616399,-2.2124499029927693,-1.5417769027672867,-0.6296280477256349,-0.46598141388528797,0.2866184467602276,0.20879776631339053,0.36846682545462145,-0.049145695537785805,-0.5138523850260619,2677769.204391892
-29.89105499729905,-5.877627006043899,-0.5102194509408727,-2.0002686080937746,-0.8506523160004553,-0.48528295034865815,0.2984729616898507,0.2301744478207916,0.3699907538960093,-0.049117351557117904,-0.5145545697160219,2677773.7635135134
17.288849455532556,-7.229280895185773,1.7175245680508733,-2.306645089293608,-1.0550173942811074,-0.49758855260096246,0.3069811463450965,0.2517246621835267,0.3714879166591052,-0.049086410924506746,-0.5152554930784102,2677778.322635135
38.44015379480641,0.7839719022031638,2.932279388039614,-2.3851815595265315,-1.2349897981406217,-0.5024967438911967,0.3120257880352585,0.27344397105972806,0.3729581943439199,-0.04905287057442563,-0.5159551529485407,2677782.881756757
-4.6338796598828,6.105722998362508,2.9669050185435406,-2.1759881108341013,-1.3844190884385288,-0.49972444205985306,0.3136080686611265,0.2953279361075272,0.37440146755046777,-0.049016727441353505,-0.5166535471617408,2677787.440878378
-21.765471505834302,7.586742032877164,2.0200769508976566,-1.6935582463800751,-1.5034870071803883,-0.48912065228616974,0.3118623394002201,0.3173710370470726,0.37581761687876075,-0.04897797845976505,-0.517350673553381,2677792.0
-30.977394895993896,6.820134529178122,0.3807088547856033,-1.0123959305898387,-1.593958341658265,-0.4705626191455548,0.3069565380292327,0.3395624063955085,0.37720652292881085,-0.048936620564135475,-0.5180465299587926,2677797.0861486485
27.817685932944553,5.396198040667103,-1.5367556507366757,-0.21804902348374705,-1.6575978791642199,-0.4439275872134173,0.2990637620671173,0.36188601692771966,0.3785680663006322,-0.04889265068894273,-0.5187411142133199,2677801.6452702703
-26.61484967460152,3.5651914015328097,-3.2895988085115384,0.6039346149178499,-1.6961950661604945,-0.4090681418949887,0.28835812848389697,0.3843248219675211,0.3799021275942361,-0.04884606576866148,-0.5194344241523161,2677806.204391892
25.875847795658864,-2.922644090484884,-4.435195494806041,1.3680071245946024,-1.7114994953250493,-0.3658767223797803,0.27501375424959407,0.4068617748387284,0.38120858740963587,-0.048796862737768225,-0.5201264576111106,2677810.7635135134
28.807156049245656,-8.726993528875088,-4.5394819106249065,1.9971819702638283,-1.7046647066481642,-0.3148418205449851,0.25920475633423185,0.42947982886515623,0.38248732634684396,-0.04874503853073882,-0.5208172124250479,2677815.322635135
28.320109549699925,-11.323366965148,-3.1919189685016987,2.4379973281716683,-1.6764364531105438,-0.25685971527736895,0.24110525170783254,0.4521619373706206,0.38373822500587307,-0.04869059008204965,-0.521506686429463,2677819.881756757
-26.98804114460864,-7.992966987085235,-0.30300131457747376,2.602670349614534,-1.627484551483382,-0.19290262167321154,0.2208893573404191,0.4748910536789362,0.3849611639867361,-0.0486335143261764,-0.5221948774597208,2677824.440878378
-29.089181213535376,3.3216223899856394,2.806077958199562,2.3931482132023993,-1.558927136720388,-0.12394505138168756,0.19873119020201363,0.4976501311139184,0.3861560238894453,-0.04857380819759565,-0.5228817833511392,2677829.0
24.07642226624697,11.889765606111709,4.458770998323955,1.7131805564868887,-1.4736848027169196,-0.050961516051975124,0.17480536133915256,0.5204216289228696,0.3873226853140136,-0.04851146863078307,-0.5235674019390798,2677833.0861486485
-17.743470781590645,0.5429886321427833,3.509618916644912,0.5407941382539152,-1.3751287581037497,0.02507347266674987,0.14928845810442246,0.5431860300470409,0.38846102886045336,-0.04844649256021433,-0.5242517310588781,2677837.6452702703
13.744304951061455,-11.236929820924106,0.9375186734302596,-0.8506782567151115,-1.266630211511649,0.1031854031253112,0.12235756192692356,0.5659233233511696,0.3895709351287776,-0.048378876920366465,-0.5249347685458724,2677842.204391892
-14.865872421987858,0.7505149593222941,-1.7843100846645064,-2.114077337139901,-1.1515603715713905,0.1823997636745322,0.09418975423575657,0.5886134976999939,0.3906522847189987,-0.04830861864571479,-0.5256165122354128,2677846.7635135134
20.662369189837037,10.02515481239442,-3.329712814851817,-2.9022438117401705,-1.0332904469137454,0.2617420426652364,0.06496211646002047,0.6112365419582517,0.3917049582311296,-0.04823571467073543,-0.5262969599628405,2677851.322635135
-28.32630166495981,4.238325016982441,-2.816603883762841,-2.951029703940222,-0.9162503191523075,0.34023772844824757,0.034851730028815836,0.633772444990681,0.3927288362651825,-0.048160161929904965,-0.5269761095634852,2677855.881756757
16.296675109463234,-2.6680282110043905,-0.9921081918357648,-2.3316651460038025,-0.8057717118108971,0.4169123093743893,0.004035676371242769,0.6562011956620192,0.3937237994211701,-0.04808195735769834,-0.5276539588727128,2677860.440878378
39.936662224171634,-6.615951649741453,0.9893467270394547,-1.211722984983484,-0.6949136213119209,0.4907912737944853,-0.02730896308359852,0.6785027828370044,0.394689728299106,-0.04800109788859268,-0.5283305057258486,2677865.0
9.60858284374351,-7.457096139240463,1.9623889472965457,0.23789108204709966,-0.5734021940567229,0.5609001100593585,-0.059005106906608165,0.7006571953803747,0.395626503499002,-0.04791758045706421,-0.529005747958242,2677870.0861486485
-23.45946799806211,-4.470406832619597,1.1529751356569293,1.796771209652157,-0.43096357644664995,0.6262643065198327,-0.09087567366868606,0.722644422156868,0.3965340056208707,-0.04783140199758795,-0.5296796834052333,2677874.6452702703
-34.91615712096764,1.5141673196374739,-0.46854153229842893,3.031594694383293,-0.25732391488304734,0.6859093515267317,-0.12274358194073212,0.7444444520312214,0.39741211526472486,-0.04774255944464032,-0.5303523099021661,2677879.204391892
27.011642024075687,6.087464987645089,-1.4370366637397147,3.3998736261740876,-0.04220935576726294,0.7388607334308797,-0.15443175029364625,0.7660372738681736,0.39826071303057725,-0.04765104973269743,-0.5310236252843752,2677883.7635135134
-18.148004907763482,-1.3233728977954724,-0.7443563931123792,2.5340170772545663,0.22052613267135118,0.7841439405830984,-0.18576309729832896,0.7874028765324628,0.39907967951844053,-0.04755686979623579,-0.5316936273872249,2677888.322635135
11.918363903785703,-5.168234273757872,0.7301059777811892,0.8256871072964539,0.5205172948914014,0.8207844613342137,-0.21656054152567866,0.8085212488888257,0.3998688953283274,-0.04746001656973132,-0.5323623140460378,2677892.881756757
-11.207680634731584,4.545382736271512,1.4835942921851808,-1.1441607671086826,0.8432710535234876,0.8478076556668971,-0.24664687317844622,0.8293723798020008,0.40062824106024986,-0.047360486987658525,-0.5330296830961654,2677897.440878378
16.006645686326248,4.068745922819389,0.19261813368268346,-2.8260975068176917,1.1742943311982115,0.8642386329929412,-0.2758446318885001,0.8499362581367265,0.40135759731422216,-0.04725827798449653,-0.5336957323729473,2677902.0
-23.722328282472205,-2.9294417318980783,-1.477109006074513,-3.789003133372568,1.4990940505461687,0.8691117227112674,-0.30398557727483816,0.87019287275774,0.40205684469025527,-0.04715338649471883,-0.5343604597117118,2677906.0861486485
0.07605559554656662,-2.3299806341532494,-1.6441452601873086,-3.735189774116102,1.8041637971350437,0.8614966523885191,-0.330936867124179,0.8901222125297793,0.4027258637883625,-0.04704580945280163,-0.5350238629478372,2677910.6452702703
37.49936052644655,1.3868457112948658,-0.6498759948987691,-2.8378479459010815,2.0799438082808472,0.8404792394293593,-0.35658174906126133,0.9097042663175815,0.40336453520855686,-0.046935543793222706,-0.5356859399166408,2677915.204391892
-6.7570512765187045,0.9670739354942891,0.732769853934886,-1.59390990190079,2.31786098423667,0.8051472495108537,-0.38080541898323017,0.9289190229858862,0.40397273955085006,-0.04682258645045618,-0.5363466884534629,2677919.7635135134
-19.483576839807252,-0.9494771508342033,1.3549566475477333,-0.5552471323399839,2.509342225255606,0.7545884483100723,-0.40349307278722946,0.9477464713994299,0.4045503574152555,-0.0467069343589789,-0.5370061063936565,2677924.322635135
-35.350929383236625,0.5293368857526303,0.25743584010739023,-0.10399064973994321,2.6458144315907473,0.6878906015040828,-0.42452990637040405,0.9661666004229511,0.40509726940178625,-0.046588584453267363,-0.5376641915725635,2677928.881756757
26.986259848396685,2.3200405368648664,-0.8821020582202613,0.05669044419194115,2.7186545327435603,0.6041914455215774,-0.44380111562989794,0.9841593989211869,0.40561335759520184,-0.046467535152545036,-0.538320941825521,2677933.440878378
-16.76175238719147,-3.7628704886787965,-0.4668082126167274,0.35824850337464526,2.718531217730585,0.5033369572761769,-0.4611938398346407,1.0017067991306605,0.40609851001925834,-0.046343790815031365,-0.5389763549878704,2677938.0
8.998974553619249,-1.6863047637131818,0.2844429447910511,1.047295844421666,2.6339736223614914,0.3873126668883753,-0.47660299174069515,1.018798506775028,0.4065526161824575,-0.04621735728369068,-0.5396304288949587,2677942.0861486485
-7.400984721959178,7.6606112001828155,0.38133076284175854,2.1553584781332806,2.452777914801409,0.2588370721232023,-0.48992542747590806,1.0354261709497294,0.40697556559330256,-0.04608824040149005,-0.5402831613821287,2677946.6452702703
11.643063536165894,-2.415332097475127,-0.4231420366469222,3.4578772883555446,2.162684110673935,0.12068482328721693,-0.5010580031681288,1.0515814407502078,0.4073672477602957,-0.04595644601139525,-0.5409345502847259,2677951.204391892
-18.826906304973782,-11.861575836913373,-0.6092607115762548,4.098018601456375,1.7514322256026786,-0.024369429313025007,-0.5098975749452029,1.0672559652719016,0.40772755219194057,-0.04582197995637289,-0.5415845934380991,2677955.7635135134
-20.805000293784744,-0.44979981389262375,0.5856004109318569,3.7840127788837146,1.2161512403244876,-0.17355103537096417,-0.5163409989349786,1.082441393610253,0.40805636839673975,-0.04568484807938957,-0.5422332886775645,2677960.322635135
19.339332108442775,15.453413427622587,1.6087190488906795,2.636900537584901,0.5915259960291934,-0.3240853445800436,-0.5202851312653034,1.0971293748607023,0.40835358588319526,-0.04554505622341037,-0.5428806338384812,2677964.881756757
-14.049850721344171,2.8085424700932657,0.9186889508329086,0.8830540342117462,-0.07836970098012372,-0.47319770663370603,-0.5216283631779136,1.1113130932325794,0.408619094159811,-0.04540261023140241,-0.5435266267562061,2677969.440878378
11.13056374493348,-18.097861735412646,-0.8433295848499985,-1.0645936441816373,-0.7494620444003843,-0.6181134712253938,-0.5202752263700929,1.1249918733907618,0.40885278273508857,-0.04525751594633132,-0.544171265266056,2677974.0
-14.735220319535891,-5.964440628663078,-2.6004625268003676,-2.746449397780791,-1.3776772279285092,-0.7560579880485494,-0.516131787653017,1.1381665751140182,0.4090545411175315,-0.04510977921116314,-0.544814547203391,2677979.0861486485
21.06415062263598,18.468902483728883,-3.71546834101527,-3.7029201267712555,-1.918941445261419,-0.8842566067966144,-0.5091041138378607,1.150838058181116,0.4092242588156424,-0.044959405868864495,-0.5454564704035538,2677983.6452702703
-26.943873480513144,20.471857008839358,-3.539256212756675,-3.5930986921507095,-2.3322523343576838,-0.9999346771630322,-0.49909827173579624,1.1630071823708221,0.40936182533792437,-0.04480640176240152,-0.5460970327018683,2677988.204391892
10.038352559435785,2.4186953001116454,-1.3969806368949862,-2.5770027459309426,-2.5945296193018055,-1.100317548841245,-0.486020328157999,1.174674807461905,0.40946713019287967,-0.04465077273474037,-0.5467362319337032,2677992.7635135134
33.97764564688233,-16.99603225799767,1.662861577159076,-1.0380596919982663,-2.7083097047572506,-1.1826305715246945,-0.4697763499156431,1.185841793233131,0.4095400628890116,-0.0444925246288472,-0.5473740659343841,2677997.322635135
33.62807497138298,-21.30188977944043,4.130498690091245,0.6141221179953952,-2.681372025772146,-1.244492373601499,-0.4502724038199006,1.1965089994632667,0.40958051293482256,-0.04433166328768825,-0.5480105325392565,2678001.881756757
-17.1407714152473,-10.382195296652881,4.851521618813179,1.9699343323981195,-2.5196527326052447,-1.2853648682491394,-0.4274145566819472,1.206677285931082,0.40958836983881525,-0.04416819455422921,-0.5486456295836629,2678006.440878378
-28.914536641086123,8.271804312917622,4.008441283861177,2.7042992208370316,-2.227614016777967,-1.3061734352538283,-0.401119367441564,1.2163475124153418,0.4095635231094927,-0.044002124271436786,-0.5492793549029508,2678011.0
21.26591751959484,20.586529761791855,1.7998540417360362,2.831416273200673,-1.8094478998010675,-1.3080356248156748,-0.3713813946353014,1.2255205386948143,0.4095058622553578,-0.043833458282276846,-0.5499117063324523,2678015.0861486485
-12.97259488025215,5.001259734556676,-1.3462285122115054,2.4591942685615513,-1.273906130509211,-1.2919105024580244,-0.33835368147647465,1.234197224548268,0.4094152767849132,-0.043662202429716725,-0.5505426817075352,2678019.6452702703
9.916676416645167,-19.144429491360995,-3.728690314936017,1.7180141177379622,-0.6510578543376008,-1.2587056297467447,-0.3022407751358737,1.2423784297544687,0.40929165620666125,-0.04348836272730598,-0.5511722786929302,2678024.204391892
-16.007909780478762,-11.44634333906406,-3.8382417727312537,0.7503680259983951,0.012154106735171703,-1.2093247000289213,-0.2632510910030743,1.250065014092184,0.4091348900291055,-0.04331194587093824,-0.5518004942710568,2678028.7635135134
23.732095478685128,11.513171235839508,-2.2225620912763775,-0.3018191232678949,0.6657084434256368,-1.1446714066516377,-0.22159304446765252,1.257257837340182,0.40894486776074795,-0.04313295872708954,-0.5524273252537594,2678033.322635135
-28.627865463683122,15.851187538013104,-0.0013366230545181117,-1.239769952010062,1.259583846450327,-1.0656494429619776,-0.177475050919184,1.26395775927723,0.408721478910092,-0.04295140816223909,-0.5530527684528587,2678037.881756757
-6.4456472884485185,5.458302528212162,1.8011819272155272,-1.8521652963779358,1.7466209399151478,-0.9731625023070278,-0.1311055257472422,1.2701656396820953,0.40846461298564035,-0.042767301042864,-0.5536768206801914,2678042.440878378
8.223390424931395,-7.687336802027437,2.604086322627036,-1.9405965044295312,2.0925708598341903,-0.8681142780338704,-0.08269288434140448,1.2758823383335451,0.408174159495896,-0.04258064423544159,-0.554299478747586,2678047.0
26.45063712995903,-12.309021261082775,2.0134673663732396,-1.3984042220254682,2.278772366877217,-0.7514084634895905,-0.03244554209124522,1.2811087150103468,0.40785000913777303,-0.04239144579486134,-0.5549207394668761,2678052.0861486485
-20.502690229361246,-2.255444424097966,0.18784194159629325,-0.4593293885150612,2.31552531151883,-0.6239487520212718,0.01942808561366043,1.2858456294912672,0.40749205736183636,-0.04219971852966194,-0.55554059964989,2678056.6452702703
-27.456700548180123,8.991563067877747,-1.6469938459700464,0.5326807613574396,2.220072804304691,-0.4867075191835336,0.07271958338373768,1.2900939415550745,0.40710020080706116,-0.042005476436793796,-0.5561590561084602,2678061.204391892
30.898089795923738,9.92493377995802,-2.0389565300811934,1.2483785086020116,2.0100367978350433,-0.34103598258556095,0.1272205358294072,1.2938545109805368,0.40667433675038267,-0.04180873415116794,-0.556776105654416,2678065.7635135134
-6.45398298323319,0.22443281111186267,-0.261479420782657,1.494361785268237,1.7035243798154254,-0.1887704949418483,0.18272252756109858,1.2971281975464202,0.4062143650205676,-0.04160950885952388,-0.5573917450996003,2678070.322635135
-13.292778166359765,-9.393104744164408,1.8323174694750781,1.2966922505620844,1.3202852254224546,-0.03185152219132678,0.239017143189235,1.2999158610314923,0.40572018608434196,-0.04140781838656385,-0.5580059712558354,2678074.881756757
-32.27230581461167,-6.348558982586742,2.24414666301628,0.7475051035873024,0.8862229068192852,0.12778046972707066,0.295895967324241,1.30221836121452,0.4051917004084303,-0.041203680556985985,-0.5586187809349494,2678079.440878378
25.205499347637684,9.479192274708412,0.952536384279001,0.027505754725470833,0.4287794704157046,0.28818501487441295,0.3531505845765398,1.3040365578742712,0.4046288084595584,-0.04099711319549242,-0.5592301709487587,2678084.0
-15.9445866343351,6.531060066592026,-1.3022301153619782,-0.657414042236024,-0.024603037378500073,0.4474216473117677,0.4105725795565558,1.3053713107895146,0.40403141070445203,-0.040788134126781755,-0.5598401381091409,2678089.0861486485
9.475812009112069,-9.594318386162241,-2.699737603339953,-1.1006534209698735,-0.4464825701535384,0.6035499011001992,0.4679535368747165,1.30622345056255,0.40339943678630225,-0.040576761175555406,-0.560448679227886,2678093.6452702703
-8.937431818528632,-2.728822453537344,-1.7933202889638586,-1.1554796990291711,-0.8096839988370512,0.7546293103007786,0.5250850411414433,1.3065936671329181,0.40273295701106104,-0.040363012166512495,-0.5610557911168406,2678098.204391892
13.281978877619146,9.264558669205336,0.28784875722290687,-0.9086374349000441,-1.0940953582949438,0.8987194089745707,0.5817586769671639,1.3064825254361088,0.4020321666887338,-0.040146904924354354,-0.5616614705878318,2678102.7635135134
-19.400639182104246,6.152549288498019,2.0421823387371743,-0.4827573925947774,-1.3038535790847805,1.0338797311826438,0.6377660289623018,1.3058905664507072,0.4012972850862244,-0.039928457273779756,-0.5622657144526996,2678107.322635135
-14.055973872674477,-1.63136605138639,3.0542756165711094,0.005525158462899411,-1.449234699905266,1.158313424538644,0.6928986817372808,1.3048183311553072,0.40052853147043455,-0.03970768703949012,-0.5628685195232634,2678111.881756757
29.93325016740544,-7.4850766320164865,3.180234999254452,0.4396092906805246,-1.5410892136654117,1.2707980908665242,0.746948219902525,1.3032663605284973,0.39972612510826866,-0.039484612046185565,-0.5634698826113514,2678116.440878378
12.797529769064898,-7.490105964934347,2.256776713268908,0.7253614390547543,-1.590457798528092,1.3703015172440987,0.7997062280684607,1.3012351955488677,0.39889028526662895,-0.03925925011856534,-0.564069800528818,2678121.0
-16.30124751942971,-2.82969936958537,0.2738020727750769,0.858002361469662,-1.6085945161951962,1.4560048742882032,0.8509642908455118,1.2987253771950062,0.39802123121241834,-0.03903161908133003,-0.5646682700874751,2678125.0861486485
-36.28982422056084,2.987333491184931,-1.877117669181532,0.8535159550398437,-1.6053925292793334,1.5272952895599112,0.900513992844103,1.2957374464455058,0.3971191822125397,-0.03880173675918032,-0.5652652880991582,2678129.6452702703
35.855132590786596,5.944290138531574,-3.0741805711534496,0.721074060717882,-1.5843346647035057,1.5839616110927022,0.9481469186746588,1.2922719442789539,0.3961843575338968,-0.03856962097681598,-0.5658608513757026,2678134.204391892
-7.119235033807175,2.405186929995573,-2.538072469016468,0.4754233697833528,-1.5458918855888837,1.626526207263321,0.9936546529476054,1.2883294116739419,0.39521697644339177,-0.038335289558937335,-0.5664549567289293,2678138.7635135134
-7.509364514751455,-3.6180551334878195,-0.8594303079394374,0.16804687937630094,-1.4901611535376937,1.6556820769574696,1.0368287802733647,1.2839103896090587,0.39421725820792825,-0.03809876033024444,-0.5670476009706824,2678143.322635135
-28.82636018273279,-5.351816642756514,1.0263872344871146,-0.14025217889114097,-1.417239430152173,1.6721222190608542,1.0774608852623628,1.2790154190628944,0.39318542209440854,-0.03786005111543733,-0.5676387809127825,2678147.881756757
25.365358573752896,-0.6440156992337064,2.3093540490673043,-0.3886705734068381,-1.3272236770345462,1.6765396324591728,1.1153425525250231,1.273645041014039,0.39212168736973585,-0.03761917973921633,-0.5682284933670683,2678152.440878378
-14.223745554224147,4.694862916036364,2.7142836266601345,-0.5164996738966081,-1.2201162544490949,1.6696156319730286,1.1502770507368725,1.267799796441082,0.39102627330081363,-0.037376164026281675,-0.5688167351453718,2678157.0
-19.57108495078949,5.595397108416942,2.1201119968779802,-0.4832119246304581,-1.0955925980809464,1.6519746986883241,1.1821244823081345,1.2614802263226137,0.3898993991545442,-0.03713102180133341,-0.5694035030595216,2678162.0861486485
4.266830899795695,-0.31198975747080504,0.6328119300710563,-0.32733790327923595,-0.9536866100745542,1.624170688643545,1.2108155746964515,1.2546868716372237,0.38874128419783077,-0.036883770889072305,-0.5699887939213425,2678166.6452702703
19.50949377886039,-5.893088646106573,-1.031309089934678,-0.1062222778797459,-0.7954722521734497,1.5866731560625436,1.2363653571740993,1.2474202733635023,0.3875521476975772,-0.0366344291141985,-0.5705726045426774,2678171.204391892
-6.406958956275877,-4.197621656212074,-2.158764021061784,0.12303742823779981,-0.6222706308277577,1.5399331040840882,1.2588074100984326,1.2396809724800384,0.3863322089206846,-0.03638301430141068,-0.5711549317353501,2678175.7635135134
-24.891919874284476,1.7005543699867367,-2.63782815173769,0.3033436917431963,-0.435402852487617,1.4844015358469569,1.2781753138268046,1.2314695099654227,0.3850816871340579,-0.036129544275410624,-0.5717357723111914,2678180.322635135
27.928835883638765,5.948987245414579,-2.518818804295128,0.3892004405853343,-0.236190023603156,1.420529454489913,1.294502648716574,1.222786426798245,0.3838008016045989,-0.03587403686089811,-0.5723151230820326,2678184.881756757
-5.208226786112919,3.739458987663301,-1.9016350712323422,0.3816030769584533,-0.026622696960549058,1.3487678631517412,1.3078229951250926,1.213632263957095,0.3824897715992107,-0.03561650988257272,-0.5728929808597178,2678189.440878378
-11.333510657410587,-1.7357127463862092,-0.9104813565233381,0.29498990275957604,0.18713201740227187,1.269567764971201,1.3181694763620226,1.2040080194682579,0.38114881638479686,-0.035356981165135505,-0.573469342456063,2678194.0
-30.494218215223366,-5.114966846498807,0.32726197080872504,0.1491926855423688,0.39292976658368245,1.1833801630870728,1.3255733875462363,1.1939165195488055,0.3797781552282597,-0.03509546853328597,-0.5740442046829084,2678198.0861486485
28.22817682953353,-2.9369144578336925,1.6346960230811296,-0.03720719964295796,0.5798765901855354,1.0906560606381215,1.3300651907522831,1.183361423460136,0.37837800739650274,-0.03483198981172535,-0.5746175643520647,2678202.6452702703
-10.682154258896736,0.8635973739297022,2.636847837973001,-0.24631566884897696,0.7377658189124516,0.9918464607631208,1.331673464114897,1.1723482744034601,0.3769485921564283,-0.03456656282515204,-0.5751894182754048,2678207.204391892
-19.236794859610825,3.456770765111321,2.909383634372378,-0.4603963379967212,0.8562646576455778,0.8875284924243121,1.330424889959032,1.1608845113897677,0.37549012877494004,-0.034299205398267835,-0.5757597632647251,2678211.7635135134
-18.21864770754792,2.8414801994576884,2.1803070137338905,-0.6574062171578667,0.9244738314983044,0.7788457643516951,1.3263457706563546,1.1489779533833375,0.3740028365189411,-0.03402993535577249,-0.5763285961318624,2678216.322635135
17.190632772452734,-0.6447661030484223,0.7846056097513986,-0.7957103949794992,0.9310592211865332,0.6673767296727583,1.3194624085785334,1.1366364193484468,0.3724869346553333,-0.033758770522365436,-0.5768959136886535,2678220.881756757
-3.613083224390933,-1.5657195308973675,-0.7910263607885879,-0.8287365547854278,0.864737581436209,0.5546489675049512,1.3098011060972363,1.123867728249374,0.37094264245102077,-0.03348572872274807,-0.5774617127469348,2678225.440878378
-20.14430310257386,-0.4067277193276918,-2.0884748346384723,-0.714615761696238,0.7202926408831681,0.4408264648526074,1.2973881655841277,1.1106796990503984,0.3693701791729057,-0.03321082778161945,-0.5780259901185283,2678230.0
23.273294067991543,0.6688653531994065,-2.754922739910554,-0.43054641338616223,0.511931561914797,0.32571710752214755,1.2822498894108787,1.0970801507157966,0.3677697640878917,-0.03293408552368034,-0.5785887426152683,2678234.0861486485
8.197717321721388,0.2882460469779155,-2.550386415641184,0.02107528232887375,0.26016388490054315,0.20912878131999263,1.2644125799491555,1.0830769022098465,0.3661416164628817,-0.03265551977363107,-0.5791499670489891,2678238.6452702703
-5.407473282031643,-0.4671844597622092,-1.7349797151006927,0.5596824847503435,-0.011911945546117696,0.09086937205257371,1.2439025395706222,1.0686777724968266,0.36448595556477853,-0.03237514835617168,-0.5797096602315182,2678243.204391892
-30.586932312621666,-0.14013595645518864,-0.7170388630288012,1.0852291463006976,-0.28061371009231495,-0.02925323447368956,1.2207460706469497,1.0538905805410144,0.3628030006604847,-0.03209298909600186,-0.5802678189746885,2678247.7635135134
30.173018678257975,1.289060363433183,0.39968890220556214,1.497669219402381,-0.5222591894051832,-0.15143115245237349,1.1949694755498035,1.0387231453066896,0.36109297101690396,-0.03180905981782229,-0.5808244400903263,2678252.322635135
-7.413260182062226,-0.4477850167004317,1.4929575863472042,1.6978175327040654,-0.7140270403780777,-0.2758564960770514,1.1665990566508504,1.0231832857581293,0.35935608590093887,-0.0315233783463333,-0.581379520390277,2678256.881756757
-7.230616849697665,-3.2115946644064417,2.0323123295338603,1.5934989451476502,-0.8401059501975807,-0.4027213795413005,1.135661116321759,1.0072788208596106,0.3575925645794923,-0.03123596250623447,-0.5819330566863578,2678261.440878378
-22.89917278281318,-2.628615862604294,1.5553537952734573,1.139610987502972,-0.8998115838299078,-0.5322179170386981,1.102181956934195,0.9910175695754126,0.35580262631946785,-0.03094683012222685,-0.5824850457904018,2678266.0
21.32706538930389,1.9036648648378025,0.33264828295193766,0.42240049212146075,-0.8964273108462723,-0.664137043546176,1.066187880859828,0.974407350869814,0.35398649038776764,-0.030655999019009953,-0.5830354845142455,2678271.0861486485
-7.233271850682286,7.635464253512764,-0.9854989735056879,-0.4399400145971499,-0.8348540074569545,-0.7966521874015963,1.0277051904703238,0.957455983707091,0.3521443760512953,-0.03036348702128418,-0.5835843696697238,2678275.6452702703
-21.953809359644247,8.665219047803465,-1.717455409427666,-1.3292180062531223,-0.7204448881788754,-0.927484438636182,0.9867601881373499,0.9401712870515226,0.350276502576954,-0.0300693119537494,-0.5841316980686564,2678280.204391892
6.78854222344907,1.1677295207580425,-1.4392965772125967,-2.1158998859452285,-0.5585659573014516,-1.0543420975086604,0.9433791762325724,0.9225610798673874,0.3483830892316458,-0.029773491641106663,-0.5846774665228823,2678284.7635135134
24.2763938391748,-8.429173288923131,-0.42489379208952105,-2.642044339140106,-0.354547712017676,-1.1749689713741829,0.8975884571276596,0.9046331811189628,0.3464643552822743,-0.02947604390805465,-0.5852216718442318,2678289.322635135
16.344488746583828,-11.855280252065144,0.9462878087581438,-2.806067176435213,-0.11370668299792484,-1.2872508959736129,0.8494143331942784,0.8863954097705274,0.3445205199957417,-0.029176986579294316,-0.5857643108445351,2678293.881756757
-20.53133001725703,-4.007119943303711,2.1572859783155107,-2.519892325027665,0.1552276584096657,-1.3891092141442405,0.798883106804098,0.8678555847863577,0.34255180263895324,-0.028876337479527166,-0.5863053803356254,2678298.440878378
15.287686443888335,12.52424280037746,2.087664253702653,-1.6979113299204907,0.4316529777066417,-1.4784652687233537,0.7460210803287826,0.8490215251307339,0.34055842247880924,-0.028574114433451342,-0.5868448771293294,2678303.0
-10.397013975544873,10.57354239244692,0.05723876309453948,-0.37985667550119495,0.6920307400727447,-1.5532404025482436,0.6908545561400014,0.8299010497679328,0.33854059878221443,-0.028270335265768432,-0.5873827980374788,2678307.0861486485
10.163538602320209,-9.831320639284183,-2.450456518636321,1.0965378093609357,0.9128224106877161,-1.6113559584561978,0.6334098366094202,0.8105019776622324,0.33649855081607044,-0.027965017801177487,-0.5879191398719136,2678311.6452702703
-14.606569431630346,-11.057282405567838,-3.4333095818460864,2.3413893865792104,1.070489454731297,-1.6507332792845077,0.573713224108708,0.7908321277779111,0.3344324978472818,-0.027658179864379462,-0.5884538994444517,2678316.204391892
19.125189032697836,3.9637041811546716,-1.6341412775508501,3.091652261207856,1.1417218659394626,-1.669522236426697,0.5117910210095313,0.7708993190792472,0.3323426591427498,-0.02734983928007404,-0.5889870735669412,2678320.7635135134
-17.083853532684792,9.036725516602091,1.5059907005533473,3.3101338109049556,1.1044198858762575,-1.6670823503639076,0.44766893094310767,0.7507113705305183,0.330229253969379,-0.02704001387296218,-0.5895186590512004,2678325.322635135
-20.718862276547224,4.610772031541407,4.099366528016679,3.003044605191252,0.9462653436968245,-1.644191342489504,0.3813777954840924,0.7302761010960026,0.32809250159407116,-0.026728721467743022,-0.5900486527090638,2678329.881756757
-16.784522569773728,-2.5036336341460235,5.135478313092169,2.1587311953962933,0.688710300648699,-1.6019552575195846,0.31298064592674174,0.7096013297399779,0.3259326212837298,-0.026415979889117973,-0.5905770513523618,2678334.440878378
19.285512808981217,-6.230808236058852,3.722195383312247,0.861999892198124,0.3615753426017304,-1.5414983004319742,0.24255867382703658,0.6886948754267228,0.32374983230525783,-0.026101806961785903,-0.5911038517929246,2678339.0
5.482088874564641,-1.047338591046484,-0.47869469745365223,-0.6171810623129742,-0.00531894457422738,-1.4639473330436203,0.17019572758008014,0.6675645571205149,0.32154435392555863,-0.025786220510447672,-0.591629050842596,2678343.0861486485
-19.558774663841294,5.562506719415308,-4.784571857823388,-1.9664554632681828,-0.3821519750093264,-1.3704292171714676,0.09597565558097479,0.6462181937856325,0.3193164054115346,-0.025469238359803973,-0.592152645313195,2678347.6452702703
18.223358094408702,5.003020033519809,-6.209983137547025,-2.873467105798682,-0.7391031628337138,-1.2620853037328106,0.019996795325171554,0.6246636043863533,0.31706620603008917,-0.02515087833455412,-0.5926746320165487,2678352.204391892
20.532923440946423,-0.6032498865867876,-5.032431468458448,-3.111389997891217,-1.0463519221775395,-1.1401149000463304,-0.05758455929049214,0.6029086078869558,0.3147939750481248,-0.024831158259398706,-0.5931950077645015,2678356.7635135134
19.639661433854418,-6.93093770915065,-2.0511454070276405,-2.7901244682691204,-1.2794721978566803,-1.0057318025310544,-0.13659762526883237,0.5809610232517178,0.31249993173254453,-0.024510095959037782,-0.5937137693688737,2678361.322635135
-18.724139487473327,-4.881685611250089,1.827460090651686,-2.083522935768377,-1.4356160574299244,-0.8601498076060113,-0.21687161961266427,0.5588286694449176,0.310184295350252,-0.02418770925817176,-0.5942309136414996,2678365.881756757
15.009175222295891,8.988716734015046,4.926103618568656,-1.1600432885392453,-1.517330099141789,-0.7045827116902285,-0.29823575932480345,0.5365193654308327,0.3078472851681495,-0.023864015981500137,-0.5947464373942258,2678370.440878378
-11.57320890485458,8.700797797323286,5.7881692502833575,-0.1881434147319916,-1.5271566130596597,-0.5402486193798608,-0.3805192614080657,0.5140409301737418,0.30548912045314064,-0.02353903395372415,-0.5952603374388505,2678375.0
11.006649108435212,-10.338874781729096,4.673226037074327,0.6853081054903328,-1.4674142304080298,-0.3685892941139617,-0.4635513428652661,0.4914011826379224,0.3031100204721278,-0.02321278099954284,-0.5957726105872339,2678380.0861486485
-14.034297814085795,-12.40512607200357,2.5048515603400445,1.3997999239134926,-1.3395915696966951,-0.1918765120462775,-0.5471612206992211,0.4686079417876529,0.3007102044920145,-0.02288527494365762,-0.5962832536511953,2678384.6452702703
18.825239269163504,3.077730304059717,0.17002662923829442,1.9164100003104567,-1.1449708233010631,-0.01258847546494494,-0.6311781119127451,0.4456690265872111,0.29828989177970333,-0.022556533610768086,-0.5967922634425715,2678389.204391892
-16.537461153365538,13.503618704182806,-1.841281474105583,2.196216294454197,-0.8848341835965412,0.16679661334189927,-0.715431233508655,0.4225922560008755,0.29584930160209705,-0.02222657482557392,-0.5972996367731929,2678393.7635135134
-25.02534532192314,15.061298096547427,-3.138358849324357,2.2004717786326085,-0.560638855473459,0.34380055208611743,-0.7997498024897653,0.3993854489929236,0.2933886532260989,-0.021895416412775624,-0.5978053704548839,2678398.322635135
-18.988710467933632,9.513079317312254,-3.4282556950840064,1.8951111574876478,-0.17834655394584092,0.515945138479572,-0.8839630358588919,0.376056424527634,0.29090816591861207,-0.021563076197073337,-0.5983094612994851,2678402.881756757
20.694634718124625,-1.467924531098626,-2.8349220710455683,1.2887932702910092,0.23990922512623913,0.680752170234127,-0.9679001506188508,0.35261300156928393,0.28840805894653976,-0.021229572003168017,-0.5988119061188195,2678407.440878378
19.691377600768153,-14.279955724453178,-1.6842608444542437,0.5014630594602321,0.6650748135181865,0.8357434450616443,-1.0513903637724566,0.32906299908215253,0.2858885515767842,-0.020894921655759343,-0.5993127017247245,2678412.0
-10.556263222130315,-16.189270971875576,-0.33127774382587605,-0.3170527432413706,1.067317614930275,0.9784407606739874,-1.134262892322526,0.3054142360305167,0.28334986307624865,-0.02055914297954619,-0.5998118449290277,2678417.0861486485
7.530128894617789,1.28750427012875,0.8629846032870157,-1.0161125569483833,1.4168050330627808,1.1063659147830178,-1.2163469532718731,0.2816745313786555,0.2807922127118368,-0.020222253799231506,-0.6003093325435637,2678421.6452702703
-7.764663736617448,15.666604197611111,1.516595369593633,-1.4450748007953855,1.6837044716159766,1.2170407051006011,-1.297471763623316,0.25785170409084657,0.27821581975045057,-0.019884271939512893,-0.6008051613801642,2678426.204391892
11.297954961982732,-2.1279378309504238,1.37701475662164,-1.4917867412832404,1.8427860449625402,1.3079946598507748,-1.377474270891845,0.2339535731313678,0.2756209034589936,-0.019545215225091846,-0.6012993282506545,2678430.7635135134
-13.791384990743383,-14.486823646333901,0.7351310275591105,-1.2060739123838131,1.8902778415223314,1.376788229306279,-1.4562223446411526,0.20998795746449725,0.2730076831043688,-0.019205101480668774,-0.6017918299668713,2678435.322635135
13.504121464446426,6.954747494796408,-0.011202475636496982,-0.7083422074587568,1.8385237420346112,1.4216650380353135,-1.533591584947113,0.18596267605451328,0.27037637795347824,-0.018863948530942008,-0.6022826633406428,2678439.881756757
-11.513518139107953,12.774882227986051,-0.6493606106668972,-0.12702039787560218,1.700212983463095,1.443570485739196,-1.6094575918855978,0.16188554786569387,0.2677272072732269,-0.018521774200614224,-0.602771825183807,2678444.440878378
10.765484621786422,-8.131159039879416,-1.006440246551401,0.41248619512266355,1.487359358988218,1.4441382647206638,-1.6837088143506214,0.13776439186231662,0.2650603903305155,-0.018178596314383472,-0.6032593123081851,2678449.0
-12.675235343900294,-10.717027089226919,-0.8965032989488319,0.8151469984678259,1.2119766617904164,1.4250561409054243,-1.7562877748591665,0.11360702700866006,0.26237614639224893,-0.017834432696952254,-0.6037451215256192,2678453.0861486485
16.044909414982197,3.54250170216899,-0.27258432291656026,1.062072305496383,0.8869825132114303,1.3880354424388923,-1.827160558147924,0.08942127226900219,0.2596746947253289,-0.01748930117301844,-0.6042292496479286,2678457.6452702703
-8.435704570444754,8.551759357428127,0.5992898830056034,1.1525421967762692,0.5289955099786064,1.3347901758168645,-1.8962959273039675,0.06521494660762084,0.2569562545966594,-0.017143219567283704,-0.6047116934869547,2678462.204391892
-21.25986342791175,4.457034309602858,1.3893406154621188,1.0866234203073504,0.1547450351224778,1.2670343475351469,-1.9636626454143777,0.04099586898879446,0.2542210452731419,-0.016796205704447103,-0.6051924498545238,2678466.7635135134
-10.507964738931024,-1.8351412310157194,1.807498823243667,0.8688338570243274,-0.22349663686456833,1.1864819640895388,-2.0292294755662303,0.016771858376800827,0.25146928602168095,-0.016448277409210045,-0.6056715155624703,2678471.322635135
21.89559579388213,-5.602291852169202,1.5630764368285894,0.515372018129611,-0.5945929243097755,1.0948470319758408,-2.092965180846602,-0.0074492662640824455,0.24870119610917826,-0.016099452506271122,-0.6061488874226213,2678475.881756757
14.240615283335202,-4.026782627626178,0.4689503998670342,0.083929372258022,-0.9474072455403906,0.9938435576898556,-2.1548385243425714,-0.0316596859695764,0.24591699480253804,-0.015749748820332022,-0.6066245622468134,2678480.440878378
-20.343891897552844,-0.093243464651168,-1.0751891049294728,-0.3603394777325308,-1.2708030188836517,0.8851855477273822,-2.214818269141215,-0.0558515817754036,0.24311690136866276,-0.01539918417609279,-0.6070985368468719,2678485.0
7.400546856797204,2.3959963628565037,-2.4676395343653192,-0.7530563553936837,-1.5536436626668098,0.7705870085842258,-2.272873178329611,-0.08001713471728573,0.2403011350744548,-0.015047776398252473,-0.6075708080346355,2678490.0861486485
16.873160027539104,2.8605408522957436,-3.190461592117648,-1.0298430842770847,-1.7847925952171044,0.6517619467561832,-2.328972014994834,-0.10414852583094546,0.2374699151868179,-0.01469554331151203,-0.6080413726219239,2678494.6452702703
19.37251929948686,1.9988941142596715,-3.1510052495879446,-1.1373436370645056,-1.9531132348617801,0.530424368739059,-2.3830835422239645,-0.12823793615210377,0.2346234609726552,-0.014342502740572052,-0.6085102274205825,2678499.204391892
-19.45767020961298,0.7595480277220558,-2.481400929447207,-1.0729869322007421,-2.050033204208726,0.40828828102865244,-2.435176523104079,-0.1522775467164826,0.2317619916988687,-0.013988672510131953,-0.6089773692424374,2678503.7635135134
19.396862276987555,-0.011060425206766433,-1.3211008532817032,-0.8720108097379508,-2.077235567481206,0.28706769012076616,-2.485219720722254,-0.17625953855980478,0.22888572663236212,-0.01363407044489205,-0.6094427948993153,2678508.322635135
13.686389187183488,-0.730321833826149,0.1536421311080945,-0.5754431869879925,-2.039758954130556,0.16836169147582639,-2.5331818981655663,-0.20017609271779122,0.22599488504003898,-0.013278714369553848,-0.6099065012030487,2678512.881756757
7.8556553643968465,-1.357282297668278,1.7344650706275353,-0.22066626072333906,-1.94571014977238,0.05319181617915552,-2.5790318185210954,-0.22401939022616446,0.22308968618880076,-0.012922622108815212,-0.6103684849654729,2678517.440878378
-17.732315945262993,-1.3934282818360917,3.1977747750653807,0.15584954629517456,-1.8035211220641543,-0.0580069966537164,-2.622738244875918,-0.2477816121206466,0.2201703493455512,-0.012565811487377463,-0.6108287429984206,2678522.0
17.16476329559274,-0.5460981510819265,4.318366262580399,0.5176338113067203,-1.621485238112139,-0.16493840845846852,-2.6642699403171077,-0.27145493943695964,0.21723709377719383,-0.012208300329941102,-0.6112872721137154,2678526.0861486485
4.355494681099393,0.7394861852096956,4.883218539216936,0.8282161115504859,-1.40781314375217,-0.267388801941209,-2.7035956679317463,-0.2950315532108251,0.21429013875063105,-0.011850106461205906,-0.6117440691231941,2678530.6452702703
-16.840384912421214,1.4402976079241512,4.6755569918275794,1.0580727710010684,-1.1706948045024652,-0.36516524012565726,-2.740684190806911,-0.318503634477965,0.21132970353276562,-0.011491247705872194,-0.6121991308386819,2678535.204391892
-11.130913469136129,0.6430214722673123,3.5562567739364623,1.2061889331298752,-0.9183201858812533,-0.4580747860355362,-2.775504272029674,-0.3418633642741018,0.2083560073905011,-0.011131741888640469,-0.6126524540720261,2678539.7635135134
17.69677875316086,-0.7332688376015627,1.800993306785325,1.2813838183640636,-0.6588792534067519,-0.5459245026945594,-2.8080246746871174,-0.3651029236349564,0.2053692695907403,-0.010771606834210232,-0.6131040356350357,2678544.322635135
14.450145052724004,-1.6377941597396033,-0.2091212347708258,1.2929344246829495,-0.400297917594262,-0.628521453126439,-2.8382141618663193,-0.3882144935962514,0.2023697094003862,-0.010410860367282077,-0.6135538723395619,2678548.881756757
-19.068075777062884,-1.539954789436421,-2.124166793774072,1.2482583047620461,-0.1486426436552755,-0.7056727003548979,-2.866041496654355,-0.41119025519370855,0.19935754608634146,-0.010049520312556416,-0.6140019609974274,2678553.440878378
7.689968842641847,-0.2104339327905672,-3.7229930679153895,1.1510613172537394,0.09373179722185579,-0.77718530740366,-2.8914754421382995,-0.43402238946305055,0.19633299891550957,-0.009687604494732568,-0.6144482984204609,2678558.0
19.473602079420278,1.2803063944160291,-4.8235948139428055,1.0034693681968276,0.32605058646234436,-0.8428663372964335,-2.9144847614052347,-0.45670307743999944,0.19329628715479297,-0.009325130738511583,-0.6148928814204909,2678562.0861486485
20.00116517177532,1.7843245435932549,-5.224574706716987,0.8080225221221701,0.5471247469993538,-0.9025228530569466,-2.9350382175422323,-0.47922450016027524,0.19024763007109496,-0.008962116868593325,-0.6153357068093686,2678566.6452702703
-19.627688939764393,0.6086780600682845,-4.81205369879354,0.5694088493985088,0.755603077680069,-0.9559619177089027,-2.9531045736363764,-0.5015788386596017,0.18718724693131852,-0.008598580709678115,-0.615776771398892,2678571.204391892
18.887401875925153,-0.9133271840277755,-3.7222036271349848,0.3002595474022122,0.9501343773516843,-1.0029905942760313,-2.968652592774739,-0.5237582739737003,0.18411535700236661,-0.008234540086466182,-0.6162160720009255,2678575.7635135134
17.2718135380489,-1.7002006478876144,-2.1594949072129057,0.01519159526156785,1.1293674448613868,-1.0434159457820502,-2.9816510380443995,-0.5457549871382925,0.18103217955114217,-0.007870012823657029,-0.6166536054272815,2678580.322635135
9.272244163693061,-1.7201292575239107,-0.3601867255601613,-0.27117802789514656,1.291951079056364,-1.077045035250676,-2.9920686725324352,-0.5675611591891008,0.17793793384454887,-0.007505016745951614,-0.6170893684898014,2678584.881756757
-16.03710214455504,-1.0755571149737644,1.4366166818137045,-0.5442323429396495,1.4365340787838012,-1.1036849257056216,-2.9998742593259218,-0.589168971161848,0.17483283914948763,-0.007139569678049436,-0.617523358000305,2678589.440878378
15.468921593200632,-0.03273600146605062,3.009838840782209,-0.7893543707436639,1.5617652428908895,-1.1231426801706104,-3.005036561511938,-0.610570604092254,0.17171711473286358,-0.006773689444651273,-0.6179555707706316,2678594.0
6.670424420977556,1.1246195116651478,4.142867703202634,-0.9919271321789053,1.6662933702248137,-1.135225361669359,-3.007524342177562,-0.6317582390160418,0.16859097986157906,-0.006407393870457263,-0.6183860036126134,2678599.0861486485
-15.504663837491794,1.5891197689282246,4.619251525374786,-1.1373336481170966,1.748767259632761,-1.1397361450770036,-3.007310252558446,-0.6527240569689343,0.1654546538025375,-0.006040700780167271,-0.6188146533380772,2678603.6452702703
-10.120739176132659,0.7253723732663969,4.293882239321145,-1.21459505592973,1.8078357099619236,-1.1364646780115375,-3.0043804711473987,-0.6734602389866516,0.16230835582264003,-0.005673627998482162,-0.6192415167588551,2678608.204391892
16.850269863297775,-0.6816845947987232,3.3046219133168804,-1.2274392061900832,1.8423017672621247,-1.1252048212909966,-2.99871662184965,-0.693959307492447,0.15915230518879203,-0.005306193350100987,-0.6196665906867829,2678612.7635135134
13.538177114291237,-1.5481782014471863,1.860035073589684,-1.1836701446123001,1.8514065931750907,-1.1057360697302652,-2.990313365974265,-0.7142151504596914,0.15598672116789483,-0.004938414659724791,-0.6200898719336797,2678617.322635135
-18.675376418296455,-1.3895166703967434,0.1768723525408558,-1.091014336904063,1.834384299397721,-1.0778427350414244,-2.979230279503483,-0.7342224543530169,0.15281182302685145,-0.00457030975205326,-0.6205113573113971,2678621.881756757
8.586731432014963,-0.1555223559385024,-1.492233828479388,-0.958954592478192,1.7925331786600986,-1.0416005379735132,-2.965541538295734,-0.7539777340519712,0.14962783003256655,-0.004201896451786985,-0.6209310436317467,2678626.440878378
19.87642042550167,1.1481043193371467,-2.865793953617463,-0.7974575342161243,1.7278466445266925,-0.9972965066413207,-2.949320861105718,-0.773477961539833,0.14643496145194154,-0.0038331925836266514,-0.6213489277065737,2678631.0
17.761820918023123,1.6264038050074736,-3.6727846047707247,-0.6164897849993127,1.6425145619834787,-0.9454141205811379,-2.930641966688138,-0.7927201087998776,0.14323343655187948,-0.0034642159722706707,-0.6217650063477009,2678635.0861486485
-19.59312063146232,1.3608516311569612,-3.842007479775778,-0.4260210353760679,1.5388731303019143,-0.8865831936147334,-2.9095785737976962,-0.8117011478153858,0.14002347459928408,-0.003094984442421545,-0.622179276366964,2678639.6452702703
13.646048241327634,0.7804333233687382,-3.44421276732897,-0.23507558585754795,1.4192982097588782,-0.8214732005693057,-2.8862037104575227,-0.8304187413012013,0.13680529486105758,-0.0027255158187774126,-0.6225917345761867,2678644.204391892
17.666955960774462,-0.03888619332435894,-2.588311390827113,-0.048850161803319254,1.2861688705958558,-0.7507568262366603,-2.8605876417644787,-0.8488733148984423,0.1335791166041035,-0.0023558279260395038,-0.6230023777872176,2678648.7635135134
9.7225554727052,-1.1961484723136164,-1.419213477393086,0.1284161721316574,1.1418641830543215,-0.6751067554085758,-2.8327999420838634,-0.8670659849797919,0.13034515909532446,-0.0019859385889077746,-0.6234112028118693,2678653.322635135
-14.850040273356571,-1.8210802626323606,-0.09239296220426406,0.2924843512924358,0.9887632173757528,-0.5951956728768608,-2.8029101857809615,-0.8849978679179366,0.1271036416016242,-0.0016158656320825456,-0.6238182064619869,2678657.881756757
13.54390173939311,-1.2755570955269182,1.2286385544945948,0.43911531102405715,0.8292450438016232,-0.5116962634332921,-2.7709879472210783,-0.9026700800855592,0.1238547833899046,-0.0012456268802635922,-0.6242233855493889,2678662.440878378
8.269340931600665,0.2682583546290631,2.3619054317435983,0.5640699866715703,0.6656887325734131,-0.42528121186967605,-2.7371028007694993,-0.9200837378553454,0.1205988037270692,-0.0008752401581518707,-0.6246267368859145,2678667.0
-10.579444105887006,1.7181174376307726,3.1210244542135284,0.6631110952874255,0.5004715722251983,-0.3366232029778031,-2.7013243207915227,-0.9372399575999778,0.11733592188002137,-0.0005047232904469748,-0.6250282572833961,2678672.0861486485
-12.02007213734032,1.8806891230695155,3.319821261896372,0.7320293096064091,0.33594289560870666,-0.24639492154946172,-2.663722081652442,-0.9541398556921431,0.11406635711566351,-0.00013409410184858864,-0.6254279435536603,2678676.6452702703
12.67778122876642,0.13515324880061544,2.842559924328499,0.7678010225580484,0.17441718177643836,-0.15526905237645455,-2.6243656577175463,-0.9707845485045258,0.11079032870089855,0.00023662958294169513,-0.6258257925085411,2678681.204391892
9.715589722874917,-1.3933503401782905,1.8521253994059534,0.7718441454692518,0.018370856965495386,-0.06391828025056778,-2.58332462335214,-0.9871751524098095,0.1075080559026294,0.0006074299392253736,-0.6262218009598723,2678685.7635135134
-15.434478206772884,-1.7949937913249183,0.5810056532844066,0.7470235564865624,-0.13001575301116927,0.026984710036399406,-2.540668552921507,-1.0033127837806777,0.10421975798775938,0.000978289142301036,-0.6266159657194779,2678690.322635135
7.122100342939648,-0.5647823832490207,-0.7455470716031197,0.6973985687900891,-0.26975675737416405,0.11676723369266745,-2.4964670207909485,-1.0191985589898194,0.10092565422319194,0.001349189367468816,-0.627008283599201,2678694.881756757
18.45314424643381,0.9493455901324652,-1.920883388821091,0.6276301249059832,-0.4004678946901266,0.2047566059264226,-2.4507896013257526,-1.034833594409913,0.0976259638758291,0.0017201127900286662,-0.6273987514108605,2678699.440878378
12.182262311332092,1.5984096387530013,-2.734270148985569,0.5424611859996797,-0.5218469221649888,0.2902801419458861,-2.4037058688912203,-1.0502190064136485,0.0943209062125747,0.0020910415852802657,-0.6277873659662969,2678704.0
-19.97406409670807,1.496495436481203,-3.1038169246827,0.4466347132365974,-0.6336010098058174,0.37267456976040436,-2.3552853978526405,-1.0653559113737068,0.09101070050033096,0.002461957928523113,-0.6281741240773331,2678709.0861486485
10.914654315264148,1.1643982206395909,-3.054461203357995,0.3443920918942343,-0.7354759705890955,0.4513152603487385,-2.3055977625753066,-1.0802454256627745,0.08769556600600133,0.002832843995057614,-0.6285590225558073,2678713.6452702703
19.142564747958,0.48824702930169467,-2.6333062116920547,0.23828643797572946,-0.8272543818674847,0.525614349065834,-2.254712537424518,-1.0948886656535348,0.0843757219964889,0.003203681960183267,-0.6289420582135508,2678718.204391892
11.373285689451556,-0.5162377060149623,-1.8894342184000272,0.13164142870596746,-0.9088138164804938,0.5950789667534834,-2.2026992967655676,-1.1092867477186736,0.08105138773869593,0.0035744539992002963,-0.6293232278623886,2678722.7635135134
-16.198659785109975,-1.1120323387959592,-0.8899101285385176,0.0280987755872384,-0.9800570944193032,0.6592414914051419,-2.1496276149637414,-1.1234407882308757,0.0777227824995263,0.003945142287408382,-0.6297025283141604,2678727.322635135
9.254061357552589,-0.5630058466327894,0.2297728188078232,-0.06869980987815164,-1.0408875013340837,0.7176347666732679,-2.0955670663843446,-1.1373519035628237,0.07439012554588269,0.0043157290001066585,-0.6300799563806851,2678731.881756757
12.361822671787106,0.36516624696565686,1.325377079403047,-0.15511261618791472,-1.0912083228749918,0.7697916362102958,-2.0405872253926627,-1.1510212100872035,0.07105363614466764,0.004686196312595805,-0.6304555088738045,2678736.440878378
-0.6150887493144687,0.7938649255182472,2.2548951832393636,-0.2274979318397455,-1.1309425150348487,0.8152646140113289,-1.984757666353995,-1.1644498241766994,0.06771353356278448,0.0050565264001743195,-0.6308291826053491,2678741.0
-9.508385262437882,0.3874724850879363,2.8832686175425932,-0.2822133543496147,-1.160092760543938,0.8536852498271954,-1.9281479636336345,-1.1776388622039966,0.06437003706713591,0.005426701438144608,-0.6312009743871502,2678745.0861486485
9.05427221759643,-0.6167306615801453,3.1247502309910735,-0.31538622761885,-1.1789274832013592,0.8847205808629004,-1.8708276915968742,-1.190589440541779,0.06102336592462616,0.005796703660654187,-0.6315708810898873,2678749.6452702703
8.322335309224751,-0.5587081269396226,2.985612624882172,-0.3236392553435802,-1.1886399525343188,0.9081072591693584,-1.8128664246090074,-1.2033026755627312,0.05767373940215625,0.006166515561265736,-0.6319388998436511,2678754.204391892
-10.402723217830946,0.08813799882480836,2.507570089666634,-0.30917782740254723,-1.190317981195234,0.9236568033973156,-1.754333737035331,-1.2157796836395387,0.054321376766631,0.006536119788430967,-0.6323050279334297,2678758.7635135134
2.028307026529273,0.4858886309140932,1.7879798807085965,-0.2763648416355621,-1.184389890109559,0.9313281577546227,-1.6952992032411383,-1.2280215811448836,0.05096649728495217,0.006905499014610867,-0.6326692626682138,2678763.322635135
13.77978659901401,0.36062671568885524,0.8787241556038583,-0.22977712319700838,-1.1714063274179238,0.9314133635382305,-1.6358292401510708,-1.240029484451452,0.04760932022402214,0.0072746359122681506,-0.6330316013569959,2678767.881756757
9.035572676234784,-0.19570712257372913,-0.18138942587125548,-0.17399844462957972,-1.1519933873244752,0.9242731789069542,-1.575976588099815,-1.25180450993193,0.044250064850746104,0.007643513153863259,-0.6333920413087716,2678772.440878378
-17.556960670204717,-0.5830162722132483,-1.2915264863158173,-0.11361257847596734,-1.1267776398733316,0.9102607303250281,-1.5157858798875032,-1.2633477739590004,0.04088895043202564,0.008012113411858634,-0.6337505798325281,2678777.0
12.664423031344123,-0.29593891557697466,-2.3181989543661614,-0.053203297278858176,-1.0963856551086224,0.8897250462914038,-1.4552976503489783,-1.2746603929053477,0.03752619623476393,0.008380419358716716,-0.6341072142372709,2678781.0861486485
20.19790958291013,0.31644947489651637,-3.084663498947503,0.0026456264190506482,-1.0614440030744672,0.863014392520534,-1.394551671534587,-1.2857434831436572,0.03416202152586319,0.008748413666898587,-0.6344619418319863,2678785.6452702703
11.99019607838226,0.6803548304655398,-3.493284184542109,0.0493504200750802,-1.022579253814993,0.8304770347268768,-1.3335877154946838,-1.2965981610466135,0.030796645572228065,0.009116079008865319,-0.6348147599256594,2678790.204391892
-20.69024025758672,0.9989959097500808,-3.4920152016426176,0.08302327903145275,-0.980418029640515,0.792461290891081,-1.272445554279618,-1.3072255429869002,0.027430287640760127,0.009483398057079359,-0.6351656658272954,2678794.7635135134
6.867002321225109,1.2427557421450914,-2.991977345858028,0.10299281446553955,-0.9355011355182573,0.7493213585877965,-1.2111649599397407,-1.3176267453372015,0.024063166998363392,0.009850353484001964,-0.6355146568458826,2678799.322635135
18.824833773806308,0.7896476279767719,-1.9343605293103214,0.11089489191620738,-0.8879065772477751,0.7014348850068921,-1.1497862748547079,-1.327802884470205,0.020695502911939608,0.010216927962095303,-0.6358617302904077,2678803.881756757
8.739598788783693,-0.6089567085272157,-0.49455535889373786,0.10836110384308863,-0.8371908143150276,0.6491890470933227,-1.0883524031610725,-1.3377550767585924,0.0173275146483927,0.010583104163820911,-0.6362068834698794,2678808.440878378
-15.381536524254328,-1.8020943911981329,1.0469735855948266,0.09714290976628592,-0.7830386978512748,0.5929812384648694,-1.0269079410833915,-1.3474844385750495,0.013959421474625507,0.010948864761640498,-0.6365501136932815,2678813.0
2.4381654165428572,-1.7365530622658005,2.4463533704948235,0.07938669201245567,-0.7255534403657032,0.5332325717503654,-0.9654977652858964,-1.3569920862922598,0.010591442657540865,0.011314192428016238,-0.6368914182696069,2678818.0861486485
11.989131811777334,-0.3819442761091361,3.5120250555433175,0.05740916443903479,-0.6650168450133686,0.47037241869373747,-0.9041667524328214,-1.366279136282908,0.007223797464041613,0.011679069835409476,-0.6372307945078491,2678822.6452702703
-6.4984775025726,1.5123214877830828,4.062167990211035,0.03355716158325071,-0.6017415883405842,0.4048309037503754,-0.8429597791883968,-1.3753467049196817,0.003856705161031222,0.012043479656281024,-0.6375682397170027,2678827.204391892
-10.443271015112119,2.329187831791972,3.9149591795976137,0.00997296687833276,-0.5360428686849318,0.33703841135559653,-0.7819217222168585,-1.384195908575261,0.0004903850154119855,0.012407404563094226,-0.6379037512060615,2678831.7635135134
3.683485998998234,0.8443494153156347,2.973241710002413,-0.01202838790382884,-0.4682359493789749,0.2674253909396974,-0.7210974581824333,-1.3928278636223332,-0.002874943705912079,0.012770827228309163,-0.6382373262840155,2678836.322635135
11.774276119841797,-1.359414725645234,1.4754207987936496,-0.03133993042339736,-0.3986348472385577,0.19642229193298544,-0.6605318637493607,-1.4012436864335818,-0.0062390617360394965,0.013133730324389189,-0.6385689622598565,2678840.881756757
-13.475604886219715,-2.3689263709066872,-0.25625950712207274,-0.04688460576438678,-0.3275236616556805,0.12445956376575233,-0.6002698155818657,-1.4094444933816919,-0.009601749808065704,0.01349609652379474,-0.638898656442591,2678845.440878378
14.383366648689737,-2.0146476744290402,-1.922045388208234,-0.05771517148462876,-0.25505667954851474,0.05196765586830404,-0.5403561903441866,-1.417431400839348,-0.012962788655089227,0.013857908498988079,-0.6392264061411954,2678850.0
17.959437613517018,-0.995261801451732,-3.3194428347200002,-0.06298555655171056,-0.18128694790489538,-0.020623050849655458,-0.4808358647005535,-1.4252055251792328,-0.016321959010205594,0.014219148922430919,-0.6395522086646678,2678854.0861486485
13.993321942195172,-0.009202798788063885,-4.30627935032486,-0.06163447178664581,-0.1064816378525216,-0.09288326948511771,-0.4217537153151985,-1.432767982774035,-0.019679041606512692,0.014579800466584794,-0.6398760613220104,2678858.6452702703
-22.049036906541236,0.8816436268205372,-4.793564103563696,-0.052204446804787835,-0.03129958956638901,-0.1643882252934469,-0.36315461885235284,-1.440119889996435,-0.023033817177107594,0.014939845803911599,-0.6401979614222054,2678863.204391892
13.777576237735373,1.605536643237429,-4.745539451275892,-0.03388743902071843,0.04349271942263527,-0.23471867637419652,-0.30508345197625264,-1.4472623632191193,-0.026386066455087464,0.015299267606873503,-0.6405179062742524,2678867.7635135134
24.119829559789743,1.5341445410773666,-4.124425795392225,-0.008925060511097165,0.11712952279124446,-0.30345682936958196,-0.24758509135112738,-1.454196518814773,-0.029735570173548102,0.015658048547930677,-0.6408358931871377,2678872.322635135
8.74710374549745,0.30560339674006726,-2.9014611267399673,0.01967696861898702,0.1888471643577748,-0.37018549103432224,-0.1907044136412095,-1.4609234731560812,-0.03308210906558767,0.016016171299546557,-0.6411519194698638,2678876.881756757
-23.5635354172034,-0.834547363002568,-1.2394622885811089,0.04891292826444517,0.25788430204816676,-0.43448978223074863,-0.13448629551073105,-1.4674443426157253,-0.03642546386430297,0.016373618534181685,-0.6414659824314157,2678881.440878378
1.5690029822184692,-0.7960504621172839,0.6625435039678468,0.0757770983201847,0.3234876565761276,-0.4959628866089461,-0.07897561362392523,-1.473760243566393,-0.03976541530279134,0.016730372924298766,-0.6417780793807959,2678886.0
20.89898834178635,-0.1789058613553126,2.605107785082853,0.09726375868111883,0.38492081546078044,-0.5542148546244264,-0.024217244645025518,-1.479872292380767,-0.04310174411414849,0.017086417142358607,-0.6420882076269918,2678890.0861486485
-3.0482680393485193,0.21580281390983644,4.2889348524342,0.11036718924216188,0.44145366085688714,-0.6088620313683372,0.029743934761736736,-1.4857816054315334,-0.04643423103147286,0.017441733860823202,-0.6423963644789914,2678894.6452702703
-17.649824649524867,0.25925923633455217,5.383909493152255,0.1120609190448335,0.49237744534449057,-0.659521381503726,0.08286304793213164,-1.4914892990913757,-0.049762656787861154,0.017796305752154074,-0.6427025472457923,2678899.204391892
-8.221134480545924,-0.14204224251912556,5.5521573189262226,0.09925295884737631,0.5370509896869476,-0.7058119195936571,0.1350952182019224,-1.496996489732978,-0.05308680211641036,0.018150115488813946,-0.6430067532363951,2678903.7635135134
15.894709398855777,-0.1294087290177592,4.558064129257156,0.07017780995275036,0.5747751012164423,-0.7473701283271837,0.18640390696537124,-1.502304293729026,-0.05640644775021673,0.018503145743263526,-0.6433089797597843,2678908.322635135
-16.16601716051699,0.43281640432240553,2.536010682076243,0.028158330411340016,0.6048092255856201,-0.783875449510968,0.23678592785071353,-1.5074138274522049,-0.05972137442237805,0.018855379187965166,-0.6436092241249588,2678912.881756757
5.8352676076730035,0.08264404126280338,0.015682216456471332,-0.0223586484157129,0.6265681132800967,-0.8150355941078345,0.2862464325446721,-1.512326207275196,-0.06303136286599187,0.019206798495379856,-0.6439074836408992,2678917.440878378
11.509048891425438,-0.7498290127626888,-2.501819771864068,-0.07696462705887501,0.6395313963897422,-0.8405848227932499,0.33479057273397905,-1.5170425495706883,-0.06633619381415351,0.019557386337969582,-0.6442037556166151,2678922.0
21.041766630735193,-1.047095621172875,-4.544852670289795,-0.13125110604862242,0.6432421066676087,-0.8603207959058567,0.3824235001053566,-1.5215639707113633,-0.06963564799996078,0.019907125388195876,-0.6444980373610917,2678927.0861486485
-23.19094604336357,-0.27750915030969264,-5.724810354341286,-0.18080958591542245,0.6374038271679576,-0.8742017250855103,0.42915036634553283,-1.525891587069905,-0.07292950615651193,0.02025599831852118,-0.644790326183318,2678931.6452702703
18.45315515464574,1.132109323496254,-5.974884544032876,-0.2212315671897512,0.6219183921731808,-0.8823840732001941,0.47497632314123495,-1.5300265150190018,-0.07621754901690242,0.02060398780140693,-0.6450806193923018,2678936.204391892
26.59888572429836,1.5780871661285745,-5.269361823076197,-0.24865774293764115,0.5967303377996921,-0.8850670049519189,0.5199065221791886,-1.533969870931334,-0.0794995573142302,0.020951076509314395,-0.645368914297022,2678940.7635135134
12.78624592452997,0.016296225901586144,-3.6389481468717513,-0.26142557636740127,0.561784200163907,-0.8824499541990655,0.563946384302496,-1.53772277117959,-0.08277531178159117,0.021297247114705285,-0.6456552082064726,2678945.322635135
-27.520898299773073,-1.65256808359579,-1.3803795295097758,-0.25860025819907323,0.5172024184994304,-0.874734424864746,0.6071040322779635,-1.5412863321364503,-0.0860445931520835,0.021642482290042314,-0.6459394984296529,2678949.881756757
2.5893043469934858,-1.5180725113495201,1.1585418267765006,-0.23999867854309853,0.46385657827171756,-0.8621261380627544,0.6493943592216391,-1.5446616701746028,-0.08930718215880407,0.021986764707785652,-0.6462217822755572,2678954.440878378
25.948525735091458,-0.3292218078992553,3.5624397466499653,-0.20577126485991154,0.40295106754674526,-0.844831705455635,0.6908338835477819,-1.5478499016667315,-0.09256285953484923,0.022330077040398834,-0.6465020570531718,2678959.0
-9.05307834431487,0.8302103855845272,5.39672512450186,-0.15612541745377018,0.3357472215116865,-0.823057712983299,0.7314391236706492,-1.5508521429855193,-0.09581140601331614,0.02267240196034184,-0.6467803200714991,2678964.0861486485
-23.513469963750612,1.0961880790163663,6.234113067327815,-0.09127472359757663,0.2635125623223544,-0.7970107465856581,0.7712265980045031,-1.5536695105036515,-0.0990526023273026,0.023013722140077207,-0.6470565686395252,2678968.6452702703
-13.289054782012656,0.25059318140079384,5.826948171871372,-0.012216928764806644,0.18751496776901,-0.7668973922026323,0.8102128249636035,-1.556303120593814,-0.1022862292099047,0.023354020252066652,-0.6473308000662423,2678973.204391892
22.313886252630837,-0.6408126684478074,4.536529804802066,0.07691501130650309,0.10902231564190572,-0.7329242357741332,0.848414322962209,-1.5587540896286907,-0.10551206739421994,0.023693278968772154,-0.6476030116606514,2678977.7635135134
-22.56896555342631,-0.4432279307720103,2.8060999797505204,0.17120433831218637,0.029302483731290116,-0.6952978632400743,0.8858476104145797,-1.5610235339809648,-0.10872989761334449,0.024031480962654256,-0.6478732007317315,2678982.322635135
-0.43064374850983367,-0.009613135388991194,0.8191206346415414,0.2657342939480693,-0.0503766501725792,-0.6542248605403747,0.9225292057349771,-1.563112570023322,-0.11193950060037734,0.024368608906176027,-0.6481413645884929,2678986.881756757
5.445614243914422,0.2154873484572872,-1.2603157780331795,0.3555881199099791,-0.12874720827945224,-0.609911813614943,0.9584756273376585,-1.5650223141284463,-0.11514065708841337,0.024704645471798098,-0.6484075005399188,2678991.440878378
25.208707847305153,0.04299881902747352,-3.273447520211105,0.43584905789375133,-0.2045410917111964,-0.5625655294915768,0.993703393636886,-1.5667538826690233,-0.11833314781055111,0.02503957333198381,-0.6486716058950053,2678996.0
-25.905761240275922,-0.45340886939185315,-5.02886288445864,0.5016003495952066,-0.2764893172381662,-0.5123936995495793,1.028229023046919,-1.568308392017737,-0.12151675349988636,0.025373375159193343,-0.6489336779627446,2679001.0861486485
20.044954027672397,0.12560556086583133,-6.238729135161627,0.5479252367101812,-0.34332268054284504,-0.4596042362561311,1.0620690339820158,-1.56968695854727,-0.1246912548895172,0.025706033625888042,-0.6491937140521279,2679005.6452702703
27.000472051344442,1.263666448282329,-6.3521011512143195,0.5699907486029862,-0.403855764976193,-0.40440505207841837,1.0952399448564396,-1.5708906986303133,-0.12785643271253977,0.02603753140453162,-0.6494517114721517,2679010.204391892
20.231026599984556,1.9881331009483785,-5.016868054804675,0.5644235165548334,-0.4572721511713022,-0.34700405948362195,1.127758274084448,-1.5719207286395447,-0.13101206770205254,0.02636785116758434,-0.6497076675318069,2679014.7635135134
-29.021231306470032,0.6730040976783153,-2.154578708076255,0.5324328573121366,-0.5029756866873607,-0.2876091709389249,1.1596405400802996,-1.572778164947651,-0.13415794059115,0.02669697558750737,-0.64996157954009,2679019.322635135
0.5935355852063517,-2.856498818479747,1.439420224670405,0.47647561215440737,-0.5405125258206027,-0.22644291207279707,1.1909032612582537,-1.5734641239273153,-0.1372938321129316,0.027024887336764333,-0.6502134448059959,2679023.881756757
31.047259320031262,-4.856250110360334,4.504656693225516,0.39948452314881616,-0.5698351079345332,-0.16379742423409427,1.2215629560325754,-1.5739797219512257,-0.14041952300049299,0.027351569087815122,-0.650463260638512,2679028.440878378
-5.844211166323305,-2.108879127824241,6.099728343751116,0.304511034353238,-0.5909594279443967,-0.10001999521063307,1.2516361428175176,-1.5743260753920618,-0.14353479398693228,0.02767700351312237,-0.6507110243466306,2679033.0
-29.047568895814248,3.5612015200359948,6.273335039269885,0.1946065898255457,-0.6039109906663899,-0.03544840288928028,1.2811393400273472,-1.5745043006225148,-0.14663942580534528,0.028001173285147597,-0.6509567332393528,2679037.0861486485
-23.125891158691687,8.394932973987995,5.311712615832687,0.07295117902848965,-0.6087402089159721,0.029604482842363535,1.3100890660763196,-1.574515514015265,-0.14973319918882919,0.028324061076352616,-0.6512003846256608,2679041.6452702703
20.29451878848818,4.093585755951225,3.617523313025097,-0.056761026955658773,-0.605522764150128,0.09485106073822001,1.3385018393786974,-1.5743608319429983,-0.1528158948704815,0.02864564955919905,-0.651441975814556,2679046.204391892
-14.68059148708731,-10.598551776515409,2.0610631656448355,-0.19070731163974927,-0.5943630170168873,0.160032408743257,1.3663941783487354,-1.574041370778396,-0.15588729358339937,0.028965921406148523,-0.6516815041150321,2679050.7635135134
11.003119070321313,-8.664776183463,1.35350863754749,-0.32506495853663336,-0.575388114349858,0.22491239098802177,1.3937826014007004,-1.573558246894148,-0.1589471760606799,0.02928485928966311,-0.6519189668360779,2679055.322635135
-11.74466649537371,12.335253611270119,1.101795568203127,-0.45601125115916147,-0.5487298766951801,0.2892595453155923,1.4206836269488439,-1.5729125766629317,-0.16199532303541936,0.0296024458822038,-0.6521543612866895,2679059.881756757
16.619668540843403,10.592686912587903,0.7486158872359666,-0.579719505171929,-0.5145241574239167,0.3528424745457161,1.4471137734074349,-1.5721054764574405,-0.16503151524071594,0.02991866385623358,-0.6523876847758541,2679064.440878378
-22.69792400468315,-8.44920905093628,0.18392650927240287,-0.6923307950115013,-0.4729390511351638,0.41542978149813964,1.4730895591907267,-1.5711380626503524,-0.16805553340966495,0.030233495884212435,-0.6526189346125764,2679069.0
25.17330289926597,-13.869072251854712,-0.5904994048106403,-0.7899167479260981,-0.42421209961635964,0.47679006899261095,1.498627502712983,-1.5700114516143562,-0.1710671582753646,0.030546924638603534,-0.6528481081058437,2679073.0861486485
29.863783014315604,-8.053693676361272,-1.5540054509001724,-0.8685326213289204,-0.3685972144899615,0.5366919398488761,1.5237441223884607,-1.568726759722132,-0.1740661705709119,0.030858932791867508,-0.6530752025646469,2679077.6452702703
23.64303948315352,-0.9507121046569658,-2.610402251938981,-0.9242336726331719,-0.30634830737842716,0.5949039968866832,1.548455936631421,-1.5672850937683325,-0.17705236060743826,0.031169503016467152,-0.6533002152979768,2679082.204391892
-28.36875720115329,4.182636049441904,-3.6446171876338003,-0.9530490545268591,-0.23774539462940708,0.6511948429257797,1.5727794638561243,-1.565687522235469,-0.18002555700821476,0.031478617984863365,-0.6535231436148357,2679086.7635135134
-10.625431952604098,6.033913039185302,-4.54157763769135,-0.9507730496994806,-0.16330336258906453,0.7053330807859122,1.596731222476829,-1.563935104028014,-0.18298559797454864,0.031786260369518864,-0.653743984824213,2679091.322635135
23.182823617057686,7.392470815567343,-5.186210981818366,-0.9126409051429599,-0.0840961333011325,0.757087313286828,1.6203277309077966,-1.5620288980504462,-0.18593232170774376,0.03209241284289355,-0.6539627362351038,2679095.881756757
-10.916258050209146,10.901514275879915,-5.46344459972158,-0.8337129104259792,-0.001372586232591087,0.8062261432482738,1.6435855075632864,-1.559969963207239,-0.18886556640910793,0.03239705807745103,-0.6541793951564903,2679100.440878378
-20.438798824052018,13.628063629021149,-5.255869457252296,-0.7113746423912617,0.083607272568205,0.8525181734899974,1.666521070857557,-1.5577593584028682,-0.19178517027994574,0.032700178745651495,-0.6543939588973776,2679105.0
-16.670430710878136,12.293732490655508,-4.485106134846707,-0.5523573333032168,0.16958343705290133,0.8957320068317456,1.6891509392048711,-1.5553981425418117,-0.1946909715215647,0.03300175751995819,-0.6546064247667539,2679110.0861486485
21.613724887457284,8.065373951921735,-3.26393987911185,-0.3657286292816736,0.2552959011731432,0.9356362460932661,1.7114916310194848,-1.5528873745285414,-0.19758280833526887,0.03330177707283055,-0.6548167900736155,2679114.6452702703
-22.7990053657819,2.874336308846057,-1.7535312066613244,-0.1605561764464635,0.33948465888057683,0.9719994940943054,1.7335596647156608,-1.5502281132675353,-0.2004605189223671,0.0336002200767334,-0.6550250521269548,2679119.204391892
3.2078376030846028,-1.0392605529617105,-0.11504063410873666,0.05409237908258622,0.4208897041268472,1.0045903536546117,1.7553715587076584,-1.547421397333492,-0.20332396181394025,0.03389706920412626,-0.6552312082357604,2679123.7635135134
10.548129818670335,-3.9482445388250293,1.4903713219323138,0.26914939118564646,0.4982510308635991,1.0331774275939314,1.7769438314097354,-1.5444681839819936,-0.20617307686018613,0.034192307127470754,-0.655435255709031,2679128.322635135
24.49308804557061,-6.592324934049121,2.9015441448482306,0.47554721374288456,0.5703086330424791,1.0575293187320116,1.7982930012361549,-1.5413694101388502,-0.20900782424107908,0.03448591651923042,-0.6556371918557583,2679132.881756757
-23.926594305250305,-9.184144710308157,3.9573173180254018,0.6642182006344751,0.6358025046151323,1.0774146298885992,1.819435586601176,-1.53812601272987,-0.21182816413659164,0.03477788005186452,-0.6558370139849335,2679137.440878378
-3.0095804756818105,-10.449332826422644,4.49653032485023,0.8260947057405857,0.693472639533205,1.0926019638834428,1.8403881059190572,-1.5347389286808581,-0.21463405672670033,0.035068180397836934,-0.6560347194055536,2679142.0
21.420874635275005,-10.02601141570694,4.410110584792147,0.9530651384638886,0.7420590317483408,1.1028599235362884,1.8611670776040576,-1.5312090949176214,-0.21742546219137768,0.03535680022960839,-0.6562303054266077,2679146.0861486485
7.104903165661284,-8.056837614939758,3.796339527092799,1.0418398648569753,0.7803016752121877,1.1079571116668827,1.8817890200704386,-1.527537448365969,-0.22020234071059872,0.03564372221964033,-0.656423769357091,2679150.6452702703
-18.752577645060885,-5.133397653926301,2.801595578837207,1.0940762447345926,0.80694056387639,1.1076621313911286,1.9022704514363071,-1.523724925951709,-0.22296465246433642,0.035928929040395095,-0.6566151085059957,2679155.204391892
-12.061082290326906,-1.8341280295742632,1.5712594325504696,1.1124293724714083,0.8206996399319929,1.1017637022071407,1.922623825198152,-1.519772464600648,-0.2257123576325657,0.036212403364333866,-0.6568043201823198,2679159.7635135134
17.49667025142503,1.877284246211418,0.2507117807577061,1.0991057333199736,0.8206440167020668,1.0901742356472754,1.942845340808305,-1.5156810012385917,-0.2284454163952613,0.036494127863918716,-0.6569914016950529,2679164.322635135
-17.617258403772794,5.692136567055369,-1.0146666840159868,1.054510608815613,0.8074306751600825,1.0730195427477232,1.9629271342821037,-1.5114514727913504,-0.23116378893239647,0.03677408521161145,-0.6571763503531856,2679168.881756757
-13.566838291744634,7.773905978438733,-2.079495269245496,0.9785736024562959,0.782067601307216,1.0505484271279812,1.9828630220612125,-1.5070848161847294,-0.2338674354239455,0.03705225807987405,-0.6573591634657144,2679173.440878378
-3.039527295376214,7.410271997309622,-2.8233469068112225,0.8712175505111865,0.7455491878579672,1.0230233312177006,2.002653542292635,-1.5025819683445365,-0.23655631604988336,0.03732862914116678,-0.6575398383416289,2679178.0
19.688607533708524,4.658311806976416,-3.2256090262155954,0.7323652892494513,0.6988698275268312,0.9907050170202002,2.022300913549707,-1.4979438661965823,-0.23923039099018245,0.037603181067952816,-0.6577183722899298,2679182.0861486485
-20.29802232744884,0.03647768648745977,-3.290622681366552,0.5619396549402531,0.64302391302831,0.9538542465387977,2.0418073544057616,-1.4931714466666692,-0.24188962042481918,0.03787589653269322,-0.6578947626195994,2679186.6452702703
3.4449430513525297,-4.0909745382681475,-3.0242253483569885,0.36135990603772067,0.5790058370769002,0.9127317817768104,2.0611750834341334,-1.4882656466806066,-0.24453396453376633,0.03814675820785009,-0.6580690066396425,2679191.204391892
20.799691154628466,-6.353709395716303,-2.4388222822398045,0.13861307995597913,0.5078099923871005,0.8675983847375567,2.080406319208161,-1.4832274031642034,-0.2471633834969981,0.038415748765885126,-0.6582411016590467,2679195.7635135134
17.77941851087671,-6.115865851402967,-1.5705042279952026,-0.09448900282539227,0.43043077167341065,0.8187148174243541,2.0995032803011777,-1.4780576530432652,-0.24977783749448845,0.038682850879259136,-0.6584110449868031,2679200.322635135
-20.574576104459158,-4.286616019712933,-0.535318718930515,-0.3255524316066895,0.3478625676503283,0.766341841840521,2.118468185286519,-1.4727573332435993,-0.2523772867062138,0.038948047220435746,-0.6585788339319044,2679204.881756757
-2.0033060911707,-1.9001582502955856,0.5310985221466806,-0.5421832956882099,0.2610997730323519,0.7107402199893755,2.1373032527375213,-1.467327380691016,-0.2549616913121442,0.039211320461874755,-0.6587444658033549,2679209.440878378
19.8109495352807,0.3324649935290826,1.493179901769204,-0.7319876843702501,0.17113678053398096,0.6521707138742348,2.156010701227516,-1.4617687323113173,-0.25753101149225754,0.03947265327603861,-0.6589079379101367,2679214.0
-10.430922648887671,1.9243843567624135,2.21535782646988,-0.8825716869531074,0.07896798286971331,0.5908940854984173,2.1745927493298436,-1.4560823250303172,-0.26008520742652624,0.03973202833538894,-0.6590692475612427,2679219.0861486485
-18.503413537429136,3.1723009543763827,2.5620647027815275,-0.9815413927370784,-0.014412227245952501,0.5271710968652409,2.1930516156178363,-1.4502690957738191,-0.26262423929492434,0.03998942831238772,-0.6592283920656712,2679223.6452702703
-7.510171917030179,4.1838267942761,2.4012554418378276,-1.0200253956233163,-0.10800945709851792,0.4612625099780232,2.211389518664829,-1.4443299814676305,-0.2651480672774263,0.04024483587949622,-0.6593853687324145,2679228.204391892
16.961119953110792,4.241172590214101,1.6748337398403974,-1.003177086890289,-0.2008945349995956,0.3934290868400828,2.2296086770441605,-1.4382659190375622,-0.26765665155400664,0.04049823370917706,-0.659540174870462,2679232.7635135134
-16.392456713835546,2.4364080023781933,0.5745983787873485,-0.9394144470279608,-0.2923962046501603,0.32393158945473677,2.2477113093291607,-1.4320778454094154,-0.2701499523046401,0.04074960447389104,-0.6596928077888152,2679237.322635135
1.4622982833301132,-0.7465711218872692,-0.6200430345083849,-0.8371021103605173,-0.38189655591696225,0.25303077982530375,2.2656996340931683,-1.4257666975090018,-0.27262792970929944,0.04099893084610024,-0.6598432647964579,2679241.881756757
16.235237724699548,-3.055083428667984,-1.6227453786962835,-0.7046076799272301,-0.46877470995166776,0.1809874199551013,2.2835758699095186,-1.4193334122621293,-0.2750905439479585,0.04124619549826566,-0.6599915432023856,2679246.440878378
15.152970056121662,-2.7576424999105926,-2.1857041023220107,-0.5503260814967199,-0.5523824651765944,0.10806227184744734,2.3013422353515467,-1.4127789265946054,-0.2775377552005924,0.04149138110284972,-0.6601376403156003,2679251.0
-17.344085456848667,-0.8871379613952032,-2.236973650788105,-0.38256895077063335,-0.6319623290966664,0.03451609750565983,2.3190009489925854,-1.4061041774322336,-0.2799695236471763,0.04173447033231479,-0.6602815534450803,2679256.0861486485
1.8692226799025073,0.9457754075863242,-1.830280264350132,-0.20856056637426018,-0.7067294864874599,-0.03939034106694319,2.3365542294059733,-1.3993101017008251,-0.28238580946768255,0.04197544585912121,-0.6604232798998307,2679260.6452702703
18.625634388479735,1.543689896039318,-1.0424243240088036,-0.033955202475531174,-0.77589912212455,-0.11339628186704397,2.354004295165044,-1.3923976363261863,-0.2847865728420867,0.042214290355731515,-0.6605628169888373,2679265.204391892
-2.5145985601242593,0.37009574526507205,-0.004259807817204706,0.13593722262587116,-0.8386864207835139,-0.18724096289132447,2.3713533648431335,-1.3853677182341246,-0.2871717739503625,0.04245098649460751,-0.6607001620211018,2679269.7635135134
-18.569052152027552,-0.9385096523276181,0.9383549121748477,0.29580679063026505,-0.8943065672399267,-0.26066362213646677,2.3886036570135767,-1.3782212843504484,-0.28954137297248245,0.042685516948209726,-0.6608353123056122,2679274.322635135
1.4940065487587386,-0.7938522604587431,1.4811128979393808,0.4403435832379666,-0.941974746269365,-0.33340349759915316,2.405757390249708,-1.3709592716009624,-0.29189533008842344,0.042917864389001886,-0.6609682651513576,2679278.881756757
16.521384631991406,0.06155140335658898,1.7055256114756359,0.5642376821492934,-0.980906142647404,-0.4051998272760652,2.422816783124864,-1.3635826169114769,-0.29423360547815774,0.043148011489443784,-0.6610990178673368,2679283.440878378
-5.499705752609283,0.43624353082686845,1.7979697455957717,0.6621791690645628,-1.010315941149619,-0.4757918491638856,2.4397840542123785,-1.3560922572077976,-0.29655615932165996,0.04337594092199887,-0.6612275677625428,2679288.0
-13.332603688006003,0.2446529511302731,1.9083895883252022,0.7289218438054067,-1.0294830446729026,-0.5449188012592961,2.4566614220855882,-1.3484891294157326,-0.2988629517989045,0.04360163535912712,-0.6613539121459666,2679292.0861486485
5.107094431784171,-0.27652212197478554,2.033850854163512,0.7595500652257648,-1.0380169151464518,-0.6123199215589789,2.4734511053178276,-1.3407741704610892,-0.3011539430898652,0.04382507747329117,-0.6614780483266027,2679296.6452702703
10.846487184201955,-0.3645835733587804,2.111856905040265,0.749654412330493,-1.036009592204894,-0.6777521107639952,2.4901553224824324,-1.3329483172696748,-0.30342909337451696,0.044046249936952366,-0.661599973613444,2679301.204391892
-10.407467858434929,0.32300129382425835,2.0008882159188666,0.697493565445369,-1.0240533700334806,-0.7410828059729897,2.506776292152737,-1.3250125067672962,-0.3056883628328338,0.04426513542257387,-0.661719685315485,2679305.7635135134
-6.517709261639603,0.45964690608175696,1.5758912138473309,0.609601437081245,-1.0027030630042826,-0.8023507001980805,2.5233162329020793,-1.3169676758797646,-0.30793171164478816,0.044481716602615226,-0.6618371807417164,2679310.322635135
11.084565533334937,0.12670553355154354,0.802845323732745,0.49455297399936027,-0.9724973963539415,-0.8616105755868106,2.5397773633037906,-1.3088147615328816,-0.31015909999035646,0.04469597614953905,-0.6619524572011356,2679314.881756757
7.181838892253266,-0.4553927970230939,-0.13878200385135364,0.3609250336714837,-0.9339877062295222,-0.9189046033763045,2.556161901931209,-1.3005547006524587,-0.3123704880495114,0.04490789673580825,-0.6620655120027311,2679319.440878378
-12.449413565155345,-0.6113669741652326,-1.0181606570297668,0.21729447356938253,-0.8877519759751166,-0.9742483076066565,2.5724720673576695,-1.292188430164301,-0.3145658360022284,0.04511746103388171,-0.6621763424555004,2679324.0
3.2547522100126964,0.039282256057064896,-1.6391910955566174,0.07223815116482006,-0.8343748507340768,-1.0276505505187,2.588710078156506,-1.2837168869942175,-0.31674510402847955,0.045324651716223685,-0.6622849458684282,2679329.0861486485
13.070612439875934,0.6420469013738209,-1.9534841061990786,-0.06566707607043094,-0.7744409756497576,-1.0791201943532704,2.604878152901055,-1.2751410080680157,-0.3189082523082417,0.045529451455295446,-0.6623913195505203,2679333.6452702703
8.992176740515031,0.43246581712191395,-1.9901176172932986,-0.1878443506646043,-0.7085349958655102,-1.128666101351202,2.620978510164651,-1.2664617303115013,-0.3210552410214874,0.045731842923557975,-0.6624954608107569,2679338.204391892
-12.456140083781065,-0.19523407353851768,-1.8182687242889974,-0.28744630406389937,-0.6372415565246847,-1.1762971337533301,2.6370133685206287,-1.2576799906504825,-0.3231860303481914,0.04593180879347399,-0.662597366958142,2679342.7635135134
6.034023264907351,-0.557375130866811,-1.5185481771753224,-0.3645435233863706,-0.5611453027706356,-1.2220221538004892,2.6529849465423236,-1.2487967260107669,-0.32530058046832644,0.04612933173750375,-0.6626970353016631,2679347.322635135
11.048424977289994,-0.48271501609727774,-1.1619460288384937,-0.42091608863004537,-0.4808508757847046,-1.2658500237335144,2.6688954628030737,-1.239812873318163,-0.3273988515618686,0.04632439442810987,-0.662794463150318,2679351.881756757
6.246234066821326,0.019488085495512193,-0.7755122308692222,-0.4582643388155949,-0.3970426577255914,-1.3077896057932406,2.6847471358762114,-1.230729369498477,-0.32948080380879097,0.046516979537754535,-0.6628896478130933,2679356.440878378
-9.64919419507311,0.43171657928219803,-0.36694418347450486,-0.4782777856675323,-0.31041585804815713,-1.3478497622205017,2.7005421843350734,-1.2215471514775182,-0.3315463973890675,0.046707069738897905,-0.6629825865989861,2679361.0
3.4753687437487835,0.2537527655788607,0.05337493747666742,-0.4826971944117518,-0.22161443270587677,-1.3860393552561325,2.716282826752993,-1.2122671561810903,-0.3335955924826733,0.046894647704003055,-0.6630732768169912,2679365.0861486485
8.799373744776629,-0.11266788766610622,0.4554821791354584,-0.473336676309306,-0.13120899161706892,-1.4223672471409694,2.731971281703308,-1.2028903205350039,-0.33562834926958207,0.047079696105531976,-0.663161715776099,2679369.6452702703
1.6146486831288325,-0.3254517899652329,0.8048969524851779,-0.45199337913507587,-0.03978710818622607,-1.4568423001158446,2.7476097677593514,-1.1934175814650654,-0.33764462792976807,0.04726219761594529,-0.6632479007853027,2679374.204391892
-8.530669922122089,-0.21226693539497463,1.0748224091189507,-0.42044001140754106,0.052039204925761896,-1.489473376421595,2.7632005034944602,-1.1838498758970823,-0.33964438864320506,0.047442134907705706,-0.6633318291535989,2679378.7635135134
0.1322957717572012,-0.03372170138739247,1.2668375603246769,-0.38044511048608176,0.14365376389890436,-1.5202693382990546,2.778745707481969,-1.1741881407568622,-0.34162759158986666,0.04761949065327277,-0.6634134981899751,2679383.322635135
8.515689125144895,0.21254554713173324,1.382996117239137,-0.33377721373008057,0.23444038491321006,-1.5492390479890583,2.794247598295211,-1.16443331297021,-0.34359419694972915,0.0477942475251111,-0.6634929052034295,2679387.881756757
-2.1180938709773764,0.28884483476863354,1.4252206236029752,-0.2822034312382396,0.3237828841486898,-1.576391367732441,2.809708394507526,-1.1545863294629377,-0.3455441649027647,0.04796638819568085,-0.6635700475029529,2679392.440878378
-8.358816732524653,0.26520662173703874,1.391967730255007,-0.22700232891826516,0.41106507778535106,-1.6017351597700364,2.825130314692246,-1.1446481271608506,-0.34747745562894883,0.04813589533744431,-0.6636449223975391,2679397.0
-1.1657345043681806,0.17828477678524005,1.2847468878439012,-0.16776387206607074,0.4956707820032055,-1.6252773652869899,2.840513656367016,-1.1346196429897553,-0.3493940293082539,0.04830275162286244,-0.6637175271961822,2679401.0861486485
7.8035608168153505,0.0077756255314010755,1.1217262848529894,-0.10477903887665317,0.5769838129822615,-1.6470162917221387,2.8558500833031757,-1.1245018138754619,-0.3512938461206552,0.048466939724397876,-0.6637878592078771,2679405.6452702703
-3.1551843797664327,-0.2146557886334667,0.9264573708736843,-0.03941837231026269,0.6543879869025281,-1.6669445273644519,2.871125540122192,-1.1142955767437723,-0.3531768662461278,0.04862844231451133,-0.6638559157416084,2679410.204391892
-6.822501309895338,-0.34089893071832456,0.7228134127917045,0.026713680767953933,0.7272671199440167,-1.6850537109793569,2.886325021921994,-1.104001868520499,-0.3550430498646447,0.0487872420656656,-0.6639216941063795,2679414.7635135134
0.7692241732112112,-0.11955214608892109,0.5294606764915973,0.09200599228642532,0.7950050282867349,-1.7013354813322783,2.9014335238005082,-1.0936216261314484,-0.35689235715618034,0.0489433216503215,-0.6639851916111785,2679419.322635135
5.628357255080553,0.16892953310249248,0.34463617589965134,0.1548474341735795,0.8569855281106924,-1.7157814771886408,2.9164360408556576,-1.0831557865024264,-0.3587247483007081,0.04909666374094111,-0.6640464055649999,2679423.881756757
-3.820280140670953,0.3620353583230051,0.16147670323379099,0.21362687835784527,0.9125924355959,-1.728383337313873,2.9313175681853734,-1.0726052865592426,-0.36054018347820366,0.049247251009985865,-0.6641053332768365,2679428.440878378
-4.580738781878526,0.31203967974943186,-0.023305556546204552,0.266733196767651,0.9612095669223663,-1.7391327004733992,2.946063100887579,-1.0619710632277026,-0.3623386228686402,0.04939506612991812,-0.6641619720556803,2679433.0
-0.3061543234387953,-0.06790410558518557,-0.19803777827537267,0.3125552613314249,1.0022207382701007,-1.7480212054326458,2.9606576340602015,-1.0512540534336154,-0.3641200266519919,0.04954009177319959,-0.6642163192105283,2679438.0861486485
3.9736685549413657,-0.3723812455304755,-0.344835467095836,0.34948194397759613,1.035009765819112,-1.7550404909570372,2.9750861628011656,-1.040455194102786,-0.3658843550082329,0.0496823106122908,-0.6642683720503699,2679442.6452702703
-1.0466076288194197,-0.33506313563930146,-0.4461119780719819,0.37590211663459216,1.0589604657494123,-1.7601834459835817,2.989334932379982,-1.0295754221610256,-0.3676315681173376,0.049821705319654117,-0.6643181278842011,2679447.204391892
-3.841930906058728,0.02822095329070166,-0.48983040945970685,0.3906442520958542,1.0734534210684803,-1.7634494289360763,3.003396657552945,-1.0186156745341384,-0.3693616261592802,0.04995825856775296,-0.6643655840210126,2679451.7635135134
0.5654798737156878,0.3586474832277043,-0.4717040270649678,0.3942347006605118,1.0778198150642047,-1.764843446893585,3.017271676899957,-1.007576888147933,-0.371074489314035,0.05009195302904633,-0.6644107377698001,2679456.322635135
3.994940076018518,0.40685139345709875,-0.38929265833006965,0.3871910251922871,1.0713215503665712,-1.7643594115603451,3.0309638710160804,-0.9964599999282165,-0.3727701177615755,0.05022277137599712,-0.6644535864395539,2679460.881756757
-0.07875854269464024,0.039659603891710825,-0.2500720759150415,0.3689868019727833,1.0536441204328744,-1.7619455813431422,3.0444779366031227,-0.9852659468007957,-0.37444847168187706,0.05035069628106732,-0.6644941273392692,2679465.440878378
-4.283624156457197,-0.39522195100476537,-0.09399340940799852,0.33824354101659243,1.0251473260279556,-1.7574919990162996,3.057818386556118,-0.9739956656914797,-0.37610951125491204,0.050475710416718104,-0.6645323577779393,2679470.0
1.1486335465244517,-0.4800286306973801,0.032548019704677154,0.2933744656394191,0.986458319823068,-1.7509466913428335,3.070988652551264,-0.9626500935260723,-0.37775319666065776,0.05059779645541181,-0.6645682750645565,2679474.0861486485
4.8131335449003805,-0.16168249590789874,0.09881322307513259,0.23316000941791218,0.9382397802783418,-1.7422803433124872,3.0839917897033877,-0.9512301672303873,-0.3793794880790835,0.050716937069608975,-0.664601876508115,2679478.6452702703
-2.266261847539724,0.3399300061064652,0.11337649421204396,0.15798387546802722,0.8811554209589494,-1.7314646466849324,3.0968308247921916,-0.9397368237302273,-0.3809883456901684,0.0508331149317735,-0.6646331594176069,2679483.204391892
-5.8175325135476585,0.5642812119515221,0.09331970060327072,0.0695846056049975,0.8158689554300639,-1.718471293219844,3.1095087845973857,-0.9281709999514003,-0.3825797296738831,0.05094631271436464,-0.6646621211020254,2679487.7635135134
0.26487594152017246,0.21250994458794958,0.05393180710801965,-0.02797911947755406,0.7430440972568574,-1.703271974676895,3.1220286958986803,-0.9165336328197148,-0.38415360021020284,0.05105651308984502,-0.6646887588703657,2679492.322635135
7.2836942947287024,-0.3816416814500416,0.01296448451709492,-0.13130839901246946,0.6633445600045035,-1.6858383828157577,3.1343935854757814,-0.9048256592609778,-0.38570991747910255,0.051163698730676985,-0.6647130700316202,2679496.881756757
-0.2028795014547692,-0.608367258215323,-0.011106543223978773,-0.23728275420259246,0.5774340572381741,-1.6661422093961058,3.1466064801083977,-0.8930480162009962,-0.38724864166055634,0.0512678523093219,-0.6647350518947792,2679501.440878378
-8.744779639509652,-0.38065991202325467,-0.008230985794773577,-0.34268199341648214,0.48597630252304186,-1.6441551461776118,3.1586704065762397,-0.8812016405655799,-0.3887697329345368,0.051368956498241095,-0.6647547017688387,2679506.0
0.7952993530440506,0.17124104901465623,0.0005168269554126697,-0.4464641880162204,0.3896350094242793,-1.6198488849199506,3.1705883916590114,-0.8692874692805315,-0.3902731514810192,0.051466993969896124,-0.6647720169627923,2679510.0861486485
9.538816324848879,0.5685892214151657,-0.014050840663191835,-0.5477997243142283,0.2890738915070598,-1.593195117382794,3.182363462136425,-0.8573064392716628,-0.39175885747997835,0.05156194739675005,-0.6647869947856326,2679514.6452702703
0.9243151124267455,0.23521263798942701,-0.06326444819432486,-0.6483940289427278,0.18495666233655553,-1.564165535325816,3.193998644788188,-0.8452594874647793,-0.3932268111113872,0.051653799451263416,-0.6647996325463523,2679519.204391892
-9.34485312827609,-0.3118061711806788,-0.10071407591524174,-0.7464039644954958,0.07794703547793905,-1.5327318305086888,3.2054969663940094,-0.8331475507856901,-0.3946769725552211,0.05174253280589811,-0.6648099275539444,2679523.7635135134
1.5782748846677008,-0.4614138778205827,-0.06944118641738745,-0.8352127754258893,-0.03129127550361673,-1.4988656946910879,3.216861453733596,-0.8209715661602003,-0.3961093019914524,0.05182813013311549,-0.664817877117404,2679528.322635135
8.499666136491129,-0.21706873305386754,0.05565289252294245,-0.8949780049099254,-0.1420945570429391,-1.462538819632684,3.228095133586656,-0.8087324705141179,-0.3975237596000573,0.05191057410537817,-0.6648234785457207,2679532.881756757
1.763368217105536,0.23294406294760417,0.2268487889570711,-0.9075797402689183,-0.25379516288724313,-1.423722897093151,3.2392010327328986,-0.7964312007732516,-0.398920305561009,0.05198984739514714,-0.6648267291478925,2679537.440878378
-7.798527435599851,0.4055386259416051,0.3807353473339595,-0.8581116997047424,-0.3654541962083335,-1.3823896188321616,3.2501821779520306,-0.7840686938634068,-0.40029890005428204,0.05206593267488467,-0.6648276262329095,2679542.0
-5.378280200969101,0.012999748470630054,0.4543571578399986,-0.7333080245010374,-0.47513094238511555,-1.3385106766093906,3.261041596023764,-0.7716458867103951,-0.40165950325984884,0.05213881261705192,-0.6648261671097644,2679547.0861486485
7.954097213217822,-0.47708031028117454,0.389886671997326,-0.5259208985296673,-0.5807259437497615,-1.2920577621845104,3.2717823137278024,-0.7591637162400172,-0.40300207535768673,0.052208469894111056,-0.6648223490874517,2679551.6452702703
6.305245628710584,-0.42280045146843165,0.1649551195663058,-0.2500889588970349,-0.6801639368289999,-1.2430025673171945,3.2824073578438586,-0.7466231193780871,-0.4043265765277668,0.05227488717852398,-0.6648161694749652,2679556.204391892
-9.140452986170278,-0.0166892148469209,-0.1733221267869195,0.0700985064149685,-0.7713696581495602,-1.1913167837671157,3.2929197551516385,-0.734025033050409,-0.40563296695006473,0.052338047142751046,-0.6648076255812971,2679560.7635135134
-8.298791325740021,0.5138691765308824,-0.5501967553220216,0.40753061628274706,-0.8522678442381693,-1.1369721032939473,3.3033225324308506,-0.7213703941827901,-0.40692120680455485,0.05239793245925541,-0.6647967147154418,2679565.322635135
10.920844221391938,0.9548231304392903,-0.8886345340098515,0.7351890327612697,-0.9207550995330261,-1.0799683497458945,3.3136187164612045,-0.7086601397010394,-0.40819125627121083,0.052454525800498523,-0.6647834341863877,2679569.881756757
5.142792232579742,1.2870259554692103,-1.1152997494671515,1.0296961697712363,-0.9746155001182035,-1.0204178753252837,3.3238113340224067,-0.6958952065309625,-0.40944307553000675,0.05250780983894129,-0.6647677813031362,2679574.440878378
-5.056607299792922,1.3873533313923554,-1.1650062931974612,1.2753740599097867,-1.0116049899892443,-0.9584611643229761,3.3339034118941666,-0.6830765315983689,-0.41067662476091726,0.05255776724704704,-0.6647497533746738,2679579.0
-13.13922527386628,1.3457123649185438,-0.9829327954626377,1.4634727381181964,-1.02947951314169,-0.8942387010298317,3.343897976856192,-0.6702050518290641,-0.4118918641439158,0.05260438069727577,-0.6647293477099975,2679584.0861486485
13.466033127120468,0.934827913851686,-0.5439836189328492,1.582267805750927,-1.0260002959084704,-0.8278856873993203,3.353798055688191,-0.6572817041488556,-0.41308875385897703,0.05264763290406286,-0.6647065616600727,2679588.6452702703
5.510996367364459,-0.35304313555496586,0.06715865904747388,1.618870602951031,-0.9989539729306658,-0.7595119170767672,3.3636066751698745,-0.6443074254835528,-0.4142672540860754,0.052687507057584695,-0.6646813930516047,2679593.204391892
-9.446605189151043,-1.900355461989065,0.7141339262886726,1.561120174026881,-0.9468772811864921,-0.6892047855356745,3.3733268620809462,-0.6312831527589614,-0.41542732500518476,0.05272398762137776,-0.6646538409846642,2679597.7635135134
-14.153759844005178,-2.706527648237988,1.2540884402632084,1.399766379948134,-0.8712220532740506,-0.6170474092909456,3.3829616432011194,-0.6182098229008895,-0.41656892679627894,0.052757059366827404,-0.6646239048671645,2679602.322635135
14.927086134027741,-1.7727876453429863,1.5691409938926064,1.1265042380586818,-0.7743852781656864,-0.5431229048574794,3.392514045310101,-0.6050883728351444,-0.4176920196393326,0.05278670706531877,-0.6645915841070335,2679606.881756757
0.29083439774835207,1.0528771322835557,1.637916013078124,0.7372830833545612,-0.6596337536694366,-0.46751438875017337,3.401987095187595,-0.5919197394875332,-0.4187965637143189,0.052812915488236856,-0.6645568781121707,2679611.440878378
-17.786170083004276,3.633698217741761,1.445180274027575,0.24709988818322517,-0.5304517298022641,-0.39030497748392967,3.411383819613315,-0.5787048597838638,-0.41988251920121317,0.0528356694069669,-0.6645197862905019,2679616.0
-7.558707850323506,3.8452416988612095,0.9703302018284411,-0.3044952667845559,-0.39032345658113005,-0.31157778757364774,3.420707245366968,-0.5654446706499417,-0.4209498462799902,0.05285495359289351,-0.6644803080499467,2679620.0861486485
21.445007733276974,1.8924112407520386,0.2803101148312511,-0.8726601510012968,-0.24273318402299288,-0.2314159355342265,3.429960399228263,-0.5521401090115795,-0.42199850513062204,0.052870752817402396,-0.6644384427984137,2679624.6452702703
3.1219949428858285,-1.4055385435922019,-0.4743168540992356,-1.4125525339195062,-0.09116516214481939,-0.14990253788056343,3.439146307976903,-0.5387921117945778,-0.42302845593308436,0.0528830518518789,-0.6643941899438291,2679629.204391892
-24.1599946622274,-4.148265339686637,-1.1268785577704516,-1.879330184991698,0.06089635903643558,-0.06712071112756388,3.4482679983926054,-0.5254016159247497,-0.42403965886735046,0.052891835467706365,-0.6643475488941002,2679633.7635135134
16.968067422684083,-4.853461318523659,-1.5107028489898302,-2.2281508736703812,0.209967129503806,0.01684642820987707,3.457328497255072,-0.5119695583278997,-0.42503207411339555,0.052897088436271486,-0.6642985190571538,2679638.322635135
24.764917817294684,-4.554023128720701,-1.5124246767454916,-2.416906287683982,0.3525634363943778,0.1019157636168601,3.4663308313440107,-0.49849687592983466,-0.4260056618511926,0.052898795528958424,-0.6642470998408899,2679642.881756757
-7.450680581906381,-4.239914026499803,-1.223195241599169,-2.4235456956596657,0.48561349010736576,0.18800417857848153,3.475278027439134,-0.4849845056563644,-0.4269603822607166,0.05289694151715253,-0.6641932906532438,2679647.440878378
-23.8040463189577,-3.0245671902526197,-0.7526243076966627,-2.2652062256290524,0.6076514467279499,0.2750285565798439,3.48417311232015,-0.4714333844332957,-0.42789619552194097,0.052891511172239496,-0.6641370909021215,2679652.0
23.339168243843066,0.06150247988825148,-0.2016095060346241,-1.9680121532116002,0.7174864767800015,0.3629057811060471,3.4930191127667625,-0.45784444918643386,-0.4288130618148422,0.052882489265603766,-0.6640784999954377,2679657.0861486485
1.7010634062738912,4.216073421714578,0.32895153239029884,-1.5580540639749594,0.8138940607355756,0.4515527356421912,3.501819055558684,-0.44421863684158963,-0.4297109413193908,0.05286986056863103,-0.6640175173411202,2679661.6452702703
-23.229106088853033,6.382335629983914,0.7381611765814593,-1.0614225434867768,0.8956496790667273,0.540886303673378,3.5105759674756225,-0.4305568843245677,-0.43058979421556265,0.05285360985270418,-0.6639541423470724,2679666.204391892
-8.280980778877273,3.8651460617492974,0.9441678596080771,-0.5042099235242988,0.9615288122455161,0.6308233686847066,3.519292875297283,-0.4168601285611771,-0.4314495806833321,0.05283372188921075,-0.6638883744212178,2679670.7635135134
23.90244101931358,-1.6308728178132783,0.9412141409609135,0.08757460913876185,1.010306940743996,0.7212808141612784,3.5279728058033784,-0.4031293064772246,-0.43229026090267425,0.05281018144953451,-0.6638202129714706,2679675.322635135
-14.43526465547422,-6.943713217077961,0.7410927355438139,0.6894160301718965,1.0407595450342262,0.812175523588191,3.5366187857736135,-0.3893653549985169,-0.4331117950535618,0.05278297330506155,-0.6637496574057536,2679679.881756757
-24.65123924156188,-7.919624867291421,0.350974451456429,1.2814212220487866,1.051662105588259,0.9034243804505454,3.5452338419876996,-0.3755692110508628,-0.43391414331596867,0.05275208222717556,-0.6636767071319725,2679684.440878378
24.999832679532872,-2.0476589115540533,-0.17858202811372934,1.8412697472054844,1.0418672831360603,0.9948670879755432,3.553821001225341,-0.3617418115600685,-0.43469726586987006,0.052717492987262894,-0.6636013615580508,2679689.0
-3.153085177537468,5.9873817406625145,-0.6190716651584759,2.3325370334583955,1.010541008301627,1.0860300794963311,3.5623832902662502,-0.34788409345194216,-0.43546112289523986,0.05267919035670743,-0.6635236200919078,2679693.0861486485
-25.861295166958215,9.560485693674199,-0.6993902216824393,2.7171598636869825,0.9569447574280149,1.176344242627022,3.5709237358901316,-0.33399699365229135,-0.43620567457205184,0.05263715910689542,-0.6634434821414523,2679697.6452702703
-19.08408718640467,4.233717698746582,-0.26843416689371485,2.9720896245145108,0.8803452357665464,1.2652352360734396,3.5794453648766993,-0.32008144908692415,-0.43693088108028055,0.05259138400921066,-0.6633609471146092,2679702.204391892
26.769579785546647,-5.0697109981148545,0.37317135628780657,3.1060619624373578,0.7800093185800004,1.3521285485299697,3.5879512040056554,-0.3061383966816464,-0.43763670259989995,0.052541849835039116,-0.6632760144192951,2679706.7635135134
-18.584699539409634,-11.452349987716108,0.8123402724326363,3.134938326688446,0.655533112672888,1.4364694634626403,3.596444280056712,-0.29216877336226615,-0.4383230993108847,0.05248854135576605,-0.6631886834634069,2679711.322635135
-26.811485048559117,-9.883222230140502,0.741590556430054,3.065891431827054,0.5085031983755239,1.5177824434241132,3.6049276198095748,-0.27817351605459134,-0.43899003139320786,0.05243144334277571,-0.6630989536548697,2679715.881756757
26.36956495923913,0.9293198530719028,0.2711895639858201,2.8812412688773765,0.3435295769953517,1.595611745738703,3.613404250043956,-0.2641535616844283,-0.43963745902684526,0.05237054056745353,-0.6630068244016333,2679720.440878378
-15.04742504806721,11.36411050531677,-0.40165858070935007,2.5746824812773523,0.1658957971986851,1.6695016277307302,3.6218771975395616,-0.2501098471775858,-0.44026534239176923,0.052305817801185116,-0.6629122951115775,2679725.0
-25.57001338571509,13.320483153174365,-1.0844165739231963,2.144576532923369,-0.019114592348167942,1.738996346724512,3.6303494890760994,-0.23604330945986968,-0.44087364166795456,0.052237259815354445,-0.6628153651926286,2679730.0861486485
-5.206990891602061,3.1733823479038317,-1.5706809139417215,1.589284887711809,-0.20621804297889668,1.8036401600443723,3.6388241514332775,-0.2219548854570889,-0.4414623170353767,0.05216485138134704,-0.6627160340527009,2679734.6452702703
26.26726377229371,-9.26632952708199,-1.601426875844157,0.9100125782592112,-0.3901310060271845,1.8629773250146189,3.6473042113908054,-0.20784551209504984,-0.44203132867400785,0.052088577270548074,-0.662614301099714,2679739.204391892
-10.012213002484227,-13.263521539873716,-0.9210589795595787,0.1252600800136995,-0.5655699328267293,1.9165520989595806,3.65579269572839,-0.19371612629956095,-0.4425806367638232,0.052008422254342865,-0.6625101657415835,2679743.7635135134
-27.28042952707433,-7.424611945808579,0.5073961314799557,-0.7125097181450084,-0.7272512747112196,1.9639087392035668,3.664292631225744,-0.17956766499642912,-0.44311020148479674,0.0519243711041155,-0.6624036273862338,2679748.322635135
26.962149084198806,5.011953043247942,1.946615113975687,-1.515176067756097,-0.8698914830143397,2.0045915030708965,3.6728070446625694,-0.16540106511146163,-0.44361998301690264,0.051836408591252575,-0.6622946854415649,2679752.881756757
-21.80391050182442,11.541782144336745,2.4730788704710003,-2.193082176272273,-0.9882070090697814,2.0381446478858902,3.6813389628185793,-0.15121726357046494,-0.4441099415401157,0.051744519487137444,-0.6621833393155062,2679757.440878378
-24.83546592097358,9.14081627116841,1.4912652472338508,-2.684919088870521,-1.0769143042112392,2.064112430972867,3.6898914124734814,-0.13701719729924872,-0.4445800372344094,0.05164868856315626,-0.6620695884159712,2679762.0
14.837471109038527,-0.9524226046644252,-0.37083206688540643,-2.954297269309068,-1.1307298197724007,2.0820391096561464,3.6984674204069807,-0.12280180322361944,-0.4450302302797567,0.05154890059069374,-0.6619534321508788,2679766.0861486485
23.60529129688549,-8.6382326439558,-2.180814954596075,-2.9693397199063214,-1.1447314613758375,2.0915865633296953,3.7070710617381586,-0.10857201826938255,-0.4454604808561347,0.051445140341134836,-0.6618348699281394,2679770.6452702703
-7.327966261261963,-7.212001635419442,-3.1640026581848986,-2.695811951173263,-1.116829869958202,2.092886362107674,3.7157119643725607,-0.09432877936234911,-0.4458707491435146,0.05133739258586509,-0.6617139011556753,2679775.204391892
-24.47199640036999,-0.12435159832249441,-3.152083512491336,-2.118191610346048,-1.0508448133791388,2.086184507940128,3.724406242270994,-0.08007302342832326,-0.4462609953218723,0.051225642096269015,-0.6615905252413924,2679779.7635135134
24.891456694585365,5.770311557655257,-2.0349567875843375,-1.3190764127207897,-0.9519829776568223,2.071726205218658,3.733171368823253,-0.06580568739311554,-0.4466311795711806,0.051109873643731596,-0.6614647415932374,2679784.322635135
-24.687333293928823,3.8668314510727484,0.11879636182187595,-0.4115845846301965,-0.8254510488094158,2.049756658334862,3.7420248174191246,-0.051527708182530635,-0.44698126207141586,0.05099007199963917,-0.6613365496190786,2679788.881756757
-20.91227964344412,-1.384064163013969,2.3717146458345275,0.4896606062731337,-0.676455712855102,2.0205249026856196,3.750980230443125,-0.03724002272237597,-0.4473112030025513,0.05086622193537534,-0.6612059487268717,2679793.440878378
22.729506557535974,-4.252395947811087,3.4428320037949933,1.270035892336594,-0.5102036558120489,1.9842952976888995,3.760035926258679,-0.022943567938461883,-0.4476209625445591,0.050738308222325286,-0.6610729383245194,2679798.0
6.08619400061071,-1.344694202049948,2.447631500518118,1.836644735856539,-0.3319015636984267,1.9413360337679328,3.7691863922239413,-0.00863928075659344,-0.4479105008774162,0.05060631563187515,-0.6609375178199398,2679802.0861486485
-19.036700013959294,3.5265933701031575,0.22169507779649486,2.183497518925128,-0.14675612253241524,1.8919153013459682,3.778426115697061,0.0056719018974223,-0.44817977818109506,0.05047022893540819,-0.6607996866210433,2679806.6452702703
-21.075981772610245,4.7856926606154335,-1.9827510619628732,2.326331353583463,0.04002598166782774,1.8363012908462335,3.7877495840361943,0.019989043097776087,-0.4484287546355705,0.05033003317375317,-0.6606594444052005,2679811.204391892
21.7722077569445,-0.6041437456879671,-3.1542637279338086,2.2806261448710874,0.22349526988569907,1.7747621926919754,3.797151284599487,0.034311205918662865,-0.4486573904208168,0.050185714887225244,-0.6605167923492535,2679815.7635135134
-21.986712870837597,-6.617057619279614,-3.048168205539171,2.065082916271505,0.39982445403658395,1.7075661973064258,3.8066257047451026,0.04863745343427175,-0.4488656457168073,0.05003726257247134,-0.6603717335863794,2679820.322635135
-23.91743080687277,-6.891377258070751,-1.7655289727998562,1.7168240672250727,0.5660062954894157,1.6349814951128314,3.8161673318311826,0.0629668487187984,-0.4490534807035168,0.04988466514786022,-0.6602242716714783,2679824.881756757
24.311576978171303,1.4818214286955878,0.04109786234427801,1.283937132251295,0.7198844815361833,1.5572762765344244,3.8257706532158884,0.07729845484643505,-0.44922085556092023,0.04972791153175946,-0.6600744101594436,2679829.440878378
-10.643220829416371,9.25678529858336,1.647134580283134,0.816188443026877,0.859492090218247,1.474718731994447,3.8354301562573654,0.09163133489137297,-0.4493677304689902,0.04956699064253884,-0.6599221526051885,2679834.0
-23.571378850049157,9.934115724268064,2.3452742529974193,0.363344331228526,0.9828621995769655,1.3875770519161381,3.8451403283137706,0.10596455192780474,-0.44949406560770183,0.04940189139856656,-0.659767502563607,2679839.0861486485
-4.448126908973142,1.0252738497806455,1.6885811571326954,-0.03371224265459806,1.0880278876536942,1.2961194267227316,3.854895656743254,0.12029716902992423,-0.4495998211570292,0.04923260271821057,-0.659610463589593,2679843.6452702703
23.125188346188168,-9.293044292379717,0.2716043879939085,-0.36963180288355274,1.1730222324897814,1.2006140468374749,3.86469062890397,0.13462824927192343,-0.4496849589281171,0.04905911515101024,-0.6594510392380561,2679848.204391892
-15.716696348813482,-12.061252486566408,-1.0507357544491387,-0.6479482449069333,1.2358912942998814,1.101316120510306,3.8745197321540727,0.1489568557279931,-0.44974944727328375,0.04888142578767976,-0.6592892330638948,2679852.7635135134
-23.7514153716611,-6.360863796556427,-1.6108711773682656,-0.8721954641733484,1.27473351074891,0.9984284785409112,3.884377453851707,0.1632820514723284,-0.4497932562419838,0.048699533416066663,-0.6591250486220048,2679857.322635135
23.92555965035578,5.199247192046135,-1.4954609408934079,-1.041089031739674,1.287666537359199,0.8921347338715448,3.8942582813550315,0.17760289957912298,-0.4498163559001631,0.04851343684050953,-0.6589584894672941,2679861.881756757
-17.562362170955243,12.721626861681685,-0.9932730779915253,-1.1385877529673782,1.2727706123676967,0.7826559167298475,3.904156702022201,0.19191846312256503,-0.4498187163137638,0.04832313486534812,-0.6587895591546424,2679866.440878378
-23.233746844438983,11.686084469463427,-0.3589035725559673,-1.1619285897152551,1.227938253408302,0.6704311313498388,3.914067203211362,0.20622780517685077,-0.4498003075487327,0.04812862629492156,-0.658618261238975,2679871.0
7.36096804309247,1.767405866553432,0.24126510730976208,-1.1134636335737014,1.1516049473095469,0.555955110631063,3.923984272280671,0.22052998881617186,-0.4497610997112156,0.047929909973770266,-0.6584445992751764,2679876.0861486485
21.83870743877308,-8.890894375811893,0.661774739481765,-0.9980357825987389,1.0446969873655918,0.4397225874730652,3.933902396588278,0.23482407711471961,-0.44970106306816937,0.04772698490724655,-0.6582685768181598,2679880.6452702703
-18.08718782739904,-11.640191069260261,0.7571671018361346,-0.8232228196878425,0.9108755517120464,0.3222282947753882,3.9438160634923367,0.2491091331466875,-0.4496201679267521,0.047519850140902486,-0.6580901974227994,2679885.204391892
-20.811126926243396,-5.157338586779751,0.45468073504500783,-0.6006021679134691,0.7548782580414181,0.20396696543757326,3.9537197603510013,0.2633842199862691,-0.44951838459412347,0.04730850472029069,-0.6579094646440263,2679889.7635135134
20.546316682547175,4.909208738803106,-0.027658769035297712,-0.35478040230417385,0.5827790735299424,0.08543333235916625,3.96360797452242,0.27764840070765495,-0.44939568337744235,0.047092947690966135,-0.6577263820367221,2679894.322635135
-20.376161494859126,10.2437505466228,-0.3991290557524506,-0.11343620014457277,0.40080086699182027,-0.032877871560284294,3.9734751933647487,0.29190073838503844,-0.44925203458386576,0.04687317809848054,-0.6575409531557992,2679898.881756757
-19.273440554392216,7.623054684944935,-0.44089237748711324,0.09644166791616905,0.21447660060581658,-0.15047191342124117,3.98331590423614,0.30614029609261306,-0.4490874085205546,0.0466491949883866,-0.6573531815561429,2679903.440878378
15.565763358659252,-0.8582715204740794,-0.22662908079483116,0.2531292185541011,0.029054115268277548,-0.26685406032415543,3.993124594494744,0.32036613690457105,-0.44890177549466664,0.046420997406238854,-0.6571630707926571,2679908.0
20.26837721839674,-8.121600556234924,0.07817721656458015,0.3553615575486361,-0.1507591730565433,-0.3815295793694889,4.002895751498716,0.33457732389510453,-0.44869510581336114,0.04618858439758972,-0.6569706244202548,2679912.0861486485
-20.382924122825067,-8.687514587191522,0.30303961097901616,0.40742507159018976,-0.3208038434631219,-0.4940037376576893,4.012623862606205,0.34877292013840544,-0.44846736978379576,0.04595195500799247,-0.6567758459938215,2679916.6452702703
-19.634040429733258,-1.7416701296060892,0.3209672002014308,0.4154120145865188,-0.4778941751382305,-0.6037818022892202,4.022303415175366,0.36295198870866696,-0.4482185377131302,0.045711108283000165,-0.6565787390682594,2679921.204391892
20.728127694088844,6.196783665155057,0.17975396839402888,0.3904676497805615,-0.6213696690527633,-0.710369040364537,4.031928896564354,0.37711359268008254,-0.44794858258724524,0.04546604594688772,-0.65637930719847,2679925.7635135134
-20.837783466293363,8.053665288586782,-0.027429284450329425,0.34379989037023534,-0.751681123473151,-0.8132707189840899,4.041494794131317,0.3912567951268443,-0.4476574881069084,0.04521678043881751,-0.6561775539393627,2679930.322635135
-9.638150093366136,2.8283233027539914,-0.21446977755021723,0.28635611395407234,-0.8694653848733714,-0.9119921052483386,4.050995595234408,0.4053806591231432,-0.4473452406516076,0.044963326876672316,-0.6559734828458247,2679934.881756757
20.797112014842277,-4.221426702662967,-0.3252731421976769,0.22909789082760004,-0.9753734924243995,-1.0060384662577384,4.06042578723178,0.41948424774317494,-0.4470118266008352,0.04470570037833673,-0.6557670974727576,2679939.440878378
18.187728857613173,-7.813984832274923,-0.30987997170673265,0.181617150289965,-1.0700564852972063,-1.0949150691127494,4.069779857481588,0.4335666240611298,-0.44665723233407817,0.044443916061694705,-0.6555584013750679,2679944.0
-20.570600350572718,-6.032748014456549,-0.1399485657018182,0.14765913651513962,-1.1541654026627712,-1.1781271809138187,4.079052293341983,0.44762685115119927,-0.4462814442308256,0.04417798904462909,-0.6553473981076544,2679949.0861486485
-18.70408706137526,0.5974750543003926,0.10657661464788129,0.12735854756932427,-1.2283121417818699,-1.255180068761412,4.088237582171115,0.4616639920875787,-0.4458844486705684,0.04390793444502468,-0.6551340912254059,2679953.6452702703
20.486281447269235,7.100717895216182,0.3275719524478938,0.11734848723600536,-1.2928922413428707,-1.3255789997559804,4.097330211327139,0.47567710994445994,-0.4454662320327961,0.04363376738076496,-0.6549184842832403,2679958.204391892
-20.585459713271817,7.849820140207385,0.4221277791208642,0.11272605797168998,-1.3479791870242814,-1.3888292409979757,4.106324668168206,0.4896652677960345,-0.44502678069699686,0.04335550296973315,-0.6547005808360504,2679962.7635135134
-5.935934420091345,2.1309548568836223,0.32271763055436276,0.10771214618229918,-1.3933869001516732,-1.4444360595878663,4.115215440052473,0.503627528716495,-0.44456608104266065,0.04307315632981285,-0.6544803844387282,2679967.322635135
20.9536976518032,-4.979508300300002,0.08807781537880897,0.10117694482831109,-1.428775170278984,-1.4919047226260949,4.123997014338086,0.5175629557800348,-0.4440841194492764,0.042786742578888926,-0.6542578986461828,2679971.881756757
15.895147202015828,-8.063447504267108,-0.1916108320082763,0.09323423183487008,-1.4537253449246434,-1.530740497213123,4.132663878383199,0.5314706120608463,-0.44358088229633474,0.042496276834845324,-0.65403312701331,2679976.440878378
-21.14433097060465,-5.5925304186227836,-0.42884848577272033,0.08391054228543528,-1.4677315287654014,-1.5604486504494106,4.141210519545972,0.5453495606331226,-0.44305635596332454,0.04220177421556427,-0.6538060730950146,2679981.0
-14.049241068411053,1.9754869284829086,-0.546859354333726,0.07296904966790535,-1.469939052811672,-1.5806214121668956,4.149632975845263,0.5591988645710549,-0.44251052682973446,0.04190324983892972,-0.6535767404461854,2679985.0861486485
21.07676323815462,8.462958585552414,-0.47114678724109343,0.05947199655273974,-1.4587898235456607,-1.5912595325825571,4.157931444641457,0.5730175869488365,-0.44194338127505456,0.04160071882282763,-0.6533451326217287,2679989.6452702703
-21.127250403716566,7.873533360908294,-0.1663096417667806,0.041205504684397626,-1.432695939501089,-1.5927078675525441,4.166089072080623,0.5868047908406604,-0.44135490567877383,0.04129419628513931,-0.6531112531765636,2679994.204391892
-4.703967647669061,0.33615627352123306,0.2406431824373648,0.015766620259716677,-1.390120003372373,-1.585426353650764,4.174041797302154,0.6005595393207186,-0.44074508642038207,0.04098369734374972,-0.6528751056655631,2679998.7635135134
21.824332092444003,-7.4628992199762205,0.5819998082663417,-0.019105719141728563,-1.3296416154956607,-1.5698755964145337,4.181701334667851,0.6142808954632043,-0.4401139098793693,0.040669237116542,-0.6526366936436403,2680003.322635135
16.204021343701566,-9.221852503883591,0.690048358615141,-0.0654810537967799,-1.250031898350685,-1.5465127523541644,4.188975949512505,0.6279679223423096,-0.4394613624352238,0.04035083072140091,-0.6523960206656887,2680007.881756757
-23.23252729112946,-4.753812398623594,0.45667527773011884,-0.12372932899647777,-1.15041193031913,-1.5157949779799595,4.195773907170903,0.6416196830322263,-0.43878743046743574,0.040028493276209685,-0.6521530902866127,2680012.440878378
-17.3574331398328,3.478089964190896,0.012160295263044503,-0.1885281155994097,-1.0301966078797473,-1.4781794298022304,4.202003472977839,0.655235240607148,-0.438092100355493,0.039702239898851,-0.6519079060613058,2680017.0
24.43859518042043,9.697941881899174,-0.45361853778295075,-0.2522752748176994,-0.889730898073901,-1.434123264331282,4.207572912268101,0.6688136581412668,-0.43737535847888653,0.03937208570721054,-0.6516604715446666,2680021.0861486485
-24.63811198179726,8.69841298309124,-0.7764595673990371,-0.30590766135464575,-0.7308207744517826,-1.3840836380774184,4.212390490376477,0.6823539987087764,-0.43663719121710676,0.03903804581917126,-0.6514107902916261,2680025.6452702703
-11.034653619063636,1.9523428254845339,-0.893098150348687,-0.34137514572668026,-0.5560277719553434,-1.3285177075509587,4.216364472637764,0.6958553253838683,-0.4358775849496402,0.038700135352616016,-0.651158865857044,2680030.204391892
14.714937726532733,-5.889701186698389,-0.7599774331150237,-0.35627843617227006,-0.36823119507915525,-1.2678826292621994,4.219403124386749,0.7093167012407348,-0.4350965260559783,0.03835836942543013,-0.6509047017958367,2680034.7635135134
24.264164195125872,-9.560275931457559,-0.33619479115607537,-0.34534440521761084,-0.17052995505514568,-1.2026355597214544,4.22141471095822,0.7227371893535688,-0.434294000915609,0.03801276315549637,-0.650648301662909,2680039.322635135
-24.339404188570363,-5.542964125947315,0.3479260530996497,-0.30170195388049265,0.03348476692128803,-1.1332336554390345,4.222307497686976,0.7361158527965631,-0.433469995908024,0.03766333166069897,-0.650389669013151,2680043.881756757
-16.66957328142262,2.5103293759606418,0.9815787955215128,-0.21836389803768338,0.2401057045137316,-1.0601340729252386,4.221989749907798,0.7494517546439106,-0.4326244974127105,0.0373100900589217,-0.6501288074014703,2680048.440878378
24.755902587393898,8.460006738128696,1.183836486553344,-0.08834411580964592,0.44562665362947,-0.9837939686903829,4.220369705872281,0.7627439850530049,-0.4317574918091586,0.03695305346804741,-0.6498657203827674,2680053.0
-24.705526168643278,7.801601616372731,0.706464228817867,0.08896522789805013,0.6463414101757753,-0.9046704992447695,4.217355489886801,0.7759917481264482,-0.43086896547685805,0.03659223700596125,-0.6496004115119354,2680058.0861486485
-17.24722714394712,2.6875246128239354,-0.1678342857999264,0.28848844049273675,0.8385437700599213,-0.8232208210987056,4.21285517672493,0.7891942974996545,-0.4299589047952979,0.036227655790546265,-0.649332884343879,2680062.6452702703
-4.131517767130568,-3.0704906015803015,-1.0229817910496546,0.4780900204101306,1.018527529189195,-0.7399020907625111,4.2067767826784195,0.8023509452898587,-0.42902729614396773,0.035859324939686306,-0.6490631424334954,2680067.204391892
23.837421189423342,-5.7577350121324855,-1.4428451381092575,0.625578583514278,1.1825864834708648,-0.6551714647464808,4.199028112561335,0.815461215091977,-0.4280741259023575,0.03548725957126552,-0.6487911893356889,2680071.7635135134
-23.924867910123258,-3.187041926154215,-1.1397389965289941,0.7044357495254587,1.3270144288122059,-0.5694860995609269,4.189516918318322,0.828524683370341,-0.4270993804499546,0.03511147480316667,-0.6485170286053544,2680076.322635135
-17.286262056256255,1.065277961745319,-0.3380518397240376,0.7090819211667001,1.4481409239182805,-0.4833031517161545,4.178150951894031,0.8415409265892879,-0.4261030461662505,0.03473198575327462,-0.6482406637974,2680080.881756757
24.80777217507324,3.466126356938206,0.609838032417944,0.6388180890442439,1.5426299515673514,-0.39707977772247527,4.1648379652331124,0.854509521213151,-0.4250851094307337,0.0343488075394727,-0.6479620984667217,2680085.440878378
-11.094844105151589,1.9226239999722454,1.369726597899305,0.4918414911812712,1.6082492471207357,-0.31127313409019375,4.149485891488457,0.8674298624980219,-0.4240455566228944,0.033961955279644025,-0.6476813361682081,2680090.0
-25.43195952524902,-0.8994817408634609,1.6801069462825602,0.2648674157943493,1.6442484957463703,-0.22634037732962817,4.132003388645934,0.880300620867015,-0.4229843741222214,0.033571444091673924,-0.6473983804567773,2680094.0861486485
-16.68228403539322,-1.7988204533139807,1.2887017667482987,-0.037069004471396876,1.6505022585896316,-0.1427387060851171,4.112299295899655,0.8931202855350019,-0.4219015483082034,0.03317728909344526,-0.6471132348873194,2680098.6452702703
25.19519055685614,-0.4592188753132224,0.1044450429636126,-0.3732345077796397,1.6269911913774664,-0.06095082968592102,4.09028245244373,0.9058873457168553,-0.4207970655603311,0.032779505402840525,-0.6468259030147362,2680103.204391892
-24.96239735210515,1.3811275114314816,-1.1580543798584098,-0.6939511540220691,1.573733113641869,0.018503378733627444,4.065861697472272,0.9186002906274449,-0.4196709122580934,0.03237810813774614,-0.6465363883939309,2680107.7635135134
-12.942296137624945,1.2808746689826962,-1.6972153285309277,-0.9495410030903746,1.4905045003468007,0.09534539060724122,4.038945870179391,0.9312576094816433,-0.41852307478097966,0.031973112416044044,-0.6462446945797968,2680112.322635135
24.724012337281696,-0.3766995579091828,-1.5446376278405396,-1.0973055119234505,1.3769787834485012,0.16939972037635356,4.009443809759199,0.943857791494321,-0.41735353950847914,0.03156453335561902,-0.6459508251272429,2680116.881756757
12.783903077331049,-2.003493039294723,-0.9185894350843142,-1.1253216578800942,1.2328196958822613,0.24050058150333786,3.9772643554058127,0.9563993258803501,-0.4161622928200807,0.031152386074353285,-0.6456547835911609,2680121.440878378
-24.7482166987827,-2.1033532318884105,-0.036689608901631116,-1.0409081087640317,1.0585215350566362,0.3084821874505848,3.942316346313335,0.9688807018546025,-0.414949321095275,0.030736685690132253,-0.6453565735264511,2680126.0
-24.321638694748327,0.2789138780604928,0.8235741762169757,-0.8577238687603438,0.8580610025304305,0.37317875168045983,3.9045086216758866,0.9813004086319491,-0.4137146107135515,0.030317447320839245,-0.6450561984880271,2680131.0861486485
24.80896867964899,3.0480189001994518,1.3972791559806494,-0.5908990915562236,0.6368859493645495,0.43442448765535585,3.8637500206875703,0.9936569354272611,-0.4124581480543977,0.02989468608435757,-0.6447536620307616,2680135.6452702703
-24.85398629110793,3.6942576239824874,1.426962749217218,-0.2556518342893228,0.4006043728771044,0.4920536088376389,3.8199493825425037,1.0059487714554103,-0.4111799194973046,0.029468417098571457,-0.6444489677095884,2680140.204391892
-19.73902434668365,1.3375196092698518,0.7802189810864665,0.1292024933119363,0.1548242703862038,0.5459003286896932,3.7730155464347974,1.018174405931269,-0.40987991142176167,0.029038655481364133,-0.6441421190793802,2680144.7635135134
12.289674115738348,-2.3054945415242014,-0.17404805582293958,0.5293754290551379,-0.09484636079003146,0.5957988606738943,3.722857351558564,1.0303323280697068,-0.40855811020725774,0.02860541635062001,-0.6438331196950478,2680149.322635135
25.330022314709737,-4.966968695461775,-0.9415886913634637,0.9066921869302097,-0.3427995233334995,0.6415834182526264,3.6693836371079103,1.0424210270855967,-0.40721450223328215,0.028168714824222944,-0.6435219731114956,2680153.881756757
-25.668725345930998,-4.598493980505449,-1.143218779773888,1.2229779809270709,-0.583427219926086,0.6830741128435279,3.6125173443216876,1.0544389921938093,-0.4058490738793241,0.027728566020055617,-0.643208682883617,2680158.440878378
-22.744006430808245,-1.0640110586096445,-0.866078197865779,1.4462817531943393,-0.8112832563809007,0.7200346476853166,3.552237822617668,1.0663847126092174,-0.40446181152487504,0.027284985056003897,-0.6428932525663108,2680163.0
26.69314544844997,3.2238853796612075,-0.3366200469469407,1.569710478104348,-1.0217317706248659,0.7522146239719677,3.4885385234583697,1.0782566775466902,-0.4030527015494212,0.026837987049948914,-0.6425756857144789,2680168.0861486485
-15.404955606522998,5.716808930481273,0.21264064664734428,1.5937903095433028,-1.211494155071282,0.779363642897456,3.4214128983063046,1.0900533762211015,-0.40162173033245396,0.02638758711977626,-0.6422559858830302,2680172.6452702703
-28.16500671784621,5.078879295361161,0.5918139749977648,1.5212782440705022,-1.3795226448065416,0.8012313056557628,3.3508543986239796,1.1017732978473218,-0.40016888425346286,0.025933800383369343,-0.6419341566268537,2680177.204391892
-4.170775141797757,1.086038836306544,0.7783999337278679,1.3581681457097246,-1.5248957722604122,0.8175672134408717,3.276856475873908,1.1134149316402215,-0.39869414969193523,0.02547664195861103,-0.641610201500852,2680181.7635135134
29.787774209799323,-3.5424695475479426,0.780498100797495,1.122375245650403,-1.6465879009486137,0.8281209674467529,3.199412581518604,1.1249767668146744,-0.39719751302736406,0.025016126963386447,-0.6412841240599245,2680186.322635135
-30.450943654051905,-5.461134877893763,0.605771420883862,0.8322514083645777,-1.7435733943868625,0.8326421688673916,3.1185161670205765,1.1364572925855496,-0.39567896063923474,0.02455227051557828,-0.6409559278589682,2680190.881756757
-14.792719640183572,-3.4961779822817114,0.2822451416409949,0.5017039170420065,-1.8148266160908777,0.8308798941479585,3.0341612085911396,1.1478549981677202,-0.3941384789070396,0.024085087733071664,-0.6406256164529028,2680195.440878378
31.128658287106248,0.27530148242538016,-0.09737764327970622,0.14363309565307525,-1.8593219295763808,0.8225607647935835,2.946364137381659,1.1591683727760562,-0.39257605421026637,0.02361459373374883,-0.6402931933966014,2680200.0
5.27138020932671,3.346315541862897,-0.4244761185323254,-0.22906073183182896,-1.8760336983590908,0.8073288598855232,2.8552239269673665,1.1703959056254312,-0.39099167292840625,0.023140803635494905,-0.6399586622449773,2680204.0861486485
-30.948713586298254,4.893996215951481,-0.5904294687709477,-0.6034772414423217,-1.8640236709205957,0.7848929119437271,2.7608622824506726,1.181536085930715,-0.38938532144094673,0.022663732556192213,-0.6396220265529295,2680208.6452702703
-12.732738558301953,4.700614598960847,-0.5203479132061313,-0.9657017032433839,-1.8227278599757983,0.7553353238258821,2.663401502829563,1.1925874029067798,-0.3877569861273783,0.022183395613725065,-0.6392832898753583,2680213.204391892
30.379178908321677,3.3151411513132123,-0.27495429089164375,-1.2977670071486718,-1.7517850534204653,0.7189412735705387,2.562963887102027,1.2035483457684955,-0.3861066533671894,0.02169980792597815,-0.6389424557671582,2680217.7635135134
-30.139751506667317,1.3715042485667954,0.048990018478259616,-1.5811590323213305,-1.6509247344625082,0.6760866345283877,2.459671734266052,1.2144174037307356,-0.38443430953987073,0.021212984610834415,-0.6385995277832386,2680222.322635135
-10.059353594052615,-1.1791195378519221,0.3558388073733609,-1.7991725554130862,-1.5198928790454105,0.6271637727856992,2.353647343319628,1.2251930660083716,-0.3827399410249116,0.020722940786177632,-0.6382545094784996,2680226.881756757
29.965547910448606,-3.6083006915829534,0.5504641776092023,-1.9356206624214167,-1.358491697335197,0.5726212886512794,2.24501301326074,1.2358738218162735,-0.38102353420180035,0.020229691569891576,-0.6379074044078257,2680231.440878378
26.937097536892548,-5.163297962039708,0.5417696787395296,-1.977914754099426,-1.16718146937062,0.5131327193240809,2.133891043087378,1.2464581603693132,-0.3792850754500266,0.01973325207986029,-0.6375582161261362,2680236.0
-30.358510677363558,-4.5965088378794725,0.2920912810739777,-1.9275232692833286,-0.9486228601428754,0.4494278362255924,2.020403731797529,1.2569445708823623,-0.37752455114907957,0.019233637433966822,-0.6372069481883269,2680240.0861486485
-8.583284142672465,-1.2672982878210324,-0.08270749452563692,-1.78843766140915,-0.7075561428240643,0.3822364107773049,1.90467337838918,1.2673315425702922,-0.37574194767845004,0.018730862750096482,-0.636853604149284,2680244.6452702703
31.530157272262443,3.3636299458245884,-0.42938460843397036,-1.5643850519339972,-0.44913320938586204,0.31228821440070675,1.7868222818603212,1.2776175646479755,-0.37393725141762657,0.01822494314613114,-0.6364981875639164,2680249.204391892
-32.35661933543954,6.807018154923698,-0.5928923898294981,-1.26089819351116,-0.17850595179994394,0.2403130185172907,1.6669727412089372,1.2878011263302815,-0.37211044874609767,0.017715893739956017,-0.6361407019871304,2680253.7635135134
-15.450239575385917,5.966544190128836,-0.4625531005041432,-0.8921727582399258,0.09917373796201373,0.16704059454854367,1.5452470554330193,1.2978807168320838,-0.37026152604335455,0.017203729649454613,-0.6357811509738204,2680258.322635135
14.460085833413148,1.5872194197330032,-0.13225320064639917,-0.47997162806079424,0.3787539679283347,0.09320071391595408,1.421767523530555,1.3078548253682527,-0.36839046968888567,0.016688465992510428,-0.6354195380788855,2680262.881756757
34.14896660183067,-4.605147365794552,0.252528392157042,-0.04749807957552423,0.6550828461273445,0.01952314804101464,1.296656444499531,1.3177219411536598,-0.3664972660621796,0.016170117887006508,-0.6350558668572245,2680267.440878378
-34.024599114950945,-9.57256082029394,0.5463127603194976,0.3820446106141262,0.9230084805873655,-0.05326233165478479,1.1700361173379348,1.3274805534031766,-0.36458190154272724,0.015648700450828168,-0.6346901408637481,2680272.0
-7.926042420428558,-7.510704029364935,0.6379396766931796,0.7854531659064027,1.1773789793367206,-0.12442595374995528,1.0420288410437553,1.337129151331674,-0.3626443625100166,0.015124228801858179,-0.6343223636533362,2680277.0861486485
33.55236085563587,0.6753818859022063,0.5513900278475052,1.1416579577379442,1.413042450403736,-0.19323794682300718,0.9127569146149801,1.346666224154025,-0.360684635343538,0.014596718057980407,-0.6339525387809009,2680281.6452702703
-34.04973634289764,10.397088340356325,0.33642879863717634,1.4381239496990041,1.6248470018167336,-0.25896853945245174,0.7823426370495975,1.3560902610851,-0.3587027064227808,0.014066183337078531,-0.6335806698013483,2680286.204391892
-29.434985178139648,12.795376854816867,0.0389138510069952,1.6662232282897362,1.807638479202816,-0.3208856978155728,0.6509083073455949,1.3653997513397707,-0.3566985621272343,0.013532639757036688,-0.6332067602695731,2680290.7635135134
-4.460378263041063,7.580806657869023,-0.29206240950969065,1.8244217794963489,1.9562424065686856,-0.3782370664692623,0.5185762245009611,1.3745931841329084,-0.3546721888363881,0.012996102435739372,-0.6328308137404698,2680295.322635135
37.56760781463011,-2.606195619383357,-0.5678672799526147,1.9129590641765648,2.06543695745785,-0.4302229395072142,0.3854686875136832,1.3836690486793841,-0.3526235729297305,0.012456586491067907,-0.6324528337689388,2680299.881756757
-38.05257399067542,-13.505474131129734,-0.6895396142869321,1.9318394442307645,2.1302241323556643,-0.4760323390076295,0.2517079953817488,1.3926258341940703,-0.35055270078675216,0.011914107040908515,-0.6320728239098978,2680304.440878378
7.283425314577534,-15.54487837064404,-0.5582939160785916,1.87920326707076,2.1477659169159224,-0.5149746081277564,0.11741644710314597,1.4014620298918379,-0.34845955878694207,0.01136867920314415,-0.6316907877182213,2680309.0
37.45310013942545,-7.639735302226425,-0.1343436250229686,1.752185399765191,2.120378852097354,-0.5468814733322782,-0.017283658324135667,1.410176124987559,-0.3463441333097903,0.010820318095658404,-0.6313067287488312,2680313.0861486485
-17.132609733237636,6.664663713865685,0.3887368186793702,1.558693463727578,2.051763464162765,-0.5718693781299049,-0.15227002190211072,1.4187666086961042,-0.3442064107347847,0.010269038836335048,-0.6309206505566062,2680317.6452702703
-36.842311172166205,16.801330213498435,0.7580904302061826,1.310545380518045,1.9456613783661956,-0.5900958650205921,-0.287420344632789,1.4272319702323448,-0.34204637744141614,0.009714856543058488,-0.6305325566964685,2680322.204391892
-15.887597819200371,13.459189689657396,0.7800392755533646,1.0233373368447976,1.8058142199616927,-0.6017184765042958,-0.42261232751818456,1.4355706988111532,-0.3398640198091732,0.009157786333711589,-0.6301424507232987,2680326.7635135134
37.17378743326,0.4356126220230476,0.5135766798996647,0.7118235240980275,1.6359636142033034,-0.6068947550809729,-0.5577236715603078,1.4437812836474002,-0.33765932421754563,0.008597843326178304,-0.6297503361920042,2680331.322635135
-37.32573097402784,-13.72516515884744,0.08546765673265139,0.3859437613253275,1.439851186345072,-0.6057822432505783,-0.6926320777611724,1.4518622139559583,-0.33543227704602235,0.008035042638342678,-0.6293562166575015,2680335.881756757
14.506476668570375,-17.120341091273982,-0.37636082798298837,0.054475915097167246,1.2212185616410434,-0.598542994527915,-0.8272107361079426,1.4598119789516981,-0.3331828646740935,0.007469399388089027,-0.6289600956746604,2680340.440878378
37.13917396816482,-9.419357058097289,-0.7537292612375935,-0.2738021480159837,0.9838073653452645,-0.5853616847113811,-0.9613102143041877,1.46762906784949,-0.3309110734812481,0.006900928693300578,-0.6285619767984034,2680345.0
2.682942085768809,5.196708315758868,-0.9674479418416321,-0.5901125614436539,0.7313592227117811,-0.5664479810075619,-1.0947560886452925,1.4753119698642065,-0.328616889846975,0.006329645671860012,-0.6281618635836205,2680349.0861486485
-36.911026915944056,16.36723395666546,-0.9497296285414096,-0.884022451634557,0.467615758994638,-0.5420266288296224,-1.2273588572200587,1.4828591742107204,-0.32630030015076467,0.005755565441652646,-0.6277597595852114,2680353.6452702703
-15.415257617527805,15.162742973612358,-0.6682275831219601,-1.1387559813899382,0.1963185994478808,-0.5123332496962005,-1.3589181420118162,1.490269170103901,-0.32396129077210584,0.005178703120561706,-0.6273556683580829,2680358.204391892
37.07296577516764,4.328535258450357,-0.2075319748109943,-1.3369905636334116,-0.0787906306744442,-0.4776121665273504,-1.48922486360248,1.497540446758621,-0.3215998480904881,0.004599073826471147,-0.6269495934571284,2680362.7635135134
-37.195497766574974,-8.977399934711144,0.3210834341598868,-1.4638175576759536,-0.3539703061182927,-0.43811435850759456,-1.6180632863094937,1.5046714933897516,-0.3192159584854011,0.004016692677264376,-0.626541538437261,2680367.322635135
19.440532189250522,-14.267632312486187,0.8148924100053446,-1.5128758512748077,-0.6254788016296162,-0.3940921217316476,-1.745216357540113,1.5116607992121642,-0.3168096083363341,0.003431574790826437,-0.6261315068533582,2680371.881756757
37.48099572655761,-10.12378538256454,1.1788597502200244,-1.4800268007693587,-0.8894889054837896,-0.34579775229421733,-1.8704670247015955,1.5185068534407309,-0.31438078402277575,0.0028437352850381034,-0.6257195022603342,2680376.440878378
19.237943390839558,1.015545289110584,1.3422003561706877,-1.3635647006894964,-1.1417739749641278,-0.29348504056318114,-1.9935967409280344,1.5252081452903217,-0.31192947192421644,0.0022531892777867815,-0.625305528213093,2680381.0
-38.038434055507224,10.703262770524402,1.2495303253588188,-1.1717859770168126,-1.3779522828685484,-0.23741400105916774,-2.1143807352007684,1.531763163975809,-0.3094556584201455,0.00165995188695379,-0.6248895882665184,2680386.0861486485
-15.735219333799991,11.330582113375787,0.8543570501669305,-0.9213000660273397,-1.5942203865815565,-0.1778471308163245,-2.2325917539876166,1.5381703987120643,-0.3069593298900513,0.0010640382304239,-0.6244716859755338,2680390.6452702703
38.2728876012794,4.4475411666430436,0.15964223720489307,-0.6301452239957266,-1.7870819016312154,-0.11504717392889358,-2.3480022966963063,1.5444283387139597,-0.30444047271342534,0.00046546342608070154,-0.624051824895031,2680395.204391892
-37.876042162308664,-4.989094007678471,-0.6407729475843021,-0.31577255931106785,-1.9536333064235574,-0.04927687449111598,-2.4603848627345655,1.5505354731963645,-0.3018990732697539,-0.00013575740819230623,-0.62363000857989,2680399.7635135134
21.193577675321226,-8.974378295603636,-1.3053289021724606,0.004515035357040795,-2.0911192950841184,0.019201023402768705,-2.5695119515101212,1.5564902913741536,-0.2993351179385295,-0.0007396091545111697,-0.6232062405850228,2680404.322635135
32.62636092349078,-7.329056552234924,-1.6384493648800826,0.3134146673390015,-2.1967904201254718,0.09012963404557035,-2.675156062430701,1.5622912824621948,-0.2967485930992396,-0.0013460766949921171,-0.622780524465343,2680408.881756757
35.835043340886344,-1.76504802064481,-1.6294804032608599,0.5946124118037491,-2.2679837054924707,0.16333854316237126,-2.777089694904032,1.5679369356753619,-0.2941394851313748,-0.001955144911751013,-0.6223528637757406,2680413.440878378
-35.852196537044584,4.838265819681771,-1.3173321434987113,0.8353750622017856,-2.3022615430821696,0.23888270443044873,-2.8750853483378407,1.5734257402285254,-0.29150778041442327,-0.0025667986869045405,-0.6219232620711118,2680418.0
-13.479720266450796,6.342179280856177,-0.7404030673257141,1.0224577675317503,-2.297048991288883,0.3166797380243598,-2.9689155221398567,1.578756185336557,-0.288853465327875,-0.0031810229025686547,-0.6214917229063583,2680423.0861486485
37.19918203546826,3.0918850540864162,0.03597867855264433,1.1422405237196975,-2.249397587406559,0.3962737430182733,-3.0583527157178056,1.5839267602143285,-0.2861765262512195,-0.0037978024408601295,-0.6210582498363908,2680427.6452702703
-37.86555164566986,-2.0572570000524038,0.8372656752467902,1.1811033266916753,-2.156042404743463,0.476893874823331,-3.1431709488020556,1.5889359540767114,-0.28347694956394687,-0.004417122183894648,-0.6206228464160964,2680432.204391892
15.15126885763744,-4.807659484824225,1.4616056858211413,1.126400533853402,-2.014631212966641,0.5577137050203164,-3.2231503224135114,1.593782256138576,-0.2807547216455449,-0.005038967013788164,-0.6201855162003698,2680436.7635135134
22.73568114291434,-5.128533072986454,1.7090581128120084,0.9700011954722042,-1.8273264746047373,0.6379083255126532,-3.2980724578957252,1.5984641556147958,-0.2780098288755039,-0.005663321812657998,-0.6197462627441347,2680441.322635135
38.200627621782985,-4.099960219470639,1.4520163046272359,0.7139725330265614,-1.600053801192921,0.7166528282037661,-3.3677189765922404,1.6029801417202403,-0.27524225763331367,-0.006290171462619288,-0.6193050896022652,2680445.881756757
-38.059180764962065,-3.0554831886069245,0.8235348010823211,0.38801830277657173,-1.340635250229431,0.7931223049970806,-3.4318714998466078,1.6073287036697819,-0.2724519942984628,-0.006919500845788625,-0.6188620003296762,2680450.440878378
-2.4086697567580053,-1.7932144746823144,0.021355529976704028,0.02859708294199978,-1.0572126789675345,0.8664918477960162,-3.4903116490023702,1.6115083306782916,-0.2696390252504412,-0.007551294844282328,-0.6184169984812733,2680455.0
38.16052825694635,0.8683576780278449,-0.756779580890176,-0.32783254825738156,-0.7579279446605071,0.9359365485039993,-3.542821045403078,1.6155175119606417,-0.2668033368687384,-0.008185538340216262,-0.6179700876119445,2680460.0861486485
-38.47044627668457,4.96140018863493,-1.3131286037188836,-0.6449509506868115,-0.45078396647661056,1.00063149902445,-3.589181310392276,1.6193547367317027,-0.2639449155328429,-0.008822216215707744,-0.6175212712765937,2680464.6452702703
4.804824902791128,7.065596162972878,-1.4499496107099739,-0.8869958448599572,-0.14322630293568153,1.0597517912607963,-3.6291740653135154,1.623018494206347,-0.26106374762224566,-0.009461313352871552,-0.6170705530301105,2680469.204391892
10.671540695992366,5.559675775272645,-1.0499988982632333,-1.0259260952967038,0.15797414707382734,1.1124725171164551,-3.662580931510337,1.6265072735994452,-0.2581598195164338,-0.010102814633825183,-0.6166179364274113,2680473.7635135134
38.35396033538019,-0.3680372977807091,-0.3180256595753334,-1.0641517369927658,0.4483117176399581,1.1579687684948612,-3.6891835303262965,1.6298195641258693,-0.25523311759489875,-0.010746704940683959,-0.6161634250233948,2680478.322635135
-37.29016699899538,-8.828499618517066,0.4607226879578283,-1.0123111468473593,0.7244626003794307,1.195415637299425,-3.7087634831049314,1.632953855000491,-0.25228362823712946,-0.011392969155564378,-0.6157070223729486,2680482.881756757
6.835936060524833,-10.851161936875437,1.000998726940364,-0.8814559073649129,0.9835161925141642,1.2239882154335788,-3.7211024111897966,1.6359086354381815,-0.2493113378226156,-0.012041592160582216,-0.6152487320309852,2680487.440878378
34.914290544803194,-3.925942278834387,1.091423652812732,-0.6827042845968397,1.2226285748130714,1.2428615948007429,-3.725981977512535,1.6386824362419117,-0.24631623273084566,-0.012692558837854792,-0.6147885575523943,2680492.0
-34.76696902898929,8.76569639197344,0.817232498739749,-0.428313930973479,1.4389558280450636,1.2512108673043405,-3.7231843962845868,1.641274339494446,-0.24329829934130903,-0.013345854069497969,-0.614326502492087,2680496.0861486485
-13.934703476710231,14.544779832107677,0.3420864562382824,-0.13510004444086599,1.6296540329790539,1.248230815343768,-3.7125131535110483,1.6436850085762327,-0.24025752403349615,-0.01400146273762743,-0.6138625704049541,2680500.6452702703
0.7531961799214625,10.901903830230777,-0.17436867079624122,0.17514793843486837,1.7918792703839541,1.2332297535092431,-3.6938856523152315,1.6459154917951138,-0.23719389318689585,-0.01465936972435995,-0.6133967648458994,2680505.204391892
36.573949259309735,-1.1084574601515014,-0.5949853122372005,0.46718030989024484,1.9227876210286763,1.2056747677147162,-3.6673780671441807,1.6479668374589285,-0.2341073931809967,-0.015319559911811394,-0.6129290893698258,2680509.7635135134
-35.9281252771276,-16.618300702305724,-0.7957398325373932,0.7098816704996662,2.019535165682132,1.1650937149303828,-3.6331273435011857,1.6498400938755233,-0.23099801039528967,-0.015982018182097806,-0.6124595475316192,2680514.322635135
18.68830267294328,-19.39098050041447,-0.6624328516427397,0.8819608763306552,2.07933030112031,1.1110661395165957,-3.5913744302867716,1.6515363093527378,-0.22786573120926282,-0.01664672941733542,-0.6119881428862042,2680518.881756757
33.03909014646672,-7.696597026061435,-0.17577448496639433,0.9870389711145976,2.099536855923872,1.0431212954722966,-3.5423862772507655,1.6530565321984152,-0.22471054200240656,-0.017313678499641726,-0.6115148789884653,2680523.440878378
-25.75814389906873,12.184204297463207,0.3977178035537387,1.0340932493525818,2.0777599929401225,0.961325531447111,-3.4864298341429953,1.6544018107203977,-0.22153242915420937,-0.017982850311131872,-0.611039759393297,2680528.0
-32.64524344866919,21.976621156573362,0.7216083827703471,1.0293010279670292,2.013947327287138,0.8662027213985668,-3.4237720507132927,1.6555731932265276,-0.21833137904416164,-0.018654229733921987,-0.6105627876556102,2680532.0861486485
-9.202326141510127,16.401667543445328,0.5594955383463645,0.9762620167898431,1.9115938936200583,0.7587121584343505,-3.354679876711486,1.6565717280246472,-0.21510737805175273,-0.019327801650128307,-0.6100839673303012,2680536.6452702703
35.41833897685052,-0.19102393699000506,0.07511322318576129,0.8832135257367361,1.7750835779563543,0.6399076106028366,-3.2794202618874033,1.6573984634225982,-0.2118604125564707,-0.02000355094186742,-0.6096033019722601,2680541.204391892
-36.49781946288349,-18.80719870447038,-0.46777069299722907,0.7597706074490275,1.6088277551845878,0.5108428459524063,-3.1982601559908743,1.658054447728223,-0.20859046893780653,-0.02068146249125546,-0.6091207951364076,2680545.7635135134
26.079184147571013,-23.108651856312974,-0.805388340488381,0.6155483145680425,1.4172378001933261,0.3725716325314322,-3.1114665087717293,1.6585407292493648,-0.20529753357524888,-0.021361521180408665,-0.608636450377644,2680550.322635135
36.43374466376621,-12.25560948372423,-0.746897153029716,0.4598085498116106,1.204725087871133,0.22614773838829505,-3.019306269979798,1.6588583562938646,-0.20198159284828646,-0.022043711891443434,-0.6081502712508509,2680554.881756757
-7.029839039443289,7.682418116305973,-0.39319888173900847,0.30044371975433365,0.9757009931065728,0.07262493157136664,-2.922046389364906,1.6590083771695643,-0.19864263313641026,-0.022728019506474913,-0.6076622613109293,2680559.440878378
-35.440365501507934,22.118112514472557,0.0811695667777113,0.14570293307932086,0.7345768907882083,-0.08694301987096974,-2.8199538166768874,1.658991840184308,-0.1952806408191086,-0.02341442890762087,-0.6071724241127894,2680564.0
-10.601732452037469,18.453294620675358,0.5211783662385918,0.003252169099877677,0.4857641558046061,-0.2515023478903439,-2.7132955016655664,1.658809793645936,-0.19189560227587038,-0.02410292497699717,-0.6066807632113289,2680569.0861486485
35.4717303125704,2.3941272077847207,0.8585341358441889,-0.13028323453563798,0.2336741630443292,-0.41999928443837403,-2.6023383940807756,1.6584632858622923,-0.18848750388618718,-0.024793492596718588,-0.6061872821614462,2680573.6452702703
-35.689925046131904,-14.60052826023351,1.0485400001741612,-0.26295049460360115,-0.017281712604058364,-0.591380061466685,-2.487349443672344,1.6579533651412182,-0.1850563320295455,-0.025486116648903444,-0.6056919845180389,2680578.204391892
22.366839515101727,-18.827557601107166,1.0444483376922473,-0.4007460817644677,-0.2626920962519911,-0.7645909109268989,-2.3685956001900994,1.6572810797905557,-0.18160207308543724,-0.0261807820156666,-0.6051948738360129,2680582.7635135134
35.70723355078976,-10.731263573727766,0.8157163431753071,-0.5391592531004985,-0.4981456130109045,-0.9385780647706415,-2.246343813383871,1.6564474781181473,-0.17812471343335068,-0.02687747357912456,-0.6046959536702619,2680587.322635135
9.379896047506188,4.194762581392366,0.4344938065965067,-0.669523741324979,-0.7192308879922378,-1.1122877549495334,-2.12086103300349,1.6554536084318354,-0.17462423945277483,-0.02757617622139428,-0.6041952275756958,2680591.881756757
-35.14428713048554,15.513074436160135,-0.0007651111061876438,-0.7827656202246831,-0.9215365463074205,-1.2846662134151983,-1.9924142087987835,1.6543005190394624,-0.17110063752319987,-0.028276874824591167,-0.603692699107205,2680596.440878378
-5.9366398892126915,14.6813439664355,-0.4045144626571299,-0.8698109635863841,-1.1006512130678945,-1.4546596721192597,-1.861270290519581,1.65298925824887,-0.16755389402411527,-0.028979554270831268,-0.6031883718196923,2680601.0
34.412257004871606,4.943314583153572,-0.7428411554299791,-0.9215858451968609,-1.2521635133850904,-1.6212143630133427,-1.7276962279157124,1.651520898030506,-0.1639840189976142,-0.02968419944223163,-0.6026822492680629,2680605.0861486485
-34.00141359503233,-6.543236638741655,-0.9947403104607279,-0.9290443782304233,-1.371634032982904,-1.7832765180490666,-1.5919589707370065,1.6498966050052348,-0.16039111713621054,-0.0303907952209073,-0.6021743350072094,2680609.6452702703
18.8049536246468,-10.92413608467719,-1.1392070487853572,-0.8825569193975041,-1.4552071140491114,-1.9397923691780568,-1.4543254687332938,1.6481175694565287,-0.15677531679502157,-0.03109932648897596,-0.6016646325920255,2680614.204391892
33.240889987349746,-8.06944205826641,-1.1602194584546557,-0.7714585348873163,-1.5021225139609438,-2.0897081483519355,-1.3150626716544014,1.646184981667857,-0.15313674632916469,-0.03180977812855366,-0.6011531455774233,2680618.7635135134
27.486929645836003,-0.5819193257093095,-1.057596207941278,-0.5953609691022655,-1.513675098192737,-2.231970044946164,-1.1744375718263236,1.6441000319226888,-0.14947553409375688,-0.03252213502175562,-0.6006398775183059,2680623.322635135
-33.111809468122004,6.332055659464244,-0.8197737821832624,-0.3717858099075764,-1.4916395754949845,-2.365555433574081,-1.0327215648158565,1.641863910504498,-0.14579180844391812,-0.03323638205069825,-0.6001248319695769,2680627.881756757
-1.6855297571030037,7.019951778075517,-0.431097378481285,-0.1216433998696316,-1.4383901201838754,-2.48952778189879,-0.8902030205105255,1.6394778076967524,-0.1420856977347643,-0.033952504097497976,-0.5996080124861038,2680632.440878378
33.65860899568925,2.8036083811322814,0.09211871630251973,0.1343315516792466,-1.3566043681287463,-2.6028184963281698,-0.7471745417340013,1.6369429137829237,-0.13835733032141323,-0.03467048604427137,-0.5990894226228239,2680637.0
-33.87237403382812,-2.625516781232784,0.6056838570602024,0.37540433540673873,-1.2490878993179855,-2.70423103915105,-0.603928731309952,1.6342604190464805,-0.13460683455898081,-0.035390312773134674,-0.5985690659346153,2680641.0861486485
7.046597431666682,-4.955392470730213,0.9334383091223709,0.5808402419805115,-1.1188888004038031,-2.7923263659924245,-0.4607581920620475,1.6314315137708968,-0.1308343388025887,-0.036111969166203475,-0.5980469459763891,2680645.6452702703
21.941841622467578,-4.434307034147707,0.9482934460842821,0.7301096859086534,-0.9689036391581426,-2.8658169513575675,-0.3179555268139564,1.6284573882396394,-0.12703997140735082,-0.03683544010559509,-0.5975230663030431,2680650.204391892
33.048708295757564,-2.8403646735823265,0.7159312696180802,0.8070173820426254,-0.8014395723227634,-2.924004680781931,-0.17581333838934815,1.6253392327361806,-0.12322386072838674,-0.03756071047342448,-0.5969974304694773,2680654.7635135134
-32.29839521532298,-1.6796967991935925,0.3367253762966976,0.8102214332251895,-0.61892967074987,-2.966334308584452,-0.034624197504986284,1.6220782375439908,-0.11938613512081389,-0.03828776515180832,-0.5964700420305865,2680659.322635135
2.1823244693571486,-0.8683417681318151,-0.09376161603625609,0.7444741730820509,-0.4250902573452913,-2.9922596955234377,0.10532843156173896,1.6186755929465397,-0.11552692293974902,-0.03901658902286275,-0.5959409045412742,2680663.881756757
30.93182897072626,0.4905724216555629,-0.48029138297405954,0.6161417943078458,-0.2249272206468956,-3.001286774063707,0.24381315623994593,1.615132489227299,-0.11164635254031043,-0.039747166968705276,-0.5954100215564485,2680668.440878378
-30.754350738352798,2.592430420286562,-0.7276256001099903,0.43255001539413285,-0.02442375922013448,-2.992983309611506,0.3806782011308425,1.6114501166697375,-0.1077445522776156,-0.040479483871450304,-0.5948773966309818,2680673.0
-5.96305504727583,3.296147240137872,-0.741707253505798,0.20239368452379328,0.17017797222406778,-2.966886574002693,0.5158124341878662,1.6076296933169762,-0.10382167826643095,-0.041213524613214786,-0.5943430333198163,2680678.0861486485
13.549358621168901,2.089498278918266,-0.4752999683330706,-0.05780676295010002,0.352618034744123,-2.9225221837923656,0.6491108523143639,1.6036725482507266,-0.09987799766011551,-0.041949274076115414,-0.5938069351778232,2680682.6452702703
31.402305629584333,-0.6459828432960958,-0.05073026917570882,-0.31794820002073293,0.516636489398449,-2.859415755535629,0.7804684524136823,1.5995800383123497,-0.09591380537167912,-0.04268671714226777,-0.593269105759906,2680687.204391892
-31.21571464851529,-3.6905256654007306,0.36757992214642704,-0.5448271543849775,0.6559733972454611,-2.777092905787583,0.9097802313891651,1.5953535203432079,-0.09192939631412875,-0.04342583869378846,-0.5927295486209736,2680691.7635135134
-3.0378553108331596,-3.3925133088632613,0.6381855376030329,-0.7052401537397016,0.764515092305623,-2.67522552406538,1.0369411861441598,1.590994351184661,-0.08792506540047369,-0.044166623612793054,-0.5921882673159141,2680696.322635135
30.089791158828522,-0.10967962421053915,0.7115489243220344,-0.7659837257817771,0.8367344591505028,-2.554072050437276,1.1618463135820116,1.5865038876780713,-0.08390110754372172,-0.044909056781399254,-0.591645265399633,2680700.881756757
-29.62176689266682,4.025545853575399,0.5706704827869776,-0.7050676965005536,0.8689310045614216,-2.4140654484548634,1.2843906106060683,1.5818834866647997,-0.07985781765688259,-0.04565312308172101,-0.5911005464270342,2680705.440878378
-13.514013752716613,4.7849732237733855,0.2367954117456734,-0.5453550850552974,0.8641519505873769,-2.2557780020317595,1.4044690741196728,1.577134504986208,-0.07579549065296344,-0.04639880739587618,-0.5905541139530147,2680710.0
12.949235345283869,2.3208062956212117,-0.22929194533521804,-0.32097051801167015,0.8272840020745528,-2.0799693791523524,1.5219767010261727,1.5722582994836567,-0.07171442144497293,-0.04714609460598118,-0.5900059715324746,2680715.0861486485
28.468982954084005,-1.943101051943459,-0.646906266262,-0.06622105650688863,0.7631507550068897,-1.8873361389387924,1.636808488228915,1.5672562269985075,-0.0676149049459194,-0.047894969594151605,-0.5894561227203173,2680719.6452702703
-27.564206039880673,-5.687023509707978,-0.8072979159417435,0.18645156146146535,0.6765479784476623,-1.6785470135925522,1.7488594326312414,1.5621296443721222,-0.06349723606881186,-0.04864541724250358,-0.5889045710714403,2680724.204391892
-11.561833421287544,-4.292674089328043,-0.5774779116021742,0.4128706421977038,0.57227144146014,-1.4542707353151134,1.8580245311365036,1.5568799084458602,-0.059361709726658635,-0.0493974224331529,-0.588351320140731,2680728.7635135134
25.402358082992862,1.018292971808877,-0.09940030145971328,0.5938200909197829,0.4551169131075981,-1.2151760363079536,1.964198780648044,1.5515083760610848,-0.05520862083246694,-0.050150970048218044,-0.5877963734831084,2680733.322635135
-24.90417318007596,6.47806497050004,0.4167127147013382,0.710856356394776,0.32988016245330304,-0.9619316487725452,2.067277178069208,1.5460164040591566,-0.051038264299246634,-0.05090604496981261,-0.5872397346534659,2680737.881756757
-22.28921387946251,6.331339453027431,0.778551703543931,0.7458621161557492,0.20103072979454095,-0.6952063049103706,2.1671547203033423,1.5404053492814365,-0.04685093504000611,-0.05166263208005393,-0.5866814072067037,2680742.440878378
8.966509160491146,1.731865734480035,0.8919661341251682,0.6821262294781165,0.07203945785867773,-0.41566873692290685,2.2637264042537955,1.5346765685692862,-0.04264692796775314,-0.05242071626105803,-0.5861213946977165,2680747.0
25.813265306685068,-4.07491611085273,0.7771786670055616,0.5132397724809994,-0.05268914200472755,-0.12402270442350756,2.35688722682391,1.5288314187640666,-0.038426537995495856,-0.05318028239494197,-0.5855597006814133,2680751.0861486485
-25.98769150316822,-7.418448900271442,0.4426394799063028,0.2711754074063173,-0.16830423130453886,0.17888792332695888,2.4465321849170314,1.5228712567071392,-0.034190060036243655,-0.05394131536382016,-0.5849963287126828,2680755.6452702703
-16.68886337800566,-4.054418782273167,-0.07425232891927232,-0.002536746190242734,-0.26971066309976627,0.4919749686177803,2.532556275436509,1.5167974392398658,-0.029937789003004218,-0.05470380004981119,-0.5844312823464445,2680760.204391892
25.688582331890583,2.949712824606666,-0.5820687838215889,-0.2663699347655874,-0.3509761662975912,0.8133131295864072,2.6148544952856865,1.5106113232036067,-0.025670019808786117,-0.05546772133502919,-0.5838645651375884,2680764.7635135134
-25.666341948966295,8.203765349191325,-0.8508755313051483,-0.47879740477664817,-0.40595918876722165,1.1407678233323242,2.69332184136791,1.504314265439724,-0.02138704736659849,-0.05623306410159176,-0.5832961806409903,2680769.322635135
-14.715361220896328,6.7273217750114505,-0.7207252819392784,-0.6076127201813213,-0.42910492668620087,1.4722044669550116,2.767853310586525,1.4979076227895776,-0.01708916658944837,-0.05699981323161422,-0.5827261324115811,2680773.881756757
2.8599723339254473,0.5837163869492522,-0.31135332329312976,-0.658095528743623,-0.41706556346477136,1.8052876060960215,2.838343899844877,1.49139275209453,-0.01277667239034571,-0.05776795360721288,-0.5821544240042523,2680778.440878378
26.374900660568166,-6.105472927483098,0.1885807100372546,-0.6436210206609743,-0.36856403709528085,2.1368783005651757,2.9046886060463133,1.484771010195942,-0.008449859682297542,-0.05853747011050443,-0.5815810589739046,2680783.0
-26.32487780178133,-9.378398174891133,0.5906828627153102,-0.5694715891625374,-0.2904808903398714,2.4636367387143494,2.9667824260941815,1.4780437539351754,-0.004109023378313178,-0.05930834762360538,-0.5810060408754438,2680788.0861486485
-26.007290487151398,-5.997244503907119,0.7445557946464135,-0.4383996385388167,-0.19222665489935203,2.7822231088954363,3.0245203568918204,1.4712123401535904,0.0002455416085990682,-0.06008057102863112,-0.580429373263756,2680792.6452702703
25.80162757843623,2.261478667862286,0.6544510391334097,-0.2556984958444177,-0.08333335214014741,3.0892975994603113,3.077797395342587,1.46427812569255,0.004613540365431252,-0.060854125207699346,-0.5798510596937517,2680797.204391892
-23.335020510747942,9.421703187276217,0.3759022058545918,-0.03994694926744555,0.02666699657134843,3.3815203987608555,3.126508538349817,1.457242467393414,0.008994677979174063,-0.06162899504292382,-0.5792711037203175,2680801.7635135134
-25.727680696349278,10.212538937109718,-0.021061209768617584,0.1757803272608779,0.12824236986870213,3.6555516951489526,3.170548782816863,1.4501067220975443,0.013388659536819733,-0.06240516541642243,-0.5786895088983662,2680806.322635135
-12.826276247093448,2.108907294540194,-0.43902815760265723,0.3506119377750844,0.2118607463855087,3.9080516769764957,3.2098131256470643,1.4428722466463015,0.017795190125359774,-0.06318262121031147,-0.5781062787827987,2680810.881756757
26.81618247550608,-7.487109601178882,-0.700958029147369,0.4423862586548733,0.26799010475534424,4.135680532595359,3.244196563743771,1.4355403978810475,0.022213974831786144,-0.06396134730670718,-0.5775214169285134,2680815.440878378
-27.515147224411287,-10.081187109124825,-0.6256146555108005,0.42341607039670665,0.2880132917811392,4.3350984503574175,3.273594094010332,1.4281125326431434,0.026644718743088987,-0.0647413285877246,-0.5769349268904019,2680820.0
-27.552829536241724,-3.618900663999461,-0.16895687464662337,0.32125374562846665,0.2691321558656874,4.502853600888994,3.2979007133500913,1.4205900077739506,0.031087126946261815,-0.06552254993548115,-0.5763468122233792,2680824.0861486485
27.907556400736187,5.103558972737496,0.3951155324011139,0.16725646733494032,0.2181157855940983,4.635069324007864,3.31701141866639,1.4129741801148297,0.03554090452829522,-0.0663049962320926,-0.5757570764823411,2680828.6452702703
-20.415919519150282,8.946294436860388,0.7170648668873271,-0.009886991662631366,0.14381022392659287,4.72784990218133,3.3308212068625775,1.4052664065071425,0.0400057565761809,-0.06708865235967582,-0.5751657232221588,2680833.204391892
-23.28466788816525,7.637383251903156,0.552716416521259,-0.17947434322494438,0.05439313378348527,4.777447094976038,3.3392250748419996,1.3974680437922509,0.04448138817690989,-0.06787350320034582,-0.5745727559977669,2680837.7635135134
-27.847602806165682,2.1875590536653493,0.07934741482940756,-0.30469324986335034,-0.042848714857303814,4.780832708332725,3.3421492270741626,1.389580487974294,0.048967504417473995,-0.06865953363621997,-0.5739781783640607,2680842.322635135
28.48564547234761,-4.76974496624143,-0.42040191820743833,-0.3472573962557206,-0.14175153480242694,4.7359691163287465,3.3396711669673396,1.3816048853105958,0.053463810384865335,-0.06944672854941349,-0.5733819938759335,2680846.881756757
-26.668607514371466,-6.102382408960299,-0.6638913626084796,-0.2702061209457654,-0.23516543522209588,4.6410227474371535,3.332005480192456,1.3735407956295465,0.05797001116607589,-0.0702350728220442,-0.5727842060882826,2680851.440878378
-30.362289752006316,-1.825950162245083,-0.46354457539681876,-0.06300835063889501,-0.31116933061955215,4.494545048901439,3.31939322109456,1.3653873723616063,0.0624858118480958,-0.07102455133622675,-0.572184818556016,2680856.0
30.71476507210086,3.5843853456171315,-0.012040721611235783,0.19798103266765654,-0.35596490114585405,4.295106939112488,3.302075444018698,1.3571437689372354,0.06701091751791738,-0.07181514897407751,-0.5715838348340353,2680860.0861486485
-10.45850237954438,3.8993972476672787,0.40127803498181397,0.4147215058457865,-0.3541255615248747,4.0400893997167575,3.2802932033099226,1.3488091387868955,0.07154503326253242,-0.07260685061771399,-0.5709812584772268,2680864.6452702703
-17.634005731372856,0.6319340181918833,0.5467145579164499,0.4881866056144868,-0.28981112671721493,3.727443271140534,3.2542875533132816,1.3403826353410462,0.07608786416893187,-0.07339964114925034,-0.5703770930404999,2680869.204391892
-29.216316445013806,-2.7408234399441964,0.4324218455900368,0.3502391285981018,-0.1559979056356301,3.357753501613762,3.224299548373822,1.3318634120301498,0.0806391153241079,-0.07419350545080441,-0.5697713420787576,2680873.7635135134
29.00754861315463,-2.936679853246833,0.03811481134475562,0.05694349262499984,0.02510724005846656,2.9354986900858413,3.1905702428365967,1.323250622284665,0.08519849181505218,-0.07498842840449235,-0.5691640091468867,2680878.322635135
-29.33832474986569,1.0574192795585038,-0.5381547328337944,-0.3059619522908594,0.22500109180708497,2.4664966604133247,3.1533406910466484,1.314543419535054,0.08976569872875567,-0.07578439489243011,-0.5685550977998053,2680882.881756757
-28.341203556175316,3.7634995164960054,-0.6919872660222671,-0.6530530176586187,0.4136753966593003,1.958437495783802,3.1128519473490313,1.3057409572117766,0.09434044115220998,-0.076581389796733,-0.5679446115924004,2680887.440878378
30.80756887809724,2.2904834155388927,0.031878410254628266,-0.8957418984604161,0.5607136261813663,1.4194195548676762,3.069345066088794,1.2968423887452947,0.09892242417240732,-0.0773793979995187,-0.567332554079577,2680892.0
1.9619451588598895,-2.9825563928727465,0.9909329850856831,-0.9373478011942833,0.6395813428368254,0.857424631837171,3.023061101610982,1.2878468675660668,0.10351135287633968,-0.07817840438290292,-0.5667189288162323,2680897.0861486485
-6.607835159114588,-7.277208228537887,1.2674519635416384,-0.6953788329866857,0.6412862781192199,0.2808184378551654,2.974241108260647,1.2787535471045555,0.10810693235099729,-0.07897839382900233,-0.5661037393572698,2680901.6452702703
-31.80987103325751,-5.17215421580334,0.25720977294392283,-0.14666515455915066,0.5722968619458486,-0.3022725662428877,2.9231261403828364,1.269561580791221,0.11270886768337164,-0.07977935121993115,-0.5654869892575985,2680906.204391892
31.586967374090783,4.861778458885308,-1.3782361325053487,0.5409093330695661,0.4426928985852306,-0.8844693135484325,2.8699572523225982,1.2602701220565238,0.11731686396045608,-0.08058126143780861,-0.5648686820720812,2680910.7635135134
-31.22124139995711,12.392961592877603,-2.6606860862525945,1.1522168332811964,0.26272937447112504,-1.4585679193181644,2.814975498424986,1.250878324330924,0.1219306262692401,-0.08138410936474803,-0.564248821355663,2680915.322635135
-17.59220010544314,8.099752382167845,-2.809110595105302,1.5015978649870763,0.04217502237852318,-2.01736449880876,2.7584219330350406,1.2413853410448838,0.12654985969671675,-0.08218787988286773,-0.5636274106632227,2680919.881756757
30.37672257086068,-3.1561765945587155,-1.8504446476336196,1.5388030327219497,-0.20939947473920362,-2.553655167276905,2.7005376104978156,1.231790325628862,0.1311742693298772,-0.0829925578742834,-0.5630044535496564,2680924.440878378
21.76966216608626,-13.647378771030533,-0.08592855904213056,1.3122987591681752,-0.47502203693208556,-3.0602360399792903,2.641563585158361,1.2220924315133215,0.13580356025571266,-0.08379812822111053,-0.5623799535698876,2680929.0
5.561083566440353,-18.03784333005091,2.163913567146238,0.8844891249062871,-0.7323744538299838,-3.529903232172597,2.5817409113617265,1.2122908121287208,0.14043743756121535,-0.08460457580546617,-0.5617539142787875,2680933.0861486485
-30.135356870898548,-11.450730622475545,4.419934924489219,0.3168784191151303,-0.9582387236610701,-3.955452859113509,2.521310643452957,1.2023846209055218,0.1450756063333761,-0.08541188550946664,-0.56112633923128,2680937.6452702703
31.362524000180827,6.829947623584449,5.5728569862413355,-0.33338816040060243,-1.1293968446535168,-4.329681036058711,2.460513835777102,1.1923730112741853,0.14971777165918718,-0.08622004221522744,-0.5604972319822362,2680942.204391892
-33.94631092626527,18.865855734992316,4.355529810214261,-1.0099167033127143,-1.2226308150354883,-4.645383878264891,2.399591542679212,1.1822551366651712,0.15436363862563968,-0.08702903080486508,-0.5598665960865755,2680946.7635135134
-12.95502979894793,11.252619804076634,0.16633851081539877,-1.593932078586714,-1.2145566688057692,-4.895523465218131,2.3387848185043385,1.1720301505089408,0.15901291231972575,-0.08783883616049623,-0.559234435099207,2680951.322635135
31.952333803796158,-5.47962375641646,-4.70135176635993,-1.9499740771680112,-1.080679914216227,-5.0741724021514045,2.278334717597522,1.1616972062359545,0.1636652978284363,-0.08864944316423667,-0.5586007525750106,2680955.881756757
44.13124585260594,-16.244025360018462,-7.226259598414395,-1.9321043680065701,-0.8038942140501241,-5.178493261761757,2.2184822943038207,1.1512554572766736,0.1683205002387629,-0.0894608366982028,-0.5579655520688928,2680960.440878378
11.048519148431438,-14.012184077074924,-5.303738726651541,-1.4251778316411763,-0.4066790482987308,-5.210644597245532,2.1594686029682766,1.1407040570615576,0.17297822463769805,-0.09027300164451033,-0.5573288371357682,2680965.0
-39.98409097268556,-0.6645218190350235,-0.4956835491785105,-0.5943940248974074,0.06846807006644057,-5.173847565334913,2.1014599735542587,1.1300421590210676,0.17763817611223193,-0.09108592288527609,-0.5566906113305212,2680969.0861486485
30.989167662444512,12.108711839001295,4.71937637169668,0.32234179582859673,0.5763803183482894,-5.071041082136533,2.044340495399594,1.119268916585665,0.18230005974935726,-0.09189958530261633,-0.5560508782080481,2680973.6452702703
-19.07508015218307,-2.228250462660576,7.833955637454973,1.0871243741406973,1.07189087384972,-4.905155966980108,1.9879861610651857,1.1083834831858097,0.18696358063606522,-0.0927139737786469,-0.5554096413232592,2680978.204391892
10.042486628857699,-10.249138190301782,6.175152383469446,1.5116415749064358,1.5098329138736324,-4.67913969609654,1.9322896200131285,1.097385012251963,0.19162844385934716,-0.09352907319548413,-0.5547669042310507,2680982.7635135134
-9.390790214754933,9.951651184863083,-0.9360436692603527,1.6059537480480697,1.8450396157229332,-4.39593974571674,1.8771435217055212,1.0862726572145853,0.19629435450619517,-0.09434486843524498,-0.5541226704863248,2680987.322635135
17.095038263546094,8.231440855901502,-6.7210329521694225,1.4229996505642768,2.0390588708877835,-4.0585035920716095,1.822440515604456,1.0750455715041367,0.20096101766360105,-0.09516134438004549,-0.5534769436439789,2680991.881756757
-2.2678482333800907,-8.506154212344583,-7.6907026247593135,0.9873201926283744,2.0818364176837125,-3.6697787113920546,1.768073251172029,1.063702908551079,0.20562813841855493,-0.09597848591199996,-0.5528297272589165,2680996.440878378
-35.05457908463135,-11.064856493837052,-2.6273210235386775,0.3459011076890469,1.9763093662638453,-3.2328332772540183,1.7139343778703346,1.0522438217858716,0.21029542185804992,-0.09679627791322702,-0.5521810248860359,2681001.0
33.64720273396165,11.574763180960364,4.926032477146767,-0.31454886980962743,1.728042907442185,-2.751824553817996,1.6599165451614692,1.0406674646389764,0.21496257306907693,-0.09761470526584161,-0.5515308400802303,2681006.0861486485
-24.861369244716663,5.186520724250063,7.624303753802138,-0.7720055076556313,1.3453288112561623,-2.233636384467914,1.6059124025075275,1.0289729905408544,0.21962929713862697,-0.09843375285196021,-0.5508791763964117,2681010.6452702703
16.676143966963348,-12.10468853449288,4.337743669853917,-0.8629360125761979,0.8380247910906634,-1.6867185559351456,1.5518145993706043,1.0171595529219646,0.22429529915369278,-0.09925340555369926,-0.5502260373894747,2681015.204391892
-15.978220216538322,4.9555377700910075,-2.939587298229211,-0.6645645997427917,0.2239082256778751,-1.1206492676111064,1.4975157852127967,1.0052263052127686,0.22896028420126568,-0.10007364825317525,-0.5495714266143166,2681019.7635135134
22.360365049247633,11.917722176960421,-7.938568318647835,-0.33977193401519945,-0.4518415616011292,-0.5452436527870148,1.4429086094961996,0.9931724008437269,0.2336239573683367,-0.10089446583250376,-0.5489153476258467,2681024.322635135
-13.931194750132432,-4.402352406196285,-5.339606319308534,-0.03647486304121512,-1.1372539946780058,0.029683155245909476,1.387885721682907,0.9809969932453003,0.23828602374189742,-0.10171584317380095,-0.5482578039789493,2681028.881756757
-35.00917394726747,-11.292745531647366,2.071171190377004,0.18443004512840866,-1.7803584974844149,0.5943160231964479,1.332339771235014,0.9686992358479496,0.2429461884089403,-0.1025377651591843,-0.5475987992285378,2681033.440878378
32.41743256994902,10.942768149220957,8.623239285520333,0.28381847257001935,-2.3292016741798482,1.1388398177733767,1.2761634076146169,0.9562782820821353,0.24760415645645636,-0.10336021667076867,-0.5469383369295026,2681038.0
-25.037030676956658,10.42308076986443,8.225208658342936,0.24162205991070854,-2.742216209024426,1.6538107158636584,1.2192492802838117,0.9437332853783184,0.25225963297143644,-0.10418318259067058,-0.5462764206367533,2681043.0861486485
20.06696235889346,-10.398306181520393,1.703211366460633,0.11405357569601897,-3.0196697456096575,2.131503480280401,1.1614900387046911,0.9310633991669592,0.25691232304087325,-0.10500664780100681,-0.5456130539051854,2681047.6452702703
-21.888796017382905,-0.7577464531185912,-6.239128742997212,-0.021634497919003015,-3.1757910052367873,2.566155426565251,1.102778332339353,0.9182677768785189,0.2615619317517576,-0.10583059718389302,-0.5449482402897072,2681052.204391892
28.171682194818484,10.123802607390129,-9.659102918893089,-0.0822677245014011,-3.2339191026887315,2.9551923094636123,1.043006810649893,0.9053455719434574,0.26620816419108173,-0.10665501562144554,-0.5442819833451951,2681056.7635135134
-18.047674847775554,-2.478506807342549,-4.646110880704721,-0.009669104571489544,-3.226560018185687,3.2982349602726653,0.9820681230984043,0.8922959377922359,0.27085072544583677,-0.10747988799578079,-0.5436142866265683,2681061.322635135
-35.84718825275031,-10.087622498949957,4.004761814042435,0.11462355288661137,-3.175658998057696,3.5961813815081327,0.9198549191469816,0.8791180278553152,0.27548932060301423,-0.1083051991890147,-0.5429451536887345,2681065.881756757
32.37244036794513,8.620895807579544,10.296697261380533,0.17353448492450796,-3.0997672659646582,3.8501042811410855,0.8562598482577223,0.8658109955631554,0.28012365474960593,-0.10913093408326398,-0.5422745880865608,2681070.440878378
-26.62758183039596,10.127008478497377,9.668186502384742,0.08008620289299673,-3.0129351432446096,4.061059386996338,0.791175559892722,0.8523739943462176,0.2847534329726029,-0.10995707756064392,-0.5416025933749946,2681075.0
24.306700922587147,-10.109369935965438,0.382740493184049,-0.13203284192684447,-2.9115501052667065,4.23010242689872,0.7244947035140737,0.8388061776349629,0.2893783603589983,-0.11078361450327287,-0.5409291731088965,2681079.0861486485
-27.177815590950452,-4.026951624276431,-9.279296279663193,-0.3979445530205076,-2.788607076158739,4.358289128673054,0.6561099285838746,0.825106698859851,0.2939981419957817,-0.11161052979326413,-0.5402543308431922,2681083.6452702703
31.61718448752039,9.935971988437961,-11.15810416931376,-0.6524979911399236,-2.6373738227820596,4.446675220144165,0.5859138845642197,0.8112747114513432,0.2986124829699455,-0.11243780831273548,-0.5395780701327465,2681088.204391892
-22.76446761442058,-0.41932054202395647,-3.0656700183063457,-0.8191500776304678,-2.4511181119980217,4.496314302804167,0.5138013472499194,0.7973093688399002,0.3032210883684823,-0.11326543494380442,-0.538900394532496,2681092.7635135134
-32.24801914375119,-9.744390261032576,7.036624348920413,-0.775612425903699,-2.223284460975558,4.508251472814308,0.43967559776664406,0.7832098244559826,0.3078236632783818,-0.11409339456858454,-0.5382213075973341,2681097.322635135
27.987099073899255,4.851617213568373,12.092865119646138,-0.38936904890987867,-1.9461528479383403,4.48349910926951,0.36347263430638754,0.768975231730051,0.31241991278663733,-0.11492167206919399,-0.5375408128821362,2681101.881756757
-24.575756502638257,9.815050923102389,9.005765612305886,0.38933755522309377,-1.604693840715385,4.422931882467214,0.285266163858631,0.7546047440925667,0.31700954198023845,-0.11575025232774769,-0.5368589139418363,2681106.440878378
25.793387848280794,-9.98647994913054,-2.065283960323337,1.3065970490598071,-1.182006466960142,4.327332488518996,0.20522186759872282,0.740097514973989,0.32159225594617835,-0.116579120226363,-0.5361756143313158,2681111.0
-30.462305068647638,-7.3473867481159845,-12.457907865447444,2.0330500203818853,-0.6611897543260692,4.197468277673365,0.12352077256507636,0.7254526978047795,0.32616775977144885,-0.11740826064715532,-0.5354909176054736,2681116.0861486485
33.512267035757134,10.383395527863405,-13.461412201459984,2.239337056970933,-0.025342730466598806,4.034106600178817,0.040343905796106035,0.7106694460153988,0.3307357585430405,-0.11823765847224167,-0.5348048273192145,2681120.6452702703
-27.346254287153986,2.5452370496148884,-3.9441382990924203,1.690389287477136,0.7289248371740065,3.8380148062838693,-0.04412770566977422,0.6957469130363078,0.33529595734794504,-0.11906729858373759,-0.5341173470274432,2681125.204391892
-27.467648733999837,-10.313139063089611,8.546594605617845,0.5283000040249224,1.5509602219882945,3.609960246237017,-0.12971303479415,0.6806842522979667,0.33984806127315426,-0.11989716586375945,-0.5334284802850412,2681129.7635135134
22.221691613844772,-0.5853638330567249,13.881718002890146,-1.0105469603927162,2.376599957578007,3.350710270286775,-0.21623105453860833,0.6654806172308371,0.3443917754056598,-0.12072724519442396,-0.5327382306469366,2681134.322635135
-21.44567881935416,9.612584603162793,9.331963169925528,-2.621818951661147,3.1416805775448853,3.061032228681648,-0.3035007378647342,0.6501351612653781,0.3489268048324531,-0.12155752145784662,-0.5320466016680035,2681138.881756757
26.482819794024646,-7.846084190819226,-3.5474860040793703,-3.7293880311792265,3.782038615490668,2.7416934716701378,-0.3913410577341145,0.6346470378320522,0.3534528546405258,-0.12238797953614447,-0.5313535969031569,2681143.440878378
-33.08853022047972,-9.151879921014192,-13.266811679344103,-3.6981834714648345,4.242516637257751,2.393461349500757,-0.4795709871083342,0.6190154003613186,0.35796962991686937,-0.12321860431143275,-0.5306592199072767,2681148.0
34.85713676738056,9.55093030701815,-9.44905260927175,-2.1693049536801197,4.503200185834357,2.0174953319435955,-0.5680094989489801,0.603239402283639,0.36247683574847545,-0.12404938066582866,-0.529963474235307,2681152.0861486485
-28.970862007340294,2.118041691261445,3.016152792292184,0.24655669004547795,4.549790722626947,1.6167888734104179,-0.6564755662176381,0.5873181970294731,0.3669741772223358,-0.12488029348144736,-0.529266363442106,2681156.6452702703
-23.25075249924812,-12.247686679374281,11.831152722212723,2.698564347900846,4.365784286236861,1.196151818822927,-0.7447881618758938,0.5712509380292823,0.37146135942544145,-0.1257113276404058,-0.5285678910825872,2681161.204391892
15.217895005189916,-0.9376563084346686,6.525276913283461,4.435187296463318,3.932962429641784,0.7621084987264762,-0.8327662588853337,0.5550367787135274,0.3759380874447849,-0.12654246802482075,-0.5278680607116581,2681165.7635135134
-14.924079693266718,16.92736286450694,-4.651621106454772,5.099139144671149,3.2357256822452136,0.3215454884335012,-0.9202288302075435,0.5386748725126683,0.380404066367357,-0.12737369951680746,-0.527166875884199,2681170.322635135
21.399978386534983,-5.063886524557193,-10.527128253308694,4.405505196349461,2.2854092669522013,-0.11865063674356112,-1.0069948488041098,0.522164372857167,0.3848590012801493,-0.12820500699848247,-0.5264643401551247,2681174.881756757
-31.051890662767246,-21.66000213931387,-7.686583657110638,2.189667900930415,1.1563688627806847,-0.5515933014922769,-1.092883287636618,0.5055044331774828,0.38930259727015426,-0.12903637535196244,-0.5257604570793442,2681179.440878378
40.04738649742597,3.445260250494606,2.5625501263098647,-0.9146266147927283,-0.06203004252139378,-0.9703959305002118,-1.1777131196666542,0.488694206904077,0.3937345594243622,-0.12986778945936273,-0.5250552302117317,2681184.0
-47.18422574209018,24.18533117074884,10.34851547473869,-3.76990230546089,-1.2804219612061014,-1.3681719484549266,-1.2613033178558044,0.47173284746741034,0.39815459282976506,-0.13069923420279994,-0.5243486631072096,2681188.0861486485
-13.7601724999764,15.025003035620077,7.0179966032011105,-5.387350641789095,-2.409441405525499,-1.7380347800439886,-1.3434728551656536,0.45461950829794334,0.4025624025733555,-0.13153069446439114,-0.5236407593206683,2681192.6452702703
39.50056488673032,-7.830100654824087,-2.827577459655352,-5.6932454756346935,-3.3597228877316403,-2.0730978499549604,-1.4240407045577896,0.43735334282613697,0.4069576937421232,-0.13236215512625063,-0.5229315224070175,2681197.204391892
56.826040991847535,-22.09976261949059,-11.273091481777623,-4.831869206569096,-4.05266296764811,-2.366474582875407,-1.5028258389937987,0.4199335044824515,0.4113401714230617,-0.13319360107049671,-0.5222209559211336,2681201.7635135134
50.05909373914498,-17.581565130439003,-12.157029535118603,-2.990335654944939,-4.462923777110802,-2.6112784034928933,-1.5796472314352652,0.40235914669734757,0.41570954070316085,-0.13402501717924376,-0.521509063417943,2681206.322635135
-48.83839851967968,0.31399829954139913,-6.364305105755706,-0.6564828397119262,-4.616799022432287,-2.800622736494985,-1.654323854843776,0.3846294229012865,0.4200655066694138,-0.13485638833461058,-0.5207958484523141,2681210.881756757
37.953012042952054,15.622699478580014,3.338440223825606,1.7241004015150658,-4.549129959497604,-2.929290838723057,-1.726674682180917,0.36674348652472855,0.424407774408811,-0.13568769941871053,-0.5200813145792024,2681215.440878378
-24.038509236044156,-1.6474657871136418,13.091760865622087,3.7378574292216964,-4.2878254466223105,-2.9989983645879694,-1.7965186864082734,0.34870049099813427,0.428736049008344,-0.13651893531366127,-0.5193654653534591,2681220.0
12.941075639024517,-11.730200420438411,14.793124001961658,4.971231603893618,-3.8581122341512804,-3.014143076471273,-1.863674840487433,0.3304995897519644,0.43305003555500526,-0.1373500809015793,-0.5186483043300003,2681225.0861486485
-11.054011734317378,10.528949654816834,3.552933237759238,5.149464072417428,-3.284962813404778,-2.9794156063026875,-1.9279223167860335,0.31213993621668007,0.43734943913578544,-0.1381811210645797,-0.5179298350637186,2681229.6452702703
20.59361235580524,9.749021728849852,-9.831261056292668,4.554648472377308,-2.5950062605154107,-2.899626987355917,-1.988919886327732,0.2936206838227413,0.4416339648376768,-0.13901204068477974,-0.5172100611095207,2681234.204391892
22.72478620478303,-5.943558081175425,-15.918944896454613,3.617189712167736,-1.824383945954767,-2.7794728493713667,-2.0464417236694783,0.2749409860006091,0.4459033177476707,-0.1398428246442952,-0.5164889860223079,2681238.7635135134
-42.36741730533978,-9.465319690034356,-8.640584056562924,2.7093096642749668,-1.0223710014247316,-2.6236100210576394,-2.1003008044000295,0.25609999618074425,0.45015720295275863,-0.14067345782524274,-0.5157666133569756,2681243.322635135
43.30583398532531,9.362076494692747,7.159873093060899,1.914270982640634,-0.23455052863668752,-2.4366953311233437,-2.1503101041081396,0.2370968677936073,0.4543953255399324,-0.14150392510973842,-0.515042946668421,2681247.881756757
-34.806091167204116,1.7685743453856015,15.634687103144746,1.2177789879693264,0.5197349067964948,-2.2233856082770678,-2.1962825983825716,0.21793075426965888,0.45861739059618295,-0.14233421137989777,-0.514317989511562,2681252.440878378
24.858972854007863,-9.324329938726558,11.109899005873773,0.598633197715889,1.2277028732865893,-1.9883376812274347,-2.2380312628120715,0.19860080903935995,0.46282310320850273,-0.14316430151783766,-0.513591745441286,2681257.0
-22.256480912731703,9.593415720408437,-3.3762007898604565,0.0342504524346991,1.8765709392453518,-1.7362083786830236,-2.275369072985409,0.17910618553317095,0.46701216846388205,-0.14399418040567366,-0.5128642180124862,2681261.0861486485
28.725859060620124,8.41459364150445,-12.885373936338842,-0.49829807654498526,2.453556673084557,-1.471654529352453,-2.30810900449133,0.1594460371815526,0.4711842914493143,-0.14482383292552384,-0.512135410780067,2681265.6452702703
14.978683099623641,-7.3069238759645225,-13.362591017049843,-1.021937064963852,2.9458776432159666,-1.1993329619443172,-2.336064032918598,0.13961951741496564,0.4753391772517896,-0.14565324395950233,-0.5114053272989363,2681270.204391892
-47.59006183899945,-10.583008358990927,-5.351930945548391,-1.5408646631910534,3.3407514180513465,-0.9239005051672189,-2.3590471338559658,0.11962577966387064,0.4794765309582997,-0.1464823983897257,-0.5106739711240018,2681274.7635135134
47.70063081510597,10.164437254697669,5.496633354176841,-1.9844352140603332,3.625395566002465,-0.6500139877297626,-2.3768712828921914,0.09946397735872829,0.48359605765583674,-0.1473112810983115,-0.5099413458101361,2681279.322635135
-40.11626955690128,8.349433997082027,10.948807263973848,-2.2632931467540893,3.7870276554810864,-0.3823302383405471,-2.389349455616034,0.07913326392999936,0.48769746243139217,-0.1481398769673751,-0.5092074549122353,2681283.881756757
31.6785222828428,-5.137917505712088,8.642803547780327,-2.3087150075682006,3.814233173732062,-0.12550572036769558,-2.3962946276162462,0.05863279280814448,0.4917804503719574,-0.1489681708790322,-0.5084723019852418,2681288.440878378
-29.23948251472719,-0.3853090751740732,1.2983528358381864,-2.1386712545049145,3.7046030562526417,0.11643623451500464,-2.3975182779413293,0.03796022088336531,0.4958447265645239,-0.14979614771539945,-0.5077358905840229,2681293.0
33.8210404916738,-5.058945485629312,-4.941434746185223,-1.8084262356898317,3.471221162426332,0.3420094279309479,-2.3928258994787424,0.01710721888482685,0.4998899960960838,-0.15062379235859402,-0.5069982242634917,2681298.0861486485
15.608357926532426,-13.79684595229067,-7.634811814936678,-1.3774097425010234,3.1306647780484895,0.5503996783441472,-2.3820214885756883,-0.003936038998564913,0.5039159640536277,-0.1514510896907308,-0.5062593065785422,2681302.6452702703
-47.02677521114269,-8.144571124098524,-6.172485869906806,-0.9016546242671443,2.6995011022874245,0.7408028908456622,-2.3649090415793688,-0.02517937857790384,0.5079223355241479,-0.15227802459392623,-0.5055191410840887,2681307.204391892
46.57649459801766,16.87331947663755,-2.5852048257752984,-0.42360596211919604,2.1942973343114445,0.9124149705265553,-2.3412935866426157,-0.046631593858654466,0.5119088155946357,-0.1531045819502973,-0.504777731335003,2681311.7635135134
-40.60038670132541,18.20666027946048,0.7459910835843618,0.01768810486123178,1.631620673288858,1.0644318224778897,-2.310984279140782,-0.06829735162376142,0.5158751093520828,-0.1539307466419596,-0.5040350808861922,2681316.322635135
34.46524007513057,1.7587497744567746,2.8327213241137086,0.38067723005396964,1.0305405259265554,1.1960493517907205,-2.273791306254844,-0.0901802868505399,0.5198209218834811,-0.15475650355102946,-0.5032911932925784,2681320.881756757
-33.17525830460584,-4.100510141688689,3.7356093714498737,0.6138022366845285,0.42013512908574413,1.306463463556117,-2.2295248551657885,-0.11228403451630563,0.5237459582758217,-0.15558183755962318,-0.5025460721090431,2681325.440878378
37.034377016831364,-14.747337466357342,3.689043558846722,0.6753068018550679,-0.16703618715693158,1.3948700628651354,-2.177995113054593,-0.13461222959837285,0.527649923616096,-0.1564067335498568,-0.5017997208904912,2681330.0
15.779653308413417,-24.606180608535812,2.8739081387705383,0.5789611133167029,-0.7004365225862167,1.4604650548088363,-2.1190122671022373,-0.15716850707405677,0.5315325229912965,-0.15723117640384737,-0.5010521431918286,2681335.0861486485
-46.36724142060823,-16.24876123453016,1.5201067639578016,0.3760654801879044,-1.1723019815851923,1.5024443444782862,-2.052386504489707,-0.17995650192067342,0.5353934614884136,-0.15805515100370987,-0.5003033425679443,2681339.6452702703
45.18001231321528,14.165448446999383,0.112280862882537,0.12422647657518318,-1.580806641105741,1.5200038369645408,-1.9779280123979777,-0.20297984911553704,0.539232444194439,-0.15887864223156098,-0.49955332257375307,2681344.204391892
-40.06131694259999,24.642067646286115,-0.8011516189420128,-0.11894932341495873,-1.924124578099744,1.5123939384924732,-1.8955014791418419,-0.22624218363596316,0.5430491761963658,-0.1597016349695179,-0.4988020867641379,2681348.7635135134
35.62625684241229,11.669401419186098,-0.8521869888419955,-0.29223142140959124,-2.2004298695190845,1.4791314141549248,-1.8052379519040618,-0.24974714045926677,0.5468433625811836,-0.16052411409969486,-0.49804963869400937,2681353.322635135
-35.569777989726376,1.5071418242920076,-0.3803471497238465,-0.33544476143700747,-2.406476868625982,1.4199809475095029,-1.707516396332163,-0.27349835456276306,0.5506147084358856,-0.1613460645042103,-0.4972959819182548,2681357.881756757
39.32585995659984,-12.880581804824818,0.15095740577541075,-0.24836235881691,-2.5319735962335956,1.3347967768175375,-1.602805332777396,-0.29749946092376733,0.554362918847462,-0.16216747106517887,-0.4965411199917905,2681362.440878378
23.845182974903896,-24.238803032490168,0.2983291670096183,-0.054632338654760255,-2.562765945360219,1.22359794182431,-1.4917380830749611,-0.3217540945195943,0.5580876989029049,-0.16298831866471716,-0.4957850564695144,2681367.0
-45.352941064124984,-15.509879274169277,-0.17914818537764818,0.1962022055527924,-2.4958351363298386,1.0868380610164023,-1.3749891694310379,-0.3462658903275593,0.5617887536892063,-0.16380859218494181,-0.49502779490632276,2681371.0861486485
42.51420040278077,16.057014266241683,-0.8006896987892139,0.3993013508645376,-2.3333202512020774,0.9271012679595978,-1.2532331140518096,-0.37103848332497763,0.565465788293358,-0.1646282765079693,-0.4942693388571055,2681375.6452702703
-36.77209204632448,25.095148096096587,-0.9066785431780494,0.43558425676769225,-2.078728442713601,0.7495930809816135,-1.127144439143459,-0.39607550848916423,0.5691185078023506,-0.1654473565159149,-0.493509691876783,2681380.204391892
32.88571713475905,7.1962509178634075,-0.04759270967593259,0.22573654272092117,-1.73268066725117,0.5600760200080701,-0.9973976669121676,-0.42138060079743467,0.5727466173031761,-0.16626581709089547,-0.4927488575202425,2681384.7635135134
-33.82976956320667,-3.287151857513897,1.3875562606473033,-0.1295784203243894,-1.3047827357943524,0.3643126049645883,-0.864667319564119,-0.4469573952271032,0.576349821882826,-0.16708364311502696,-0.4919868393423714,2681389.322635135
38.051145668424276,-13.962428973715785,2.8001542014836134,-0.4723490191210264,-0.8192712396398607,0.16806535577678788,-0.7296279193054931,-0.47280952675548577,0.5799278266282922,-0.1679008194704256,-0.4912236408981005,2681393.881756757
18.342966737220202,-25.992513273345146,3.5915869465249415,-0.651689779378946,-0.29325663112723044,-0.022903207629706296,-0.5929539883424761,-0.49894063035989716,0.5834803366265658,-0.16871733103920772,-0.490459265742307,2681398.440878378
-42.87040586125234,-19.820171187525947,3.2546755401660024,-0.5608355983839356,0.2542897987999355,-0.2028305653292787,-0.4553200488812462,-0.5253543410176528,0.5870070569646385,-0.16953316270348953,-0.4896937174298855,2681403.0
39.45567192107768,12.235136298021853,1.6494265159766357,-0.25986343202133516,0.7858693307139794,-0.3659541973963031,-0.3174006231279894,-0.5520542937060675,0.5905076927295027,-0.17034829934538812,-0.48892699951576823,2681408.0861486485
-34.03850874872378,24.02151307806046,-1.2669397963144873,0.1440218253085691,1.2593513880662361,-0.5065115839051619,-0.17987023328888663,-0.5790441234024565,0.5939819490081487,-0.17116272584701817,-0.4881591155548353,2681412.6452702703
31.36330672972555,6.24351283814403,-5.245355644722908,0.5421706328414789,1.6326053943080392,-0.6187805112913155,-0.043363095209039325,-0.6063274650841344,0.5974295308875691,-0.17197642709049693,-0.4873900691019741,2681417.204391892
-33.41700903494341,-0.1740848479890616,-8.875142173697073,0.8259334498130927,1.8635007728907191,-0.6972003911844287,0.09164820046065901,-0.6339079537284175,0.6008501434547544,-0.1727893879579396,-0.4866198637121008,2681421.7635135134
37.61466299225644,-2.0758416088483513,-10.455217751793654,0.8866208813631489,1.9099468013615757,-0.7362523419629801,0.22473276981812354,-0.66178922431262,0.6042434917966975,-0.1736015933314639,-0.4858485029401203,2681426.322635135
14.650698735634231,-12.950663962265443,-8.336523770232121,0.654261273987357,1.7452954905021525,-0.7325001945195873,0.355404989547976,-0.6899749118140577,0.6076092810003887,-0.17441302809318496,-0.48507599034091986,2681430.881756757
-40.043225827591144,-15.075087207016445,-1.4958609828483298,0.2143517510448124,1.4040719725914947,-0.6908400099806745,0.4829616588589104,-0.7184686512100444,0.6109472161528202,-0.17522367712521944,-0.4843023294693984,2681435.440878378
36.31577811433818,4.759958541106575,8.334624816336094,-0.30873340636554986,0.9360846967590359,-0.6182509566840669,0.6066452322435868,-0.7472740774778969,0.6142570023409842,-0.17603352530968377,-0.48352752388046066,2681440.0
-32.077493292355555,10.947610822460208,14.876008842686419,-0.7906199171448007,0.39114211213420624,-0.5217122029675876,0.7256981641946664,-0.7763948255949303,0.6175383446518712,-0.17684255752869363,-0.4827515771290129,2681444.0861486485
31.249545988635116,-7.850138093207082,12.382578545308846,-1.1154663534119735,-0.1809473321535609,-0.4082029171690631,0.8393629092048073,-0.8058345305384582,0.6207909481724728,-0.17765075866436514,-0.4819744927699525,2681448.6452702703
-33.98251965659367,-7.900126971936489,1.3766804721824142,-1.2015627001579918,-0.7303751869748351,-0.2847022676263163,0.9468819217666697,-0.8355968272857961,0.6240145179897817,-0.1784581135988154,-0.4811962743581625,2681453.204391892
36.50216926109386,6.994675216893195,-12.95909487519788,-0.9767888810911234,-1.2062759177008042,-0.1581894226771725,1.0474976563729153,-0.8656853508142603,0.6272087591907881,-0.17926460721415927,-0.4804169254485664,2681457.7635135134
11.088053803427021,1.8903697906964207,-16.88598185472386,-0.3685708970214265,-1.5582379126008643,-0.03564355065945618,1.1404525675162027,-0.8961037361011652,0.6303733768624842,-0.1800702243925144,-0.47963644959605306,2681462.322635135
-32.27357707095588,-6.803355422663865,-8.81136138704243,0.602501380722167,-1.7535215340279153,0.07595618008900867,1.224989109689192,-0.9268556181238261,0.633508076091862,-0.18087495001599677,-0.4788548503555229,2681466.881756757
27.377308391085375,2.7754305694878108,6.18680202629452,1.4771769672969812,-1.7651195993697508,0.17068079136956493,1.3003497373845434,-0.9579446318595579,0.6366125619659126,-0.18167876896672194,-0.4780721312818907,2681471.440878378
-24.873840337157795,7.942667721907529,15.712236046105666,1.6853690332579576,-1.5704678193311377,0.24704419830053223,1.365776905094917,-0.9893744122856758,0.6396865395716272,-0.1824816661268064,-0.4772882959300227,2681476.0
27.28736085400064,-8.808788428454248,10.0514132640976,0.8665579398812766,-1.1666899659953465,0.3055790371806077,1.4205130673129722,-1.0211485943794947,0.6427297139959984,-0.18328362637836643,-0.476503347854845,2681480.0861486485
-32.03745634971009,-6.945576136730586,-3.037653914075185,-0.5015071886719541,-0.6218293049984591,0.34706007706879105,1.4638006785313697,-1.0532708131183306,0.6457417903260171,-0.18408463460351865,-0.4757172906112584,2681484.6452702703
33.75694413992668,11.131289700189939,-12.223882694013245,-1.7315100375193933,-0.021598442174685276,0.37226208702408176,1.4948821932427696,-1.0857447034794983,0.6487224736486747,-0.18488467568437877,-0.47493012775415533,2681489.204391892
4.758201271031461,0.6969483795524354,-9.17641685621259,-2.2630525298827773,0.5517557756038002,0.3819189903086505,1.5130374345144004,-1.1185704232180533,0.6516714690509637,-0.18568373450306347,-0.47414186283843407,2681493.7635135134
-23.71750688231703,-14.426828765493978,-0.3498714264633068,-2.0526966262944413,1.0391366222072518,0.37649295829942747,1.5178040684096947,-1.1517342212000132,0.6545884816198739,-0.18648179594168762,-0.47335249941900737,2681498.322635135
17.670296203599005,-1.649904903904267,5.589039101051576,-1.2210708649679851,1.4220614700451462,0.3558751958640309,1.5092837649707602,-1.1852153837607589,0.6574732164423993,-0.1872788448823699,-0.4725620410507486,2681502.881756757
-16.268428069431152,18.089888038771303,6.178152008484674,0.09512693317688323,1.691334776421251,0.31946195548907186,1.4880592053871733,-1.2189792560021349,0.660325378605529,-0.18807486620722363,-0.47177049128858234,2681507.440878378
21.31174514903129,-0.0979315057968944,1.6979591161327918,1.6529958032060839,1.8377609986393393,0.2665528437403906,1.4548062314609052,-1.2529876977176075,0.6631446731962565,-0.18886984479836758,-0.4709778536874,2681512.0
-30.497574477195432,-20.764964717313287,-2.8999321488317533,2.886555171305418,1.8512679860864167,0.19732407510059194,1.4102006849939226,-1.2872025687006408,0.6659308053015724,-0.18966376554916767,-0.4701841317908534,2681517.0861486485
39.9328549343025,-9.594688475647247,-2.9649793111738885,3.1933774180576924,1.7182135047340645,0.11554562657728418,1.3549184077881946,-1.3215857287446997,0.6686834800084689,-0.19045661344286707,-0.4693893290527142,2681521.6452702703
-19.161302273992796,10.457770850981577,0.06004648583422786,2.3572091579671444,1.432879502073054,0.026213406526664467,1.28963524164569,-1.3560990376432498,0.6714024024039367,-0.1912483736534417,-0.46859344873601416,2681526.204391892
-51.54885396925745,20.788403421941318,2.3663441879391987,1.067084333762322,1.0257058595636128,-0.06558934583711416,1.215027028368376,-1.390704355189755,0.6740872775749679,-0.19203903139973924,-0.46779649405893237,2681530.7635135134
-9.998763385941027,12.603542783165233,1.0936644537399713,0.05603775959823575,0.5361878550954324,-0.15477939129989848,1.1317696097582222,-1.4253635411776813,0.676737810608554,-0.19282857190060718,-0.46699846823964425,2681535.322635135
26.310920010086683,-4.593673210826166,-1.925153599977086,-0.6295522857244952,0.0038207665582013317,-0.2362734906475349,1.0405388276171985,-1.4600384554004946,0.6793537065916869,-0.19361698037489378,-0.46619937449630483,2681539.881756757
44.09526501030407,-16.409987943568858,-3.6839987418787428,-1.1149716572438513,-0.5319001281583889,-0.30498840466587096,0.9420105237472689,-1.4946909576516558,0.6819346706113576,-0.1944042420414458,-0.46539921604708745,2681544.440878378
-34.7050922133376,-9.564557713370219,-1.9936363283578493,-1.5169190879731898,-1.0314795511646493,-0.3558408941407549,0.8368605399504059,-1.529282907724634,0.6844804077545582,-0.1951903421191112,-0.4645979961101682,2681549.0
23.37595474354062,12.911397811840468,2.0676619332885156,-1.9177448228274154,-1.455422224570896,-0.3837477198580307,0.7257647180285762,-1.563776165412892,0.6869906231082794,-0.1959752658267368,-0.46379571790370655,2681553.0861486485
-13.795572307086225,9.945057692241763,6.100875078034724,-2.3912119846968296,-1.7642328704874286,-0.3836256426035473,0.609398899783748,-1.598132590509895,0.6894650217595142,-0.19675899838317143,-0.46299238464585835,2681557.6452702703
10.239303222173469,-10.91261092025218,5.851843539003816,-2.9639269617725565,-1.9184162110245644,-0.35050693720909804,0.4885544410638363,-1.632314042809108,0.6919033087952536,-0.19754152500726227,-0.4621879995548154,2681562.204391892
-13.95546398369328,-1.8806097617956343,-0.7595222456226965,-3.456219356831166,-1.876257242268619,-0.2821320215267931,0.36451111471308245,-1.666282382103996,0.6943051893024881,-0.19832283091785596,-0.46138256584874304,2681566.7635135134
24.245446084533206,11.466290458188318,-7.506822309798117,-3.5556124004354888,-1.6023620681012076,-0.18519141395237854,0.23876965087187055,-1.699999468188024,0.6966703683682108,-0.19910290133380107,-0.4605760867457934,2681571.322635135
29.098569961616043,2.7742648488431336,-8.05413466335491,-2.878535351668895,-1.1269084494841566,-0.06805084575371555,0.11288530992264274,-1.7334271608546576,0.6989985510794123,-0.19988172147394442,-0.4597685654641596,2681575.881756757
-31.07393946175419,-13.93959562399679,-3.578643398355331,-1.248338006804004,-0.5232395014271437,0.06096103493175533,-0.011473970034101248,-1.766527319897359,0.7012894425230846,-0.20065927655713375,-0.45896000522199537,2681580.440878378
27.274285623914047,1.3809699941344156,3.0656887845295837,0.7250998746020563,0.12831032552101607,0.19348741053707894,-0.13261208146834436,-1.7992618051095968,0.7035427477862187,-0.20143555180221628,-0.4581504092374658,2681585.0
-22.174238723365598,16.39938242629195,7.101685038511094,2.236955261998435,0.7474065808115016,0.32117146349530157,-0.24883291685007083,-1.8315924762848341,0.7057581719558075,-0.20221053242804085,-0.457339780728753,2681590.0861486485
21.099180905454524,-2.869236727465563,5.000721686204641,2.689521327392654,1.2537148138954954,0.43565637623946646,-0.3584403686492658,-1.8634811932165347,0.7079354201188416,-0.20298420365345454,-0.4565281229140098,2681594.6452702703
-25.73159987281582,-17.06255137980317,0.3465451449537476,2.2970862669813332,1.5833703602685723,0.528585331202619,-0.45973832933591147,-1.8948898156981646,0.710074197362312,-0.2037565506973036,-0.45571543901141376,2681599.204391892
34.064469763474285,-8.014909354484294,-2.5208620641992217,1.4151753353418877,1.7383876996038805,0.5917289607277775,-0.5511581412899642,-1.9257802035231903,0.7121742087732117,-0.2045275587784367,-0.4549017322391426,2681603.7635135134
-1.3390172803604137,6.251206720996482,-3.345542835273367,0.3794437361361449,1.7368759519364583,0.6178112528702405,-0.6317093569211613,-1.9561142164850736,0.7142351594385316,-0.2052972131157018,-0.45408700581534883,2681608.322635135
-51.18692598276463,14.314797522887197,-2.8567713798744654,-0.5110784293705625,1.5938964669293998,0.6031435179819034,-0.7009410805638866,-1.985853714377282,0.7162567544452624,-0.20606549892794498,-0.4532712629582097,2681612.881756757
2.957787386111316,11.009089012454098,-1.6872584994403468,-1.0706233133934222,1.31794669799551,0.5512232148754498,-0.7590246687630273,-2.01496055699328,0.7182386988803974,-0.20683240143401554,-0.4524545068858871,2681617.440878378
12.847420262611829,1.5283176177189222,-0.4424230578974554,-1.2075153291437828,0.9159818611401634,0.46723345046065984,-0.806269938518621,-2.04339660412653,0.7201806978309266,-0.2075979058527592,-0.45163674081655913,2681622.0
52.21180783615232,-9.035643843055,0.27832642092592724,-0.8617080199415793,0.40387711906659257,0.35635733164730965,-0.8429867068307059,-2.071123715570499,0.7220824563838429,-0.20836199740302488,-0.4508179679683852,2681627.0861486485
-41.55372718463469,-9.450000648263819,-0.025180182754806116,-0.09884191905883793,-0.1586764021711967,0.22377796534517672,-0.8694847906993144,-2.098103751118652,0.723943679626137,-0.20912466130365995,-0.44999819155955384,2681631.6452702703
26.697311378057133,9.13250369285398,-0.6361230928932069,0.6020433919932079,-0.670895112442506,0.0746784584640356,-0.8860740071244835,-2.124298570564455,0.7257640726448005,-0.20988588277351117,-0.4491774148081982,2681636.204391892
-12.261864849614659,7.8463321484491875,1.1766574679544137,0.5243551167749534,-1.0458717338260237,-0.0857580820863354,-0.8930641731062525,-2.149670033701369,0.7275433405268252,-0.210645647031427,-0.44835564093252006,2681640.7635135134
5.472291835754052,-9.907710318775633,2.558539453535063,0.05737315001753766,-1.2753049276728323,-0.25234854939615264,-0.8907651056446565,-2.1741800003228615,0.729281188359203,-0.2114039392962544,-0.4475328731506729,2681645.322635135
-12.094707592619544,-0.2339857462362035,0.42566189084208844,-0.2294928221688072,-1.370382489654224,-0.4199098365556458,-0.8794881580118833,-2.1977887939502443,0.7309773212289251,-0.21216074478684122,-0.44670911468082497,2681649.881756757
16.30548060048487,11.210720743608318,-3.9680972719469114,-0.26752414108520794,-1.345289294740696,-0.5832478280884209,-0.859550828568756,-2.2204505930161975,0.7326314442229831,-0.21291604872203515,-0.4458843687411531,2681654.440878378
31.957435970771662,6.310128957218789,-7.737222061522433,-0.1055398832566711,-1.2232378919257028,-0.7365222738072219,-0.831269690051439,-2.242120501578059,0.7342432624283681,-0.21366983632068287,-0.4450586385498125,2681659.0
-34.843289220034,-11.702393753728039,-5.699293895355892,0.17580611059503218,-1.0178491675636403,-0.8722196824228529,-0.7949514676088713,-2.2627634712803886,0.7358124809320726,-0.21442209280163288,-0.4442319273249973,2681663.0861486485
30.35824487134109,0.5569468621484781,5.006511769652347,0.4100178143067456,-0.7367986878655919,-0.9852091391710394,-0.7509004244931888,-2.282346915664554,0.7373388048210875,-0.2151728033837322,-0.44340423828484377,2681667.6452702703
-24.44637578330321,11.132153101473367,15.369762663286634,0.4140658755655156,-0.39105238410624665,-1.0711058985298556,-0.6994208239565195,-2.3008382482719236,0.7388219391824048,-0.21592195328582897,-0.44257557464754593,2681672.204391892
23.293356789513606,-9.632374970755114,15.589304458363157,0.0682578086690273,-0.009001267256650312,-1.125497169048341,-0.6408449751800188,-2.3182048826438644,0.740261589103016,-0.21666952772677012,-0.4417459396312555,2681676.7635135134
-26.730650970950002,-10.247087348872217,4.547813987584633,-0.5065241624758854,0.3691433757720411,-1.143803986580269,-0.5756713600401215,-2.334414232321742,0.7416574596699126,-0.21741551192540354,-0.4409153364541571,2681681.322635135
29.671351669926352,9.975451212049494,-12.769115381932293,-0.9511060535535745,0.6912194286212971,-1.1211626536689143,-0.5046831937237479,-2.3494337108469248,0.7430092559700859,-0.21815989110057668,-0.44008376833440466,2681685.881756757
29.038834519661105,4.381770172736103,-19.41946371777946,-0.8650528243869481,0.9089110050829282,-1.052492558020292,-0.4288806062550795,-2.363230731760781,0.744316683090528,-0.2189026504711371,-0.43925123849017067,2681690.440878378
-25.385640837926708,-9.777574742802702,-11.795548389520771,-0.05021969513807318,0.9999991816757751,-0.9326723558759213,-0.3493044591227973,-2.3757727086046767,0.7455794461182302,-0.21964377525593232,-0.4384177501396248,2681695.0
21.597432146510002,-3.010711563357684,6.734549051000809,0.9800901010849661,0.9510275424737209,-0.758668388534884,-0.26699561381558207,-2.3870270549199812,0.746797250140184,-0.2203832506738098,-0.4375833065009512,2681699.0861486485
-21.753812233054976,9.6810732019938,19.868432525214335,1.5363398784110922,0.75786466396811,-0.5367318345628703,-0.1829949318221142,-2.3969611842480596,0.7479698002433808,-0.22112106194361678,-0.4367479107922889,2681703.6452702703
27.106773970677793,-5.021160396486378,13.633237456131143,1.1351745781099736,0.4335819944654162,-0.2789379457285813,-0.09834327463107952,-2.4055425101302808,0.749096801514813,-0.22185719428420236,-0.4359115662318251,2681708.204391892
-33.122142593191064,-9.81966854401801,-3.515266902568359,0.11796565001425881,0.038255090967837954,0.001149111951972917,-0.01408150373115508,-2.412738446108012,0.750177959041471,-0.22259163291441172,-0.4350742760377322,2681712.7635135134
33.78042901922532,10.236036958861895,-16.890717402425675,-0.9677338289026504,-0.35444242206665916,0.2877459036191283,0.06874951938897508,-2.41851640572262,0.7512129779103471,-0.22332436305309403,-0.43423604342817396,2681717.322635135
18.35293307011721,4.605040079030777,-14.299881414911084,-1.671827847456405,-0.670901851150864,0.5651339253839743,0.14910893324062768,-2.4228438025154717,0.752201563208433,-0.22405536991909658,-0.4333968716213078,2681721.881756757
-19.638166596788903,-11.995016898636802,-2.8735799478719857,-1.9340486576188642,-0.839993495524293,0.8200736660843204,0.22595587633512454,-2.425688050027936,0.7531434200227203,-0.22478463873126694,-0.4325567638353229,2681726.440878378
13.796479400945294,-8.081480278810394,6.763262307465518,-1.7717567019314857,-0.8126937214725026,1.0416028063845808,0.2982494871837813,-2.427016561801378,0.7540382534401999,-0.22551215470845182,-0.4317157232883706,2681731.0
-14.68859380934712,14.390396548972573,9.956794999848473,-1.1229969220579648,-0.6259241707385073,1.225388801528849,0.36494890429791865,-2.4267968161454405,0.7548858333161361,-0.22623790306949998,-0.4308737531986257,2681736.0861486485
22.500989986055064,6.280605958180547,5.289673233699633,-0.009169189512266135,-0.3380928039296929,1.3687565504061414,0.4250132661888522,-2.42499655044285,0.7556861885788841,-0.22696186903325827,-0.43003085678425496,2681740.6452702703
-33.04358283000804,-16.267974109287717,-1.68050040382856,1.1355914039127297,-0.0076075816534398035,1.4690309519054767,0.47740171136790205,-2.421583566844613,0.7564394129250702,-0.22768403781857416,-0.4291870372634366,2681745.204391892
41.60534144591228,-13.419674398366897,-5.032976154289101,1.7739659613544247,0.30712353548286864,1.5235369049158693,0.521073378346387,-2.416525667501732,0.7571456001552685,-0.2284043947482426,-0.4283422978543331,2681749.7635135134
5.286179870435618,2.731290590388988,-4.540406744388655,1.5331064251268844,0.5542654352973145,1.5295993083263368,0.5549874056356223,-2.4097906545652057,0.7578048444858416,-0.2291229255608459,-0.42749664177510666,2681754.322635135
-47.17067216982201,15.954273725817368,-2.0402093506303216,0.6940915653567807,0.7122309282039427,1.484268847562024,0.5783771452108016,-2.4013463301860423,0.7584172402370978,-0.22983961609891346,-0.42665007224392554,2681758.881756757
-13.458690609543199,16.192990152073666,0.4697752088612741,-0.3133551242289585,0.7806639575469647,1.3846671852643115,0.591572802902589,-2.391160496515243,0.7589828817293462,-0.23055445220497534,-0.4258025924789826,2681763.440878378
0.6668244411143522,7.427675347545267,1.4139989172046477,-1.0634666787975073,0.7573831745430962,1.233423591632307,0.5951787980055182,-2.379200955703808,0.759501863282895,-0.2312674197215592,-0.42495420569841696,2681768.0
38.057334585777376,-4.392868278428089,0.8513490946420044,-1.2350409553764945,0.6345974123983151,1.0387771548758555,0.5898050123103289,-2.3654409723989427,0.7599742792180542,-0.23197850449119625,-0.42410491512040543,2681772.0861486485
-35.066982299421554,-13.00214344633322,-0.36121503382195547,-0.9323072863822381,0.4105771955307072,0.8100774599395555,0.576083177592567,-2.3498756612326583,0.7604002226365835,-0.23268769113786653,-0.4232547239631337,2681776.6452702703
33.899364349601484,-11.579200490893188,-1.292633335037109,-0.39640747040352625,0.11594069267037131,0.5566740917680099,0.5546573762680105,-2.332512487477202,0.7607797817660498,-0.2333949594113572,-0.422403635444748,2681781.204391892
18.52950899663039,-0.3331739739430053,-1.2471425588809228,0.13024310636522282,-0.19688616940746786,0.2879166353058168,0.5261992433286198,-2.3133864689809984,0.7611130436154706,-0.23410028784290693,-0.4215516527834254,2681785.7635135134
-36.99227219597046,9.560625988728896,-0.028847894345471605,0.502184258636164,-0.4746563703465709,0.0131546754975777,0.4913873019103898,-2.2925395117365084,0.7614000951938651,-0.23480365496375485,-0.4206987791973426,2681790.322635135
-9.57920872119419,8.207843904901393,2.142943880009364,0.668399618253649,-0.6754740855648962,-0.2582622027121085,0.45090007514931196,-2.27001352173619,0.7616410235102508,-0.23550503930513927,-0.41984501790465256,2681794.881756757
5.614267698225578,-0.33889897789375134,3.970538662881669,0.6065268049731304,-0.7704578656618826,-0.5169844143786395,0.40541608618138253,-2.2458504049725065,0.7618359155736458,-0.23620441939829884,-0.418990372123536,2681799.440878378
41.4451982175651,-8.08620230731227,3.4744646121584357,0.353725301490551,-0.7711610558219173,-0.7539338849242208,0.3556138581426017,-2.2200920674379234,0.761984858393068,-0.23690177377447164,-0.41813484507215715,2681804.0
-38.05736944305291,-7.129253194350448,-0.5986725785712625,0.029291329531767697,-0.6976423874100504,-0.9617037298283169,0.3021719141689567,-2.1927804151248957,0.762087938977535,-0.23759708096489623,-0.4172784399686865,2681808.0861486485
19.166008542371042,4.843056957848259,-5.69329951078485,-0.24187160784044534,-0.5668552049067439,-1.135992451454991,0.2457687773964485,-2.1639573540258894,0.7621452443360661,-0.23829031950081223,-0.41642116003129076,2681812.6452702703
23.246929620532157,9.20261147905113,-7.551907270403253,-0.3367871544667629,-0.39402583807796765,-1.2756004891423007,0.1870829709610722,-2.133664790133366,0.7621568614776792,-0.23898146791345806,-0.41556300847813515,2681817.204391892
-16.138555777974233,-6.539192444916682,-3.2191748015015,-0.18087094846927035,-0.19705968304023133,-1.3819962034002453,0.12679301799882156,-2.1019446294397857,0.7621228774113916,-0.23967050473407148,-0.41470398852739654,2681821.7635135134
13.894415550972777,-10.551411904144876,4.312638881450228,0.08626956101157195,0.005917407646333217,-1.4571916144924058,0.06557744164568843,-2.068838777937608,0.762043379146222,-0.24035740849389164,-0.4138441033972468,2681826.322635135
-19.04534061285326,11.046079723014872,9.692764458394965,0.2711352415158681,0.19693228293715226,-1.5031987426823716,0.004114765037675229,-2.034389141619299,0.7619184536911883,-0.24104215772415724,-0.4129833563058422,2681830.881756757
28.616526968250405,8.083446665891259,6.172233183387672,0.23299700730755385,0.3613831053423281,-1.5220296082337224,-0.05691648868922615,-1.9986376264773182,0.761748188055308,-0.2417247309561063,-0.4121217504713501,2681835.440878378
-35.83903134096156,-11.331825976985028,-2.599529126884687,0.04298269889695856,0.4973765522396509,-1.5156848621572392,-0.11684916565183102,-1.961626138504126,0.7615326699540541,-0.24240510742743188,-0.41125928911196996,2681840.0
24.69320212541292,-1.8251509782341437,-10.25874707601024,-0.17190283907775805,0.6032836571575945,-1.486086054262504,-0.17509521316813817,-1.9233965836921862,0.7612719899287148,-0.24308326920164297,-0.41039597544582157,2681845.0861486485
31.46450107037772,10.973122311776084,-11.06360820693121,-0.28392933360242695,0.6767500252486252,-1.4349954589925393,-0.2312258539227218,-1.883990868033958,0.7609662392270313,-0.24375919904870172,-0.40953181269111366,2681849.6452702703
-23.700608807188992,-2.606208577718118,-2.2579354419104125,-0.2048378936904735,0.7159343675350219,-1.364066046316561,-0.28492161507394836,-1.843450897521906,0.7606155090967464,-0.24443287973857095,-0.4086668040659796,2681854.204391892
18.760641265616755,-10.544790372073338,7.985374401987498,-0.0034854918413496088,0.7202167497413189,-1.2747878012256226,-0.3359646046057307,-1.8018185781484892,0.7602198907856014,-0.24510429404121242,-0.407800952788637,2681858.7635135134
-21.53225763646653,10.429953973944654,11.077012381430283,0.21200476131774648,0.6889297160482204,-1.1682732823290864,-0.3841589733698621,-1.7591358159061687,0.7597794755413397,-0.24577342472659058,-0.4069342620772132,2681863.322635135
30.04456387177728,8.124878490424697,4.359518713879658,0.34889809903342933,0.6210559298582201,-1.0452851674580974,-0.4293088722181364,-1.7154445167874097,0.7592943546117025,-0.24644025456466645,-0.4060667351498997,2681867.881756757
-37.2927234761907,-10.343998841313057,-5.378895258174258,0.3759328663357183,0.5163132802890683,-0.9072410964471453,-0.47121980169122746,-1.6707852370957927,0.7587646192444324,-0.24710476632540382,-0.40519837522483565,2681872.440878378
20.09304486483801,-1.8047099590218754,-10.549600128789168,0.27511260383613945,0.37734285556456293,-0.7563587599444527,-0.5097026610853127,-1.6251931343793977,0.758190360687271,-0.24776694277876438,-0.40432918552022035,2681877.0
34.05993374026019,10.138784984866886,-8.982062538231814,0.04296317535466226,0.21453471120038548,-0.5953161783996885,-0.544569699385451,-1.578702016497423,0.7575716701879602,-0.24842676669471053,-0.40345916925420966,2681882.0861486485
-26.208592273995308,-2.509478490647189,-1.3258563715274285,-0.23854780593790628,0.04127285553643515,-0.4279832316421062,-0.5756331655766951,-1.5313456913090673,0.7569086389942428,-0.24908422084320572,-0.4025883296449783,2681886.6452702703
20.630230156324753,-9.675644869238699,6.595293769949641,-0.46564176617187836,-0.12876073824250114,-0.2585277643458433,-0.6027053086441069,-1.483157966673533,0.7562013583538613,-0.2497392879942134,-0.40171666991068933,2681891.204391892
-22.402999324024048,9.407557417946371,9.535922921794128,-0.5345401314775727,-0.282096691688425,-0.09090502644825744,-0.6255983775727391,-1.4341726504500178,0.7554499195145563,-0.2503919509176938,-0.40084419326951015,2681895.7635135134
30.31560463007708,6.734300809762807,5.6195403554412495,-0.375891078362078,-0.4076290611281896,0.0717801110604529,-0.6441246213476485,-1.3844235504977216,0.7546544137240712,-0.2510421923836117,-0.39997090293960536,2681900.322635135
-37.94934073549212,-9.02267829566237,-1.5468132928890945,-0.058049784839576506,-0.5005167209362352,0.22663537192688193,-0.6580962889538923,-1.3339444746758464,0.7538149322301475,-0.2516899951619285,-0.39909680213917575,2681904.881756757
14.342731374919287,-0.5675016719541572,-7.396216958791698,0.3162018206989829,-0.5575626618771076,0.3708995404600265,-0.6673255912340584,-1.2827692689860597,0.7529315662805276,-0.2523353420226075,-0.39822189408634523,2681909.440878378
36.942248693451496,8.947826922029346,-8.575022529117513,0.6440818098626471,-0.5761811769755844,0.5024227032291188,-0.6716245864608485,-1.2309319319999146,0.7520044071229532,-0.25297821573561086,-0.39734618199930666,2681914.0
-29.200802744340717,-4.874351330237739,-3.483542997678179,0.8350251154743755,-0.5544185487106092,0.6196869362575551,-0.6708054582812658,-1.1784663369146662,0.7510335460051673,-0.25361859907090184,-0.3964696690962209,2681918.0861486485
22.46571349931737,-9.035005993791609,3.763320843149313,0.8473341152127906,-0.491018874968971,0.7218721309765767,-0.6646810444093697,-1.12540570286051,0.7500190741749111,-0.25425647479844243,-0.39559235859526626,2681922.6452702703
-22.72261608039597,9.025864679949818,8.02277576875229,0.6536379465126251,-0.38698884102897046,0.8083108676667355,-0.65306434607599,-1.071783085450873,0.7489610828799272,-0.2548918256881958,-0.39471425371460517,2681927.204391892
30.37469022369336,3.5143409474340026,5.975881545990115,0.2569133300862429,-0.25237462677980027,0.8783357266085867,-0.6357683645119558,-1.0176315402991838,0.7478596633679575,-0.2555246345101239,-0.39383535767240574,2681931.7635135134
-39.77114463222893,-8.83601611998592,0.1849393231379038,-0.2501211583765293,-0.10173191242116841,0.9312792880826783,-0.6126061009480919,-0.9629841230188713,0.7467149068867437,-0.2561548840341896,-0.39295567368683615,2681936.322635135
5.267655498566591,1.3030656830645495,-5.471205864761014,-0.7528389540770493,0.0497837214051378,0.9664741323695644,-0.5833905566152283,-0.9078738892233634,0.7455269046840292,-0.25678255703035635,-0.39207520497606724,2681940.881756757
43.52288268198631,8.551968752299908,-7.6579590921803025,-1.1366134922166733,0.18701669405733184,0.9832528397497989,-0.5479347327441947,-0.8523338945260882,0.7442957480075547,-0.25740763626858576,-0.39119395475826785,2681945.440878378
-34.91493836527847,-8.327558771388505,-4.247538442595172,-1.3039389211056185,0.2958477510423045,0.9809515412394286,-0.506055181301314,-0.7963971945404744,0.7430215281050627,-0.2580301045188404,-0.39031192625161126,2681950.0
24.060082707914365,-8.46084165566683,2.303544822466535,-1.228131777224625,0.3686424781967438,0.9589689498087264,-0.4576310362071351,-0.74009684487995,0.7417043362242957,-0.25864994455108364,-0.38942912267424556,2681955.0861486485
-18.91419112267093,8.581137323707454,7.44756021190638,-0.9089874531036419,0.40803953308895774,0.9170762320079494,-0.40279248760478653,-0.6834659011579434,0.7403442636129955,-0.25926713913527777,-0.38854554724436574,2681959.6452702703
23.045841143927948,-1.7786880445265278,7.881945644931261,-0.34864087700769936,0.41810775612094164,0.8562523015319438,-0.3419681198805866,-0.6265374189878825,0.7389414015189044,-0.2598816710413853,-0.38766120318012914,2681964.204391892
-32.55998621106816,-9.184067024781763,3.7578014342839494,0.41250540215586995,0.401179287983775,0.7794169464363824,-0.2757906920707648,-0.5693444539831961,0.7374958411897645,-0.2604935230393691,-0.386776093699709,2681968.7635135134
-7.024207718223018,4.634440087487818,-3.154162781898042,1.1809783529105489,0.3595671002169767,0.6895990026025204,-0.20498284188557195,-0.5119200617573122,0.7360076738733176,-0.2611026778991918,-0.3858902220212545,2681973.322635135
42.344476479038285,10.126781752975566,-8.409512888120872,1.725037323137521,0.29600626863651647,0.589419156934122,-0.1302811623342196,-0.4542972979236597,0.7344769908173061,-0.2617091183908157,-0.3850035913629506,2681977.881756757
-34.70201650372486,-10.679165087978987,-7.774020498300563,1.865398651497185,0.2133174572440715,0.4814125081492446,-0.05242224642591874,-0.3965092180956662,0.7329038832694724,-0.26231282728420385,-0.38411620494297777,2681982.440878378
21.339400192421667,-6.1315047228332125,-1.4267512050478703,1.6315570285168202,0.11537094129133439,0.3681141549659461,0.027857312830120332,-0.3385888778867605,0.7312884424775579,-0.2629137873493187,-0.3832280659794904,2681987.0
-11.21958862775848,12.00772308530025,5.83610263807298,1.1012656905028466,0.010235441030070283,0.25205919610228394,0.10982092242468595,-0.28056933291037023,0.7296307596893048,-0.2635119813561223,-0.3823391776906581,2681991.0861486485
10.644100943630809,-3.836683914220417,9.191823661894482,0.3512282625116659,-0.09297071203793923,0.13578273027631593,0.19273198934856786,-0.22248363877992428,0.7279309261524559,-0.26410739207457873,-0.38144954329464464,2681995.6452702703
-18.510329578254648,-13.739745734248633,7.442146278232027,-0.5243466564313202,-0.18512918641091253,0.02181985620609981,0.275853920592555,-0.16436485110885068,0.7261890331147529,-0.2647000022746491,-0.38055916600963136,2682000.204391892
-9.876843987311082,2.2328994951369165,1.1040375293023497,-1.361230571424742,-0.25712165058706776,-0.08729432739030682,0.3584501231474365,-0.10624602551057788,0.7244051718239376,-0.26528979472629677,-0.37966804905377616,2682004.7635135134
40.85032863163838,15.790210684627016,-5.823987166489386,-1.9776900135982356,-0.299829773064623,-0.18902472179484656,0.43978400400400186,-0.048160217598534165,0.7225794335277521,-0.2658767521994841,-0.3787761956452414,2682009.322635135
-47.135018013888164,2.7018599279590494,-9.397005966125832,-2.191991514081436,-0.3041874922864829,-0.28078395834477426,0.5191189701530393,0.009859517013852195,0.7207119094739393,-0.26646085746417403,-0.3778836090022185,2682013.881756757
36.20165786579579,-14.173065011589374,-9.32016224765829,-1.8818534041950612,-0.26495816960488516,-0.36008398668009384,0.5957365393485139,0.06778012271315309,0.7188026909102405,-0.26704209329032913,-0.3769902923428669,2682018.440878378
47.24072808234799,-18.4940028797848,-5.97037373266778,-1.165934062861589,-0.1913367818258802,-0.4257201058353135,0.6689906723970874,0.12556854388593988,0.716851869084399,-0.2676204424479127,-0.376096248885349,2682023.0
0.4094114352109786,-3.7167110151333667,-0.10877711979075924,-0.23487505654433752,-0.09573054083321893,-0.477204120979321,0.7382534408685971,0.18319172491878452,0.7148595352441548,-0.2681958877068853,-0.37520148184783475,2682027.0861486485
-29.63558909317331,15.428025841039863,5.666172558993271,0.7175492014559415,0.009555368502568638,-0.5141704430695043,0.8029174951081579,0.24061661019825872,0.7128257806372519,-0.2687684118372117,-0.37430599444849555,2682031.6452702703
-40.5697769822953,19.076688304387332,8.295907476659671,1.4975642978384904,0.11221576131095323,-0.5363544835941175,0.8624764859917526,0.297810144110934,0.710750696511432,-0.2693379976088538,-0.3734097899054934,2682036.204391892
39.555018919049544,-2.3554220632000655,5.821594790803522,1.9521832577494003,0.1999454527214061,-0.5436165209148093,0.9165489312687563,0.35473927104338215,0.7086343741144363,-0.2699046277917737,-0.37251287143701506,2682040.7635135134
-37.5413074707873,-17.657779159244544,0.683341597498762,2.091568860122125,0.2604392578633974,-0.5359907049560341,0.9649272202513507,0.41137093538217495,0.7064769046940075,-0.2704682851559343,-0.3716152422612024,2682045.322635135
1.6611673339904212,-1.4400674859439542,-3.962824408396726,1.9636625341957181,0.28440078000763597,-0.5136887344881761,1.0075812910976487,0.46767208151388384,0.7042783794978881,-0.2710289524712988,-0.3707169055962489,2682049.881756757
25.53663251605254,14.975208300973566,-6.496133075368282,1.6045995005018445,0.27444916925498064,-0.47706864702109414,1.0445180825824776,0.5236096538250811,0.7020388897738203,-0.2715866125078298,-0.36981786466031985,2682054.440878378
-18.274318104429828,0.9571149831897895,-6.119129296074567,1.049609936123272,0.23576653301102896,-0.42695842465840295,1.0757445334806635,0.5791505967023376,0.6997585267695448,-0.2721412480354883,-0.3689181226715629,2682059.0
15.609008705970473,-11.917336714567721,-3.806437371907348,0.3529816144316275,0.1738330383355027,-0.3647130530154066,1.1012675825670326,0.6342618545322259,0.6974373817328055,-0.2726928418242396,-0.3680176828481596,2682064.0861486485
-21.07829525710097,8.312897438486328,-0.8594721433285111,-0.3735026204075146,0.09531063230298084,-0.2928692977222604,1.121094168616408,0.6889103717013172,0.6950755459113434,-0.2732413766440441,-0.36711654840828767,2682068.6452702703
31.642216274487954,9.627583917453606,2.0823436570141967,-1.00398314884561,0.007148558966078717,-0.2142512213871651,1.1352312304036196,0.743063092596183,0.6926731105529009,-0.27378683526486547,-0.3662147225701057,2682073.204391892
-39.67713348359775,-9.061582658233464,4.1231358046093725,-1.4126003513341152,-0.08366902896988017,-0.13171779527102223,1.1436857067034893,0.796686961603396,0.6902301669052204,-0.27432920045666637,-0.36531220855178115,2682077.7635135134
-13.146399552775446,-2.0504628827712588,3.4386122851309056,-1.5115879374107903,-0.1700517276995562,-0.048234072122574884,1.1464645362908488,0.8497489231095267,0.687746806216043,-0.27486845498940865,-0.36440900957149386,2682082.322635135
34.949442395533254,9.089253406859571,0.8728406149376996,-1.3649000202350132,-0.24569498346613775,0.0333685110831003,1.143573817790458,0.902216761651209,0.6852231197331125,-0.2754045816330563,-0.36350512884740904,2682086.881756757
-26.032563440648538,-3.1876419825245046,-1.9080380433790674,-1.0719723911581085,-0.30707652465506013,0.11042931823099672,1.1350162892268358,0.9540616223653221,0.6826591987041695,-0.2759375631575701,-0.3626005695976804,2682091.440878378
20.020791149442104,-9.887208298427948,-3.0434161856471045,-0.7315879288078151,-0.3514864245948287,0.18044714542558726,1.1207924542579697,1.00525688475528,0.680055134376957,-0.27646738233291496,-0.3616953350404963,2682096.0
-22.157619415430876,10.284007323723808,-1.4060963548881125,-0.4233549846979197,-0.37681707884076454,0.24152311099816945,1.1008972396759467,1.055781505190388,0.6774110179992164,-0.27699402192905137,-0.3607894283940163,2682100.0861486485
30.684943807823885,6.373944905220063,1.207998916378242,-0.15018380188639832,-0.3815734796845325,0.29237093001637726,1.0753241780563911,1.1056158342564224,0.6747269408186902,-0.277517464715943,-0.3598828528763998,2682104.6452702703
-38.38431155540809,-10.877188472905136,3.040866626479431,0.10418990368272796,-0.3649372698373193,0.33238096796736233,1.044066801974922,1.1547402225391632,0.6720029940831203,-0.27803769346355195,-0.35897561170583536,2682109.204391892
-18.79991284987988,-0.27335292860467436,2.89187399986471,0.34728865906919165,-0.3271876477335812,0.3620411460615568,1.0071186440071567,1.2031350206243894,0.6692392690402494,-0.27855469094184176,-0.35806770810048816,2682113.7635135134
35.56260963753924,11.310125649219023,0.9685410547398563,0.5530499106419268,-0.268858172711745,0.3820412741250352,0.9645257090170406,1.2507805790978752,0.6664358569378191,-0.2790684399207746,-0.35715914527850606,2682118.322635135
-27.012462126597505,-4.8831266788794565,-1.9688384257491927,0.6921971369502182,-0.19048240411023465,0.39286015142286984,0.9165410701279801,1.2976611908469364,0.6635928490235717,-0.2795789231703131,-0.35624992645808345,2682122.881756757
20.29815878069257,-11.70940998419125,-4.337681130334419,0.7369217464976238,-0.09267988392759662,0.3949099604294425,0.8634686480479324,1.343776917965027,0.6607103365452486,-0.2800861234604188,-0.35534005485737236,2682127.440878378
-20.995708919846074,11.871152418462836,-4.411886501979869,0.6610463350422404,0.022298658583074324,0.3885644602442128,0.805646844558242,1.3891317648471377,0.6577884107505934,-0.2805900235610566,-0.3544295336945469,2682132.0
27.886870168186082,7.62131424394121,-1.380996171914467,0.45680886912077584,0.14693440632065866,0.37419308517130223,0.7434183862355935,1.433729735888256,0.6548271628873471,-0.28109060624218746,-0.35351836618777804,2682137.0861486485
-34.133356374363736,-12.005794902300375,2.838888821865523,0.17045601853252487,0.2722889706437301,0.35216660303389463,0.6771246661376097,1.4775748354833718,0.6518266842032517,-0.28158785427377453,-0.3526065555552282,2682141.6452702703
-23.66376539271236,-1.6945400767095524,5.716262546400732,-0.13858518526111085,0.3893908841793295,0.3228557816551734,0.6071070773219076,1.5206710680274753,0.6487870659460501,-0.2820817504257802,-0.35169410501508147,2682146.204391892
30.302917708889606,11.871758019471006,4.926450103268542,-0.4151795415066648,0.48926867955447567,0.28663138885832395,0.5337070128461103,1.5630224379155568,0.6457083993634836,-0.2825722774681672,-0.35078101778547993,2682150.7635135134
-22.822519539985926,-2.415893268287822,-0.48162206365788407,-0.6213591722825287,0.5628573322333744,0.24395774962935596,0.4572658657678392,1.6046329495426053,0.6425907757032944,-0.28305941817089775,-0.3498672970846149,2682155.322635135
18.003356597841552,-11.715088676150808,-6.231538805770384,-0.7234480303750404,0.6006373808992753,0.19575362573522867,0.37812502914471696,1.6455066073036106,0.6394342862132256,-0.2835431553039361,-0.3489529461306503,2682159.881756757
-20.27538467368304,11.754298340627999,-7.428937722135909,-0.6910786032816857,0.5960377209336979,0.1432979569557801,0.2966258960343629,1.685647415593562,0.6362390221410184,-0.28402347163724306,-0.34803796814174986,2682164.440878378
27.245847587548035,10.502524463108637,-2.694170401770556,-0.520255332388593,0.5546126627387973,0.08773333741107499,0.21310985949439867,1.7250593788074486,0.6330050747344153,-0.28450034994078216,-0.3471223663360919,2682169.0
-32.0398437614607,-12.214382297492294,4.676407859367333,-0.2628424539692972,0.4802978136234323,0.03014932109080085,0.12791831258244496,1.763746501340263,0.6297325352411576,-0.2849737729845152,-0.34620614393182864,2682174.0861486485
-17.647155675114757,-3.6733775049902957,8.294486036289289,0.016157980658586514,0.3757834185282392,-0.028364245130825118,0.04139264835612382,1.801712787586991,0.6264214949089879,-0.28544372353840547,-0.3452893041471399,2682178.6452702703
25.101983076423256,12.953089909684822,6.464687086724274,0.26812012033146504,0.2437597223938539,-0.08671751437959337,-0.046125740126941935,1.838962241942623,0.6230720449856492,-0.28591018437241633,-0.3443718502001879,2682183.204391892
-18.034712978933978,3.4654991265048123,-0.12554224119171997,0.5097174195527795,0.0871224651099556,-0.14382063978128765,-0.13429545980913457,1.8754988688021512,0.619684276718882,-0.28637313825650856,-0.3434537853091598,2682187.7635135134
14.809141073054137,-13.58437100223371,-6.65605445812947,0.7731775531838025,-0.09041063363758682,-0.1985837744616951,-0.22277511763282912,1.911326672560563,0.61625828135643,-0.2868325679606468,-0.34253511269220527,2682192.322635135
-18.85832201057661,1.6518877768258202,-8.531889318614908,1.088176756929517,-0.28257041500661023,-0.24991707154660256,-0.31122332054040563,1.946449657612848,0.6127941501460342,-0.2872884562547922,-0.3416158355674986,2682196.881756757
28.240833878580364,13.828121282437067,-6.187203020011644,1.4542980157356682,-0.4737039433259488,-0.2967306841617925,-0.39929867547424297,1.980871828353996,0.6092919743354368,-0.2877407859089076,-0.34069595715319884,2682201.440878378
-37.72872390812529,1.291183880681578,-1.3362236542333346,1.785940474619869,-0.6458123387171822,-0.3379347654330535,-0.4866597893767212,2.0145971891789984,0.6057518451723811,-0.2881895396929572,-0.33977548066749996,2682206.0
-2.7705948848911093,-9.93001295249609,3.925716916420767,1.9776357513602631,-0.781738667992652,-0.3724394684861712,-0.572965269190219,2.0476297444828444,0.6021738539046069,-0.2886347003769007,-0.338854409328544,2682210.0861486485
45.898023738341635,-13.371922734328715,7.402833518572455,1.9302448903744511,-0.870655424604153,-0.39915494644693233,-0.6578737218571094,2.079973498660519,0.598558091779859,-0.2890762507307038,-0.33793274635452236,2682214.6452702703
3.089459293566342,-10.87195661610867,7.503892476774556,1.565061036470351,-0.9144236081998751,-0.41699135244112157,-0.7410437543197786,2.111632456107018,0.5949046500458778,-0.2895141735243273,-0.3370104949635794,2682219.204391892
-12.67418732688048,-4.658005677971296,5.028535317484378,0.8646441409276361,-0.9176111679167523,-0.42511352998219043,-0.8221339735206006,2.142610621217328,0.5912136199504054,-0.2899484515277342,-0.33608765837390236,2682223.7635135134
-37.68853278721924,2.6632114643800553,1.271631905811676,-0.07137909150151946,-0.8836581208164179,-0.423795256919465,-0.9008219841413788,2.1729119983864384,0.5874850927411847,-0.29037906751088716,-0.3351642398036549,2682228.322635135
35.712410057550755,8.947340386020905,-2.4992786829534315,-1.1160511662452939,-0.8152980324194476,-0.41391167926439887,-0.976890474242849,2.202540592009341,0.583719159665957,-0.2908060042437484,-0.3342402424710027,2682232.881756757
-36.57953466667548,11.154409761532548,-5.1093934539209,-2.142414588731866,-0.7150949815025596,-0.39635947199120064,-1.0502700896668447,2.2315004064810235,0.5799159119724655,-0.2912292444962819,-0.33331566959411696,2682237.440878378
4.466511799840332,3.5970454293960876,-5.903728209943775,-3.0235118643894157,-0.5855979677876713,-0.3719709352807518,-1.1209709301033315,2.2597954461964767,0.5760754409084509,-0.2916487710384483,-0.33239052439116207,2682242.0
44.2345880313883,-6.276966601487933,-4.907683436156723,-3.6402348013357653,-0.4293559909966999,-0.341555301516974,-1.1890261630392311,2.287429715550688,0.5721978377216568,-0.29206456664021246,-0.3314648100803174,2682247.0861486485
31.654077913943084,-9.733608157760706,-2.264136883078681,-3.904872418447284,-0.24891805085156357,-0.30587989332282095,-1.2545108657224362,2.314407218938649,0.5682831936598242,-0.29247661407153547,-0.3305385298797457,2682251.6452702703
-14.274898960450166,-6.657978066884196,1.547956296211361,-3.73645988207521,-0.047936302288965116,-0.26570523762778087,-1.3175069110943058,2.3407319607553494,0.5643315999706955,-0.29288489610238017,-0.32961168700760435,2682256.204391892
-44.0646303425229,2.08397100745511,4.673934127635503,-3.0496197377116223,0.16552447889523994,-0.22180787932419677,-1.378080154133342,2.366407945395779,0.5603431479020127,-0.293289395502709,-0.32868428468208477,2682260.7635135134
34.75813700629468,9.16782911751922,4.9152079318661235,-1.757871375633812,0.38229636169040937,-0.17497320895424034,-1.4362876041682167,2.3914391772549264,0.5563179287015182,-0.29369009504248555,-0.3277563261213377,2682265.322635135
-22.343919249917647,-5.1807381491038615,1.1428951003323662,0.12968278228819716,0.5932114150859035,-0.1259879080358477,-1.4921849795518403,2.415829660727781,0.5522560336169541,-0.2940869774916718,-0.32682781454354,2682269.881756757
12.882759682166663,-9.921216190729085,-3.493062692509571,2.2216081878134726,0.789101708071081,-0.075638658086954,-1.5458279986371244,2.439583400209333,0.5481575538960627,-0.2944800256202308,-0.32589875316685507,2682274.440878378
-11.372152907742285,10.828973728206984,-4.958350140207026,4.052849830442713,0.9607993096352994,-0.024712140625491683,-1.5972723797769803,2.462704400094572,0.5440225807865854,-0.2948692221981242,-0.3249691452094569,2682279.0
17.130367078758642,6.306551514772483,-1.2595653809377765,5.286788964109323,1.0991362887679157,0.02600496283060088,-1.6465738413243178,2.485196664778489,0.5398512055362648,-0.2952545499953154,-0.32403899388951307,2682283.0861486485
-28.31878605712986,-13.66575721832065,3.8819178209635767,5.771113360462134,1.194944714458292,0.07572597076339234,-1.6937881016320484,2.5070641986560718,0.5356435193928429,-0.295635991781767,-0.32310830242519156,2682287.6452702703
-30.211942283181628,-10.808019441101084,5.421835865782379,5.391379191334743,1.241774242606244,0.12366420165494488,-1.7389708790530818,2.52831100612231,0.5313996136040618,-0.29601353032744143,-0.3221770740346602,2682292.204391892
28.438122301684412,17.153708155116853,3.1130412910087193,4.098557996144902,1.2440398227858824,0.1690380279548771,-1.7821778919403273,2.548941091572194,0.527119579417664,-0.29638714840230157,-0.3212453119361076,2682296.7635135134
-21.6203868901559,8.75486424696284,-1.7542151060099755,2.14604658830379,1.2087486969828587,0.21119111661172296,-1.8234648586467004,2.5689584594007147,0.5228035080813909,-0.2967568287763099,-0.3203130193476423,2682301.322635135
16.826780417193554,-19.96464455402821,-5.800314041577758,-0.1364725035514564,1.142451277183431,0.24992396457341318,-1.862887497525107,2.5883671140028595,0.518451490842985,-0.29712255421942896,-0.3193801994874905,2682305.881756757
-19.653223698506466,-4.975471025234678,-6.222031644950023,-2.4193167507836875,1.0514670506770285,0.28526799348470083,-1.9005015269284569,2.6071710597736173,0.5140636189501887,-0.29748430750162164,-0.31844685557381763,2682310.440878378
29.6150098494111,20.935125900438646,-4.651675551463124,-4.408507972054699,0.9420840432360563,0.31728608650737034,-1.9363626652096648,2.6253743011079806,0.509639983650743,-0.2978420713928498,-0.3175129908247684,2682315.0
-42.20305378883802,18.645958455399605,-3.2082232361189673,-5.952885375222041,0.8205902806329199,0.3460411268032046,-1.97052663072164,2.6429808424009376,0.5051806761923917,-0.2981958286630774,-0.31657860845851843,2682319.0861486485
-2.5234463225691837,1.7158107936524283,-2.003428634448912,-6.955224769679093,0.6932737886400198,0.37159599753398515,-2.003049141817291,2.659994688047478,0.5006857878228758,-0.29854556208226596,-0.3156437116932459,2682323.6452702703
61.08048957755226,-13.675893703932314,-0.5877949305530465,-7.391230981766867,0.5664225930297605,0.39401358186149826,-2.033985916849532,2.6764198424425913,0.4961554097899371,-0.29889125442037856,-0.3147083037471118,2682328.204391892
32.52008927986051,-17.129572295483612,1.5064069457054412,-7.2534886906314755,0.44497231814276006,0.4133567629475243,-2.0633926741712703,2.6922603099812674,0.49158963334131867,-0.2992328884473777,-0.3137723878382944,2682332.7635135134
-7.225388988023,-10.536957528668886,4.372582894714578,-6.5291729696919045,0.3284489825924871,0.42969374946210975,-2.0913304576436795,2.707520095058496,0.4869885497247624,-0.2995704469332264,-0.3128359671849431,2682337.322635135
-53.13007518124765,2.5800683106105344,6.606846137867099,-5.204106490935335,0.21502620356063273,0.4431140521083408,-2.1178816131609746,2.722203202069266,0.48235225018800976,-0.2999039126478864,-0.31189904500524335,2682341.881756757
39.85331948799398,12.363837763245332,6.423593739188735,-3.256718938730747,0.10287759822887656,0.4537125070975687,-2.1431338121256327,2.7363136354085684,0.47768082597880346,-0.3002332683613215,-0.3109616245173634,2682346.440878378
-24.79111888968414,-2.887741879487635,2.767153021893503,-0.7139919098281744,-0.009823216221093748,0.4615839506411421,-2.167174725940128,2.749855399471389,0.47297436834488515,-0.3005584968434934,-0.3100237089394627,2682351.0
14.223868224625082,-10.696080861833579,-2.3875328397780295,2.091990535224802,-0.12490262260759316,0.4668232189504106,-2.1900920260069427,2.7628324986527235,0.4682329685339974,-0.3008795808643652,-0.30908530148971514,2682356.0861486485
-12.682493794919763,10.900197580071367,-5.825444852091965,4.7510204730266645,-0.24418700374893607,0.4695251482367229,-2.211973383728551,2.775248937347558,0.46345671779388214,-0.30119650319389935,-0.30814640538629046,2682360.6452702703
18.890841033238026,8.775899099546821,-3.8980016926406402,6.860421954648272,-0.3695027424634382,0.46978457471143,-2.2329064705074293,2.7871087199508833,0.4586457073722813,-0.30150924660205813,-0.307207023847364,2682365.204391892
-21.700000123298686,-13.451894190989133,1.2295492179495138,8.047646929049947,-0.5026762215694114,0.4676941763505042,-2.2529767995106784,2.7984158508576873,0.4538000285169372,-0.301817793858805,-0.3062671600910763,2682369.7635135134
-33.17923513638655,-15.681053142948745,4.7983147878695345,7.946597295940556,-0.644451800161342,0.4633354754966778,-2.272258728272158,2.809174334462961,0.4489197724755916,-0.3021221277341017,-0.3053268173356348,2682374.322635135
32.02763849319189,18.136062683130852,3.708826663165069,6.34186346032982,-0.7912457424383827,0.45677510394844073,-2.290811723781486,2.819388175161693,0.4440050304959876,-0.302422230997912,-0.3043859987991845,2682378.881756757
-25.739315843760735,14.587983579765636,-0.5233626555412515,3.6370202042883397,-0.9383922888758592,0.4480636163073701,-2.3086791758313656,2.8290613773488746,0.43905589382586613,-0.30271808642019704,-0.30344470769988613,2682383.440878378
21.024491524609196,-23.056639244290096,-3.7391004651122706,0.39065891008290926,-1.0812256799490945,0.4372341798033989,-2.325887086842858,2.8381979454194934,0.43407245371297,-0.3030096767709204,-0.30250294725593335,2682388.0
-22.98523754157971,-15.105833591851145,-2.6766690745455968,-2.850351204580831,-1.2150801561334135,0.42430568643734407,-2.342447184007909,2.846801883768542,0.4290548014050413,-0.3032969848200455,-0.3015607206854791,2682392.0861486485
31.063738867979588,20.38161726711367,0.6789968840869376,-5.585747181957424,-1.3352899579041375,0.4092914293359745,-2.3583655956444103,2.8548771967910045,0.4240030281498213,-0.3035799933375331,-0.3006180312066981,2682396.6452702703
-41.30589167342369,27.578984045411985,3.030240704378332,-7.32585863572486,-1.4371893257365924,0.3921952306649022,-2.3736389791091086,2.8624278888818786,0.4189172251950536,-0.3038586850933471,-0.2996748820377577,2682401.204391892
-15.658886516207618,7.217260531182438,2.043795221103592,-7.733755872366873,-1.516112500106101,0.3730236211715767,-2.3882667003405746,2.869457964436148,0.41379748378847886,-0.3041330428574495,-0.2987312763968261,2682405.7635135134
56.48683662308606,-17.535473514817657,-0.7549189730966338,-7.083585798488702,-1.5684094857271014,0.3518033199174288,-2.4022683135913665,2.875971427848801,0.40864389517783994,-0.3044030493998034,-0.2977872175020774,2682410.322635135
50.989878738215836,-26.73371489050748,-2.8758093461153,-5.798455354829299,-1.5944933442704903,0.32856730714894367,-2.4156696342991015,2.881972283514834,0.40345655061087865,-0.30466868749037135,-0.2968427085716592,2682414.881756757
11.481632400799226,-20.323677127159307,-2.48526305124761,-4.255923876992146,-1.5957910401168087,0.30335155800937963,-2.428501334327628,2.887464535829229,0.39823554133533706,-0.3049299398991153,-0.2958977528237659,2682419.440878378
-49.13575845436385,-0.19524474120403668,-0.37558598339793225,-2.6554233369953635,-1.5737231356999624,0.27618685980191954,-2.4407952996473625,2.892452189186981,0.39298095859895804,-0.3051867893959994,-0.2949523534765687,2682424.0
37.60041490893929,21.689319794020562,2.004436277127131,-1.1518538659607427,-1.5297394992943083,0.2471333056701969,-2.452583416228719,2.8969392150583455,0.38769292657421645,-0.30543921875098456,-0.2940065137481978,2682428.0861486485
-24.420548871351382,7.107147411452662,3.31917084201776,0.09988440498994615,-1.465410017366045,0.2163710069496829,-2.463897570042107,2.9009294532146437,0.38237170113252156,-0.30568721073403443,-0.29306023685685634,2682432.6452702703
15.045486665141008,-17.816150546393697,2.6481141680673876,0.9823727676188914,-1.3823756121888175,0.18415111078330423,-2.4747696470579417,2.9044267105024617,0.37701757107001704,-0.3059307481151114,-0.2921135260207082,2682437.204391892
-13.878005425706272,-3.8501894953902025,-0.307531022011356,1.545070410654408,-1.2822882173168944,0.15073577559460222,-2.4852315332466395,2.9074347937683953,0.371630825182846,-0.3061698136641785,-0.29116638445791687,2682441.7635135134
20.79555588197632,14.949973295045123,-3.2501263665566458,1.9427267674296969,-1.16679976630454,0.1163871598071186,-2.495315114578606,2.9099575098590234,0.3662117522671507,-0.30640439002697356,-0.29021881551087464,2682446.322635135
-25.644712474829827,13.409233187898813,-3.900535252853294,2.3470434767081847,-1.0375621927060186,0.08136742184439415,-2.505052277024263,2.9119986656209442,0.3607606411190748,-0.3066344593523389,-0.2892708230188801,2682450.881756757
-42.52044835601416,4.146284400647894,-2.6447276453626833,2.8869046968102086,-0.8962274300755951,0.04593872012996988,-2.514474906554018,2.913562037100189,0.35527781133531083,-0.30686000366489175,-0.2883224109454382,2682455.440878378
48.63653598935751,0.4273135543506883,-0.3743846011787676,3.5199246642837445,-0.744447411967536,0.010363213087387661,-2.5236148891382872,2.9146512771405986,0.34976370571475485,-0.30708100498925117,-0.28737358325405404,2682460.0
2.2386598480335786,-7.093481265748681,2.061630303047602,4.160900135233674,-0.583874071936104,-0.025096940859811692,-2.5325041107474857,2.9152700077854607,0.34421879785685144,-0.30729744535003395,-0.28642434390825733,2682465.0861486485
-2.053218689061429,-14.538663778582231,3.8144534906655605,4.724627865764873,-0.4161593435355649,-0.06017958328808692,-2.5411744573520223,2.915421851078057,0.3386435613610469,-0.3075093067718586,-0.2854746968715545,2682469.6452702703
-42.02409744924443,-11.6640143396354,4.237031939819124,5.1259046119822305,-0.24295516032018377,-0.09462255577389665,-2.549657814922312,2.9151104290616763,0.3330384698267866,-0.3077165712793429,-0.2845246461074609,2682474.204391892
38.78873992418632,3.3520552924082367,3.474479390361728,5.294602587460671,-0.06591345584422519,-0.12816369989369988,-2.5579860694287686,2.9143393637796033,0.3274039968535155,-0.3079192208971042,-0.2835741955794859,2682478.7635135134
-38.2013923453272,18.01072793733002,1.813418307061498,5.220873580225351,0.11333609176798717,-0.16054085722395525,-2.5661911068418046,2.913112277275125,0.3217406160406794,-0.30811723764976107,-0.28262334925114885,2682483.322635135
-33.01004790183427,14.57892357558056,-0.4106405959615202,4.909966213832075,0.2931424263315341,-0.19149186934112156,-2.5743048131318367,2.91143279159153,0.316048800987724,-0.3083106035619307,-0.2816721110859579,2682487.881756757
8.246909571811255,-3.552235900872828,-2.60633177729937,4.367548455528134,0.47143514796999625,-0.2207545778216576,-2.582359074269271,2.9093045287720987,0.3103290252940943,-0.3084993006582311,-0.2807204850474268,2682492.440878378
44.2646493331395,-21.1162620472688,-4.118325988722159,3.5993986723411986,0.646033457026592,-0.24806682424202176,-2.590385776224527,2.9067311108601226,0.30458176255923625,-0.3086833109632804,-0.279768475099075,2682497.0
12.998153406391397,-23.5876189855568,-4.2910995341813605,2.611100783480328,0.8147565538445414,-0.27316645017867375,-2.5984168049680165,2.9037161598988868,0.2988074863825951,-0.3088626165016965,-0.27881608520440904,2682502.0861486485
-38.683676784556745,-4.831976660631054,-2.7590218857269,1.4287014995624019,0.975423638767064,-0.29579129720807135,-2.6064840464701544,2.900263297931679,0.29300667036361655,-0.30903719929809725,-0.277863319326947,2682506.6452702703
30.587570021104998,25.187626352443075,-0.3189519050813709,0.1630154141145132,1.1258539121373776,-0.3156792069066737,-2.6146193867013507,2.8963761470017824,0.2871797881017458,-0.3092070413770999,-0.2769101814301925,2682511.204391892
-21.81765644424786,13.50679950821723,2.059497462167807,-1.05390229665404,1.2638665742987034,-0.33256802085094,-2.6228547116320207,2.8920583291524844,0.2813273131964282,-0.30937212476332276,-0.2759566754776819,2682515.7635135134
16.898033888421036,-25.188323577449758,3.878380772465228,-2.089996456533959,1.3872808255942597,-0.3461955806173282,-2.631221907232577,2.8873134664270714,0.2754497192471094,-0.30953243148138343,-0.2750028054329084,2682520.322635135
-17.742281249982682,-17.675669066417175,4.76002669810428,-2.8132118893159457,1.4939158663672658,-0.3562997277822979,-2.639752859473433,2.8821451808688296,0.26954747985323546,-0.30968794355590057,-0.27404857525939025,2682524.881756757
22.56122376732397,15.498752022215152,4.370825930847027,-3.1261264768961583,1.5815908969609414,-0.3626183039223072,-2.6484794543250008,2.876557094521044,0.2636210686142511,-0.30983864301149106,-0.27309398892063824,2682529.440878378
-31.710026091086515,22.111169087217082,2.5180586352181478,-3.0702415107618957,1.6485162948878282,-0.36488915061381516,-2.6574335777576983,2.8705528294270053,0.2576709591296017,-0.309984511872773,-0.27213905038017416,2682534.0
-32.73628515678892,6.926824237113864,-0.6787133757603614,-2.7232560491831945,1.6944671463377552,-0.36284993279103794,-2.666647292384176,2.864136007629994,0.25169762499873377,-0.3101255321643648,-0.2711837636014957,2682538.0861486485
39.53669591202349,-11.07928845451814,-3.9893339274990804,-2.163260327599424,1.7196097146698741,-0.3562435267733343,-2.6761474494319497,2.8573102511733004,0.24570153982109147,-0.3102616859108834,-0.2702281325481444,2682542.6452702703
37.49681997863183,-16.538292725968876,-5.90599825501673,-1.4683445814499458,1.72409660185128,-0.34484088116179834,-2.6859191664547377,2.8500791821002074,0.23968317719612156,-0.31039295513694765,-0.26927216118361486,2682547.204391892
11.483259373170897,-11.603785517249316,-5.318459062904757,-0.7150060417339997,1.7081145233726933,-0.32852597775088754,-2.695868641336525,2.842446422454004,0.23364301072326824,-0.31051932186717435,-0.26831585347141373,2682551.7635135134
-40.58146161748407,-0.3965860645805513,-2.7066989340454457,0.026630078309672657,1.672216957377987,-0.3075679903570344,-2.705883642592474,2.834415594277978,0.22758151400197846,-0.31064076812618246,-0.26735921337507657,2682556.322635135
36.36572564744754,10.507843307043544,1.0517420791061924,0.6880315698824523,1.6171476918139547,-0.28242265103446185,-2.715855690302868,2.825990319615411,0.22149916063169642,-0.3107572759385891,-0.2664022448580778,2682560.881756757
-20.791576512938672,6.670613305144177,4.942875513265102,1.200666224185722,1.5436759023051525,-0.2535558823854118,-2.725691501677748,2.817174220509591,0.21539642421186794,-0.31086882732901183,-0.26544495188397776,2682565.440878378
-13.716839215460263,-4.814098457931888,7.458362436233801,1.4960018324208642,1.4525707644761376,-0.2214298077296846,-2.7353015932095897,2.8079709190038065,0.2092737783419394,-0.3109754043220697,-0.26448733841626254,2682570.0
-27.613682089537317,-5.890450144036436,7.13670253302179,1.5276431848063001,1.3449501245285356,-0.1865065503870843,-2.744596481390862,2.7983840371413398,0.20313169662135455,-0.3110769889423791,-0.2635294084184531,2682575.0861486485
28.734466712196717,0.3328889428632342,3.24341547559102,1.3382607444433614,1.2228088341574956,-0.14924823367741313,-2.7534866827140467,2.7884171969654825,0.1969706526495604,-0.311173563214559,-0.262571165854059,2682579.6452702703
-9.202567438883577,4.025524303440142,-2.0160910623390267,0.994732680709408,1.0864197083762401,-0.11011698092047317,-2.7618827136716124,2.7780740205195156,0.1907911200260021,-0.3112651091632272,-0.26161261468659824,2682584.204391892
-31.941114793844598,3.400154251523247,-6.381448597763818,0.5644548397965583,0.9355378853832407,-0.06957491543606699,-2.769695090756035,2.767358129846727,0.18459357235012466,-0.311351608813001,-0.26065375887957726,2682588.7635135134
33.865229310225246,0.4852015285174402,-8.938958989232757,0.1148230678969226,0.7699185033769711,-0.028084160543996928,-2.7768343304597902,2.7562731469904045,0.1783784832213746,-0.3114330441884989,-0.2596946023965317,2682593.322635135
25.308240683583286,-1.5579902592127994,-9.086665607600548,-0.28676678879738265,0.5893167005559041,0.013893160435933817,-2.7832109492753525,2.7448226939938336,0.17214632623919582,-0.3115093973143377,-0.25873514920094187,2682597.881756757
9.675068600266979,-2.3844477704974434,-6.453001825405703,-0.584295080996138,0.3934876151185124,0.05589492418392301,-2.7887354636951938,2.7330103929002987,0.1658975750030347,-0.31158065021513587,-0.25777540325634113,2682602.440878378
-38.6945737223802,-1.4707103659662717,-1.7281294690853717,-0.7672469470166882,0.18218638526326872,0.09745900738016858,-2.7933183902117933,2.720839865753091,0.15963270311233677,-0.3116467849155115,-0.2568153685262424,2682607.0
38.458721122887404,1.1922453910880977,3.606725844585866,-0.8364837220782704,-0.04483185081135352,0.13812328670486698,-2.796870245317621,2.708314734595491,0.15335218416654744,-0.3117077834400823,-0.25585504897416034,2682611.0861486485
-10.534027191772596,1.7495796196244684,7.930170051670018,-0.7944339899879387,-0.2862447063190672,0.1774256388382168,-2.7993015455051533,2.6954386214707884,0.14705649176511199,-0.3117636278134657,-0.25489444856359,2682615.6452702703
-15.308728224156551,0.9079755626770127,9.82051619410771,-0.649935895424531,-0.5343202336017953,0.21490394046041467,-2.800522807266862,2.682215148422267,0.14074609950747588,-0.31181430006028005,-0.2539335712580689,2682620.204391892
-32.04412729712873,-0.022677441630379224,8.852701024668233,-0.41846104064885276,-0.7794030682699703,0.2500960682516586,-2.8004445470952244,2.6686479374932146,0.13442148099308585,-0.31185978220514354,-0.25297242102109435,2682624.7635135134
29.79729248443559,-0.4053193648961219,5.592549551256062,-0.13362205999075938,-1.01253697726685,0.2825398988921463,-2.7989768891498583,2.6547402183940614,0.12808310982138543,-0.31190005627267314,-0.25201100181619285,2682629.322635135
-1.0174718256261097,0.635351516522871,0.8971419686719107,0.16652569370650067,-1.2250330498727706,0.3117733090620738,-2.7960283882589554,2.6404936515038115,0.12173145959182105,-0.311935104287487,-0.2510493176068732,2682633.881756757
-27.916015000330727,1.1303336151337158,-4.019080390293203,0.443942173699342,-1.408217681467731,0.33733417544164074,-2.791507072771758,2.6259093707225176,0.11536700390383874,-0.31196490827420376,-0.2500873723566414,2682638.440878378
26.27095019907733,-0.6185259286015828,-7.955063932575598,0.6605873332441791,-1.5534172674317293,0.35876037471104266,-2.78532043445315,2.6109879733658774,0.10899021635688273,-0.31198945025743974,-0.2491251700290219,2682643.0
29.4863821076345,-2.286138418335709,-9.889968717277776,0.7784211255974225,-1.6519582031447606,0.3755897835504781,-2.777375830921926,2.5957299226034958,0.10260157055039967,-0.3120087122618144,-0.24816271458751807,2682647.0861486485
18.8020905858825,-2.110890830666931,-9.09765035878602,0.7697727317088333,-1.6973481224750109,0.3873647844122669,-2.7675850120500662,2.580135681604977,0.09620154008383375,-0.31202267631194397,-0.2472000099956473,2682651.6452702703
-31.29381818691517,0.11260193272551092,-5.9682818760238066,0.6485264174781196,-1.6919926334221373,0.39375077220079874,-2.7558874400837015,2.564205713539922,0.0897905985566321,-0.3120313244324478,-0.2462370602169241,2682656.204391892
31.070880794737736,3.344963699453057,-1.5508795461621463,0.439243554964387,-1.6411649994065376,0.39484105328634933,-2.7422718367494263,2.547940481577941,0.08336921956823876,-0.31203463864794295,-0.24527386921486727,2682660.7635135134
-1.8491157366175666,2.649869522176236,3.0726695015339143,0.16654441744263473,-1.550288848897837,0.3908505448112106,-2.7267570707125066,2.531340448888636,0.07693787671810005,-0.31203260098304725,-0.24431044095298152,2682665.322635135
-9.754326814024598,-1.2006817828593372,7.021620739798949,-0.14495554005230682,-1.424782146583285,0.3820089259599562,-2.709377618222698,2.5144060786416107,0.07049704360566109,-0.3120251934623791,-0.24334677939478236,2682669.881756757
-28.91823059822908,-5.267636632662,9.193807202323713,-0.47064086248560616,-1.2700628571501287,0.3685487043678691,-2.6901707839804714,2.4971378340064723,0.06404719383036793,-0.3120123981105558,-0.24238288850378759,2682674.440878378
30.027388572462293,-5.845197576134133,8.414549611815495,-0.7858392743839793,-1.0915489452856153,0.35070238767023526,-2.6691738726862946,2.4795361781528227,0.05758880099166522,-0.31199419695219605,-0.24141877224350183,2682679.0
-1.0378626059573046,1.0902614611522834,4.176713451597531,-1.0656512185203235,-0.8946583756769957,0.3287024835023399,-2.6464241890406375,2.461601574250267,0.051122338688998674,-0.311970572011916,-0.24045443457744978,2682684.0861486485
-34.61464748753874,8.123951434190326,-1.3558044459664509,-1.2851203172290753,-0.6848091130115163,0.30278149949946653,-2.6219596261721225,2.4433350738965633,0.04464828052181465,-0.31194150531433534,-0.2394898794691386,2682688.6452702703
6.211668638277041,6.955038742455345,-5.725626257604896,-1.4196052360032705,-0.4671040788178319,0.2731719432969008,-2.595820430921984,2.424740082402083,0.03816710008955697,-0.31190697888407076,-0.2385251108820828,2682693.204391892
33.266498189867455,-1.7924717165479622,-7.972538365893962,-1.4457959254105752,-0.24531490954996585,0.2401063225299268,-2.5680474385596095,2.405820593505346,0.03167927099167252,-0.31186697474574054,-0.23756013277979687,2682697.7635135134
32.70097083465047,-13.135685542893532,-7.499436624244064,-1.3521387532594646,-0.022638405048792075,0.2038171448338298,-2.5386814843543855,2.3865806009448765,0.0251852668276063,-0.3118214749239625,-0.23659494912578583,2682702.322635135
-25.496121308403744,-11.707876395899126,-4.114721755863364,-1.1717788970834937,0.1977011220592528,0.16453691784389493,-2.5077634035757033,2.3670240984591997,0.018685561196803487,-0.31177046144335435,-0.23562956388357795,2682706.881756757
18.697292853727983,12.409998560298014,0.5834623274341405,-0.949018458737422,0.4124547028412804,0.12249814919540641,-2.4753340314929484,2.347155079786837,0.012180627698710436,-0.3117139163285344,-0.23466398101667824,2682711.440878378
-14.571151074573276,19.166382442511086,4.546740521526092,-0.7281595400760147,0.6183733683644013,0.07793334652364921,-2.4414342033755076,2.326977538666311,0.0056709399327720495,-0.31165182160412025,-0.2336982044886005,2682716.0
16.16703777637358,-11.42189604639198,6.1356968709353685,-0.5535042429540337,0.8122081496957266,0.03107501746390788,-2.406104754492771,2.3064954688361463,-0.0008430285015664971,-0.31158415929472943,-0.23273223826285555,2682720.0861486485
-22.92957019755733,-22.949623524317236,5.330977623695401,-0.45357283207705484,0.9907026318236023,-0.017844330348531837,-2.369386520114125,2.2857128640348647,-0.007360804004858937,-0.31151091142498005,-0.23176608630296586,2682724.6452702703
31.12013602398275,-1.4719388037817012,2.642731833694273,-0.3937451310197358,1.1505575228871459,-0.06859218927838648,-2.331320335508955,2.2646337180009883,-0.013881912977660279,-0.31143206001949025,-0.23079975257244228,2682729.204391892
-19.168194648879517,18.229465326955328,-0.7001009502860104,-0.3235761520508825,1.2884231107900428,-0.12093605169037086,-2.291947035946654,2.2432620244730437,-0.020405881820525072,-0.31134758710287747,-0.22983324103478348,2682733.7635135134
-39.977775104949856,27.07750855707587,-3.2849399579723584,-0.19264539882522844,1.4009741748219073,-0.17464340994919986,-2.251307456696606,2.2216017771895507,-0.0269322369340076,-0.3112574746997594,-0.22886655565351938,2682738.322635135
-38.115276079461616,23.665109915102043,-4.0450799120041445,0.04945178340445958,1.4849013358703862,-0.22948175641958912,-2.2094424330281983,2.199656969889033,-0.03346050471866277,-0.31116170483475464,-0.22789970039216498,2682742.881756757
23.96546056855096,4.142146525006734,-3.279336582250363,0.4351133424931214,1.5369419347401492,-0.28523952091125787,-2.1663928002108226,2.177431596310017,-0.03999021157504478,-0.3110602595324801,-0.22693267921422589,2682747.440878378
27.423972546094028,-19.37900236236509,-1.5604775338113699,0.924807082996591,1.5538818486462722,-0.34174722402632784,-2.1221993935138626,2.154929650191021,-0.04652088390370827,-0.3109531208175544,-0.22596549608320857,2682752.0
-20.22287355834254,-28.04495217765217,0.5567105926327423,1.4610198850504281,1.5323176394489095,-0.3986460710119979,-2.0769030482067077,2.1321551252705704,-0.05305204810520733,-0.310840270714595,-0.22499815496263115,2682757.0861486485
15.729617866649608,-0.2894191598279438,2.3649761418180986,1.9862386287901905,1.4686256454072866,-0.4553570435145394,-2.0305445995587452,2.1091120152871885,-0.0595832305800968,-0.3107216912482204,-0.22403065981603498,2682761.6452702703
-16.805531296676612,26.221137839624774,2.5472074001456346,2.442950194351433,1.3591221990692157,-0.5112411174688093,-1.9831648828393627,2.0858043139793976,-0.06611395772893168,-0.31059736444304736,-0.2230630146068975,2682766.204391892
21.997112399297485,-2.1158885030874246,0.36060770370566025,2.7594899191251545,1.2001195357670154,-0.5656551715941714,-1.9348047333179477,2.0622360150857197,-0.07264375595226569,-0.31046727232369464,-0.22209522329873824,2682770.7635135134
-25.725335223867297,-23.112257571814474,-2.0304993543188297,2.805524373414428,0.9899924869426856,-0.6179560846099919,-1.8855049862638902,2.038411112344681,-0.07917215165065404,-0.3103313969147793,-0.2211272898550884,2682775.322635135
23.7912013906598,11.189774270345653,-2.3267749940222258,2.4274350762104246,0.736249392605566,-0.6675007352356376,-1.8353064769465754,2.0143335994948033,-0.08569867122465036,-0.3101897202409201,-0.2201592182394414,2682779.881756757
-18.03913038140028,19.516108751607064,-0.6697782756076582,1.539846783786638,0.4519936853891545,-0.7136460021904727,-1.7842500406353923,1.9900074702746087,-0.09222284107481012,-0.3100422243267344,-0.21919101241532224,2682784.440878378
14.556560209715053,-13.335409030269172,1.7028211775071742,0.3518544479139033,0.15121192205557174,-0.7557487641938642,-1.7323765125997268,1.9654367184226202,-0.0987441876016875,-0.30988889119683977,-0.2182226763462418,2682789.0
-17.472144700960953,-16.48090189864036,2.6570456394794886,-0.8671083413641293,-0.1521093406330636,-0.7931658999651774,-1.6797267281089703,1.940625337677363,-0.10526223720583623,-0.309729702875855,-0.2172542139957072,2682794.0861486485
25.634592427456802,4.686739055398458,0.7601855224530732,-1.9124982701045243,-0.44398354591463146,-0.8252542882237778,-1.6263415224325066,1.9155773217773575,-0.11177651628781234,-0.30956464138839646,-0.21628562932724393,2682798.6452702703
-2.353345290139552,14.74007645504954,-1.9819221198346748,-2.6368377542622645,-0.7104241370270106,-0.8513708076890314,-1.572261730839725,1.8902966644611277,-0.11828655124816889,-0.3093936887590837,-0.21531692630436458,2682803.204391892
-43.44121215568135,11.59382174434166,-3.28842042808334,-2.903540719358402,-0.9374445572080848,-0.8708727800347535,-1.517527745645565,1.8647873594671984,-0.12479186848746165,-0.30921682701253295,-0.21434810889058073,2682807.7635135134
8.807540890580654,3.5208739333308965,-3.1505487160328016,-2.6259817102576255,-1.1139691850197053,-0.8831192987525598,-1.4621781873471618,1.8390534005340908,-0.1312919944062439,-0.3090340381733638,-0.2133791810493887,2682812.322635135
31.351025457876027,-5.974225385480001,-1.9292584032414102,-1.9174213566372353,-1.2405661403196075,-0.8874667600899646,-1.4062543736857565,1.8130987814003285,-0.13778645540507115,-0.3088453042661925,-0.2124101467443226,2682816.881756757
42.8765830381089,-14.695532302262878,0.067545075151932,-0.941255337269995,-1.3207144782895044,-0.8832628182854474,-1.3498063644116223,1.7869274958044348,-0.14427477788449744,-0.3086506073156378,-0.21144100993889253,2682821.440878378
-33.49181338746211,-15.63756352091173,2.4079710158139553,0.13907706163336772,-1.3579020662074264,-0.869858450423312,-1.2928720843328885,1.7605435374849314,-0.15075648824507687,-0.3084499293463174,-0.21047177459660568,2682826.0
22.698701176275975,5.23457060761209,4.182004348624396,1.1601365538621267,-1.355597600267595,-0.8466276234568427,-1.235485639472512,1.7339509001803437,-0.15723111288736552,-0.3082432523828487,-0.20950244468098458,2682830.0861486485
-15.727872461150067,17.030244650596646,4.427565670799763,1.9584838532055517,-1.3169022362880594,-0.8133118447154986,-1.1776811358534494,1.7071535776291935,-0.16369817821191576,-0.3080305584498504,-0.20853302415552039,2682834.6452702703
16.022944687905667,-6.019572510173701,2.606722905732697,2.4074218546613686,-1.2442252152538242,-0.7703445363617833,-1.1194926794986553,1.680155563570004,-0.170157210619284,-0.3078118295719398,-0.2075635169837509,2682839.204391892
-22.740280116343456,-18.359257752051313,-0.1938312614486962,2.52722217806109,-1.1398059156364428,-0.7183289830716494,-1.0609543764310867,1.6529608517412981,-0.17660773651002362,-0.3075870477737347,-0.20659392712918326,2682843.7635135134
32.07051322547293,-3.606028105224552,-2.6715650131457696,2.374939549655934,-1.005921844139402,-0.6578712665003715,-1.0021003326736988,1.6255734358815996,-0.18304928228468972,-0.3073561950798534,-0.20562425855533928,2682848.322635135
-4.846233347067625,12.537856791764346,-4.28521476361316,2.0084788087958745,-0.8457006205649398,-0.5895774683032257,-0.9429646542494488,1.5979973097294307,-0.18948137434383588,-0.3071192535149133,-0.20465451522571157,2682852.881756757
-46.1111698382724,19.717685902221273,-4.683833985068827,1.4885313690571653,-0.6650564389415801,-0.5140536701354859,-0.8835814471812913,1.5702364670233144,-0.19590353908801797,-0.30687620510353214,-0.20368470110383646,2682857.440878378
-19.64170454298403,15.136171336459572,-3.6774091396802637,0.8753421897472682,-0.4705899055516016,-0.4319059536524282,-0.8239848174921838,1.542294901501775,-0.20231530291778985,-0.30662703187032814,-0.2027148201531993,2682862.0
19.172395636664504,2.5114732379712508,-1.7196586494130846,0.22462476408344037,-0.2689016266772822,-0.34374040050932775,-0.7642088712050819,1.514176606903335,-0.20871619223370586,-0.306371715839919,-0.2017448763373321,2682867.0861486485
39.10645058228119,-13.026206177020573,0.5747660738175686,-0.4090402812396111,-0.06659220860090224,-0.25016309236145934,-0.7042877143429411,1.4858855769665174,-0.2151057334363204,-0.306110239036923,-0.20077487361975144,2682871.6452702703
-29.648750417837583,-20.427721098981163,2.5912136180965484,-0.9710723195271785,0.12973774239525965,-0.15178011086409832,-0.6442554529287176,1.4574258054298446,-0.2214834529261888,-0.30584258348595716,-0.19980481596396818,2682876.204391892
19.915520800902186,1.0381463496722907,3.825589627162987,-1.4068907240845545,0.31348762002892444,-0.049197537672519734,-0.5841461929853677,1.4288012860318406,-0.22784887710386448,-0.30556873121164024,-0.1988347073334903,2682880.7635135134
-14.506489520343388,20.56260337734344,4.216027967373105,-1.6620626092973807,0.47820455909816106,0.05697854555800085,-0.5239940405358471,1.400016012511028,-0.2342015323699025,-0.30528866423858936,-0.1978645516918344,2682885.322635135
16.166657958740643,-0.8979966452376876,3.852714875303058,-1.6981664008936208,0.6180398540381911,0.16614205717218877,-0.46383310160311253,1.3710739786059307,-0.2405409451248577,-0.305002364591423,-0.19689435300251715,2682889.881756757
-23.505678340490693,-20.68717329982305,2.99181784579158,-1.540172962383605,0.7289086302459235,0.27768691551476865,-0.4036974822101196,1.341979178055071,-0.24686664176928427,-0.3047098142947581,-0.19592411522904943,2682894.440878378
32.52424785805659,-10.21886514804198,1.894346130521014,-1.2347267387717467,0.8129936311378011,0.3910058506998439,-0.34362128837982414,1.312735604596972,-0.2531781487037366,-0.30441099537321326,-0.19495384233493332,2682899.0
-6.097958603868316,8.557831143709093,0.6746947502855878,-0.8300354836807475,0.8740475585029939,0.5054849430870781,-0.28363862613518237,1.2833472519701576,-0.2594749923287697,-0.3041058898514066,-0.19398353828369713,2682903.0861486485
-44.19324376582967,20.962145948069217,-0.5893948318425026,-0.3743069507333088,0.9158322958179946,0.6205010913488124,-0.22378360149915055,1.25381811391315,-0.2657566990449371,-0.3037944797539553,-0.1930132070388546,2682907.6452702703
-36.34270180932825,19.931566634940108,-1.7982524081172313,0.08425110644787329,0.9421140125275055,0.7354269081891761,-0.1640903204946839,1.2241521841644716,-0.27202279525279416,-0.30347674710547706,-0.19204285256390785,2682912.204391892
10.006584183729458,8.01139009593392,-2.7644927920972426,0.4974309342400906,0.9566623426883077,0.8496315417002248,-0.10459288914473916,1.1943534564626477,-0.27827280735289617,-0.30315267393059026,-0.1910724788223881,2682916.7635135134
35.143951395286344,-9.587696185860473,-3.278802052667351,0.8170247790206457,0.9632476849779797,0.9624833753532144,-0.04532541347227242,1.1644259245461992,-0.2845062617457953,-0.30282224225391297,-0.19010208977779164,2682921.322635135
-26.744636299019145,-21.42959942104969,-3.1423523736771104,1.0053110021315768,0.9656404380740984,1.0733507926193984,0.013678000499760435,1.1343735821536507,-0.2907226848320481,-0.3024854341000624,-0.18913168939363803,2682925.881756757
19.056143793054375,-2.4244147181720526,-2.2618423175062974,1.0665124247738678,0.9676139375848035,1.181599240039472,0.07238324674840334,1.1042004230235245,-0.2969216030122075,-0.30214223149365743,-0.1881612816334381,2682930.440878378
-16.080003287668173,21.676459840335703,-0.8087842361845369,1.0166984883638115,0.9715881475403851,1.2865870304814147,0.13075621925070013,1.0739104408943443,-0.30310254268683,-0.3017926164593142,-0.1871908704607129,2682935.0
19.64841860271506,3.857454136434952,0.9113716507835078,0.8769613993492813,0.9749419346197071,1.3876908091330453,0.18876281198369496,1.0435076295046326,-0.30926503025646906,-0.3014365710216517,-0.18622045983896307,2682939.0861486485
-27.643295100117065,-21.898629244474858,2.3117513286780937,0.6680768455459999,0.9753467888591172,1.4843111164568559,0.24636891892443236,1.0129959825929125,-0.31540859212167843,-0.30107407720528806,-0.1852500537317213,2682943.6452702703
36.02561899365749,-19.55449488233951,2.8746541939815096,0.4104012587989948,0.9708651262629279,1.5758768229180624,0.30354043404995523,0.982379493897707,-0.32153275468301334,-0.30070511703484065,-0.18427965610248528,2682948.204391892
1.8648364943213762,-3.059691317588501,2.639364740156813,0.12542341399566448,0.959585549186064,1.661790612631261,0.3602432513373083,0.9516621571575395,-0.32763704434102875,-0.3003296725349269,-0.18330927091477756,2682952.7635135134
-33.470047322377816,14.165949883877916,1.7801674485034242,-0.1608385418071597,0.9396433306718753,1.7414084990226304,0.4164432647635349,0.9208479661109338,-0.33372098749627904,-0.2999477257301656,-0.1823389021321031,2682957.322635135
-44.27384838699147,22.137103362458472,0.4702144572784033,-0.42123411851027903,0.909226238268254,1.8140340010137979,0.47210636830567937,0.8899409144964116,-0.33978411054931806,-0.2995592586451739,-0.18136855371798152,2682961.881756757
-0.19854032537409383,13.916710425744206,-1.053032067150397,-0.6286128260144995,0.866578480524757,1.8789141965247338,0.5271984559407858,0.8589449960524963,-0.3458259399007004,-0.29916425330456997,-0.18039822963592367,2682966.440878378
32.49791911585711,-5.703956610354376,-2.2948698459718737,-0.7558241742206242,0.8099935942526861,1.9352468352136585,0.5816854216458979,0.8278642045177123,-0.3518460019509812,-0.29876269173297193,-0.17942793384944325,2682971.0
-23.72192101541793,-21.969928252534704,-2.6962865722641176,-0.7759455102716319,0.7379621220544719,1.9822604981898346,0.6355331593980601,0.7967025336305809,-0.3578438231007149,-0.29835455595499666,-0.178457670322054,2682976.0861486485
16.64263666764822,-5.153949617024318,-1.906045014277529,-0.6735674974673285,0.6502866021495308,2.0194194328372648,0.6887075631743157,0.7654639771296267,-0.36381892975045577,-0.29793982799526286,-0.1774874430172712,2682980.6452702703
-14.761354131250508,21.678814130852434,-0.40400824095169485,-0.4759165051023938,0.5492711074882974,2.0464594407433316,0.7411745269517087,0.7341525287533713,-0.36977084830075746,-0.2975184898783888,-0.17651725589860712,2682985.204391892
19.038682407644206,6.36121852448975,1.1574721182559404,-0.22082086965966968,0.4378009193023523,2.063171428137331,0.792899944707284,0.7027721822403388,-0.37569910515217625,-0.2970905236289909,-0.1755471129295711,2682989.7635135134
-27.077407786913742,-21.16841197033156,2.2671904925057706,0.053891072378000886,0.31876172694287375,2.069345893128957,0.843849710418084,0.6713269313290525,-0.3816032267052659,-0.29665591127168806,-0.17457701807369583,2682994.322635135
35.29774639413472,-21.12267184774061,2.5321226905629066,0.3103909845277719,0.19503921976105185,2.0647772381001346,0.8939858137889141,0.6398207697580344,-0.3874827393605801,-0.2962146348310977,-0.17360697529446018,2682998.881756757
5.84558712870968,-5.440459467942664,1.95884502119255,0.5172431775218882,0.06951908710806655,2.0492665876225375,0.9432635223348419,0.6082576912658081,-0.393337169518674,-0.2957666763318382,-0.1726369885554026,2683003.440878378
-27.094217940126345,12.051924729108185,0.9089128189058945,0.6685825509529599,-0.05491298166489752,2.022583390943177,0.9916697788955865,0.5766416895908972,-0.39916604358010227,-0.2953120177985273,-0.17166706182003247,2683008.0
-43.88992787811924,20.658222324852257,-0.18809754158695272,0.7650499747952902,-0.17548462037326043,1.9844882024098496,1.039200421210089,0.5449767584718246,-0.40496888794541996,-0.294850641255782,-0.1706971990518621,2683012.0861486485
-1.7464236019281383,12.975988305253944,-0.9923432391866979,0.8077408242150061,-0.2898779680242661,1.9347415763703482,1.0858512870172912,0.513266891647113,-0.41074522901518035,-0.29438252872822124,-0.16972740421440669,2683016.6452702703
31.548798510602953,-5.500296668094161,-1.522915667237394,0.7978397835927785,-0.39586447283969795,1.8731040671724655,1.1316182140561344,0.4815160828552853,-0.4164945931899383,-0.2939076622404625,-0.16875768127117416,2683021.204391892
-21.7173226223025,-20.658313676056093,-1.8886397726939097,0.7364494653421952,-0.4911335110742637,1.7993362291639945,1.1764970400655599,0.449728325834866,-0.4222165068702499,-0.29342602381712307,-0.16778803418568994,2683025.7635135134
13.73290233843227,-6.291129595221496,-2.1710250276388443,0.6247723047120032,-0.5734742818178248,1.7131986166927307,1.2204836027845096,0.41790761432437656,-0.4279104964566672,-0.2929375954828215,-0.16681846692144592,2683030.322635135
-12.320853427638502,20.98103475785339,-2.342327654662929,0.4640515586704306,-0.6407081558824284,1.6144517841064627,1.263573739951925,0.3860579420623405,-0.4335760883497457,-0.29244235926217566,-0.16584898344197624,2683034.881756757
18.540136658913685,12.817412747862193,-2.341196833743988,0.25634966044865004,-0.6906565040801366,1.5028562857529906,1.3057632893067483,0.3541833027872815,-0.4392128089500408,-0.291940297179803,-0.164879587710783,2683039.440878378
-28.562168654667108,-14.77691860433132,-2.0845111705193204,0.010401444951611176,-0.721133888717803,1.3781658674749044,1.3470480885879201,0.32228769023772125,-0.44482018465810585,-0.2914313912603213,-0.16391028369137706,2683044.0
37.56213083839173,-21.83255848139549,-1.4969322235594722,-0.25016455597891674,-0.729926229526403,1.2401056325389184,1.3874239755343818,0.29037509815218443,-0.4503977418744958,-0.29091562352834904,-0.16294107534729685,2683049.0861486485
17.850802786869043,-8.786117962937936,-0.5504503804326112,-0.49816502657050665,-0.714965326399882,1.0885465643747139,1.4268867878850753,0.25844952026919366,-0.4559450069997651,-0.2903929760085038,-0.16197196664202854,2683053.6452702703
-22.116221486324267,10.769111177569513,0.6078404566879325,-0.7064093167134284,-0.6748846492419576,0.9240613164217477,1.4654323633789421,0.22651495032727192,-0.46146150643446865,-0.289863430725403,-0.16100296153909313,2683058.204391892
-43.739065592558916,22.659078946003635,1.7870723405618612,-0.8477067762979537,-0.6088053602641889,0.7477102344273184,1.503056539754924,0.1945753820649421,-0.4669467665791605,-0.2893269697036648,-0.16003406400200582,2683062.7635135134
-8.595844428882133,16.4064859494176,2.7640850084489843,-0.8947675544545488,-0.5162184949520808,0.5608243366528657,1.5397551547519615,0.16263480922072795,-0.47240031383439535,-0.2887835749679074,-0.15906527799428183,2683067.322635135
31.30425047845185,-3.7298010139288293,3.186548935609523,-0.8187664013342362,-0.3982007091464043,0.3647848627356501,1.5755243066880273,0.13069696495412145,-0.47782167460072716,-0.2882332285427481,-0.15809660747944365,2683071.881756757
-22.25973020115371,-22.707370825933474,2.685590871417278,-0.6018979855994001,-0.2606034698306075,0.16101919235348336,1.6103611440798957,0.09876453222581397,-0.48321037527871186,-0.28767591245280494,-0.15712805642096717,2683076.440878378
14.97957361751777,-8.551243698902766,1.1050141382953034,-0.28791239210077507,-0.11095623380474813,-0.048806247264819684,1.644263107554107,0.06683990188672832,-0.4885659422689024,-0.28711160872269614,-0.1561596287824069,2683081.0
-13.598574177306842,21.925640493465437,-1.0969004933387208,0.0637667912787547,0.04287236595405141,-0.26276093929472166,1.6772276456198896,0.034925456905101286,-0.4938879019718539,-0.2865402993770391,-0.15519132852726494,2683086.0861486485
18.70547268831458,15.127204117099378,-3.2591850784084824,0.393715976656308,0.193006941148845,-0.47890761159186096,1.7092522067864695,0.0030235802491715676,-0.4991757807881212,-0.2859619664404516,-0.15422315961903763,2683090.6452702703
-26.29747483645154,-12.229772177550378,-4.508851831584269,0.6425115761490006,0.331763031758579,-0.6954999202877685,1.7403342395630732,-0.02886334511282231,-0.5044291051182588,-0.2853765919375518,-0.15325512602126773,2683095.204391892
32.175341236682414,-19.384618439217828,-3.9344173963224223,0.7652393907233488,0.45150390983117134,-0.9108392535829468,1.7704711924589283,-0.06073293621264327,-0.5096474013628212,-0.28478415789295747,-0.15228723169745595,2683099.7635135134
26.750930980600728,-10.476314829627206,-1.1144587430832833,0.7750013086308076,0.5446143155271911,-1.1232269996778976,1.7996605139832598,-0.09258281008205389,-0.5148301959223615,-0.2841846463312865,-0.15131948061110007,2683104.322635135
-23.39436649193066,5.639545536041202,2.629846682397786,0.6975755513037879,0.6053515229512458,-1.3310040250487174,1.8278996526452953,-0.12441058375281511,-0.5199770151974361,-0.28357803927715675,-0.1503518767257385,2683108.881756757
-36.349244693152976,15.856379939220695,5.545298662779018,0.5517301391906786,0.6352060367040258,-1.5327342256835677,1.8551860569542626,-0.15621387425668876,-0.5250873855885988,-0.282964318755186,-0.14938442400486904,2683113.440878378
-8.590465639400243,10.459569412946992,6.230417933209009,0.35448590952202835,0.6377481106842656,-1.727314063650807,1.881517175419386,-0.18799029862543795,-0.5301608334964042,-0.282343466789992,-0.14841712641200253,2683118.0
32.769914833895896,-3.307923300607984,4.6879213956818475,0.12555134264432782,0.6167470987888743,-1.9138391010169755,1.9068904565498932,-0.21973747389082307,-0.5351968853214069,-0.2817154654061928,-0.14744998791067304,2683122.0861486485
-29.74685398183189,-12.64106333862699,1.261496332218219,-0.1046145086321668,0.5760189567810838,-2.091451501714931,1.9313033488550113,-0.25145301708460815,-0.5401950674641608,-0.28108029662840617,-0.1464830124643711,2683126.6452702703
14.136739572002197,-4.820013217033356,-3.3495198066897114,-0.3028649483812581,0.5193831353492534,-2.2592969246026597,1.9547533008439673,-0.28313454523855447,-0.5451549063252212,-0.2804379424812497,-0.14551620403661625,2683131.204391892
7.14167335325172,10.435449152632213,-7.012438324200137,-0.43605328067674554,0.4506590851817355,-2.4165210285381438,1.9772377610259875,-0.3147796753844242,-0.5500759283051424,-0.2797883849893417,-0.14454956659092955,2683135.7635135134
28.78240510381823,10.846462952543032,-7.656557901233285,-0.47103280959243443,0.3736662569668913,-2.5622694723793704,1.9987541779102973,-0.346386024553978,-0.5549576598044791,-0.2791316061773002,-0.1435831040908145,2683140.322635135
-30.41582182336287,-2.322704923568622,-5.165546828965773,-0.3886090590061856,0.2916057088607431,-2.6956879149843216,2.019300000006124,-0.37795120977898,-0.5597996272237843,-0.27846758806974237,-0.14261682049980673,2683144.881756757
18.830674784067575,-10.423644291264258,-0.9356739993586408,-0.22554925734645956,0.2053577542243335,-2.81592201521098,2.0388726758226947,-0.40947284809119067,-0.5646013569636144,-0.27779631269128646,-0.14165071978137925,2683149.440878378
29.033363848329373,-8.165258951943162,3.4567478339406024,-0.03318415418323016,0.1157956152238357,-2.922117431917333,2.057469653869236,-0.4409485565223719,-0.5693623754245238,-0.27711776206655014,-0.14068480589907925,2683154.0
-27.13206592545252,2.2099215454012,6.807505881973481,0.13700267557916398,0.023945339359772402,-3.013419823961361,2.075088382654974,-0.4723759521042873,-0.574082209007066,-0.2764319182201515,-0.13971908281641615,2683158.0861486485
-26.109483419247436,8.909165247697413,8.00541234695376,0.23403478918641335,-0.06967415801734422,-3.088974850201052,2.091726310689136,-0.5037526518686977,-0.5787603841117954,-0.2757387631767082,-0.13875355449689492,2683162.6452702703
-7.7068931350013505,9.45546765659496,6.257791385649013,0.2249852720991832,-0.16594147907007414,-3.1479281694943886,2.1073808864809487,-0.5350762728473655,-0.5833964271392679,-0.27503827896083827,-0.13778822490402937,2683167.204391892
32.8253924426005,4.408136825900149,2.2162253426016014,0.14078345375627405,-0.26298342713144385,-3.189425440699351,2.1220495585396377,-0.5663444320720527,-0.5879898644900369,-0.2743304475971594,-0.1368230980013361,2683171.7635135134
-34.049511317808154,-4.058357687393688,-2.468350004854012,0.025440116685482624,-0.35535624792154485,-3.2126123226739303,2.1357297753744313,-0.597554746574521,-0.5925402225646574,-0.2736152511102895,-0.13585817775232312,2683176.322635135
19.277975634865353,-7.39531557831178,-5.974788509823771,-0.07776884321688943,-0.43688130052899127,-3.216631575274732,2.148416086493181,-0.6287048333865335,-0.5970470277636835,-0.2728926715248465,-0.13489346812051756,2683180.881756757
33.41928039565286,-5.760202150436021,-6.92354016079611,-0.12556753005452007,-0.5013799440424012,-3.2006129843359212,2.1600900673812924,-0.6597923095398507,-0.6015098064876706,-0.272162690865448,-0.13392897306941756,2683185.440878378
28.028826148314526,-0.7107532545467772,-5.686442878652762,-0.08887644627947988,-0.5433615486592132,-3.1637930477720144,2.1707278059251793,-0.6908147920662353,-0.6059280851371713,-0.27142529115671216,-0.1329646965625496,2683190.0
-31.632053560742996,3.877765031311574,-3.0169442831117985,0.004716960558726182,-0.5599182003985056,-3.1061553549884744,2.1803157058751244,-0.7217698979974498,-0.6103013901127425,-0.2706804544232566,-0.13200064256340963,2683195.0861486485
-2.73282166885109,3.4407279118257668,0.3025673162522204,0.11390343774636343,-0.5480273982380588,-3.029075809874593,2.188843094451609,-0.7526552443652553,-0.6146292478149376,-0.2699281626896995,-0.13103681503553358,2683199.6452702703
32.44811335037904,0.632415093083685,3.285319644743361,0.19749238086574536,-0.5039964180612927,-2.9347191877100616,2.1962987928877458,-0.7834679422140447,-0.6189111846443104,-0.2691683979806583,-0.1300732179424268,2683204.204391892
-33.98481118689501,-0.20860193123335097,4.792777850303471,0.2142931854991906,-0.42400821326132637,-2.825374586264876,2.2026695984671694,-0.8142030786387292,-0.6231467270014167,-0.2684011423207511,-0.12910985524757945,2683208.7635135134
-6.703263383265463,1.7525769305552654,4.0996854554452655,0.1348729334575556,-0.3070382175814453,-2.7033308630077317,2.2079418024861415,-0.8448552347468503,-0.6273354012868102,-0.26762637773459563,-0.12814673091454015,2683213.322635135
0.4040949444222638,3.640275896672105,2.129326285673957,-0.023167109436746693,-0.16323426405777441,-2.5708768754073295,2.2121016962409246,-0.8754189916459495,-0.631476733901045,-0.26684408624680983,-0.1271838489068056,2683217.881756757
38.15710738826988,2.067945944416717,0.01031755229098922,-0.23044316981550414,-0.005561247092567441,-2.430301480932364,2.2151355710277842,-0.9058889304435677,-0.6355702512446776,-0.2660542498820117,-0.12622121318787752,2683222.440878378
-37.8355484706096,-3.667909155013722,-1.691542316311125,-0.4570652045142697,0.1525096691156943,-2.2838935370515383,2.2170297181429777,-0.9362596322472451,-0.6396154797182609,-0.2652568506648188,-0.12525882772129696,2683227.0
13.432825329475563,-7.079023639892655,-2.5465582628479777,-0.6712978214886773,0.29566197148860496,-2.133941901233545,2.217769916950451,-0.9665251662322036,-0.6436119457223491,-0.2644518706198492,-0.124296696470568,2683231.0861486485
34.966924512772835,-4.967299114904548,-2.293844259143089,-0.8333774247431027,0.40812057595971063,-1.9827354309470857,2.217339899084857,-0.996677553844377,-0.6475591756574978,-0.2636392917717206,-0.12333482339918678,2683235.6452702703
2.945900576404579,3.239667626970134,-1.3428652930323268,-0.8791305901095395,0.4750940017236494,-1.8325629836608561,2.2157228842485273,-1.0267083045973733,-0.6514566959242609,-0.2628190961450507,-0.12237321247069086,2683240.204391892
-33.47523075163947,10.798340958028257,-0.2523549797820057,-0.7638889498298721,0.48932505567067774,-1.6857134168435575,2.2129020921437945,-1.056608928004804,-0.6553040329231934,-0.26199126576445797,-0.12141186764857055,2683244.7635135134
-19.81235005898371,10.981622922139637,0.4790768098021113,-0.4632523384314604,0.4586530556929296,-1.5441889970996556,2.208860742472992,-1.0863709335802831,-0.6591007130548486,-0.26115578265455985,-0.12045079289636104,2683249.322635135
36.630236348583836,4.718673997446636,0.6254294888053482,0.043579534907082815,0.3931517782577658,-1.408626574957595,2.2035820549384497,-1.115985830837417,-0.6628462627197823,-0.2603126288399738,-0.11948999217755245,2683253.881756757
-39.67485792498273,-4.682195722597004,0.25968562200266365,0.7402812842640075,0.30173438516610246,-1.2785023862793734,2.1970492492425038,-1.145445129289821,-0.6665402083185493,-0.2594617863453184,-0.11852946945569343,2683258.440878378
21.376112548256344,-12.413583536249526,-0.3413317362848364,1.4583417418977365,0.1931587339567583,-1.1531373626648906,2.189245545087483,-1.1747403384511024,-0.670182076251703,-0.2586032371952113,-0.11756922869425848,2683263.0
25.567885250727485,-15.432532286255844,-0.8550748557334351,1.983525064064088,0.07640487548319107,-1.032074629028688,2.180154162175725,-1.2038629678348798,-0.6737713929197976,-0.2577369634142701,-0.11660927385678314,2683267.0861486485
43.44598096550171,-13.14149030200486,-1.0129606187590992,2.140807858283228,-0.03910923026630502,-0.9149123119454089,2.1697583202095583,-1.2328045269547574,-0.6773076847233886,-0.256862947027113,-0.11564960890677102,2683271.6452702703
-38.776043509019914,-2.103402052213123,-0.7040487718361774,1.8553126176136299,-0.14394566078575652,-0.8012485379897004,2.158041238891313,-1.2615565253243444,-0.680790478063031,-0.25598117005835747,-0.11469023780775474,2683276.204391892
-24.454200544986698,15.537687278953797,0.057783072421276026,1.1682742093030813,-0.2343302556194081,-0.6906814337362072,2.1449861379233273,-1.2901104724572585,-0.6842192993392782,-0.2550916145326213,-0.11373116452321752,2683280.7635135134
21.73418830617782,18.32116375660454,1.177618019939688,0.20347844944013627,-0.3080005216927402,-0.5828091257595729,2.130576237007929,-1.3184578778671057,-0.687593674952685,-0.25419426247452287,-0.11277239301670366,2683285.322635135
-14.596877353804574,-6.80071123892228,2.3908997918190824,-0.8997919294355284,-0.36262861518420647,-0.4772950913814712,2.1147947558474542,-1.3465902510675012,-0.6909131313038059,-0.25328909590868004,-0.11181392725169928,2683289.881756757
12.80374853549147,-19.772268912490556,2.8203691386925582,-2.0061210978183897,-0.39562528928414714,-0.3740642109116856,2.097624914144232,-1.3744991015720525,-0.6941771947931958,-0.2523760968597098,-0.11085577119173412,2683294.440878378
-18.030804492791624,9.10796384930869,1.7507079438883162,-2.987067149887953,-0.40433594643587767,-0.27310671540702736,2.079049931600596,-1.402175938894372,-0.6973853918214089,-0.2514552473522308,-0.10989792880031903,2683299.0
28.16107872671818,21.025648818113424,-0.3270710504962485,-3.6840803290515263,-0.38620142099964394,-0.17431740400737775,2.0590530279188806,-1.4296122725480722,-0.700537248788999,-0.25052652941086073,-0.10894040404097065,2683304.0861486485
-38.985478719399424,-3.5082488743518887,-2.5267350721094846,-3.9301171902648298,-0.33911504672246406,-0.07713857646584166,2.0376174228014157,-1.4567996120467608,-0.7036322920965231,-0.24958992506021735,-0.10798320087718531,2683308.6452702703
38.505701459814794,-21.67757556602435,-3.5836351833177087,-3.556430476816447,-0.2631529315187782,0.01946642996475151,2.014726335950533,-1.483729466904051,-0.7066700481445327,-0.24864541632491866,-0.10702632327250146,2683313.204391892
52.649317241241725,-20.880430401403355,-2.565282359684924,-2.4654152514880523,-0.16567897651924915,0.1170068245792198,1.990362987068571,-1.5103933466335573,-0.7096500433335834,-0.2476929852295823,-0.10606977519040522,2683317.7635135134
16.010652062467845,-2.1179698029744793,-0.24624339484789853,-0.8695930300408358,-0.055861338228831804,0.21709226037953303,1.9645105958578548,-1.5367827607488844,-0.7125718040642304,-0.2467326137988264,-0.10511356059445544,2683322.322635135
-50.97713580916185,17.516171097698038,2.172150963038428,0.9405571056023314,0.05713182684751942,0.3213323903676606,1.9371523820207215,-1.562889218763648,-0.7154348567370277,-0.24576428405726838,-0.10415768344812368,2683326.881756757
-49.103310816568445,20.84395597931607,3.4885699658191007,2.6745560735185894,0.16413236220484753,0.4313368675455718,1.9082715652594988,-1.5887042301914551,-0.71823872775253,-0.2447879780295265,-0.1032021477149208,2683331.440878378
37.058707965286615,5.105385491553423,2.864085672510767,4.074848845681851,0.2559721113381975,0.5487153449152347,1.8778513652765265,-1.6142193045459219,-0.7209829435112911,-0.2438036777402187,-0.10224695735839252,2683336.0
-28.226043300688318,-19.801139698059362,0.8980663059390431,5.026891674530575,0.3234829177426146,0.67507747547862,1.8458750017741308,-1.6394259513406566,-0.7236670304138662,-0.2428113652139623,-0.10129211634202644,2683341.0861486485
22.23885378401157,-11.142968318189407,-1.3744996638757125,5.494325125909654,0.3574966249131426,0.8120329122376954,1.8123256944546462,-1.6643156800892682,-0.7262905148608105,-0.24181102247537556,-0.10033762862934212,2683345.6452702703
-22.18793952667312,18.816539648929204,-2.4560280336593885,5.449996238299566,0.35169576517326895,0.9604492116078341,1.7771866630204047,-1.688880000305371,-0.7288529232526773,-0.2408026315490762,-0.09938349818385632,2683350.204391892
27.00408296989863,5.8829205233742465,-1.344429080666491,4.884670348923271,0.31115075410793497,1.1181803775168233,1.7404411271737397,-1.7131104215025756,-0.7313537819900214,-0.23978617445968203,-0.098429728969097,2683354.7635135134
-31.730281637293093,-18.186856658935266,0.5064981976027676,3.8924148736013082,0.24372320792126065,1.282157652741072,1.7020723066169823,-1.7369984531944924,-0.733792617473397,-0.2387616332318113,-0.09747632494853463,2683359.322635135
-15.432126173487791,-2.429876276406632,1.4063382672025564,2.586083531339253,0.1572598707650465,1.4492671139157927,1.6620634210524667,-1.7605356048947334,-0.7361689561033595,-0.23772898989008123,-0.09652329008572938,2683363.881756757
29.696331627048675,17.882696085215336,1.1740562664323937,1.0483064852612214,0.0596074867910954,1.6163948376761972,1.6203976901825266,-1.78371338611691,-0.7384823242804629,-0.2366882264591101,-0.09557062834416882,2683368.440878378
-24.505931817567877,2.1268604375674127,0.17124733948182505,-0.6456848571619879,-0.04141997664554706,1.7804596774542572,1.5770583337094886,-1.80652330637463,-0.7407322484052621,-0.23563932496351553,-0.09461834368737544,2683373.0
21.378997770544665,-17.54898795206284,-0.5787673870945486,-2.4206171862416848,-0.13813965937685935,1.9385115938689639,1.5320285713356891,-1.828956875181506,-0.7429182548783111,-0.23458226742791585,-0.0936664400788599,2683377.0861486485
-24.353267197104135,2.3899009986611746,-0.2752096023218465,-4.162348325385973,-0.22290147803157834,2.087633324336069,1.4852916227634632,-1.851005602051153,-0.7450398701001643,-0.23351703587692824,-0.09271492148213938,2683381.6452702703
32.9950935866777,16.85573715568267,0.3242450440993595,-5.594745816616515,-0.28832978060809455,2.225182037640982,1.4368307076951372,-1.872660996497177,-0.7470966204713768,-0.23244361233517108,-0.09176379186071255,2683386.204391892
-43.298926538306226,2.338590688198857,0.31678261188946866,-6.413766247241585,-0.32818768774880114,2.349653675213106,1.3866290458330486,-1.8939145680331921,-0.7490880324292878,-0.2313619787904763,-0.09081305517811954,2683390.7635135134
27.240581801231706,-12.048681963903507,-0.12447572949166882,-6.463746978482451,-0.336711867369881,2.4600177257556415,1.334669856879525,-1.9147578261728047,-0.7510136325583799,-0.2302721170835356,-0.08986271539785227,2683395.322635135
56.99770112547708,-15.206089651592249,-0.4987847820909816,-5.68251478729422,-0.31053434350812376,2.5553930052896248,1.2809363605369064,-1.935182280429634,-0.7528729474799187,-0.22917400901825433,-0.0889127764834376,2683399.881756757
16.355481477994708,-6.0875019008058056,-0.3315992475837223,-4.162926344201243,-0.2551804673815533,2.634807541806254,1.2254117765075192,-1.9551794403172846,-0.7546655038151705,-0.22806763639853808,-0.08796324239837107,2683404.440878378
-29.76926214681002,7.121744485311403,0.24783577269669768,-2.1526575249015103,-0.17839019019284197,2.6972568193114306,1.168080439660881,-1.9747408153493726,-0.7563908281854028,-0.22695298102829262,-0.08701411710618899,2683409.0
-48.579832818280536,13.894941915772405,0.9495096224219476,0.0711674414932732,-0.08790346314466092,2.7417318611423176,1.1089311455352324,-1.993857915039501,-0.7580484472118825,-0.22583002471142388,-0.08606540457038984,2683414.0861486485
38.743139939285534,4.932628451488674,1.4019769671682067,2.2319484070226316,0.00853976256031691,2.767210181777221,1.0479661985276867,-2.0125222489012886,-0.7596378875158755,-0.22469874925183705,-0.08511710875447501,2683418.6452702703
-28.045055812795955,-13.956665944464739,0.8897425317050165,4.0734927767556774,0.10319953571942124,2.7726007384333027,0.9852564602964905,-2.030725326448343,-0.7611586757186493,-0.2235591364534382,-0.08416923362199315,2683423.204391892
20.535935371287287,-7.483821884360264,-0.9346172538844346,5.4192334412989105,0.18831371313712472,2.756742644737958,0.9209648280825159,-2.0484586571942756,-0.7626103384414701,-0.22241116812013262,-0.08322178313642893,2683427.7635135134
-19.069552747166227,15.064851552862429,-2.3164834550415216,6.104991937964431,0.25603138364648437,2.7185299521426245,0.8552880292740117,-2.065713750652701,-0.7639924023056042,-0.2212548260558263,-0.08227476126130674,2683432.322635135
22.20971902841706,2.1406603231136847,-1.570214543185814,6.019423536941361,0.30059629820133704,2.6569165410408084,0.7884265031724628,-2.0824821163372254,-0.7653043939323194,-0.2200900920644251,-0.08132817196014332,2683436.881756757
-25.338153554229695,-16.9798261371742,0.5914713288451858,5.270537346250854,0.3246390181026167,2.5711022933832868,0.7205806890793587,-2.0987552637614604,-0.766545833106551,-0.218916954786165,-0.0803820191964378,2683441.440878378
-23.702660637611142,-0.16720871549672653,2.808075559945451,4.021180933372092,0.3323830304277305,2.460852368320462,0.6519510262961812,-2.114524702439019,-0.7677162122679112,-0.21773543020660627,-0.07943630693372235,2683446.0
22.469377218766258,19.063952229308608,3.522238084686613,2.4383012184504,0.32686461653363535,2.327119130723176,0.5827379541244251,-2.129781941883513,-0.7688150170196814,-0.21654554114763974,-0.07849103913549912,2683450.0861486485
-18.33576954089453,2.147068688537127,1.7239816161532169,0.7017189892759641,0.3097162179362264,2.1722587853033457,0.5131419118655658,-2.144518491608551,-0.7698417329651424,-0.21534731043115665,-0.07754621976527604,2683454.6452702703
16.766198725171016,-20.617702240364594,-1.1528876168700521,-1.018739785774001,0.2822696921679809,1.9989281207562895,0.44336333882110474,-2.158725861127747,-0.7707958457075779,-0.2141407608790473,-0.07660185278657922,2683459.204391892
-20.78559467835422,-0.9638703433469661,-3.3808656221001043,-2.5567726813420615,0.24585689676137698,1.8097839257773423,0.37360267429251376,-2.172395559954708,-0.7716768408502676,-0.21292591531320304,-0.0756579421629173,2683463.7635135134
29.13784032983759,21.249163631387372,-4.505540221626539,-3.746077272070778,0.20180968924889225,1.6074829890618243,0.30406035758129185,-2.1855190976030494,-0.7724842039964934,-0.21170279655551474,-0.07471449185780332,2683468.322635135
-37.70916944885736,13.311822124247765,-4.467918412729814,-4.446522866112242,0.15145992716300438,1.394682099305065,0.23493682798891657,-2.1980879835863774,-0.7732174207495367,-0.21047142742787284,-0.07377150583475323,2683472.881756757
23.63033013750204,-3.7426016844725707,-3.5000863888386866,-4.640171395899022,0.09613946803619271,1.1740380452023897,0.16643252481688112,-2.2100937274183075,-0.7738759767126793,-0.20923183075216845,-0.07282898805727347,2683477.440878378
42.36463400094032,-17.289042099456587,-1.84125380400992,-4.405368173306117,0.037269054364126725,0.9482076154491271,0.09874788736667067,-2.2215278386124506,-0.7744593574892026,-0.20798402935029273,-0.07188694248888511,2683482.0
45.169743963984644,-20.172770815889894,0.2868753779421719,-3.838364335808376,-0.023330436000082902,0.7198475987406041,0.03208335493977115,-2.232381826682417,-0.7749670486823874,-0.2067280460441361,-0.07094537309310621,2683486.0861486485
-16.317102612535376,-8.271753159477276,2.5984286054199677,-3.035678287862573,-0.08357085822141506,0.49161478377214496,-0.033360633162331135,-2.2426472011418155,-0.7753985358955164,-0.20546390365558975,-0.07000428383342003,2683490.6452702703
-33.44879834155656,9.943603538976198,4.550858975692604,-2.093873029430138,-0.14131947196017747,0.2661659592390779,-0.09738363763814663,-2.2523154715042604,-0.7757533047318707,-0.20419162500654445,-0.06906367867339555,2683495.204391892
25.066949801597644,18.669839298835335,5.537450998245929,-1.1095115604725023,-0.19444353687668217,0.046157913836731776,-0.15978521918619196,-2.261378147283361,-0.7760308407947303,-0.20291123291889104,-0.06812356157648256,2683499.7635135134
-18.02803164206954,0.37638225045318585,5.049069605466608,-0.16825143116681088,-0.24081031263122302,-0.16575256373956865,-0.22036493850497904,-2.2698267379927293,-0.7762306296873792,-0.20162275021452045,-0.06718393650625004,2683504.322635135
15.292577891479569,-18.024566989592213,2.968153987404464,0.6866190413871814,-0.278287058884111,-0.36690868479450756,-0.2789223562930205,-2.277652753145973,-0.776352157013097,-0.20032619971532373,-0.06624480742617506,2683508.881756757
-18.208843263111305,-1.1753236897396369,-0.4379307370245498,1.4177067256343658,-0.3047410352956556,-0.5546536606327408,-0.33525703324882883,-2.2848477022567084,-0.7763949047688113,-0.19902160784954628,-0.06530617829979132,2683513.440878378
25.368375031364213,17.95351911210683,-3.771225915941929,1.9863659239597367,-0.31803950152616345,-0.7263307025589465,-0.3891685300709197,-2.291403094838543,-0.7763583405260286,-0.19770901547085362,-0.06436805309059261,2683518.0
-33.59872011220823,11.943218619830532,-5.6555501149358856,2.3539509387482895,-0.31605178070250145,-0.8792809584112383,-0.4404564074578065,-2.297310440405089,-0.7762419282499016,-0.1963884670392659,-0.06343043576211195,2683523.0861486485
18.931423742986052,-4.159595949844672,-5.931171736364137,2.4823829016227097,-0.29698414453541855,-1.0110754566815456,-0.4889202261079995,-2.302561248469959,-0.7760451319055816,-0.1950600070148034,-0.06249333027785435,2683527.6452702703
44.033575585941556,-17.08991247318239,-4.758811267130529,2.353115183272079,-0.26100897797499056,-1.1205117263351203,-0.5343595467200086,-2.307147028546763,-0.7757674154582218,-0.19372367985748618,-0.06155674060133648,2683532.204391892
43.038354825929076,-19.25185024672252,-2.3645476955538567,2.017227672085455,-0.211161794892401,-1.2077921837011212,-0.5765739299923579,-2.3110592901491103,-0.7754082428729739,-0.1923795300273343,-0.06062067069606045,2683536.7635135134
-9.322048149732437,-11.28696826245087,0.875110082091082,1.5430651785674758,-0.1508767824385964,-1.2736458685907879,-0.6153629366235521,-2.3142895427906143,-0.7749670781149901,-0.19102760198436824,-0.05968512452554873,2683541.322635135
-35.537016540999986,5.014292705331768,4.04729203912045,0.9989725132227796,-0.08352547835889489,-1.3188644702209817,-0.6505261273121052,-2.3168291780884087,-0.7744435030458985,-0.18966794018860772,-0.058750106053323814,2683545.881756757
27.984648423893073,20.675552193203192,6.105037866248155,0.4532944865559935,-0.012366856525847757,-1.344352241681325,-0.6818630627565351,-2.3186691160737265,-0.7738375711132287,-0.1883005891000736,-0.05781561924289071,2683550.440878378
-21.241080984212495,6.070927843860297,6.231565237163254,-0.026773679096608164,0.05979036467907894,-1.3514636915525373,-0.7091733036553477,-2.319800158881331,-0.7731494536609846,-0.1869255931787855,-0.05688166805775155,2683555.0
18.857661226671542,-21.408135000374603,4.5425890731498475,-0.39042042976667735,0.13025003074718955,-1.3416249607381994,-0.7322973422569655,-2.320213108645975,-0.7723793220331729,-0.1855429968847637,-0.05594825646143026,2683559.0861486485
-22.38838176034736,-9.541671816608263,1.530432774748234,-0.6351250624322283,0.19631598716981316,-1.3160832182867823,-0.7512546426649286,-2.3198987020750335,-0.7715274130011822,-0.18415284467802856,-0.055015388417444945,2683563.6452702703
30.09597547722398,18.965670744654552,-1.9036380077945378,-0.7701521897657448,0.25529207943824905,-1.2759837190747838,-0.7661665831547317,-2.3188474141663535,-0.7705942250459328,-0.1827551810186003,-0.054083067889305,2683568.204391892
-38.65232941149721,21.815473951933654,-4.8060607698800055,-0.8048966062111855,0.3046123348152664,-1.2224564723231877,-0.7771697876573967,-2.317049654490384,-0.7695803220757317,-0.1813500503664989,-0.05315129884053145,2683572.7635135134
15.827620800595696,4.341390762263183,-6.490108973413467,-0.7493751104195021,0.3423327847706375,-1.1566314872529928,-0.7844008801039283,-2.3144958326175917,-0.7684862679988824,-0.17993749718174465,-0.052220085234613314,2683577.322635135
49.645936982287786,-14.967004530261132,-6.62657149136678,-0.6190825589709339,0.3670447510299484,-1.0796387730851897,-0.7879949407904246,-2.3111779017533394,-0.7673126267236924,-0.17851756592435758,-0.05128943103508908,2683581.881756757
47.47585500386792,-21.395604883150316,-4.947831158913822,-0.44688757326182027,0.3774408324398792,-0.9926083390407637,-0.7880798503186881,-2.3070950147973055,-0.7660599621584641,-0.177090301054358,-0.05035934020547103,2683586.440878378
-1.0648033257043201,-14.806924953390116,-1.4802838147462691,-0.26060721036671824,0.37227566040468346,-0.8967322268982751,-0.7847772621424872,-2.3022525517971837,-0.7647288382115045,-0.17565574703176615,-0.04942981670925402,2683591.0
-41.18597839352044,2.6164828548687065,2.591330362661509,-0.08555994436135579,0.3505702036678395,-0.7934688157755063,-0.7782054729829184,-2.2966592495333495,-0.7633198187911173,-0.174213948316602,-0.04850086450996342,2683595.0861486485
32.468748369091955,20.46762462090742,5.793309755639155,0.05293575067854837,0.31149039389853794,-0.6844214477159571,-0.768482196666575,-2.2903244276806802,-0.7618334678056101,-0.172764949368886,-0.04757248757112172,2683599.6452702703
-23.72611353139829,6.046716649951643,6.889517082775576,0.12956140067726618,0.254283262283996,-0.5712745642811503,-0.7557251470200429,-2.28325740591406,-0.7602703491632854,-0.17130879464863827,-0.046644689856225226,2683604.204391892
19.09845969122365,-19.81262437755608,5.583751406677688,0.12888289414171056,0.1787524377829582,-0.4558325663677248,-0.7400520378699119,-2.2754675039083683,-0.7586310267724498,-0.1698455286158788,-0.0457174753287964,2683608.7635135134
-21.161199162290746,-6.246605290134088,2.1019862803004004,0.07489072049008647,0.0866976937545421,-0.34003659610775844,-0.7215805830427768,-2.2669640413384804,-0.7569160645414088,-0.168375195730628,-0.04479084795235191,2683613.322635135
28.733119870236994,18.736662289612426,-2.0365491117605217,0.0008090254452160842,-0.0188356057526364,-0.22598604160841032,-0.7004284963652198,-2.257756337879282,-0.7551260263784668,-0.16689784045290582,-0.043864811690385135,2683617.881756757
-38.16293813591877,19.078173127050313,-5.223209085977297,-0.061048129092700215,-0.13385743104434952,-0.11581487279980751,-0.6767134916638329,-2.2478537132056533,-0.7532614761919294,-0.16541350724273254,-0.04293937050644474,2683622.440878378
8.115149488810705,3.9372133561560987,-6.858414921726156,-0.07916108904164601,-0.2535007375398131,-0.011739666680473645,-0.6505532827652051,-2.237265486992471,-0.751322977890101,-0.16392224056012838,-0.04201452836401685,2683627.0
51.51021916584049,-12.244844677818012,-6.827601995651832,-0.02915815372169597,-0.36950896483616313,0.08369257147757686,-0.6220655834959323,-2.2260009789146173,-0.7493110953812874,-0.16242408486511367,-0.04109028922661665,2683632.0861486485
42.49714967939136,-18.76781306645323,-5.056482520151027,0.0876203108943661,-0.4707103690297649,0.16785222933392577,-0.5913681076825911,-2.2140695086469733,-0.7472263925737949,-0.16091908461770837,-0.040166657057773905,2683636.6452702703
-5.014588545448996,-14.303377480597414,-1.6772361961425175,0.24087941708401134,-0.5471636575454226,0.23810969454817818,-0.558578569151783,-2.2014803958644196,-0.7450694333759262,-0.15940728427793258,-0.03924363582098927,2683641.204391892
-44.02998373747912,1.1561265091887931,2.2378714558600956,0.3942775358204564,-0.5895294161903979,0.2919599476604619,-0.5238146817300925,-2.188242960241833,-0.7428407816959878,-0.1578887283058068,-0.0383212294797794,2683645.7635135134
34.71128619535044,18.872563073097048,5.379922453742912,0.5114730380769302,-0.5890622420677083,0.327491980506673,-0.4871941592441084,-2.174366521454099,-0.7405410014422852,-0.15636346116135086,-0.03739944199765516,2683650.322635135
-25.049767924517308,6.129773960381311,6.656669105936169,0.5561242948266438,-0.5381361040771913,0.3439141567195251,-0.44883471552042276,-2.159860399176094,-0.7381706565231232,-0.15483152730458521,-0.03647827733813027,2683654.881756757
19.402425940951655,-19.138740857471827,5.837710967936485,0.49915605071032054,-0.43410194873714697,0.3429793589926855,-0.4088540643856222,-2.1447339130826992,-0.7357303108468065,-0.15329297119553006,-0.03555773946472177,2683659.440878378
-20.532629521707076,-7.31791384320688,3.1037343205300094,0.3409803799778334,-0.28507461155686525,0.3270733729554293,-0.36739060278007857,-2.1289963828487948,-0.7332205283216419,-0.15174783729420518,-0.034637832340939416,2683664.0
27.37987664221895,17.16848949151319,-0.5144000898655094,0.09117083490357736,-0.10349649096017134,0.2986860489718326,-0.32468679237895764,-2.112657128149259,-0.7306418728559326,-0.15019617006063127,-0.033718559930295135,2683669.0861486485
-36.30096710324205,19.767964895757263,-3.8549946868799165,-0.2394461388977847,0.09693712128884419,0.2604132496384538,-0.2810911070899069,-2.0957254686589755,-0.7279949083579849,-0.14863801395482826,-0.03279992619631976,2683673.6452702703
-4.026224512980046,6.111782569251846,-6.157280525882541,-0.6398363312113112,0.3023231688258136,0.21487216983153812,-0.23697335310025924,-2.0782107240528247,-0.7252801987361035,-0.1470734134368163,-0.031881935102505234,2683678.204391892
49.15234551979233,-10.780194601491182,-7.020474210705368,-1.0989655318220726,0.49875859528638244,0.16468000442731826,-0.19270333659734612,-2.0601222140056845,-0.7224983078985948,-0.14550241296661562,-0.030964590612372576,2683682.7635135134
44.66838441860908,-20.54733017589919,-6.125467164304509,-1.5933922821984254,0.6723403443061828,0.1124675818524859,-0.14866449731894757,-2.0414692581924347,-0.7196497997537621,-0.14392505700424638,-0.030047896689439902,2683687.322635135
6.348356494049252,-19.034298183874515,-3.4035694194729427,-2.050046130541936,0.8091653595208491,0.06093845678080368,-0.10531300124991091,-2.0222611762879614,-0.716735238209911,-0.14234139000972884,-0.029131857297207877,2683691.881756757
-42.71350447864214,-2.672892853705174,0.398343276399383,-2.3834493767374614,0.895330584566023,0.012839901033760327,-0.06314873152282702,-2.0025072879671364,-0.7137551871753474,-0.1407514564430831,-0.028216476399198973,2683696.440878378
34.677517495157694,21.318198783513086,4.332605559352449,-2.5081243206698676,0.9171544045988558,-0.02945480137821343,-0.02251902498072766,-1.9822169129048446,-0.7107102105583767,-0.13915530076432941,-0.027301757958929848,2683701.0
-26.7919966012083,12.302410152282071,7.466283921108545,-2.3425579260527347,0.8660305578460629,-0.06472574026923625,0.016271466117057768,-1.9613993707759654,-0.7076008722673028,-0.13755296743348785,-0.02638770593991717,2683706.0861486485
22.942953442173877,-21.785725572196746,8.925372276119218,-1.821095811914532,0.7503325719898426,-0.09287413959402577,0.052918089511210444,-1.9400639812553808,-0.704427736210432,-0.1359445009105787,-0.025474324305660864,2683710.6452702703
-25.12705438269164,-19.557369740272232,8.08472444862032,-0.9172870274365456,0.5826235616958948,-0.11402614646206978,0.0871161929423988,-1.9182200640179665,-0.7011913662960689,-0.13432994565562206,-0.02456161701968123,2683715.204391892
31.871009353560538,10.17609210923391,5.255706479255597,0.2543643129036427,0.37546664162990456,-0.12833427549289142,0.11858749166134519,-1.8958769387386074,-0.6978923264325193,-0.13270934612863822,-0.023649588045485476,2683719.7635135134
-39.913583637383326,22.607780267401182,0.9838124627707696,1.5441153283043718,0.1414249264575711,-0.1360565113461949,0.1471591709589435,-1.8730439250921824,-0.6945311805280882,-0.13108274678964724,-0.02273824134660989,2683724.322635135
-14.818951032320035,10.926866540980194,-4.07454923327647,2.8022231379639835,-0.10693846915541716,-0.13749492652277218,0.17270250396716966,-1.8497303427535725,-0.6911084924910798,-0.12945019209866934,-0.021827580886536233,2683728.881756757
36.569671884394886,-9.850019746967558,-8.819313150080593,3.878944861080806,-0.35706043054336384,-0.1330304083406489,0.19516757863524553,-1.8259455113976566,-0.6876248262298003,-0.12781172651572487,-0.020917610628801524,2683733.440878378
53.17780055320229,-23.87808477098892,-12.039499556024104,4.624537616853184,-0.5963778430405765,-0.12309329842125652,0.21455393721578767,-1.8016987506993136,-0.6840807456525547,-0.1261673945008336,-0.020008334536899153,2683738.0
17.494970188711388,-22.80385097746591,-12.58596222182272,4.889258524479453,-0.812327591981364,-0.10812187187910396,0.23086905545449898,-1.7769993803334259,-0.6804768146676478,-0.12451724051401618,-0.019099756574369044,2683742.0861486485
-46.24058559175171,-3.4641970893877763,-9.806895693700172,4.565982155299193,-0.9941523654428743,-0.08855440382870809,0.24412040909708502,-1.751856719974874,-0.6768135971833852,-0.12286130901529253,-0.018191880704695868,2683746.6452702703
38.82712848887281,25.45748747996266,-4.112355084913964,3.7180528892169744,-1.1383180624736415,-0.06482916938458654,0.25431547388925496,-1.7262800892985377,-0.6730916571080723,-0.12119964446468282,-0.01728471089141955,2683751.204391892
-31.610384191516886,18.147528464407674,3.4873330939365377,2.451432558278603,-1.2430963848650398,-0.037384443661250356,0.2614617255767078,-1.7002788079792956,-0.6693115583500134,-0.11953229132220734,-0.016378251098034934,2683755.7635135134
27.810675680088938,-21.249733312675303,10.580783807585272,0.8720829945298918,-1.3068852185754884,-0.006532317606175328,0.26556663990515306,-1.6738621956920314,-0.6654738648175137,-0.11785929404788618,-0.015472505288063048,2683760.322635135
-28.95918821432021,-26.238384765721925,14.406347389599482,-0.9140339699833481,-1.3284264291919494,0.027759097461713976,0.26663769262029224,-1.647039572111623,-0.6615791404188797,-0.11618069710173952,-0.014567477425016183,2683764.881756757
34.07827254869632,5.492194751080938,12.937485666860995,-2.7807952982298354,-1.3058326039046602,0.06489241182676683,0.26468295086269844,-1.6198208483078178,-0.6576279490624153,-0.11449654494378778,-0.013663171472400822,2683769.440878378
-40.94376284804403,25.43793633096947,7.088106439509889,-4.521433133236359,-1.2366058352430254,0.10365974111249371,0.25971284735241457,-1.5922183009298334,-0.6536208546564262,-0.11280688203405086,-0.012759591393748161,2683774.0
-23.029388663497123,17.921674485910902,-1.2451851742569773,-5.909018413044237,-1.1181357813311414,0.1427407665371013,0.2517384062043519,-1.5642447980217564,-0.6495584211092177,-0.11111175283254898,-0.01185674115256614,2683778.0861486485
43.05295382945722,-2.151240557172401,-9.175440757273922,-6.716622075694798,-0.9478121002931071,0.1808151693187949,0.24077194550970785,-1.5359145016039581,-0.6454412123290941,-0.10941120179930246,-0.010954624712345243,2683782.6452702703
55.54880296584767,-17.037283004008763,-13.568126067633086,-6.715539831024664,-0.724799678457692,0.21656263067578452,0.22683095926481697,-1.5072467496019533,-0.6412697922243618,-0.10770527339433139,-0.010053246036625392,2683787.204391892
33.837535402535984,-19.584616574948605,-11.501670870885041,-5.780555512605642,-0.45660907817104984,0.24866283182627577,0.20993423544231313,-1.4782621739175474,-0.637044724703325,-0.10599401207765581,-0.009152609088912342,2683791.7635135134
-50.35238809647502,-7.48637502889453,-2.550181802159156,-4.2270338720202805,-0.15750514277866318,0.2757870625799758,0.19010895342331988,-1.4489814064525424,-0.6327665736742895,-0.10427746230929619,-0.008252717832726388,2683796.322635135
42.870919120969994,15.188759153289194,6.923987136976847,-2.4809286974049836,0.1570025211753167,0.2965208534444897,0.1674680518910684,-1.4194250791087424,-0.6284359030455603,-0.10255566854927253,-0.007353576231574734,2683800.881756757
-35.080507674663636,10.697141259400352,10.313098557983231,-0.9681937768961644,0.47140430714673853,0.309232568846496,0.14234163560971197,-1.389613823787948,-0.6240532767254428,-0.10082867525760505,-0.006455188248938417,2683805.440878378
30.772302586151447,-11.459730458285259,6.734274685319754,0.007506724830222769,0.7701906085914525,0.312210229657431,0.11514015289864946,-1.3595682723919638,-0.6196192586222413,-0.09909652689431388,-0.005557557848383536,2683810.0
-30.95612380122508,-2.52141814550697,-1.5108285782128754,0.6316671369400771,1.0378518189653063,0.30362900706754853,0.08638690175846504,-1.3293090568225958,-0.6151344126442615,-0.09735926791941925,-0.00466068899340639,2683815.0861486485
32.96056700749194,10.639898005951565,-6.942817456155544,1.212071412059751,1.2588783317241512,0.28164335674534435,0.05662589571149154,-1.2988568089816417,-0.6105993026998093,-0.0956169427929414,-0.003764585647509098,2683819.6452702703
-11.478583065659164,-3.598028866704967,-3.7327771586461687,1.9987080826710848,1.4177605403238338,0.24444122381148786,0.026367658827898616,-1.2682321607709088,-0.6060144926971887,-0.09386959597490042,-0.0028692517742112274,2683824.204391892
-32.97955680583376,-14.043080220361185,2.2996630860384384,3.0103840006778477,1.4989888382202075,0.19021898828286482,-0.003885719718369398,-1.2374557440921974,-0.6013805465447054,-0.0921172719253166,-0.0019746913370265297,2683828.7635135134
30.497484264739963,8.136633572175963,4.152591122761121,4.208110597839295,1.4858163922702954,0.11841025677518444,-0.03363215075336055,-1.2065481908473135,-0.5966980281506649,-0.09036001510420996,-0.0010809082994803873,2683833.322635135
-28.792548714751046,20.449763165986788,1.848196406800078,5.448210006196917,1.3565147362919177,0.03343026894336204,-0.06236954510312906,-1.1755301329380579,-0.5919675014233715,-0.08859786997160077,-0.00018790662506710317,2683837.881756757
30.35343898825893,-10.709937606797606,-2.0602101781250064,6.168247158921173,1.0879872709283915,-0.05893760238318354,-0.08959581359372625,-1.1444222022662351,-0.587189530271131,-0.08683088098750921,0.0007043097226935738,2683842.440878378
-35.06720922145338,-26.460596193841344,-3.3845838409924536,5.685563533693149,0.672638825950713,-0.15287725773111457,-0.11480886705120232,-1.113245030733648,-0.5823646786022488,-0.08505909261195553,0.001595736780282258,2683847.0
40.73741602497237,2.4610675284413905,0.482016753177508,3.58404090581586,0.16501085421626552,-0.24257259762709232,-0.1375066163016126,-1.0820192502420989,-0.57749351032503,-0.08328254930495982,0.002486370584194832,2683851.0861486485
-45.38919368138673,28.832393210338353,4.292074507612769,0.7467345776539629,-0.36482103564597507,-0.32220752259777724,-0.15718697217100877,-1.0507654926933907,-0.5725765893477791,-0.08150129552654226,0.003376207170911729,2683855.6452702703
-26.12152731289356,26.778163137074902,2.664101050913938,-1.7721229452982659,-0.8467812350070211,-0.38596593316983313,-0.17334784548544066,-1.0195043899893275,-0.5676144795788018,-0.07971537573672297,0.004265242576920288,2683860.204391892
0.17899931679254158,7.917553972244835,-2.464818655075629,-3.548298027861242,-1.210794135237896,-0.42803172986992116,-0.1854871470709631,-0.9882565740317117,-0.5626077449264033,-0.07792483439552236,0.00515347283870367,2683864.7635135134
48.08819838935176,-12.709432231629588,-7.327956315201917,-4.315056752434069,-1.3867841277096193,-0.44256722882693433,-0.1931259179999001,-0.957041130873842,-0.5575569492988887,-0.07612971596296039,0.006040893992753756,2683869.322635135
37.889316308964496,-21.776097644526363,-8.123961694269482,-3.8163604122001753,-1.3265962716122832,-0.4255921916589014,-0.19593999868744405,-0.9258709631749938,-0.5524626566045633,-0.07433006489905733,0.006927502075558342,2683873.881756757
-41.21621644891081,-13.091143599135233,-2.496095785377921,-2.0388590635859685,-1.0697582974122914,-0.3808303610524951,-0.19392854524239206,-0.8947559225841218,-0.5473254307517317,-0.07252592566383335,0.007813293123594316,2683878.440878378
36.95927168217774,12.182297115125246,5.614606404572667,0.22047034577497576,-0.6777186033951091,-0.31375099535690804,-0.18735728019626743,-0.8636998401029107,-0.5421458356486998,-0.07071734271730866,0.008698263173357106,2683883.0
-34.47723802402759,13.83708917886113,10.679009611472953,1.96474294814343,-0.21192558784621535,-0.2297737860669099,-0.17654299809683735,-0.8327050415712265,-0.5369244352037723,-0.06890436051950334,0.009582408261335234,2683887.0861486485
34.965446701144785,-12.508394304068128,7.926747131858887,2.4473568969520905,0.26617235094891945,-0.13431842467727692,-0.16180249349185877,-0.8017738528289373,-0.5316617933252547,-0.06708702353043772,0.010465724424004768,2683891.6452702703
-36.06241140819733,-9.814884829832428,-2.598152687828275,1.9214606009932114,0.6965086440331132,-0.03280460268277592,-0.14345256092909944,-0.7709085997159107,-0.526358473921452,-0.06526537621013183,0.011348207697867955,2683896.204391892
33.53746459785187,12.82546894009464,-11.871231572813498,0.8842278940170372,1.0252743186631468,0.06934798842181972,-0.121809994956321,-0.7401116080720153,-0.5210150409006693,-0.06343946301860601,0.012229854119386324,2683900.7635135134
-6.5631475828743895,2.0158634448919215,-8.233680697320287,-0.20248473473899023,1.2029633470272214,0.16671965714173792,-0.09719159012128686,-0.7093852037371173,-0.515632058171212,-0.06160932841588027,0.013110659725073751,2683905.322635135
-18.296406522942153,-15.596997282415357,2.9267660393063406,-1.001608673263761,1.1807551258027473,0.2539355663937795,-0.06991414097176066,-0.6787317125510843,-0.5102100896413853,-0.059775016861974915,0.013990620551403399,2683909.881756757
13.645884614669704,-2.4560535432949044,12.0514170622085,-1.2070897091275503,0.9092797850877599,0.3261701456741198,-0.04029444205550526,-0.6481534603537844,-0.5047496992194938,-0.057936572816910135,0.014869732634857155,2683914.440878378
-16.682443934032943,18.05137005041414,11.401398091369757,-0.6266604688039772,0.3787739602849764,0.3801220746228301,-0.008649287920283015,-0.6176527729850851,-0.4992514508138435,-0.05609404074070598,0.015747992011934355,2683919.0
26.63092012964785,-7.032793562185123,-1.6356704247104354,0.4043104572888186,-0.2563725403416576,0.41285988181306776,0.024704526886137373,-0.5872319762848511,-0.4937159083327392,-0.054247465093382796,0.016625394719109614,2683924.0861486485
-36.563482238580725,-18.304386633074916,-12.003191586677223,1.1467132065048244,-0.8006391530796161,0.4214520958179813,0.059450207816001556,-0.5568933960929553,-0.4881436356844855,-0.05239689033496065,0.017501936792869183,2683928.6452702703
39.76714205333346,17.47213654194732,-5.9838108260433085,0.9941980759313492,-1.097112835611902,0.4030274952114129,0.09521071032085622,-0.5266393582492606,-0.48253519677738854,-0.05054236092545977,0.01837761426971094,2683933.204391892
-36.44518723621335,16.023412596246846,7.0524537434961285,0.1614398527329421,-1.1433400490230627,0.35496677352742617,0.13135707489202883,-0.49647218859363657,-0.4768911555197529,-0.0486839213249003,0.019252423186118233,2683937.7635135134
32.2587214897929,-16.248560374208523,11.99179706035662,-0.9315202365836376,-0.9776190996595657,0.276766498353314,0.1671711205562509,-0.4663942129659481,-0.47121207581988417,-0.0468216159933025,0.02012635957857149,2683942.322635135
-30.945329160249436,-3.991689575325652,1.032465773514906,-1.848220967763067,-0.6463843220418459,0.17598200912415782,0.20198250484700472,-0.43640775720606606,-0.465498521586087,-0.04495548939068643,0.02099941948355696,2683946.881756757
31.051091263845915,16.431004419123028,-11.805766261691097,-2.082303339205666,-0.20243216090680766,0.06218060949761051,0.23513557366383273,-0.4065151471538561,-0.45975105672666716,-0.043085585977072405,0.02187159893756671,2683951.440878378
4.500780983839219,-0.5544236846681198,-11.754802232819838,-1.2520226297944796,0.28446621084690954,-0.05507039686867248,0.2659746729062769,-0.3767187086491863,-0.4539702451499295,-0.04121195021248049,0.022742893977092806,2683956.0
-28.21154261345117,-18.197284053397293,-2.3008926482766108,0.3522939584982925,0.7416725720911563,-0.16620370631703896,0.29384414847387963,-0.3470207675319232,-0.4481566507641794,-0.03933462655693094,0.023613300638609863,2683961.0861486485
26.637769555766358,2.09056320355352,8.366454285914502,2.109890064680204,1.0969158040473634,-0.2616520151898336,0.3180883462661837,-0.3174236496419362,-0.44231083747772126,-0.03745365947044395,0.0244828149585925,2683965.6452702703
-28.371385149680137,19.712524726757938,10.896758255761595,3.3569887107345346,1.2779247879369606,-0.33184801982940204,0.33805161218273067,-0.28792968081909065,-0.4364333691988613,-0.03556909341303963,0.025351432973567678,2683970.204391892
34.10386350278965,-10.40229155114438,0.23986012614530527,3.5556773739537797,1.2146822892450932,-0.36952398196478303,0.35312397324604133,-0.25854118690325556,-0.43052480983590397,-0.0336809728447382,0.026219150719989655,2683974.7635135134
-39.03311223955821,-19.06479817391891,-10.24912179757124,2.6438611489112165,0.8738268144678302,-0.37667293461520496,0.3629406907139709,-0.2292604937342969,-0.42458572329715505,-0.03178934222555981,0.027085964234324324,2683979.322635135
37.345476942949404,17.81018567230408,-7.411648161353822,0.717664635642523,0.33481157018923635,-0.3578747668167473,0.36746999759751237,-0.20008992715208335,-0.4186166734909192,-0.029894246015524723,0.027951869553142276,2683983.881756757
-29.390695614912968,13.658599013046617,2.8120729981681984,-1.5827643058628682,-0.2952700330505534,-0.3179208839747026,0.366892194793779,-0.17103236451338918,-0.4126182243255018,-0.027995728674653025,0.028816862712833784,2683988.440878378
21.820262628599494,-14.935412030101052,9.348191675349518,-3.4743619496380567,-0.9093245847114053,-0.26163994315081146,0.36142673247494583,-0.1420925807936037,-0.40659093970920784,-0.026093834662964978,0.029680939749934538,2683993.0
-20.314207165498146,1.2372396219221444,3.1452703833217663,-4.34529446523415,-1.4002586742531842,-0.19386060140681344,0.35129237853406964,-0.11327466868899777,-0.400535383550343,-0.024188608440480697,0.030544096700927878,2683997.0861486485
24.242017249946475,14.301245917985044,-6.522955538656492,-4.256005435051821,-1.673621060358186,-0.11941151580444906,0.33670759241519665,-0.08458241244683211,-0.3944521197572119,-0.02228009446722037,0.031406329602288424,2684001.6452702703
19.39756591032909,-5.333762666877468,-8.620566970218109,-3.375205828669262,-1.6983114265880415,-0.0427329268666102,0.3178908335623748,-0.0560195963143686,-0.3883417122381199,-0.02036833720320423,0.03226763449051424,2684006.204391892
-33.43288090403897,-17.23457492274975,-4.041653055057512,-1.8629456363739225,-1.5071928322992245,0.0334808056531262,0.29506056141965076,-0.027590004538868673,-0.3822047249013722,-0.0184533811084524,0.033128007402085206,2684010.7635135134
33.16606698281618,10.52936085771759,3.2157177329737445,-0.08110707994163172,-1.1466794432935128,0.10769259699571637,0.2684352354310722,0.0007025786324064606,-0.3760417216552743,-0.01653527064298511,0.03398744437348231,2684015.322635135
-31.0012954491945,22.428061370525757,7.917776643169969,1.5548711031169948,-0.6633776399866051,0.17855757701603794,0.2382333150406867,0.02885436895219456,-0.36985326640813093,-0.014614050266822548,0.03484594144121279,2684019.881756757
31.137190551266816,-11.625512425921388,6.344257915625741,2.698552150661572,-0.10389380279420125,0.24473087556896841,0.20467325969254122,0.05686158217323438,-0.3636399230682474,-0.012689764439984806,0.035703494641734265,2684024.440878378
-35.03304919019116,-27.386211304761712,2.09864496451653,3.299026783741668,0.4851656878679989,0.3048676225093856,0.16797352883068328,0.08472043404826372,-0.3574022555439284,-0.010762457622492203,0.036560100011555796,2684029.0
40.57685710981548,-2.0233751138269063,-0.5328079812699388,3.4519366647576732,1.057723812439821,0.3576229476921672,0.12835434396366022,0.11242537826552207,-0.3511408277434802,-0.008832174274364786,0.03741575358716573,2684034.0861486485
-36.361072433544294,24.35922215686267,-1.5832384641513182,3.267445246116838,1.5727013430632373,0.4016519809721907,0.08604297485802019,0.13996382025524612,-0.3448562035752072,-0.0068989588556227725,0.03827045140502704,2684038.6452702703
-48.11249227889194,30.969986138476173,-2.160752073944347,2.840508552411685,2.004226479694958,0.435609852204334,0.04126845334481173,0.16732140338317333,-0.3385489469474146,-0.004962855826286422,0.03912418950164925,2684043.204391892
-21.787385496659,11.45938570517019,-3.116302031643149,2.249522763862683,2.342987266663746,0.4581516912434745,-0.005740188744916973,0.19448377101504122,-0.33221962176840775,-0.003023909646375821,0.039976963913504054,2684047.7635135134
38.143752163507045,-15.860644064973197,-4.272232082951364,1.565516183908135,2.5870396250805276,0.4679288853364182,-0.05475017697204577,0.22143656651658736,-0.325868791946492,-0.0010821647759111984,0.04082877067708644,2684052.322635135
41.55827641280689,-29.51545542354273,-5.19373360475001,0.8584643152505695,2.735492276792012,0.4635592528758892,-0.10549516804337251,0.24816543325354887,-0.3194970213899721,0.0008623343250872236,0.0416796058288783,2684056.881756757
-35.08644275865397,-18.714782276308924,-5.458047711537609,0.19873077348699086,2.787379822494062,0.4436565971101977,-0.15763068237044106,0.2746560145916631,-0.3131048740071533,0.0028095431965993816,0.04252946540537895,2684061.440878378
28.271556731901935,16.139431877177906,-4.68312412581251,-0.34925871667793285,2.740954429282676,0.407598556465727,-0.21079364194300002,0.30089395389666784,-0.30669291370634116,0.0047594173786050025,0.04337834544305866,2684066.0
-23.94387575355076,25.40345188289331,-2.469000937809339,-0.7506516875262854,2.5924503471169906,0.3567806865057219,-0.2646209687507977,0.3268648945343003,-0.3002617043958407,0.006711912411083903,0.04422624197840494,2684070.0861486485
24.516402266951243,-7.773393628276072,1.113678699807806,-0.978094342655375,2.337624205804571,0.2930844917899319,-0.3187495847835826,0.3525544798702976,-0.2938118099839568,0.00866698383401598,0.04507315104791332,2684074.6452702703
-29.948809407304253,-22.775443723169058,4.0818900147757935,-1.0055362482482515,1.9735359977387152,0.21839147687810592,-0.3728164120311031,0.37794835327039733,-0.2873437943789949,0.010624587187381,0.04591906868804914,2684079.204391892
37.795497767706046,-4.029925536850531,4.538665558322047,-0.8151267938722968,1.505445538697057,0.13458314632999477,-0.426458372483108,0.40303215810033705,-0.2808582214892602,0.012584678011158774,0.046763990935342455,2684083.7635135134
-18.779636207417354,14.684747425476152,2.8621327884086925,-0.4265392181668178,0.9576525003557429,0.04354100470534735,-0.4793123881293453,0.427791537725854,-0.27435565522305766,0.01454721184532911,0.04760791382624971,2684088.322635135
-50.87283905186768,20.17893965001103,0.06850786408182712,0.040597164157952045,0.38047665776819595,-0.0528534434360864,-0.5310153809595636,0.4522121355126855,-0.2678366594886926,0.016512144229871798,0.04845083339724769,2684092.881756757
-7.601304715506946,9.952299068470074,-2.8021172772861864,0.43649530691880034,-0.1640884757125938,-0.15271869353455697,-0.5812042729635116,0.4762795948265693,-0.2613017981944703,0.018479430704766788,0.04929274568484692,2684097.440878378
29.724563000793125,-7.022173677032473,-4.688083557711546,0.6101283691469604,-0.6128095919480816,-0.25417324103031463,-0.6295159861309375,0.49997955903324215,-0.2547516352486957,0.02044902680999374,0.05013364672552483,2684102.0
46.633921420690434,-18.80572685406484,-4.543143094039339,0.4506578741588843,-0.9218387671032071,-0.3553355813636095,-0.67558744245159,0.5232976714984422,-0.24818673455967416,0.022420888085532595,0.05097353255575686,2684106.0861486485
-37.73727193132056,-12.913545964973475,-1.8654019901940941,0.025173243952281,-1.1244989550030657,-0.45432420997469253,-0.7190555639152172,0.5462195755879063,-0.24160766003571074,0.024394970071363115,0.051812399212040616,2684110.6452702703
27.264910281122223,13.080948540260962,1.9816624013079553,-0.4889599957017664,-1.2734058288877876,-0.5492576223038131,-0.7595572725115676,0.5687309146673719,-0.2350149755851108,0.026371228307465175,0.052650242730853614,2684115.204391892
-19.37836984047556,17.493987412572498,5.173430660798077,-0.8968312179380261,-1.4211750619975045,-0.638254313791223,-0.7967294902303901,0.5908173321025768,-0.22840924511617922,0.02834961833381848,0.053487059148704316,2684119.7635135134
17.739149829236755,-9.694516979855367,6.1794836275131155,-1.0094394707091676,-1.6145126527544371,-0.7194327798771709,-0.830209139061433,0.6124644712592583,-0.22179103253722143,0.030330095690402903,0.05432284450206035,2684124.322635135
-22.852738835322274,-16.120484653529388,4.691670449821511,-0.7105909617940339,-1.8727847132638853,-0.7909115160019083,-0.8596352491556223,0.633660083664331,-0.21516090175654246,0.03231261591719835,0.05515759482741204,2684128.881756757
32.068362547919136,1.1011321640808924,1.1383994734381866,-0.08891642845183245,-2.1924019201877147,-0.8508090176056852,-0.8846552833085981,0.6544003534894246,-0.20851941668244756,0.03429713455418449,0.05599130616123943,2684133.440878378
1.265925409384362,12.430276619538441,-2.9644943047967627,0.7088208817256737,-2.557109713364481,-0.8972437801287517,-0.9049188124771779,0.6746835730673448,-0.2018671412232419,0.03628360714134119,0.05682397454004476,2684138.0
-50.201019584929924,13.280866537328576,-6.140898501538917,1.5336167087022172,-2.9484125201882376,-0.9283342990113588,-0.9200754076181787,0.6945080347308984,-0.19520463928723059,0.03827198921864846,0.05765559600030266,2684143.0861486485
12.264539318606138,7.81006837105904,-8.00789969419947,2.2364667924415262,-3.3478147680530266,-0.9421553461324904,-0.9298183632496855,0.7138720308128914,-0.18853247478271887,0.04026223632608581,0.05848616657849791,2684147.6452702703
22.51997803529501,-0.4708621368070984,-8.072396384469494,2.6885698226593027,-3.7368208843529027,-0.9365997944274802,-0.93402287283343,0.7327738536461313,-0.18185121161801193,0.04225430400363322,0.05931568231112694,2684152.204391892
49.52845460877354,-9.304698706984091,-5.806515578628379,2.83556934581021,-4.098500777789624,-0.9094535004486207,-0.9326705026797903,0.7512111520290249,-0.1751614137014149,0.04424814779127053,0.06014413923467455,2684156.7635135134
-38.9920695376889,-9.984223299280817,-1.0053391029389316,2.613529823424818,-4.417872016695362,-0.8583542199397721,-0.9258883457699829,0.7691790006223855,-0.1684636449412329,0.04624372322897745,0.06097153338561972,2684161.322635135
25.915328064466713,7.699878277314977,4.823209799801898,1.9348953686501054,-4.664264244595321,-0.7809044346173245,-0.913838125578289,0.7866718305526271,-0.16175846924577122,0.048240985856733906,0.06179786080044579,2684165.881756757
-15.872154974710044,9.829279464698699,8.305335994423448,0.707810454181448,-4.802678390922267,-0.6747356998385036,-0.8966815655789901,0.8036840729461644,-0.15504645052333513,0.050239891214519744,0.062623117515655,2684170.440878378
13.09001298273346,-10.415541360579462,6.411972096016096,-1.0489395038174545,-4.796782362908131,-0.5388162494485691,-0.8745803892463676,0.8202101589294114,-0.14832815268222954,0.05224039484231465,0.06344729956772306,2684175.0
-16.936910706424815,-4.501003093412292,-0.1260248764366553,-2.8740199404583615,-4.605259147403648,-0.3770992376739937,-0.8476963200547016,0.8362445196287819,-0.14160413963075968,0.05424245228009848,0.06427040299313586,2684179.0861486485
26.31177855840898,13.003163994621605,-6.169845058262523,-4.195459003671913,-4.185274103168823,-0.19505544683196063,-0.8161910814782753,0.8517815861706909,-0.1348749752772309,0.05624601906785118,0.06509242382838,2684183.6452702703
27.594639045250116,6.265687111629587,-6.457551774662034,-4.4973568669758,-3.4977242095696726,0.0017700297188497224,-0.7802263969913689,0.8668157896815523,-0.1281412235299483,0.05825105074555245,0.06591335810996245,2684188.204391892
-26.83058184488387,-16.927151577561204,-2.7343285952706466,-3.596575467736016,-2.537399527411044,0.20783209861975718,-0.7399639900682641,0.8813415612877806,-0.12140344829721697,0.06025750285318205,0.0667332018743404,2684192.7635135134
22.393113083969375,-4.875333174311821,1.8751204041504075,-1.799943414906303,-1.3775734685408838,0.41758566651208173,-0.695565584183242,0.8953533321157898,-0.11466221348734204,0.06226533093071985,0.0675519511580088,2684197.322635135
-19.970127528939518,20.993466588616876,4.237012352300501,0.47723702105942795,-0.11018879965602649,0.6254856400371438,-0.6471929028105838,0.9088455332919942,-0.10791808300862908,0.06427449051814589,0.0683696019974641,2684201.881756757
23.617798999464206,2.952772423993531,2.3779789618472855,2.7803604963853465,1.1728117125466937,0.825986925836262,-0.5950076694245704,0.9218125959428073,-0.10117162076938283,0.06628493715543973,0.06918615042917362,2684206.440878378
-32.02294811685489,-24.04798134077682,-0.894224920133388,4.494366387361212,2.3794853013704347,1.0135444305507575,-0.5391716074994836,0.9342489511946442,-0.09442339067790843,0.06829662638258108,0.07000159248964834,2684211.0
40.9591575279323,-19.875652087583774,-2.2887431505423894,5.012293291683634,3.417889200118365,1.1826130608219478,-0.47984644050960523,0.9461490301739198,-0.08767395664251136,0.07030951373955008,0.07081592421536143,2684216.0861486485
-4.439959407984684,0.0629753340758216,-1.5742276972396674,4.11813792094217,4.208764854406539,1.3276477232911534,-0.4171938919292152,0.9575072640070469,-0.08092388257149674,0.07232355476632642,0.07162914164279986,2684220.6452702703
-45.288317343451574,19.563378597928736,0.09477539405384403,2.262174152166854,4.728504176083221,1.4431033245996967,-0.3513756852325971,0.9683180838204412,-0.07417373237316968,0.0743387050028899,0.0724412408084506,2684225.204391892
-51.37206636188621,25.76644004227383,1.3915157641423226,0.0345414956271142,4.985837757232174,1.523434771388893,-0.282553543894029,0.9785759207405152,-0.06742406995583528,0.07635491998922027,0.07325221774879918,2684229.7635135134
-0.4125811066237435,10.870766550560356,1.306969158861319,-2.0208512456527417,4.9942739951447175,1.5632327820731609,-0.21088919138779605,0.9882752058936849,-0.06067545922779869,0.07837215526529744,0.07406206850033693,2684234.322635135
41.7862995736775,-12.837164847506962,0.2102474505263507,-3.6325953360606364,4.765372491924053,1.5590406459717558,-0.1365481269049071,0.9974103704063634,-0.05392846409736543,0.08039036637110131,0.0748707890995414,2684238.881756757
-33.4299346417698,-24.069119664861333,-1.164578647697335,-4.617831866067329,4.304934845517305,1.5132002752891587,-0.05973646836551487,1.0059758454049645,-0.04718364847284027,0.08240950884661147,0.07567837558292208,2684243.440878378
25.123637068194338,-0.540848464469214,-2.080091296489649,-4.798690716455112,3.6173536780185036,1.4295649694911798,0.019233827144641894,1.0139660620159046,-0.0404415762625286,0.08442953823180792,0.0764848239869245,2684248.0
-19.914657356173567,22.363103939262626,-1.7322668858904113,-4.078883100717299,2.7154168059363935,1.3120197620955325,0.10001906848792154,1.0213754513655955,-0.03370281137473547,0.0864504100666703,0.07729013034806582,2684253.0861486485
20.064428663202236,3.911985748357046,0.4238748952693355,-2.689735962647704,1.6488854206225687,1.1644745593787025,0.1822506917679101,1.028198444580453,-0.026967917717766327,0.08847207989117885,0.07809429070282393,2684257.6452702703
-25.503465819721878,-20.661333061704443,2.805929456205236,-0.9491272221655107,0.4892943421680465,0.9908454858068648,0.265553914898508,1.0344294727868903,-0.020237459199925808,0.09049450324531276,0.07889730108769345,2684262.204391892
34.01471470672603,-20.039042748435588,3.724451783684999,0.8238262177138559,-0.688480428512319,0.7950486658461905,0.3495539557936121,1.0400629671113226,-0.0135119997295196,0.09251763566905238,0.07969915753915006,2684266.7635135134
12.5264263728704,-4.262925003127101,3.2200974618851106,2.3517451716907036,-1.8095628905036758,0.5810002239628554,0.43387603236712124,1.045093358680164,-0.006792103214852631,0.09454143270237719,0.08049985609369166,2684271.322635135
-49.892882373203285,11.819858968888408,1.6074233169791523,3.524167408749065,-2.7990770428911724,0.35261628462303507,0.5181453625329319,1.0495150786198286,-7.83335642303116e-05,0.09656584988526729,0.08129939278778996,2684275.881756757
-23.976250394148252,17.26489530835048,-0.8411869115915637,4.275810260623529,-3.585724396111666,0.11381297229290556,0.6019871642049422,1.0533225580567303,0.006628745314042563,0.09859084275770226,0.08209776365793992,2684280.440878378
-1.2673597707447204,12.186218158207282,-3.6169570218881546,4.558247151825029,-4.11509646995757,-0.1314935885613625,0.6850266552970524,1.0565102281172825,0.013328569511660492,0.10061636685966195,0.08289496474062925,2684285.0
46.44114995786043,-1.5535213838998059,-5.265676628298274,4.3496430539532245,-4.359376331310031,-0.37938727347359275,0.7668890537231559,1.0590725199279019,0.020020575120318383,0.10264237773112642,0.08369099207233985,2684289.0861486485
-35.33536456927549,-14.294386964451979,-4.100156870993987,3.684899694027783,-4.343878150093595,-0.6261775386514535,0.8471995773971535,1.0610038646150015,0.026704198231710854,0.10466883091207534,0.08448584168957393,2684293.6452702703
22.237395629294344,-0.10094789239568275,0.4975348231173594,2.6251332658215563,-4.10585670263997,-0.8689274138375657,0.9255834442329438,1.0622986933049945,0.03337887493753344,0.10669568194248834,0.08527950962879016,2684298.204391892
-13.108846163674059,12.378354151710326,4.919006955728748,1.2348400348101567,-3.6829361812487313,-1.1043305128066856,1.001665872144422,1.0629514371242974,0.0400440413294802,0.1087228863623454,0.08607199192649256,2684302.7635135134
11.900646229933573,-6.817098243344015,5.464671167346198,-0.4084425370507873,-3.112889527379873,-1.3289317001731513,1.0750720790454886,1.062956527199322,0.0466991334992462,0.11075039971162642,0.0868632846191634,2684307.322635135
-17.080246189192426,-11.474381652213896,2.266142572063077,-2.1480591205239277,-2.433489682493397,-1.5392758405512965,1.1454272828500427,1.0623083946564835,0.05334358753852647,0.11277817753031111,0.08765338374329874,2684311.881756757
13.801077288972339,7.3021598795657905,-2.906202176408314,-3.7065008644452093,-1.6825095880492995,-1.7319077985554518,1.2123567014719758,1.0610014706221969,0.059976839539015725,0.11480617535837921,0.08844228533536702,2684316.440878378
28.449683286618598,12.921665288980362,-5.1808006004039004,-4.779305836288893,-0.8977221855075789,-1.903372438799956,1.2754855528251914,1.059030186222876,0.06659832559240862,0.1168343487358107,0.08922998543187775,2684321.0
-27.79002032281112,-14.805694277053226,-1.3367509467871186,-5.108638990409174,-0.11750156610422377,-2.050214625899142,1.334439054823586,1.0563889968031777,0.07320745757215695,0.11886265320258552,0.09001648006928518,2684325.0861486485
23.79433320744387,-13.042373853959376,3.1889347532254644,-4.626760140731543,0.6209608918723957,-2.168979224467346,1.3888424253810578,1.053072454580732,0.07980355047874058,0.12089104429868312,0.09080176528411195,2684329.6452702703
-21.79507850096383,20.250255519174928,4.818021093843871,-3.326905236267748,1.2942219085642526,-2.2562110991188993,1.438320882411505,1.0490751359914101,0.08638589509439544,0.12291947756408363,0.09158583711282026,2684334.204391892
25.141630258605556,13.232150270901034,2.0916960498804515,-1.2932047113089613,1.8824255161649015,-2.308455114468137,1.482499643828822,1.044391617471087,0.09295378220135819,0.1249479085387667,0.09236869159191893,2684338.7635135134
-32.69115800526819,-21.736197565385133,-2.2626309577256447,1.0409823069422783,2.3657157468678958,-2.3223119018088636,1.5210596942263774,1.039016475455634,0.09950650258186575,0.1269762927627121,0.09315032475783387,2684343.322635135
41.22798423703248,-27.897914805629277,-4.5077775886994145,3.1917719602514247,2.724236632866793,-2.294626425535919,1.553926351298576,1.032944286380924,0.10604334701815399,0.1290045857758999,0.09393073264714948,2684347.881756757
9.410712483361072,-4.663537550560585,-2.2738653341191504,4.838623638284751,2.938132206355143,-2.2223844822563428,1.5811657649520205,1.026169626682829,0.11256360629245966,0.13103274311830973,0.0947099112962851,2684352.440878378
-52.858189575524875,21.844782839997638,1.8915056224613114,5.762633089374173,2.987546499526508,-2.102593134960347,1.6028653514764857,1.018687072797222,0.1190665711870194,0.13306072032992125,0.09548785674173281,2684357.0
-50.49294172751891,29.38204866832562,4.220561034918213,5.7549097556641415,2.8600586337028338,-1.933494750461625,1.6191125271617546,1.010491201159977,0.12555153248406886,0.13508847295071472,0.09626456502000358,2684362.0861486485
-27.081583122270352,20.6924753742631,2.1856022691807846,4.695016984770543,2.5743598807503743,-1.7186490394463034,1.6299947082976067,1.0015765882069638,0.1320177809658454,0.13711595652066963,0.0970400321675582,2684366.6452702703
44.39858770832077,-0.9538428168847856,-1.7807668606096818,2.909330525768746,2.162063777786797,-1.4643555307381764,1.6355984953530092,0.9919386585375736,0.13846457507188187,0.1391431265797658,0.09781425422089238,2684371.204391892
-34.25881221491635,-23.316743556738455,-4.005866928258865,0.837479174425226,1.6561556559605008,-1.1772898817395856,1.6360038824081369,0.9815795725108012,0.1448910438708991,0.14116993866798305,0.09858722721648291,2684375.7635135134
23.6526970483453,-8.456181370694223,-2.0208068467373437,-1.1330389800505478,1.0896208464198982,-0.864127749852865,1.631276675300179,0.970515711071323,0.15129628408891446,0.14319634832530165,0.09935894719085751,2684380.322635135
-17.698023768564184,17.176349105736044,1.8189258352935354,-2.814023395645902,0.49544468031340116,-0.5315447924803621,1.6214793367607974,0.9587667982693552,0.15767939245194545,0.14522231109170092,0.10012941018045896,2684384.881756757
18.968505045367074,1.9518345060219102,4.17322191294139,-4.032503120780293,-0.09338751121058952,-0.18621666702440992,1.6066743295216472,0.9463525581551118,0.16403946568600986,0.14724778250716064,0.10089861222178167,2684389.440878378
-24.847765324575366,-12.378521206875593,2.7944446966276333,-4.683708522952166,-0.6438903970036627,0.16518096911264832,1.586924116314382,0.9332927147788092,0.17037560051712472,0.14927271811166085,0.10166654935132122,2684394.0
10.815337417284839,2.5347446861075946,-2.403806777279328,-4.972576362100751,-1.1230786459174131,0.5159724585284741,1.5622911598706593,0.9196069921906638,0.17668689367130788,0.15129707344518117,0.10243321760556216,2684398.0861486485
33.732551999426384,11.410156533443184,-5.048660736510887,-5.181469996275484,-1.4979669268034257,0.8594821438207249,1.5328379229221334,0.9053151144408912,0.18297244187457654,0.15332080404770188,0.10319861302099514,2684402.6452702703
-32.186831998024275,-12.449959454809399,-0.23205365501108385,-5.498690050548627,-1.7358007792268437,1.1892652383006053,1.4986268682004622,0.8904368055797073,0.18923134185294804,0.1553438654592023,0.10396273163409622,2684407.204391892
28.439384741715706,-14.703559194181308,5.537894650301609,-5.736286218083818,-1.8047116891760224,1.4997629017025444,1.4597204584373,0.8749917896573275,0.19546269033244032,0.15736621321966257,0.104725569481356,2684411.7635135134
-26.90613720562851,17.81410927128515,6.561085699100368,-5.599971723935959,-1.6854243972474432,1.7857358132375234,1.4161811563643028,0.8589997907239669,0.20166558403907128,0.15938780286906193,0.10548712259926148,2684416.322635135
29.47203726074153,17.380305495005473,1.5063843697911672,-4.823615399803665,-1.4090401601739504,2.0428622936327305,1.3680714247131271,0.8424805328298425,0.20783911969885727,0.16140858994738114,0.10624738702430252,2684420.881756757
-34.79086525115291,-15.409113596375398,-5.295328414616789,-3.4378145309339323,-1.020628500682286,2.2670594581021404,1.3154537262154302,0.8254537400251689,0.21398239403781658,0.1634285299945992,0.10700635879295593,2684425.440878378
40.97539954393856,-25.24309788548261,-8.178473317809493,-1.5504169497437308,-0.5656228755930885,2.454244421859737,1.2583905236028636,0.807939136360163,0.22009450378196635,0.1654475785506964,0.1077640339417276,2684430.0
24.528043246452697,-7.328308142586313,-3.4696423659973408,0.6543622463330525,-0.08945674172698377,2.600334300119492,1.1969442796070873,0.7899564458850399,0.22617454565732417,0.16746569115565235,0.10852040850708049,2684435.0861486485
-48.43395110902618,19.273344566648426,4.4704241359241985,2.6868388997949317,0.3624364440953842,2.701246208095393,1.131177456959753,0.7715253926500154,0.23222161638990788,0.1694828233494468,0.10927547852551539,2684439.6452702703
-53.29125258681776,27.522794410148734,9.272448813388369,3.98096158812352,0.7446232250533907,2.7528838245631317,1.0611659548307926,0.7526657007053055,0.2382348127057339,0.17149893067206,0.11002924003352149,2684444.204391892
-38.15296340216339,19.109576256012197,6.466469970087911,4.1334447071938945,1.0116808984246264,2.7510646672679027,0.987071833420651,0.7333970941011264,0.2442132313308211,0.17351396866347124,0.11078168906757192,2684448.7635135134
46.24354906254018,-2.2949758635128403,-0.820211377246636,3.378929792725729,1.1309925396318472,2.6918365283840346,0.9092002504777852,0.7137392968876922,0.25015596899118603,0.17552789286366063,0.11153282166416603,2684453.322635135
-35.61202338527977,-23.114561356753313,-7.5609785336253195,2.0622796639145227,1.1196451757054087,2.574066122216714,0.8278887790280934,0.6937120331152202,0.25606212241284676,0.17754065881260775,0.11228263385976825,2684457.881756757
22.934381448574957,-3.419543227975324,-9.486401894889806,0.515221006226324,1.0020571974291526,2.4024249330470786,0.7434749920974628,0.6733350268339262,0.2619307883218204,0.17955222205029264,0.1130311216909041,2684462.440878378
-14.527951579770173,18.70451841995444,-5.3468980899220115,-0.939421625159284,0.8012891460871983,2.182942294655954,0.6562964627117918,0.6526280020940249,0.2677610634441242,0.18156253811669534,0.11377828119403147,2684467.0
15.156425759648,-4.501182861584794,3.592237945458565,-2.0144321962087584,0.5404015629636912,1.9216475408241662,0.5666907638969725,0.631610682945734,0.2735520445057763,0.18357156255179496,0.11452410840564606,2684471.0861486485
-23.128566868765613,-15.431340806647858,8.90141445671125,-2.4314968031750492,0.2424549893427673,1.6245700053325394,0.47499546867889947,0.6103027934392666,0.2793028282327935,0.18557925089557212,0.11526859936222467,2684475.6452702703
-9.528406152110708,5.1402460376585015,3.7668663725249103,-2.0243963774026774,-0.06791101707290402,1.297739021961906,0.38154815008346304,0.5887240576248397,0.2850125113511943,0.18758555868800605,0.11601175010026206,2684480.204391892
37.56089973074469,14.380049208762225,-4.988665696485828,-1.0762566672764313,-0.3587753562324903,0.9471839244930879,0.28668638113656,0.5668941995526695,0.2906801905869954,0.18959044146907683,0.11675355665624,2684484.7635135134
-34.98797048365558,-14.477936329370186,-8.003670662983756,0.013839837031234795,-0.5927760049705236,0.5789340467069128,0.19074773486408295,0.544832943272972,0.2963049626662139,0.19159385477876434,0.11749401506664925,2684489.322635135
27.779231714449992,-14.653593160104258,-1.9157202983291148,0.8866295014856835,-0.7315854634475126,0.1990187223842098,0.09406978429192485,0.5225600128359614,0.30188592431486866,0.19359575415704822,0.11823312136798858,2684493.881756757
-23.769825295435325,15.402172749499407,5.700780008823803,1.3480605238390913,-0.738950732363427,-0.18653271469419763,-0.0030098975540203995,0.5000951322918554,0.3074221722589758,0.19559609514390836,0.11897087159672064,2684498.440878378
26.43961064700479,4.445790506946343,7.0115858816296734,1.259721455075457,-0.5939131396204148,-0.5712526239652868,-0.10015373764785872,0.4774580256908688,0.3129128032245532,0.19759483327932434,0.11970726178934146,2684503.0
-31.668524313210046,-15.761264030157276,3.0760288829314044,0.5969267437509496,-0.31572607092400323,-0.9468626791269958,-0.19702416296369785,0.45466841708321676,0.31835691393761867,0.1995919241032767,0.12044228798234206,2684508.0861486485
3.193720949893973,0.026138966657813466,-2.7838557782766875,-0.31677384737932346,0.02875173462941429,-1.304416412654011,-0.2932836004756441,0.43174603051911664,0.3237536011241896,0.20158732315574457,0.12117594621220594,2684512.6452702703
32.456591603701426,15.302726095802763,-6.030092229860787,-1.0724112315760503,0.36250928085680956,-1.6349098984107542,-0.3885944771578024,0.4087105900487826,0.3291019615102836,0.20358098597670776,0.12190823251542134,2684517.204391892
-27.18743624395407,-5.483410826549227,-3.4146978586424668,-1.331453221355626,0.6085355715751524,-1.9293392102616451,-0.4826192199842802,0.38558181972243094,0.3344010918219178,0.2055728681061467,0.12263914292847251,2684521.7635135134
23.44218222101523,-14.638426768987323,1.8590717240877468,-1.053456831414805,0.7069104564276502,-2.1794496627397866,-0.575020255929184,0.36237944359027796,0.33965008878511016,0.20756292508404034,0.12336867348783864,2684526.322635135
-26.122143708809936,14.54529124017535,5.162261987526018,-0.33378239633627593,0.6674091818138156,-2.3813155465043625,-0.6654600119666203,0.3391231857025386,0.3448480491258778,0.20955111245036942,0.12409682023001758,2684530.881756757
32.851251466392746,11.652704298963592,3.7725757873214114,0.6773380241073154,0.5222258937648653,-2.5370884466887085,-0.7536009150706942,0.31583277010942834,0.34999406957023765,0.21153738574511338,0.12482357919148396,2684535.440878378
-36.149982371012484,-15.281420793762994,-0.21231402412411252,1.6755518900136697,0.3048867517633857,-2.650251961877528,-0.839105392215515,0.2925279208611649,0.35508724684420845,0.21352170050825153,0.12554894640874148,2684540.0
8.725664435845315,-3.2153639480857614,-3.7217454399419,2.317976541448075,0.04891791529195986,-2.724289690655519,-0.921635870375188,0.2692283620079634,0.3601266776738069,0.21550401227976426,0.12627291791827638,2684545.0861486485
23.961619959252424,17.22111525278088,-4.4259591955455795,2.263694287870893,-0.21411942556189384,-2.762685231607388,-1.0008547765238183,0.2459538176000376,0.365111458785051,0.21748427659963132,0.1269954897565662,2684549.6452702703
-15.7309483400733,2.76497420342324,-1.2213506023613145,1.3103569633401195,-0.46124339552808435,-2.768922183317832,-1.0764245376355126,0.22272401168760508,0.37004068690395736,0.21946244900783246,0.12771665796008552,2684554.204391892
13.763301095454873,-19.860259075794286,2.8319694664169126,-0.2195800406216771,-0.6743148376802026,-2.7464638730947115,-1.1480278519612215,0.19955866832088082,0.374913458756544,0.22143848504434752,0.12843641856533372,2684558.7635135134
-21.017798486355517,5.205059203466606,4.372722845012147,-1.8859980608665374,-0.8357722001998227,-2.698804968023372,-1.2154579101035787,0.17647751155008146,0.37972887106882897,0.22341234024915624,0.1291547676087985,2684563.322635135
34.0246245966178,22.37090850536143,3.0211735251723164,-3.323459701903301,-0.9274866027518335,-2.629869563451759,-1.2786458029193095,0.1535002654254227,0.3844860205668291,0.22538397016223863,0.12987170112695878,2684567.881756757
-46.64581333318483,-2.828271618821995,-0.4364117890572615,-4.269557007988636,-0.9313468515836767,-2.543513155001892,-1.337573534408495,0.13064665399711897,0.3891840039765618,0.22735333032357447,0.1305872151563198,2684572.440878378
49.83741420316206,-24.13927997461117,-3.8462384272120627,-4.4843777894681365,-0.8298912514019857,-2.4428557162404405,-1.392309132167404,0.10793640131538719,0.393821918024045,0.22932037627314306,0.1313013057333561,2684577.0
59.44000302560855,-24.17163080643788,-4.807863977445993,-3.7635936317846714,-0.6146511884787453,-2.3307905016743153,-1.4429421296913514,0.08538923143044225,0.39839885943529585,0.2312850635509251,0.13201396889453362,2684581.0861486485
29.104007975882535,-2.264389374416052,-2.10015897613929,-2.129428704631775,-0.3123209463168927,-2.2101993421981856,-1.4895620604756517,0.06302486839250183,0.4029139249363317,0.23324734769689967,0.1327252006763735,2684585.6452702703
-45.097927415870416,20.53336711426201,2.124908877937324,0.023439111752889884,0.04161732317597765,-2.0839640687067122,-1.5322584580156198,0.04086303625177961,0.4073662112531707,0.23520718425104697,0.1334349971153445,2684590.204391892
-49.83219830615939,23.109627336342765,4.894500172590731,2.2161144532699466,0.41168146809226963,-1.954966512094567,-1.5711208558065686,0.018923459058492055,0.41175481511182954,0.23716452875334681,0.13414335424793586,2684594.7635135134
41.669386994689745,5.232117237008121,4.084042251988309,4.0382650848408685,0.7623893365243788,-1.8260885032564087,-1.6062387873438149,-0.002774139137144344,0.41607883323832584,0.23911933674377905,0.13485026811063375,2684599.322635135
-33.52896480048195,-21.08412480325232,0.9486473800958971,5.36719339311403,1.0582587765647078,-1.7002118730869045,-1.6377017861226708,-0.02421003428491501,0.4203373623586783,0.24107156376232283,0.13555573473992735,2684603.881756757
28.342431522578117,-12.317216006735304,-2.404423629340662,6.202293316332604,1.2638076363056612,-1.5802184524807246,-1.6655993856384523,-0.045364502334603464,0.42452949919890287,0.24302116534895893,0.1362597501722942,2684608.440878378
-28.18108815044584,18.993529868857042,-3.6516512042452116,6.5563408983832465,1.3435537638396429,-1.4689900723325335,-1.690021119386473,-0.06621781923599421,0.4286543404850174,0.24496809704366693,0.13696231044423215,2684613.0
31.25805813704999,7.640073715521392,-1.4522286626902687,6.458242123690011,1.273039419949008,-1.368950747234107,-1.7110565208620485,-0.08675026093887105,0.43271098294303995,0.24691231438642602,0.13766341159221587,2684617.0861486485
-32.885642436385346,-17.849760050243216,1.3741582526831118,6.001422738826521,1.0715718941327903,-1.2803606045225069,-1.7287951235604917,-0.10694210339301911,0.43669852329898745,0.24885377291721683,0.13836304965275484,2684621.6452702703
-13.063728292899755,-2.9860638599118183,1.873808586576226,5.287306922702207,0.7681524004072349,-1.201691467059163,-1.7433264609771186,-0.12677362254822158,0.4406160582788781,0.2507924281760186,0.1390612206623033,2684626.204391892
24.852672474991188,18.060019984276572,0.7544321158012004,4.34781366324734,0.39144953074540534,-1.1310825356623218,-1.7547400666072412,-0.1462250943542635,0.4444626846087282,0.25272823570281167,0.139757920657365,2684630.7635135134
-19.00047441956569,3.127234952273113,-0.39572081978969476,3.058813807499467,-0.029868122879636014,-1.0666730111502283,-1.7631254739461777,-0.1652767947609283,0.448237499014556,0.2546611510375755,0.14045314567443487,2684635.322635135
17.34826707185448,-19.07359696870715,-0.6453565747133515,1.2591990443233543,-0.4671319684948276,-1.0066020943411274,-1.7685722164892388,-0.18390899971800084,0.4519395982223791,0.2565911297202898,0.14114689174998754,2684639.881756757
-23.01616067930726,1.7881696912300482,0.31118129285447754,-1.086140539452756,-0.8916734141271083,-0.949008986053264,-1.771169827731742,-0.20210198517526565,0.4555680789582152,0.25851812729093476,0.14183915492051216,2684644.440878378
34.132248805024126,19.85985666558462,0.977868570000338,-3.515253572502547,-1.2748238678034136,-0.8920328871048845,-1.771007841169,-0.2198360270825056,0.4591220379480808,0.26044209928948975,0.1425299312224979,2684649.0
-45.71508906848896,4.019317949501452,0.0067348906679195256,-5.506287720589214,-1.587914737550684,-0.8338129983142332,-1.7681751834801214,-0.2370920082057131,0.4626005719179942,0.26236300125593487,0.1432192166924252,2684654.0861486485
36.130003572602114,-13.784688076970882,-1.6533463720140147,-6.697795779350924,-1.802277431395855,-0.7724885204995594,-1.7627571753209645,-0.25385441733412606,0.46600277759397274,0.26428078873025,0.14390700736677883,2684658.6452702703
58.473831343313485,-19.164402268678863,-2.4810239869593644,-6.766411519527796,-1.8895305878936948,-0.7061986544791049,-1.7548338154974992,-0.27011306510687644,0.46932775170203406,0.26619541725241486,0.14459329928205816,2684663.204391892
36.10260081695136,-9.16162780958238,-1.413810987186098,-5.527442579555493,-1.8309388336399663,-0.633530350407174,-1.744482007657709,-0.28586085732107747,0.4725745909681956,0.2681068423624091,0.1452780884747334,2684667.7635135134
-24.456771165368995,6.763327485256242,0.7753225378714232,-3.355200526569217,-1.6420422894769366,-0.5548615557822935,-1.731770989851347,-0.3010983653720747,0.47574239211847436,0.2700150196002128,0.14596137098130102,2684672.322635135
-46.67960467377222,16.246975041191273,2.8545422346747924,-0.7638197175110341,-1.3468781421765288,-0.471017967439053,-1.7167680837286077,-0.31582807705477195,0.4788302518788877,0.27191990450580605,0.14664314283825305,2684676.881756757
36.9141357938107,8.094054442805275,3.77284801826361,1.732565490676988,-0.9694835785106712,-0.3828252822120353,-1.699540610939686,-0.33005248016407474,0.4818372669754543,0.27382145261916774,0.14732340008206704,2684681.440878378
-26.99007857608489,-13.819544484097648,3.1477809762862,3.6746166427562166,-0.5338957852512932,-0.291109196935828,-1.680155893134776,-0.34377406249488573,0.4847625341341898,0.2757196194802786,0.1480021387492234,2684686.0
20.367966975085984,-12.612585347074322,0.9069511556745271,4.862890185555666,-0.06415194917032276,-0.1966954084450162,-1.6586812519640712,-0.3569953118421124,0.4876051500811148,0.27761436062911826,0.1486793548762244,2684690.0861486485
-19.775385562760047,11.725255533407909,-1.6092749978197831,5.315583648623547,0.415710742960313,-0.10040961357418672,-1.6351840090777663,-0.3697187160006553,0.49036421154224324,0.27950563160566616,0.14935504449955192,2684694.6452702703
24.693918284570234,9.3604105965663,-2.829723577660224,5.090289032674387,0.88297192845632,-0.003077509157924719,-1.6097314861260568,-0.3819467627654215,0.49303881524359494,0.2813933879499023,0.15002920365568495,2684699.204391892
-31.619797713277933,-9.424650010210227,-2.755002811201293,4.232712459250583,1.3199492540728268,0.09447520796918425,-1.5823910047591365,-0.39368193993131356,0.4956280579111859,0.28327758520180674,0.15070182838111407,2684703.7635135134
-6.566242367807948,-9.989175877176812,-1.7945448959911754,2.8035946624377592,1.709360043008133,0.19142284097255233,-1.5532298866271999,-0.40492673529323636,0.498131036271035,0.28515817890135875,0.15137291471232553,2684708.322635135
40.766198920918654,0.9384719242469506,-0.4363103588863036,1.0458990622635072,2.033692331549421,0.2869396930175952,-1.5223154533804397,-0.4156836366460947,0.5005468470491584,0.2870351245885388,0.1520424586858085,2684712.881756757
-15.716958710692515,8.048304466934859,0.8416943466654975,-0.6895686754137491,2.2754341559838718,0.38020006726972655,-1.4897150266690529,-0.4259551317847928,0.5028745869715748,0.28890837780332634,0.15271045633804708,2684717.440878378
-18.64315277775954,10.013133794802087,1.6002386162719888,-2.066264053308836,2.41707355259867,0.47037826689435935,-1.455495928143231,-0.4357437085042346,0.5051133527643002,0.29077789408570165,0.15337690370552673,2684722.0
-38.69834072893518,9.48611668654037,1.5601190975754802,-2.8511486274130236,2.4410985576809963,0.5566485950569102,-1.4197254794531722,-0.445051854599325,0.5072622411533548,0.29264362897564344,0.1540417968247374,2684726.0861486485
37.230567472343694,5.855567187460151,0.9015345792294719,-3.0445258465633693,2.3299560294609005,0.6382265329799252,-1.3824710022490665,-0.4538820578649675,0.5093203488647529,0.29450553801313273,0.1547051317321689,2684730.6452702703
-37.03830982490536,1.355812019127365,-0.05084077636337401,-2.7431668146880193,2.0742246143822616,0.7146110663041442,-1.3437998181811113,-0.4622368060960673,0.5112867726245142,0.29636357673814856,0.15536690446428283,2684735.204391892
10.667492482039261,-4.925687703729116,-0.9636825749475016,-2.086178584963113,1.697627782601328,0.7858175274860271,-1.3037792488994997,-0.47011858708752813,0.5131606091586551,0.2982177006906713,0.15602711105760758,2684739.7635135134
28.551885042152655,-10.850231212633908,-1.497734944068961,-1.2270149813951916,1.232185504716719,0.8519800411716835,-1.2624766160544263,-0.47752988863425366,0.5149409551931925,0.3000678654106804,0.15668574754860176,2684744.322635135
39.04484100319954,-13.059552037901229,-1.3026249275439272,-0.3302469117206863,0.7099177513270573,0.913232732007222,-1.2199592412960858,-0.48447319853115034,0.5166269074541464,0.30191402643815557,0.1573428099737502,2684748.881756757
-21.90796319893272,-8.623725370227383,-0.24016083498537188,0.48405855438018225,0.16284449303096368,0.9697097246387516,-1.1762944462746725,-0.49095100457312063,0.5182175626675317,0.30375613931307727,0.15799829436954926,2684753.440878378
-31.93449447068931,3.1005708529862726,1.1445304839677117,1.1084431762908389,-0.3770142995729409,1.0215451437123801,-1.13154955264038,-0.49696579455506984,0.5197120175593674,0.3055941595754248,0.15865219677249398,2684758.0
24.424397830020617,14.767058173542958,2.138644751935738,1.4355971706157404,-0.877787113107065,1.0688731138742174,-1.0857918820434032,-0.5025200562719015,0.5211093688556703,0.3074280427651779,0.1593045132190502,2684763.0861486485
-16.787038799532997,1.782277271753082,2.159174663934109,1.3984778383575194,-1.3140214846733216,1.1118277597703712,-1.0390887561339368,-0.5076162775185203,0.5224087132824579,0.3092577444223164,0.15995523974571005,2684767.6452702703
13.231303450446243,-15.625036509854011,1.144874340204765,1.0863104241495063,-1.683714294976197,1.1505432060469514,-0.9915074965621746,-0.5122569460898311,0.5236091475657481,0.31108322008682043,0.16060437238897174,2684772.204391892
-16.17203541715165,-0.030091018185109605,-0.661200994000285,0.6176992855528419,-1.9906876463155603,1.1851535773500654,-0.9431154249783112,-0.5164445497807372,0.5247097684315577,0.3129044252986698,0.16125190718531168,2684776.7635135134
24.087060600489586,16.20898393981142,-2.356582617667146,0.10867524448210679,-2.238763640991284,1.2157929983258229,-0.8939798630325416,-0.5201815763861438,0.5257096726059051,0.3147213155978441,0.16189784017122014,2684781.322635135
-33.094325296119074,8.28014030457442,-3.0950397548638193,-0.3247308771481244,-2.4317643813032377,1.2425955936203328,-0.8441681323750594,-0.5234706920530955,0.5266081351669479,0.3165338465243236,0.16254216738318303,2684785.881756757
7.008382084399259,-5.945809233880306,-2.890595509362957,-0.5880261181615317,-2.5735119695512925,1.2656954878797033,-0.793747554656059,-0.5263152763372061,0.5274051446014131,0.3183419736180873,0.16318488485768,2684790.440878378
43.74633110395443,-15.726191220959166,-1.8879131409155616,-0.6767365492703717,-2.6676172552791106,1.2852268057500424,-0.7427854515257339,-0.5287188871462278,0.5281008677481651,0.32014565241911597,0.16382598863120829,2684795.0
35.125622082153505,-16.42746715076517,-0.25048071281774775,-0.6229693381237681,-2.7172800379801716,1.3013305133086301,-0.6913491446342808,-0.5306850823879132,0.528695471446072,0.32194483846738825,0.16446547474024895,2684800.0861486485
-15.976671444968328,-8.97627701710002,1.6033343310842427,-0.4612441119378266,-2.7270143683313544,1.3142179512038128,-0.639505955631892,-0.5322174199700165,0.5291891225339991,0.3237394873028851,0.16510333922128906,2684804.6452702703
-32.23608448774791,4.451162464515195,3.0458418150355913,-0.22666677360663012,-2.7008607694251365,1.3242132081775175,-0.5873232061687629,-0.5333194578002906,0.5295819878508133,0.3255295544655855,0.1657395781108206,2684809.204391892
22.893557996297695,15.570560206466599,3.410767882554495,0.04540342517038058,-2.642384909502478,1.3314188669255085,-0.5348682178950874,-0.5339947537864899,0.5298742342353818,0.3273149954954702,0.16637418744532406,2684813.7635135134
-14.19476071719135,2.7356522136656225,2.299216870374013,0.32101671379634705,-2.5550863280811886,1.3358713814204095,-0.48220831246106,-0.5342469705283978,0.5300661332186015,0.32909576593251816,0.1670071632612784,2684818.322635135
10.168049976030339,-14.406576534851338,0.3818058880866625,0.5718612460847816,-2.4424645646790846,1.3376072056348445,-0.42941081151687494,-0.5340801893939334,0.5301583750995047,0.3308718213167095,0.1676385015951815,2684822.881756757
-12.721516378838754,-0.4948189820416505,-1.4787324547769687,0.7710346569517869,-2.3080191588139805,1.3366627935414364,-0.3765430367127273,-0.5334985964430425,0.5301517548691506,0.33264311718802403,0.1682681984835225,2684827.440878378
19.761751967475647,12.790631498168654,-2.7207163217934225,0.8916345813134644,-2.1552496500036944,1.3330750339238455,-0.32367274450984296,-0.5325063777356746,0.5300470675186002,0.33440960908644174,0.16889624996277608,2684832.0
-27.240676874822764,4.113855116728272,-2.992958652001481,0.9058464942702155,-1.987073588292249,1.3268830257449458,-0.27086990154867135,-0.5311077193317769,0.529845108038916,0.336171252551942,0.16952265206943568,2684836.0861486485
1.7957633525419288,-5.764890053376795,-2.4946185180773193,0.7916885152373339,-1.8041440445106713,1.3181286042095892,-0.21820721071163254,-0.5293068072912986,0.5295466714211597,0.3379280031245051,0.1701474008399927,2684840.6452702703
35.33270601181689,-9.823976790604469,-1.5977582944647357,0.5641965980729801,-1.6067908746925896,1.3068561096304665,-0.1657598799889877,-0.5271078276741891,0.5291525526563924,0.33967981634411104,0.17077049231092098,2684845.204391892
24.79599305525118,-7.834045586521221,-0.6318820373964007,0.24825664088045327,-1.39577607422123,1.2931120130781684,-0.11360524812889755,-0.5245149665403948,0.5286635467356757,0.34142664775073883,0.17139192251871627,2684849.7635135134
-20.533226442904223,-2.510708547122161,0.2814106893217305,-0.12984371478392617,-1.173263381932836,1.2769441900579275,-0.061822058314165915,-0.5215324099498648,0.5280804493781748,0.3431684521562654,0.1720116874998684,2684854.322635135
-31.7205609094197,2.6529695995122866,1.0724964449903824,-0.5434676064875298,-0.9417657575399617,1.2584006571043846,-0.010489194757002815,-0.5181643439625483,0.5274040592154701,0.34490518146015187,0.17262978329086656,2684858.881756757
29.085123066751652,4.9720912874844165,1.6717517889102782,-0.9659781717977295,-0.7037961607551599,1.2375289073461235,0.04031498173643655,-0.5144149546383917,0.5266351756072426,0.3466367868337567,0.17324620592816212,2684863.440878378
-5.908875505727289,5.053182781117808,2.0080998525448686,-1.3707385482818943,-0.4618675512909866,1.2143756690136072,0.09051287525811984,-0.5102884280373455,0.5257745979131775,0.34836321944843845,0.173860951448288,2684868.0
-11.322383513106162,4.050996895736748,2.0257523597571097,-1.7308611219950814,-0.21849288885999346,1.1889851374722558,0.14002942276505564,-0.5057889502193559,0.5248231254929565,0.35008443047555454,0.1744740158877074,2684873.0861486485
-23.82760142211822,2.8423542339427375,1.7551918591192968,-2.021770310495293,0.023814866825266318,1.1614008748712308,0.18879019443051276,-0.5009207072443734,0.5237815577062648,0.35180037108646317,0.17508539528291073,2684877.6452702703
23.38142805926829,2.2308415843113654,1.261263353161149,-2.2325822688119596,0.26322509482715006,1.1316650397721484,0.23672216401530358,-0.49568788517234497,0.5226506939127842,0.3535109924525228,0.17569508567038622,2684882.204391892
-23.641461671732937,1.624148630236282,0.6121268819645982,-2.3584575446263747,0.5006365293076718,1.0998141763864457,0.28375791963042146,-0.4900946700632187,0.5214313334721971,0.3552162457450916,0.1763030830866136,2684886.7635135134
-5.637479662636988,-0.22051150016008647,-0.12405751438842354,-2.395628985490562,0.7380202042995703,1.0658834253380185,0.32983145297440236,-0.48414524797694347,0.5201242757441883,0.3569160821355269,0.17690938356808933,2684891.322635135
17.991222820775583,-2.232594460489847,-0.8791297958159855,-2.3403227768602424,0.9773404917392917,1.0299079272507552,0.3748767557457828,-0.47784380497346873,0.518730320088441,0.3586104527951876,0.17751398315129233,2684895.881756757
26.882680569550477,-2.6787350944964623,-1.5848007889310498,-2.182887208456519,1.2146838678286518,0.9919209414790582,0.4188297009125945,-0.4711945271127404,0.517250265864637,0.3602993088954318,0.17811687787271324,2684900.440878378
-27.319707810468213,-0.4675879927107157,-2.1289873883576593,-1.912096739872479,1.444562978641462,0.951948202299348,0.46163368652084263,-0.46420160045470943,0.5156849124324614,0.36198260160761736,0.17871806376883395,2684905.0
-28.321900771785934,2.747156584307042,-2.2219721471381932,-1.521119612991645,1.661488639339411,0.9100135627185587,0.5032339918860274,-0.4568692110593225,0.5140350591515954,0.36366028210310253,0.17931753687615523,2684909.0861486485
28.04184728383502,4.035193926484798,-1.513160184958936,-1.0207241042851298,1.859971665084198,0.866140875743618,0.5435758963236477,-0.4492015449865282,0.5123015053817235,0.36533230155324514,0.17991529323113717,2684913.6452702703
8.866510273795821,0.15809284423703265,0.13441457915593155,-0.426144430536113,2.034522871037512,0.8203539943814547,0.5826046791492038,-0.44120278829627435,0.510485050482528,0.3669986111294037,0.18051132887028928,2684918.204391892
-19.982655056098007,-5.189948121826234,1.9853568493597349,0.2473676096948432,2.179653072361048,0.7726779040805504,0.6202644872366471,-0.4328771270485104,0.5085864938136935,0.36865916200293575,0.1811056398300862,2684922.7635135134
-24.908358278833056,-6.482177277047929,3.1080690945508476,0.9845602178471714,2.2898730842165014,0.723142120055575,0.6564949376937328,-0.42422874730318444,0.5066066347349016,0.37031390534520026,0.18169822214703452,2684927.322635135
24.999436542692326,-0.14714967870896642,2.8504637202215277,1.7589955006161777,2.3596937217655647,0.6717772899627527,0.6912345151866709,-0.41526183512024395,0.5045462726058366,0.37196279232755447,0.18228907185758847,2684931.881756757
-26.39294050084729,8.256578760862704,1.3492437487085625,2.500352749326753,2.383604912815962,0.6186349488122789,0.7244217043816665,-0.40598057655963926,0.5024062067861819,0.3736057741213574,0.1828781849982547,2684936.440878378
-23.924868296000827,8.122542824422402,-0.9755776751913248,3.1305714149840735,2.3559805249420056,0.5638826918477523,0.7559949899449272,-0.39638915768131694,0.500187236236284,0.3752428022973023,0.1834655576055194,2684941.0
-0.1126899939809386,1.391281361123808,-3.3170023720221704,3.572452512199438,2.2710434950939806,0.5078390449368027,0.7858928565426615,-0.3864917645452246,0.49789015633778205,0.3768738320047909,0.18405118571586165,2684945.0861486485
34.25362314467268,-6.465816795556638,-4.738892637323698,3.7487970555841286,2.1229842494046673,0.45085504476457183,0.8140537888410764,-0.37629258321131287,0.49551575414752874,0.3784988267180142,0.18463506536577196,2684949.6452702703
-35.13329734399641,-9.595705975509233,-4.321136293629983,3.6041052555928843,1.9089003119411985,0.3932817280162053,0.8404162715063797,-0.36579579973952875,0.49306481474101077,0.3801177518925249,0.18521719259173228,2684954.204391892
-19.544454614689016,-3.540266265740712,-1.6474059297021304,3.1696145450308255,1.637517598508178,0.33547013137684617,0.8649187892047792,-0.35500560018981997,0.49053812319371515,0.38173057298387736,0.18579756343024773,2684958.7635135134
31.861963779133788,4.92661165405912,2.052581207457668,2.498023308453116,1.3204691228445753,0.2777712915316369,0.8874998266024825,-0.343926170622137,0.48793646458113155,0.38333725544762454,0.18637617391777547,2684963.322635135
-17.747642281548497,8.0645778218991,5.143748279731366,1.6419703693915795,0.9693878986893542,0.22053624516571874,0.9080978683656968,-0.3325616970964266,0.48526062397874664,0.38493776473932045,0.18695302009083556,2684967.881756757
-25.300306590928372,5.586143793383026,6.347619892821913,0.6517622651340553,0.5959069397814858,0.16411602896423935,0.9266513991606301,-0.3209163656726363,0.48251138646204705,0.38653206631451864,0.18752809798588707,2684972.440878378
-10.758277233560321,-1.0554102158312628,5.80384382808813,-0.42334101237952076,0.2116592598599332,0.10886167961234199,0.9430989036534881,-0.3089943624107164,0.47968953710652246,0.388120125628772,0.18810140363942524,2684977.0
21.874373715856446,-4.816958157518243,3.9755389121981044,-1.5032813589414544,-0.17172212733633052,0.0551242337951686,0.9573788665104809,-0.2967998733706137,0.4767958609876599,0.38970190813763433,0.18867293308794106,2684982.0861486485
-22.859223536470033,-1.0289905940160124,1.346739701848359,-2.4997180707160935,-0.5426042080683409,0.003254728197860516,0.9694297723978156,-0.2843370846122782,0.4738311431809472,0.3912773792966604,0.18924268236790842,2684986.6452702703
-11.696186251665576,2.6254640610454967,-1.4817259276389119,-3.324310443867797,-0.8893539685971278,-0.04639580049443546,0.9791901059816984,-0.2716101821956566,0.4707961687618708,0.39284650456140285,0.18981064751582596,2684991.204391892
27.682816130176565,2.16254730450799,-3.952894832445699,-3.888717774560921,-1.200338395183726,-0.09347631559657617,0.9865983519283367,-0.2586233521806972,0.46769172280592036,0.39440924938741456,0.1903768245681828,2684995.7635135134
-28.896347577163272,-1.654727308186097,-5.918889181228306,-4.104599358959822,-1.4639244740891648,-0.1376357804234217,0.9915929949039399,-0.24538078062734994,0.46451859038858334,0.3959655792302501,0.19094120956144778,2685000.322635135
-6.202206107473089,-0.6213978546380348,-7.432993962031018,-3.8818219622492194,-1.6702717225541142,-0.1785231582898238,0.9941125195747149,-0.23188665359556274,0.4612775565853465,0.397515459545463,0.19150379853213037,2685004.881756757
26.71654969617939,2.0724403030549357,-7.400003776238386,-3.1629144351445557,-1.8172835651725383,-0.21578741251064332,0.994095410606869,-0.21814515714528218,0.4579694064716975,0.3990588557886065,0.19206458751670522,2685009.440878378
-24.519893851443136,1.3073921889301707,-5.0418331857582634,-2.0521545470843123,-1.9069510912570986,-0.24907750640073398,0.9914801526666094,-0.20416047733645856,0.45459492512312527,0.4005957334152347,0.1926235725516615,2685014.0
11.187929074059882,-3.3791125051121456,-0.9859154894925918,-0.7105027245787711,-1.9418391735552183,-0.27804240327495244,0.9862057065063569,-0.189937276315253,0.45115489761511657,0.40212605788090067,0.19318074967346865,2685018.0861486485
21.15257289984749,-5.084239362653245,3.263883298285223,0.6968679939561411,-1.9244454510268116,-0.3023983002356649,0.9782129372233902,-0.17548212057268414,0.44765010902316,0.4036497946411574,0.1937361149186312,2685022.6452702703
-20.78695107486949,1.335754951527149,6.2529553724485,2.004784570104498,-1.8570026557217085,-0.32212630129532294,0.9674437280006439,-0.16080259468542682,0.44408134442274233,0.40516690915156023,0.1942896643236448,2685027.204391892
21.541566811042838,7.83892849748767,6.885687841109134,3.0480739654503743,-1.741692398862015,-0.3372586312940964,0.9538432818924658,-0.1459096031015724,0.4404493888893522,0.40667736686766087,0.1948413939249848,2685031.7635135134
-23.15949125689035,4.955791314008624,4.5974967998973275,3.6921256509465814,-1.5807003199097844,-0.34782348683221614,0.9373619514472471,-0.13081919976324943,0.4367550274984761,0.4081811332450143,0.19539129975912436,2685036.322635135
-18.41299142911001,-5.433465909668274,0.6192439924730816,3.9245791350208403,-1.3762120583270678,-0.35384906450991094,0.9179512410870194,-0.1155485904862307,0.432999045325603,0.4096781737391731,0.19593937786256574,2685040.881756757
25.389420129988494,-11.605817991723066,-3.369347425496162,3.764497196952317,-1.131274015058616,-0.3553635609274046,0.8955626552338142,-0.10011498108629106,0.4291822274462208,0.41116845380569145,0.19648562427179808,2685045.440878378
-23.710181449001553,-2.0538698603730148,-5.839664083294407,3.2348968997523304,-0.8528868747813338,-0.35240005172363914,0.8701525773483784,-0.08453557737920415,0.4253053589358164,0.4126519389001226,0.1970300350232931,2685050.0
19.8771319968774,13.191857063606136,-5.868959821552876,2.3631290906618276,-0.550957034860308,-0.34501823434596546,0.84170401269987,-0.06882758518074342,0.4213692248698771,0.4141285944780206,0.19757260615354869,2685054.0861486485
-15.847052426172217,6.767341651328458,-3.137751997615379,1.2060315363010141,-0.23590213046199163,-0.3333156488858627,0.8102378092015728,-0.05300821030668393,0.41737461032389217,0.41559838599493804,0.1981133336990525,2685058.6452702703
-4.464084979315023,-12.25599125799197,0.8862481772514885,-0.08507634352009079,0.08186020324715979,-0.3174202997308269,0.7758052790627888,-0.03709465857279968,0.4133223003733483,0.4170612789064296,0.1986522136962894,2685063.204391892
16.160845057680554,-13.554479653354832,4.336697143186641,-1.3356117335793802,0.3919123311006916,-0.29748574724103893,0.7384832904655049,-0.02110413579486429,0.4092130800937335,0.4185172386680481,0.19918924218173834,2685067.7635135134
-22.231939001360082,11.860103348358248,5.588962074617072,-2.370991818654745,0.6838366179321483,-0.2736781088364253,0.6983612686514525,-0.005053847788651744,0.4050477345605354,0.4199662307353477,0.19972441519189207,2685072.322635135
29.30135409794712,12.430709957201787,3.6263922272905003,-3.0567749323395677,0.9472154285750747,-0.24618940740540024,0.6555545443308545,0.011038999630062872,0.40082704884924203,0.4214082205638818,0.20025772876323325,2685076.881756757
-32.23659980644577,-11.517207339354055,-0.6292802087670947,-3.4190840034891705,1.1716311278630167,-0.21522605861531433,0.6101928409928631,0.0271572006455063,0.3965518080353408,0.42284317360920404,0.20078917893225467,2685081.440878378
28.753298746096377,-5.726511825818459,-4.460379545417931,-3.5256812333820338,1.348164204237184,-0.18103894605476828,0.5624503500478875,0.04328354944190601,0.3922227971943188,0.4242710553268673,0.2013187617354433,2685086.0
-18.560869190853634,9.207334893676165,-6.220651367838718,-3.451125928828087,1.4746922516702374,-0.1439388129902453,0.5125611225842162,0.05940084020348456,0.38784080140166605,0.42569183117242587,0.20184647320927665,2685091.0861486485
-11.691734127761954,5.090149330887353,-5.095928739130114,-3.2638960385751217,1.5538094321456966,-0.10426619668337953,0.4607890036852898,0.07549186711447013,0.38340660573286756,0.42710546660143317,0.20237230939025264,2685095.6452702703
-7.328049227603724,-1.6131646070983814,-2.0741671695047534,-2.9900824181797554,1.588914518747875,-0.0624066022499162,0.40744280628865676,0.09153942435908875,0.37892099526341294,0.428511927069443,0.20289626631484875,2685100.204391892
6.61601120319503,-5.400483639412389,1.3992636744204872,-2.6449779971256047,1.5834499804994404,-0.018801412639987067,0.35284352522790075,0.10752630612156461,0.3743847550687889,0.4299111780320086,0.20341834001955308,2685104.7635135134
-7.088592353380981,-3.8168309147892527,4.147398767221231,-2.2438757048962956,1.5410533132007116,0.02591260375763062,0.2973125139976003,0.12343530658612517,0.36979867022448415,0.4313031849446834,0.20393852654085368,2685109.322635135
8.301252121349519,1.3742536471764382,6.170144817636541,-1.8020684709754455,1.4654588840063119,0.07100180719985319,0.24117112609233207,0.1392492199369961,0.3651635258059856,0.4326879132630218,0.20445682191523787,2685113.881756757
-8.598735307840727,2.227082936564171,7.797987178639938,-1.3348492248466823,1.360310116371469,0.11582350164299406,0.18474071500667838,0.15495084035840392,0.36048010688878135,0.43406532844257595,0.20497322217918976,2685118.440878378
7.548037629286792,0.8543813402518327,9.317680500940769,-0.8575108959936194,1.2292226370704988,0.1597630998849096,0.1283423220745821,0.17052296203457284,0.3557491985483592,0.4354353959389008,0.20548772336919668,2685123.0
-5.960927633258683,-0.7169947280416935,10.416842544636653,-0.3853464138998849,1.0758120728777263,0.20221324169596433,0.07228976165747666,0.18594837914973053,0.3509715858602058,0.4367980812075494,0.20600032152174813,2685128.0861486485
5.182204541868081,-0.669498568891342,10.901945880783051,0.0663512919509021,0.903694050567468,0.2425911865566375,0.016872228406681518,0.2012098858881017,0.3461480538998114,0.43815334970407493,0.20651101267332928,2685132.6452702703
-6.52981581340786,0.2002570860729487,10.335350684874127,0.485063624111578,0.7164841969140484,0.2803291598903074,-0.03763604896938297,0.21629027643391258,0.3412793877426608,0.43950116688403185,0.20701979286042202,2685137.204391892
10.851121501925576,-0.26059974358996785,8.50816776238721,0.8693698348760097,0.5177981386917861,0.31488942412756943,-0.09099087876951449,0.23117234497139041,0.3363663724642438,0.44084149820297314,0.20752665811951695,2685141.7635135134
-17.815270904792246,0.6475905050029177,6.2677334507309785,1.2206255949552678,0.31125150267500074,0.3457419357091408,-0.14295576330262946,0.24583888568475926,0.33140979314004715,0.4421743091164526,0.20803160448710178,2685146.322635135
25.378773166816934,-1.4574218643419514,2.7515518317566108,1.5401870966556066,0.10045991563801474,0.3723645028980157,-0.19330205669992456,0.26027269275824455,0.32641043484555954,0.44349956508002375,0.20853462799966713,2685150.881756757
-30.509179509141894,-0.8335610986972022,-3.6734474355323976,1.8294105322832823,-0.11096099564485157,0.39426209151040864,-0.24182827064581705,0.274456560376075,0.32136908265626773,0.44481723154923974,0.20903572469367307,2685155.440878378
31.307636013618637,4.147409208615625,-11.03769851806599,2.0896520941445544,-0.31939560439927933,0.4109521297680066,-0.2883453792301929,0.2883732827224745,0.31628652164765925,0.4461272739796552,0.20953489060564368,2685160.0
-28.7284317566342,-2.6162563177927325,-15.188283362686322,2.322267974545675,-0.5212282838509461,0.4219797241915978,-0.33269203484204324,0.3020056539816701,0.3111635368952231,0.44742965782682226,0.21003212177204478,2685165.0861486485
25.71776872689357,-7.62490894247614,-14.043942952202721,2.5238691330974254,-0.7130303879249551,0.4269218024579811,-0.3747387110263686,0.3153364683378866,0.30600091347444563,0.44872434854629584,0.21052741422937288,2685169.6452702703
-18.34227401921965,1.9470863943244074,-7.064515309942194,2.672100812497326,-0.8921364072127813,0.42539696355994483,-0.41439755264415634,0.3283485199753499,0.3007994364608167,0.45001131159362817,0.21102076401410108,2685174.204391892
-25.105376517642206,11.017563712959932,2.6222732328178835,2.739824795113891,-1.056029585371794,0.41706269532995066,-0.4516195933960723,0.3410246030782869,0.2955598909298214,0.45129051242437485,0.2115121671627244,2685178.7635135134
-21.98105155772513,10.080455287138985,11.150674258125294,2.6994665285936312,-1.2017568313373566,0.4015843913976242,-0.486363772779942,0.3533475118309239,0.290283061956948,0.4525619164940874,0.21200161971172904,2685183.322635135
29.876881078830895,1.8141949093092347,15.989513721638348,2.5231315128435314,-1.326045106305309,0.37862744539259363,-0.5185890302935952,0.36530004041748415,0.28496973461768704,0.4538254892583201,0.21248911769759984,2685187.881756757
-29.989532348912316,-9.128386508363262,17.24316941853449,2.182870031612745,-1.4255661553136634,0.34785725094448416,-0.5482543054348591,0.37686498302219656,0.27962069398752265,0.45508119617262754,0.21297465715682742,2685192.440878378
-30.282341388048515,-13.947858493915817,15.623284701584653,1.6652060574158631,-1.4969917234004335,0.3089392016829222,-0.5753185377015607,0.38802513382928594,0.2742367251419447,0.4563290026925615,0.21345823412589798,2685197.0
25.565568269932225,-14.345434876986607,11.818360114495224,1.0145583178291984,-1.5369935556036318,0.2615386912375348,-0.5997406665915296,0.3987632870229788,0.2688186131564403,0.45756887427367693,0.21393984464128035,2685201.0861486485
-18.891257511840923,-16.831070745344206,6.497078215718339,0.2898192291944922,-1.5422433969612719,0.20532111323794738,-0.6214796316025906,0.4090622367875003,0.2633671431064966,0.4588007763715268,0.21441948473947822,2685205.6452702703
12.896674355805153,-10.565010857355785,0.2836800082607641,-0.45011879214651473,-1.509661675365379,0.14020054416780042,-0.6404943722325728,0.4189047773070755,0.25788310006760307,0.4600246744416648,0.21489715045698293,2685210.204391892
-10.519793483873713,6.779558018712998,-5.954276049054954,-1.1463633298520821,-1.4372542898518044,0.06717653165455767,-0.6567438279793046,0.42827370276593274,0.25236726911524543,0.4612405339396442,0.2153728378302742,2685214.7635135134
13.206173657023706,15.716149963998625,-11.112078691453807,-1.7400219675804642,-1.3236186070393594,-0.012159909091356943,-0.6701869383406112,0.437151807348295,0.24682043532491219,0.46244832032101985,0.21584654289583607,2685219.322635135
17.32116560714745,15.811965826150113,-14.339413361422134,-2.1722022889899213,-1.1673620365461337,-0.09620771986023832,-0.6807826428143242,0.44552188523839065,0.2412433837720924,0.4636479990413438,0.21631826169014973,2685223.881756757
-23.142929349119015,13.031428239707363,-15.883231544070576,-2.38401187773871,-0.967071813808094,-0.18338601662450815,-0.6884898808982671,0.45336673062044386,0.23563689953227193,0.4648395355561703,0.21678799024971301,2685228.440878378
27.65210441411805,8.087413260840396,-15.872900255380195,-2.325773612775168,-0.7234205112411228,-0.27211391535658697,-0.6932675920902716,0.46066913767868356,0.23000176768093897,0.4660228953210524,0.21725572461101514,2685233.0
6.675797281881834,-2.853076139414384,-14.278431731621254,-1.9973303788345622,-0.44542204918077494,-0.3608105320288944,-0.6950778178402407,0.4674150025494104,0.22433877329358198,0.4671980437915448,0.21772146081053215,2685237.0861486485
-28.5628634504817,-11.409110500343377,-11.007902278287576,-1.4583756544486772,-0.1441756849425216,-0.44789498261385047,-0.6938958105228287,0.4736034322936771,0.21864870144568843,0.46836494642320003,0.21818519488474594,2685241.6452702703
14.196619852367116,-9.054458691160578,-6.134841986312441,-0.7812617427759203,0.1692193241581658,-0.5317863830838767,-0.6897031369304922,0.47923984839033995,0.2129323372127454,0.469523568671572,0.21864692287016146,2685246.204391892
20.941256684652455,-0.25937509970033246,-0.4452313868933385,-0.038340946974689656,0.48366372080581577,-0.6109038494113921,-0.6824821669721232,0.4843304754346876,0.20719046567024108,0.4706738759922147,0.21910664080325243,2685250.7635135134
-16.335034883314226,7.263444920181822,5.096836378706196,0.6980344297966116,0.7880582476849572,-0.6836664975688171,-0.6722152705566149,0.48888153802201123,0.20142387189366365,0.4718158338406814,0.21956434472050565,2685255.322635135
-10.649809529901685,7.005896795042176,9.495559337490993,1.3555120843795845,1.0713036474801185,-0.7484934435285725,-0.6588848175928549,0.4928992409806245,0.1956333607254743,0.47294940767252525,0.2200200306584086,2685259.881756757
-4.766246562892204,1.8000259700225838,11.790149927293843,1.8617397136158214,1.322300662875829,-0.8038038032630778,-0.6424731779897365,0.4963897100709499,0.18981981607602844,0.4740745629433004,0.2204736946534538,2685264.440878378
3.1564417896094885,-3.7163470086991137,11.63459720792288,2.1452785116580557,1.5299500365566165,-0.8480166927447542,-0.6229627216561501,0.49935905128643476,0.18398414162265608,0.47519126510855986,0.22092533274211762,2685269.0
8.042678087966648,-5.083140321167531,8.821770480157468,2.1576980502500978,1.6831136303991505,-0.8795512279460208,-0.600335818500987,0.5018133706205247,0.1781272410426879,0.47629947962385805,0.2213749409608979,2685274.0861486485
-7.149764380127061,-0.005445724763228974,3.54903816731657,1.9272230051816215,1.772173729700189,-0.8968019366984643,-0.5745994265739722,0.503758774066669,0.17225001801345216,0.4773991719447477,0.2218225153462701,2685278.6452702703
-13.037156645908667,5.3863833652588875,-2.1571452380145275,1.4947286539828069,1.794454458437574,-0.8983291065821464,-0.5458716770592381,0.5052013570186097,0.16635338681198245,0.4784903075267831,0.22226805193472837,2685283.204391892
7.015192237367038,4.810088460538992,-6.386796548127849,0.899414327532315,1.750253144144476,-0.8839142326662558,-0.5143467505556014,0.5061471724712844,0.1604383041141203,0.47957285182551757,0.2227115467627568,2685287.7635135134
21.854020252372926,-0.7020276583580038,-8.395539280167824,0.18047935670880788,1.6409021487260294,-0.8543603078626131,-0.48023236419121107,0.5066022628199226,0.15450573719541216,0.4806467702965045,0.22315299586683948,2685292.322635135
-25.732616748664505,-7.247145684106192,-7.73912624312165,-0.6066184320809017,1.467923359459641,-0.8106596714657431,-0.44373641408378445,0.5065726704597584,0.14855665333140267,0.48171202839529703,0.22359239528346264,2685296.881756757
5.286842016121798,-8.346041772465695,-4.34672318580299,-1.341566139158062,1.2328386636227178,-0.753804662770171,-0.4050667963510346,0.5060644377860185,0.1425920197976375,0.4827685915774495,0.22402974104912562,2685301.440878378
28.566197877718174,-2.966155385600263,0.5153106400932869,-1.8885080046783782,0.9371699484926641,-0.6847876210704221,-0.3644314071106832,0.505083607193941,0.13661280386966124,0.4838164252985156,0.2244650292002987,2685306.0
-26.6004780887027,6.426145346307936,4.8703868155450545,-2.111767177638214,0.582439101346888,-0.6046008856610232,-0.3220381424804419,0.5036362210787552,0.1306199728230186,0.4848554950140482,0.22489825577347536,2685310.0861486485
22.610023467585922,10.238713128319732,6.640584810733116,-1.8793417282284997,0.17384293065736361,-0.5142367958364965,-0.2780948985780306,0.5017283218356922,0.12461449393325671,0.48588576617960133,0.22532941680514332,2685314.6452702703
-18.12844107442964,-0.4120945964814142,4.508222377807492,-1.1381668223685615,-0.267877707626961,-0.41468769089137014,-0.2328095715211618,0.4993659518599831,0.11859733447591855,0.48690720425072914,0.22575850833177427,2685319.204391892
15.18307600494282,-10.501079660589083,0.19657039679507632,-0.09580219097281358,-0.7149295855677605,-0.30694591012016886,-0.18639005742755324,0.49655515354686086,0.11256946172655091,0.48791977468298425,0.22618552638988068,2685323.7635135134
-13.79376791332933,-3.970791363566322,-3.9572533982315243,0.9759550240942071,-1.1386751125280095,-0.1920037928174163,-0.1390442524149229,0.4933019692915581,0.10653184296069881,0.4889234429319201,0.2266104670159313,2685328.322635135
-11.403077549382816,6.597328807821919,-6.201696984893691,1.8053076809679598,-1.510476697870679,-0.07085367827763857,-0.09098005260098589,0.48961244148930494,0.10048544545390725,0.48991817445309094,0.22703332624641967,2685332.881756757
15.282262504256058,9.581127667123763,-4.98195604531064,2.1708149143582443,-1.8016967509587432,0.05551209420463781,-0.0424053541034595,0.48549261253533454,0.0944312364817218,0.49090393470205046,0.2274541001178248,2685337.440878378
-14.155480472323655,-1.0005506206660368,0.03249340803906347,2.0576912024499068,-1.988927918332881,0.1861011853348892,0.0064719469599423115,0.48094852482487743,0.08837018331968756,0.4918806891343512,0.22787278466664596,2685342.0
-8.547797299821363,-8.724893893516228,5.030398189854511,1.5224282487129568,-2.069715297284876,0.3199527578588751,0.0554439544715008,0.4759862207531669,0.08230325324334899,0.49284840320554785,0.2282893759293549,2685346.0861486485
-12.925333625414826,-0.06720398795775955,6.1382049398753065,0.6267479937951047,-2.0467882243148567,0.4560599765529945,0.1043027723135016,0.47061174271543316,0.07623141352825163,0.493807042371194,0.22870386994244804,2685350.6452702703
10.412532896551529,7.951278070235022,3.274138006185693,-0.5171851335904717,-1.9222195134412294,0.5927594837119239,0.15284050436822674,0.46483113310690904,0.07015563144994233,0.4947565720868423,0.22911626274240438,2685355.204391892
-8.166009593152317,0.0067929012988994265,-2.1535346565175217,-1.595436752468728,-1.6979099725518925,0.7282159154998326,0.20084925451796018,0.458650434322827,0.06407687428396418,0.49569695780804673,0.22952655036572175,2685359.7635135134
6.147264634063798,-7.07113750143719,-5.861953542515306,-2.2436299937991584,-1.3757604095347482,0.860593908080894,0.2481211266449869,0.45207568875841614,0.057996109305863915,0.4966281649903611,0.22993472884887628,2685364.322635135
-6.38007341803717,1.8596459031400572,-4.292896062742803,-2.196191555566678,-0.9624154715552774,0.98805809761928,0.2944482246315894,0.44511293880890984,0.0519143037911861,0.497550159089339,0.23034079422835999,2685368.881756757
8.411185007026551,5.842572734341594,0.2882786661604254,-1.5827624038579207,-0.483495162889274,1.1087731202791602,0.3396226523600502,0.4377682268695416,0.045832425015475825,0.4984629055605336,0.23074474254065913,2685373.440878378
-9.902173156574184,-2.152340095941024,4.294125463588132,-0.6317870717849486,0.030636672909883065,1.2209036122247092,0.3834365137126559,0.43004759533554066,0.039751440254279014,0.49936636985949884,0.23114656982225126,2685378.0
-0.7721628892453835,-4.30185262104941,5.007619508744098,0.4282899075401815,0.5496161922888168,1.3226142096200977,0.4256819125716892,0.4219570866021395,0.03367231678314004,0.5002605174417885,0.231546272109635,2685383.0861486485
7.591135771105591,-0.013117982651106485,1.9250912959775586,1.3780608516872408,1.043079551694156,1.4120695486294983,0.46615095281943125,0.4135027430645711,0.027596021877604366,0.5011453137629558,0.2319438454392929,2685387.6452702703
-4.988675442816909,2.8290411339546093,-2.163441910069547,2.034265480953324,1.4806629075725206,1.4874342654170807,0.5046357383381705,0.40469060711806454,0.021523522813218364,0.5020207242785539,0.23233928584770724,2685392.204391892
2.8375870816134725,-0.0884761796947721,-4.29337835219591,2.2226803663173724,1.8320024163705373,1.546872996147018,0.5409283730101867,0.3955267211578548,0.015455786865525777,0.502886714444137,0.23273258937137117,2685396.7635135134
-1.8695708141372522,-1.8539371429250842,-3.8803226305495975,1.8368750014639292,2.07352925120228,1.5885503769834823,0.5748209607177642,0.386017127579172,0.009393781310072881,0.5037432497152585,0.23312375204676644,2685401.322635135
0.8913684748542963,-0.9549269009793622,-1.424892640311136,1.0415905709000648,2.208854651851591,1.6106310440906446,0.6061056053431878,0.37616786877724856,0.0033384734224034154,0.5045902955474726,0.23351276991038125,2685405.881756757
3.18536861179272,0.7489749656672189,1.6599246609168246,0.06936118183841436,2.248384874769782,1.611279633632679,0.6345744107687398,0.36598498714731575,-0.002709169521935974,0.505427817396332,0.23389963899870023,2685410.440878378
-1.6129213828064868,1.5566193999908609,3.751697034769344,-0.8472790585083432,2.2019033512460284,1.5892368710598945,0.6600662167526826,0.35547452508460486,-0.00874818024739955,0.5062557807173902,0.23428435534821526,2685415.0
-6.444980964562593,1.4514418479944824,3.6573871054255345,-1.516346932363545,2.0767022119210616,1.5455477621677511,0.6826068833565865,0.34464252498434955,-0.014777591478443758,0.5070741509662012,0.2346669149954075,2685420.0861486485
-4.359183696794836,-0.042276335578739915,1.9028737537682074,-1.9080627796945109,1.8794507622734733,1.4818330948402245,0.7022693137156322,0.3334950292417796,-0.02079643593952268,0.5078828935983191,0.23504731397676484,2685424.6452702703
8.735813855896835,-2.4416959939228677,-0.5512220506658656,-2.033197829904578,1.6168183077818827,1.3997135801618805,0.7191264877643989,0.3220380802521273,-0.026803746355090124,0.5086819740692963,0.23542554832877152,2685429.204391892
-8.720535680839562,-2.514727168376757,-2.7608365304431,-1.9025630977853116,1.2955139393131372,1.3008099292172801,0.7332509221932837,0.3102781836548163,-0.03279855544960163,0.5094713578346871,0.23580161408792016,2685433.7635135134
2.0375196580276955,1.1091702419398008,-3.9292435897326734,-1.5279758937070687,0.9232530433128692,1.1867428530909918,0.744713280715916,0.29822369806603255,-0.038779895947513535,0.5102510103500459,0.236175507290695,2685438.322635135
6.131497430151027,3.1630742922374306,-3.5667367012332,-0.9399300129505437,0.5125063127153792,1.0591330628675877,0.7535837638017303,0.28588344534615473,-0.04474680057327694,0.5110208970709239,0.2365472239735783,2685442.881756757
-4.214645421002688,-0.49982737466231475,-1.5042072973820269,-0.23075873849835654,0.08189921447023919,0.9196012696316221,0.7599323313232544,0.27326648795247377,-0.05069830205134947,0.5117809834528769,0.23691676017306104,2685447.440878378
2.753776763018884,-3.5659858855421587,1.239290422423999,0.4919565632478106,-0.3486158794756037,0.7697681844676685,0.7638279807653554,0.2603828507299368,-0.05663343310618546,0.5125312349514575,0.23728411192562873,2685452.0
-2.4706970192242794,-0.00844421366328846,3.4779470651588458,1.1206345258862858,-0.7590865971752003,0.6112545184602888,0.7653392925315375,0.24724297560485647,-0.06255122646223865,0.513271617022219,0.23764927526776652,2685456.0861486485
3.470921540478324,3.477680587198123,4.561016408660946,1.5490007178119243,-1.1308675014781386,0.4456809826940539,0.7645341410874844,0.23385801044136345,-0.0684507148439653,0.5140020951207165,0.23801224623596468,2685460.6452702703
-2.410497995629519,3.643156482292841,4.121573566588583,1.7013539249515544,-1.4512389816460458,0.27466828825352335,0.761480224414429,0.22023927958804274,-0.07433093097581837,0.5147226347025017,0.23837302086669965,2685465.204391892
-7.3505056087459355,2.1169200749070036,2.4309509935269067,1.6065047601181173,-1.7134036893469948,0.09983714622326703,0.7562452404936005,0.20639810739348008,-0.08019090758225426,0.5154332012231296,0.23873159519647072,2685469.7635135134
-2.669630559002901,0.7517181389894855,0.06267736121225854,1.3259012292950216,-1.9185542782995948,-0.07719173231215049,0.7488968873062285,0.192345818206262,-0.08602967738772713,0.5161337601381524,0.23908796526175727,2685474.322635135
2.412184077683131,-0.3649557042382649,-2.3716834901071264,0.9228143171718272,-2.069706380928609,-0.254797636268164,0.7395028628335464,0.17809373637497022,-0.09184627311669066,0.516824276903125,0.2394421270990479,2685478.881756757
10.670376135026814,-1.628710143185881,-4.260567720183027,0.4605150084380903,-2.1698756296588013,-0.4313598545602053,0.728130865056783,0.1636531862481927,-0.09763972749360153,0.5175047169736003,0.23979407674482908,2685483.440878378
-9.928573686377112,-2.655738733143095,-4.9924114887672175,0.002274287783371088,-2.222077656914932,-0.6052576761037104,0.7148485919571704,0.14903549217451295,-0.10340907324291314,0.518175045805132,0.2401438102355839,2685488.0
8.283655600361756,-1.348015411080981,-4.165557234873938,-0.39871148545462076,-2.2293259329427695,-0.7748725519931104,0.6997237415159397,0.1342519785025168,-0.10915334308908078,0.5188352288532739,0.24049132360780595,2685493.0861486485
7.094126546966033,0.9794699396543932,-2.217972514567267,-0.7295444533455601,-2.1945909548810048,-0.9386289064299067,0.6828240117143191,0.1193139695807898,-0.11487156975655963,0.5194852315735792,0.2408366128979765,2685497.6452702703
-4.135315312352574,1.7753703578421953,0.2024688368262448,-0.9874013833109747,-2.1205873279906857,-1.0952070554932507,0.6642171005335419,0.10423278975791558,-0.12056278596980291,0.5201250194216015,0.24117967414258168,2685502.204391892
2.493907716105635,0.15081833564214725,2.473536071111489,-1.1694590427723863,-2.009484905333941,-1.2438320674612098,0.6439707059548385,0.0890197633824809,-0.12622602445326667,0.5207545578528947,0.24152050337811004,2685506.7635135134
-1.4075623923076341,-0.7665477470036615,4.062286470658998,-1.2726079081448136,-1.8634446017618413,-1.3840242398294178,0.6221525259594395,0.07368621480306974,-0.13186031793140593,0.5213738123230123,0.24185909664104735,2685511.322635135
0.7626365167704805,-0.20675627398968102,4.584525102664673,-1.2929385592274385,-1.6853526659996338,-1.5153784328351656,0.5988302585285744,0.058243468368268284,-0.1374646991286749,0.5219827482875077,0.2421954499678822,2685515.881756757
-0.1936663051602488,0.4433536794327334,4.359229003252653,-1.2304486133488624,-1.4775140300680778,-1.6376089605990458,0.5740716016434757,0.042702848426660354,-0.14303820076952767,0.5225813312019347,0.2425295593950968,2685520.440878378
-0.10786436997600699,0.47911669903243914,3.8649387097357293,-1.09672999082836,-1.2443901583593469,-1.750460000712477,0.5479442532853739,0.02707567932683188,-0.1485798555784201,0.5231695265218465,0.24286142095918162,2685525.0
-0.1345614704884976,0.15177693610070422,3.313480649548039,-0.9061868708803164,-0.9910754310787383,-1.8536757307668776,0.5205159114354997,0.011373285417367845,-0.1540886962798056,0.5237472997027963,0.24319103069662046,2685529.0861486485
0.23354841193170445,-0.33786024523395225,2.7433527258453294,-0.673223432719121,-0.7226642284315425,-1.9470003283536634,0.491854274075083,-0.004393008953146371,-0.15956375559814137,0.5243146162003396,0.24351838464390177,2685533.6452702703
-0.21346326327228804,-0.7000576043514605,2.1630655244781236,-0.4122438555591651,-0.4442509306230505,-2.0301779710642553,0.46202703918535554,-0.020211879436126134,-0.1650040662578798,0.5248714414700281,0.24384347883751106,2685538.204391892
0.18297579723587093,-0.3760990017671183,1.5663988985390649,-0.1376523186148361,-0.16092991785855595,-2.1029528364900703,0.43110190474754756,-0.03607200168298626,-0.17040866098347623,0.5254177409674154,0.24416630931393563,2685542.7635135134
-0.05375244152843972,0.27210307632206227,0.9254336551234883,0.1361469988994774,0.12220442965665132,-2.1650691022225272,0.3991465687428909,-0.05196205134514101,-0.1757765724993865,0.5259534801480565,0.24448687210966047,2685547.322635135
0.16020752260590757,0.8683781752705627,0.21687553261948034,0.39474991776938656,0.40005773171727405,-2.2162709458530414,0.36622872915261456,-0.06787070407400647,-0.18110683353006382,0.5264786244675035,0.2448051632611739,2685551.881756757
-0.6345889264032681,0.9621944246055493,-0.5564261965442446,0.6237522587805023,0.6675356081180264,-2.2563025449730363,0.33241608395795147,-0.08378663552099656,-0.18639847679996385,0.5269931393813109,0.24512117880496095,2685556.440878378
0.9363483029903079,0.1264794093931651,-1.295698423066408,0.8087498427184355,0.9195436786536133,-2.2849080771739265,0.2977763311401302,-0.09969852133752646,-0.1916505350335408,0.527496990345032,0.24543491477750923,2685561.0
1.5353592752819623,-0.9346621542256118,-1.8727401416696148,0.935338490368798,1.1509875631187425,-2.301831720047131,0.2623771686803834,-0.1155950371750107,-0.19686204095525048,0.5279901428142202,0.245746367215305,2685565.0861486485
-1.873578560105379,-1.1645594515062092,-2.1578978306076664,0.9891140225172007,1.3567728813081208,-2.3068176511840663,0.22628629455994098,-0.13146485868486507,-0.2020320272895461,0.5284725622444286,0.24605553215483364,2685569.6452702703
1.95756871132765,-0.23835088591085066,-2.0657122686275895,0.9596100979291625,1.5325644686601319,-2.299607179339008,0.18956853792288705,-0.14729666151850318,-0.2071595267608839,0.5289442140912123,0.2463624056325837,2685574.204391892
1.0251024833213795,0.8071646473358036,-1.6891268302112818,0.8536563074311074,1.6771448368085957,-2.279930402348519,0.1522775169956021,-0.16307912132734073,-0.21224357209371822,0.529405063810124,0.24666698368503967,2685578.7635135134
-1.0237414813603518,1.1767671308552174,-1.1717807653819663,0.6880267354868524,1.790550632421634,-2.2475167344115166,0.1144661663668127,-0.17880091376279303,-0.21728319601250293,0.5298550768567167,0.2469692623486894,2685583.322635135
-1.0230999922514115,0.7705846808413307,-0.6408042791996659,0.48035338707108377,1.8735859754185284,-2.2021022054870545,0.07619403638538497,-0.1944507144762736,-0.22227743124169375,0.5302942186865447,0.24726923766001876,2685587.881756757
-0.5750282021885618,-0.0054324632374967725,-0.15121135669592412,0.24809660225088495,1.9272266506261555,-2.1434322059115822,0.03753003777758523,-0.21001719911919878,-0.22722531050574507,0.5307224547551614,0.24756690565551445,2685592.440878378
-0.17020083219135537,-0.6288497929656062,0.2584323163332011,0.008716721093341078,1.9524484428713995,-2.071257472468586,-0.001451572283292111,-0.22548904334298217,-0.2321258665291124,0.5311397505181205,0.24786226237166395,2685597.0
0.2960653989303374,-0.9065602672645783,0.5491395192192168,-0.22032591633446363,1.9502526293125186,-1.9853552463618493,-0.04067552453502687,-0.24085492279903983,-0.23697813203624923,0.5315460714309755,0.24815530384495169,2685602.0861486485
-0.21630816527587907,-0.759360708287182,0.6909258752706178,-0.421002013068728,1.9217923655596079,-1.8856546834692651,-0.08006651349312822,-0.25610351313878593,-0.24178113975161059,0.5319413829492797,0.248446026111866,2685606.6452702703
0.20073869310115183,-0.26156201040579163,0.693001930799971,-0.575900997293663,1.8684646743509639,-1.7723288067969272,-0.11954923367310556,-0.27122349001363505,-0.24653392239965272,0.5323256505285873,0.24873442520889255,2685611.204391892
0.16701557064530428,0.25572277501581075,0.5874930414044576,-0.6797993281594049,1.7918845018289862,-1.6457685627550327,-0.1590483795904675,-0.28620352907500307,-0.2512355127048287,0.5326988396244517,0.24902049717251742,2685615.7635135134
-0.4606379746827049,0.48817158348606965,0.4161572748595618,-0.735079125243464,1.6940844314886143,-1.5067825351063178,-0.1984886457607237,-0.3010323059743044,-0.2558849433915926,0.533060915692425,0.24930423803922852,2685620.322635135
0.5372061716150162,0.18570505113011382,0.2243317187100318,-0.7452988011797945,1.5773275358535033,-1.3564112805089152,-0.23779472669938292,-0.3156984963629533,-0.2604812471844019,0.5334118441880632,0.24958564384551116,2685624.881756757
-0.535398121486856,-0.31567705094299525,0.04088757103989993,-0.7139522125685448,1.443968159342542,-1.1958511835499959,-0.2768913169219544,-0.33019077589236584,-0.26502345680770883,0.533751590566918,0.2498647106278526,2685629.440878378
0.4501912469168638,-0.15565347328987766,-0.107744680331628,-0.6442337409098213,1.2960934646034157,-1.0263309221455703,-0.3157031109439474,-0.34449782021395586,-0.26951060498596957,0.534080120284544,0.2501414344227389,2685634.0
-0.12537315276829997,0.19935335383783323,-0.18559575578434867,-0.5406231048068869,1.135536369780643,-0.8490791742116518,-0.35415480328087073,-0.35860830497913876,-0.2739417244436388,0.534397398796495,0.25041581126665596,2685638.0861486485
-0.03808227377833167,0.10387260545391598,-0.1648101741358442,-0.4143059447800992,0.9642999317497198,-0.6653246176642494,-0.39217108844823395,-0.37251090583932955,-0.2783158479051705,0.5347033915583236,0.250687837196092,2685642.6452702703
0.08873008829611488,-0.11639920847895874,-0.07965125455475536,-0.27888000551698733,0.7844456193101459,-0.4762959304193748,-0.4296766609615457,-0.3861942984459422,-0.282632008095021,0.5349980640255845,0.25095750824753194,2685647.204391892
-0.18334922850494983,-0.07885812717621113,0.009137190473094787,-0.14553762284046484,0.5980349012614217,-0.28322179039304024,-0.46659621533631546,-0.3996471584503931,-0.2868892377376421,0.5352813816538293,0.2512248204574633,2685651.7635135134
0.21566337062036472,0.07038554958939858,0.06545713585098348,-0.024775416167089732,0.4071292464030447,-0.08733087550125551,-0.5028544460880522,-0.41285816150409566,-0.2910865695574912,0.5355533098986132,0.251489769862372,2685656.322635135
-0.21169935125779896,0.05930041698516578,0.06887991736554394,0.07533657099491764,0.2137901235345153,0.1101481363399674,-0.5383760477322653,-0.42581598325846576,-0.29522303627902263,0.5358138142154903,0.2517523524987448,2685660.881756757
0.19359926926705665,-0.05063932350080454,0.029017421108639,0.15622323817494135,0.02007900145533263,0.3079865672146172,-0.5730857147844635,-0.4385092993649177,-0.2992976706266907,0.5360628600600131,0.25201256440306796,2685665.440878378
-0.23541280486695845,-0.045653170031230046,-0.014040546850524187,0.22064296504423636,-0.1719426510350046,0.5049557392066826,-0.6069081417601555,-0.45092678547486686,-0.3033095053249501,0.5363004128877354,0.2522704016118283,2685670.0
0.2532721829101715,0.003760542473854992,-0.03304962851125043,0.26984862246797214,-0.3602133651369964,0.6998269744001528,-0.6397680231748515,-0.4630571172397279,-0.3072575730982553,0.5365264381542105,0.2525258601615122,2685675.0861486485
-0.24927290675294958,-0.006599154814522021,-0.026276433806556723,0.3043621514271384,-0.5427592444028952,0.8913715948790173,-0.6715900535440605,-0.4748889703109153,-0.3111409066710621,0.5367409013149926,0.25277893608860613,2685679.6452702703
0.09841165116859918,0.049342587018661774,-0.019752246905905994,0.3276332423051444,-0.7179601496712427,1.078360922727263,-0.7022989273832908,-0.48641102033984424,-0.31495853876782454,0.5369437678256345,0.2530296254295972,2685684.204391892
0.18053837234096817,0.009842097223539271,-0.030992081645088154,0.3445544880442906,-0.8842973856494808,1.2595662800288805,-0.7318193392080521,-0.4976119429779301,-0.3187095021129975,0.5371350031416909,0.2532779242209707,2685688.7635135134
-0.14983487314314667,-0.0019516097678957622,-0.05348651296962136,0.35767842285193635,-1.0402556768087907,1.4337589888678575,-0.7600759835338535,-0.5084804138765874,-0.3223928294310347,0.5373145727187139,0.2535238284992142,2685693.322635135
-0.006797593230384717,-0.043485794404696174,-0.06366268561585889,0.36646271031314526,-1.1843136542868407,1.5997103713281833,-0.7869935548762041,-0.5190051086872306,-0.32600755344639315,0.5374824420122587,0.25376733430081355,2685697.881756757
0.04412432553415618,-0.01575391392380214,-0.042943085430748394,0.3685533830818272,-1.3149004017932064,1.756191749493846,-0.812496747750613,-0.529174703061275,-0.3295527068835258,0.5376385764778779,0.25400843766225567,2685702.440878378
-0.03475265853915709,0.021167569010966596,0.003434903065409653,0.361095273937956,-1.430311243918758,1.9019744454488354,-0.8365102566725888,-0.5389778726501357,-0.333027322466888,0.5377829415711249,0.254247134620027,2685707.0
0.023998992482686058,-0.01320345625643403,0.05558240579124274,0.3414492620790145,-1.5287236286082422,2.03584291614416,-0.8589587761576414,-0.548403293105227,-0.3364304329209348,0.5379155027475537,0.2544834212106141,2685712.0861486485
0.0031546350648662914,0.029514689224519722,0.0836084079275327,0.3071887762799696,-1.6084073966750363,2.1566369944210835,-0.8797670007212797,-0.5574396400779639,-0.3397610709701207,0.5380362254627183,0.25471729347050287,2685716.6452702703
0.0007765375373475055,0.012881837539331096,0.07631627129663456,0.25753577452276083,-1.668213708930987,2.263221862271028,-0.8988596248790128,-0.566075589219762,-0.3430182693389001,0.5381450751721716,0.254948747436181,2685721.204391892
0.027502150509883003,-0.018114955866498614,0.044352538940595196,0.19645052582424513,-1.707955527505559,2.3544866051086393,-0.9161613431463499,-0.5742998161820352,-0.346201060751728,0.5382420173314669,0.2551777791441342,2685725.7635135134
-0.03884981836411586,-0.022052061539630605,0.0046758386812658015,0.12926508945696502,-1.7280852720455806,2.4294400597789396,-0.9315968500388,-0.582100996616199,-0.3493084779330592,0.5383270173961585,0.2554043846308491,2685730.322635135
-0.0005366777322429623,0.0056060995866880434,-0.031149994092962603,0.06132866928787026,-1.7295691796818837,2.4875225951376003,-0.9450908400718716,-0.589467806173668,-0.3523395536073487,0.5384000408217997,0.2556285599328118,2685734.881756757
0.01154695066827825,-0.011018115386741871,-0.05884596749284377,-0.002035152261362581,-1.714328442655341,2.5291295351503322,-0.956568007761075,-0.5963889205058575,-0.35529332049905105,0.5384610530639444,0.25585030108650947,2685739.440878378
0.0060285006528799975,0.020323195729734785,-0.08020152895847071,-0.05557677966087503,-1.6846179671232537,2.554984743278923,-0.9659530476219185,-0.602853015264182,-0.35816881133262085,0.5385100195781456,0.256069604128429,2685744.0
0.0030764794182740005,0.02401670134547659,-0.0857711957040873,-0.0948962446946373,-1.6427511591008228,2.565856020078618,-0.973183233918473,-0.6088487661000562,-0.3609650588325129,0.5385469058199571,0.2562864650950555,2685748.0861486485
-0.0034502994513019632,-0.03145581676506154,-0.06661461758661637,-0.1184181427794901,-1.5911452667402508,2.562572877705535,-0.9782564338557539,-0.6143648486648954,-0.3636810957231821,0.5385716772449326,0.2565008800228768,2685752.6452702703
0.012874266108844715,-0.010217141343955322,-0.02400488747708894,-0.12743645629705752,-1.532447432178775,2.5460185038511596,-0.9812241901741413,-0.6193899386101145,-0.36631595472908346,0.5385842993086258,0.25671284494837854,2685757.204391892
-0.008026567492527555,0.007042796872180313,0.026258811870651027,-0.12417854757595347,-1.4690333340733557,2.517086360153674,-0.9821483195607148,-0.623912711587128,-0.3688686685746709,0.5385847374665899,0.25692235590804774,2685761.7635135134
-0.01371165053292657,0.03425493835665006,0.06224927401007306,-0.11150681153382601,-1.4026504611682387,2.4766700100966155,-0.9810906387025532,-0.6279218432473509,-0.3713382699844003,0.5385729571743785,0.25712940893837083,2685766.322635135
-0.006570935385746739,0.02481129389483807,0.06716439031869273,-0.09304547252991698,-1.3341121985331168,2.4256636768903235,-0.9781112971516825,-0.6314076763772537,-0.37372379168272557,0.5385489238875458,0.25733400007583374,2685770.881756757
-0.0032223296074787937,0.0019498531074081161,0.04186867929704191,-0.07176928307435639,-1.263992117084601,2.364965646967745,-0.9732637759199061,-0.6343672223035274,-0.37602426639410147,0.5385126030616443,0.25753612535692433,2685775.440878378
-0.006279753230884527,-0.020084678154886012,0.0028153918583539894,-0.04976923693106982,-1.1928226033445388,2.2954858274543337,-0.966598365305635,-0.6368006830662543,-0.37823872684298326,0.5384639601522285,0.25773578081812776,2685780.0
-0.023618449272259097,-0.025524588693879614,-0.029834425263904212,-0.029237857275816195,-1.1210283073771752,2.2181614402456695,-0.9581592612939416,-0.6387143550188584,-0.3803662057538251,0.5384029606148515,0.2579329624959309,2685785.0861486485
0.006298856984603152,-0.016889423065928943,-0.04170461289961779,-0.01253035512242424,-1.0488552479919515,2.134034389405965,-0.9479891362915597,-0.6401160580930991,-0.38240573585108256,0.5383295695417547,0.2581276667901331,2685789.6452702703
0.007865508703767267,0.02923023859299222,-0.03270148818722635,-0.0012402898214268787,-0.9762505223349667,2.0441564491131117,-0.9361306627052254,-0.6410136122207367,-0.3843563498592102,0.53824375057193,0.2583198915537828,2685794.204391892
0.0011478532831074187,-0.015486057182876808,-0.01342937087206364,0.00495910506928664,-0.9028349727495156,1.9494756846524242,-0.9226265129416733,-0.6414148373335301,-0.3862170805026623,0.5381454669810554,0.2585096350032411,2685798.7635135134
-0.013623116290299705,0.007632459288238741,0.0006209564716957482,0.007303885215486615,-0.8280070953493728,1.8507621199481354,-0.9075193594076377,-0.6413275533632397,-0.3879869605058935,0.5380346820448101,0.2586968953548692,2685803.322635135
-0.00487387433178551,0.0003618200452059741,0.00905455146309007,0.007095231643616968,-0.7511492313645899,1.7485818634321932,-0.8908518745098561,-0.6407595765761723,-0.3896650262588113,0.5379113590388733,0.258881670825028,2685807.881756757
0.0035153160380429257,-0.008746284480092608,0.012404262476299967,0.005522339769134801,-0.6719092585026486,1.6434178852820722,-0.8726667306550615,-0.6397186212956966,-0.3912504160942619,0.5377754612389242,0.259063959630079,2685812.440878378
-0.016388453292466406,0.01104712706610339,0.01129562654702583,0.003507618812879245,-0.5901472242832767,1.5356127770897632,-0.8530066002499885,-0.6382118982476623,-0.39274277194260915,0.537626951920641,0.2592437599863829,2685817.0
0.014027645540021347,0.004755514033676539,0.005317073945471948,0.0017647550899065351,-0.5059515312588325,1.4253021011800557,-0.8319141557013745,-0.6362459276466105,-0.3941424262455274,0.5374657943597038,0.25942107011030113,2685821.0861486485
0.0005693097269021497,-0.007811670217926888,-0.002976758513092231,0.0006414788896872578,-0.41959943273146105,1.3125121567704223,-0.8094320694159527,-0.6338270788995352,-0.3954498622522355,0.5372919518317898,0.25959588821819474,2685825.6452702703
-0.0084313962719524,-0.015088758351275629,-0.008571317317699305,0.00031646398177993503,-0.3314900154081163,1.1972076350608956,-0.7856030138004593,-0.6309617214134327,-0.39666556321195323,0.5371053868749651,0.25976821326403954,2685830.204391892
0.009732003076225473,0.008530294028137273,-0.008943375752343686,0.0007668271810115604,-0.24209637296314407,1.0793473298386265,-0.7604696612616285,-0.6276562245952977,-0.3977900123738991,0.5369060590768366,0.25993804715226776,2685834.7635135134
0.019824985302388968,-0.00010700239288987416,-0.005370251430665791,0.001712132169558408,-0.15191172498560918,0.9589177899773005,-0.7340746842061965,-0.6239169578521254,-0.398823692987293,0.536693927287397,0.26010539252492704,2685839.322635135
-0.01155238069405332,0.00537956703051713,-0.0004186210214327033,0.002789929605789231,-0.06146993152720031,0.8360242815656308,-0.7064607550408968,-0.6197502905909115,-0.3997670883013537,0.5364689503566391,0.2602702520240649,2685843.881756757
0.003055579641213072,0.01018219523649993,0.0034460953513406633,0.0035799366185609747,0.02866517772826257,0.710911033361048,-0.6776705461724656,-0.6151625922186508,-0.40062068156530045,0.5362310871345557,0.26043262829172803,2685848.440878378
-0.019968081484433294,0.005016297100264577,0.003963310517226455,0.0036236275992801,0.1180994702425883,0.5839263871690923,-0.6477467300076389,-0.6101602321423386,-0.4013849560283521,0.5359802964711394,0.2605925239699644,2685853.0
0.03650130173987465,-0.020379195689951952,0.0018885643077084047,0.002787661211056101,0.20670574083094895,0.45544331575180036,-0.6167319789531495,-0.6047495797689708,-0.40206039493972756,0.5357165372163829,0.2607499417008209,2685857.0861486485
-0.044740889360170996,-0.0033831870787184018,-0.0018865092634743083,0.0012965267464967725,0.2944691636367389,0.3258446078492177,-0.5846689654157342,-0.5989370045055418,-0.40264748154864716,0.5354397682202797,0.26090488412634494,2685861.6452702703
0.02587899187064517,0.0074945636966972234,-0.0050785695551027014,-0.000489032698047872,0.38139240652515993,0.19554918801153853,-0.5516003618021269,-0.5927288757590473,-0.40314669910432877,0.5351499483328219,0.26105735388858364,2685866.204391892
0.0003711671844943366,0.002606557104167574,-0.006847006144548317,-0.002213488101607668,0.4674518243183008,0.06502740332393725,-0.5175688405190642,-0.5861315629364825,-0.40355853085599214,0.5348470364040026,0.26120735362958464,2685870.7635135134
0.017088718454365687,-0.012044406580175793,-0.006265093598695994,-0.00356757052422649,0.5525887902170358,-0.06523543236574082,-0.48261707397327974,-0.5791514354448428,-0.4038834680069045,0.5345309992378626,0.261354885991395,2685875.322635135
-0.004401153380319371,0.016151480153424106,-0.004822074023930593,-0.004228050719159452,0.6366729213671607,-0.1947843682219233,-0.44678773457150944,-0.5717948626911233,-0.4041220335765279,0.5342018354546377,0.26149995361606204,2685879.881756757
-0.009847451410264036,0.0025640471721669806,-0.0037067204489198064,-0.0038958832101079676,0.7196120711823716,-0.32332029331151974,-0.4101234947204883,-0.564068214082319,-0.40427475853837247,0.5338595516286114,0.26164255914563317,2685884.440878378
0.003385378764573091,-0.0044840213566062406,-0.0037701579791446747,-0.0024207146631061082,0.8012002990406805,-0.4505896702375037,-0.37266702682695124,-0.5559778590254255,-0.4043421778236759,0.5335041582917955,0.2617827052221554,2685889.0
