timestamp,accel_x,accel_y,accel_z,magnitude
102236.75300601202,0.61497736,0.24168372,9.935354,9.957302208888791
102254.83533734136,0.61497736,0.021536173,10.054999,10.073810890127978
102272.91766867068,0.57669085,0.057429794,9.966462,9.983297817613007
102291.0,0.6652284,0.10289505,9.961677,9.984394066131909
102309.75300601202,0.67240715,0.0598227,9.906639,9.929612601059894
102327.83533734136,0.58626246,0.107680865,9.8922825,9.910224614028618
102345.91766867068,0.48576033,0.08135887,10.023892,10.035984913878329
102364.0,0.57429796,0.035893623,9.901854,9.918559327661868
102382.75300601202,0.6389065,0.011964541,9.95689,9.977374561380543
102400.83533734136,0.6460852,-0.019143265,9.935354,9.956357348727993
102418.91766867068,0.5814767,0.002392908,9.94014,9.957133327331295
102437.0,0.5623334,0.021536173,9.920997,9.936944406280636
102454.75300601202,0.60301286,0.13400285,9.923389,9.942596769378435
102472.83533734136,0.7130866,-0.009571632,9.961677,9.987171409741984
102490.91766867068,0.78008807,-0.047858164,9.973641,10.00421624105051
102509.0,0.57669085,0.088537596,10.062179,10.079080189700854
102527.75300601202,0.57429796,0.09332342,9.94014,9.957153741264651
102545.83533734136,0.598227,0.10050214,9.913818,9.932359415607028
102563.91766867068,0.67240715,0.047858164,10.088501,10.110997685996848
102582.0,0.67240715,0.009571632,10.021499,10.044036300139068
102599.75300601202,0.5072965,0.27279153,9.901854,9.918592520870488
102617.83533734136,0.5647263,0.22014755,9.832459,9.851123322970011
102635.91766867068,0.7346228,0.06460852,9.8922825,9.91973275743569
102654.0,0.7633377,0.11485959,10.054999,10.084586360364874
102671.75300601202,0.49533197,0.21296883,9.947319,9.961920737027405
102689.83533734136,0.4977249,0.10050214,9.985605,9.998506787128246
102707.91766867068,0.57908374,0.03828653,10.016713,10.033511008649008
102726.0,0.650871,0.15314612,9.95689,9.979315871582182
102743.75300601202,0.60540575,0.234505,9.9425335,9.963708201055484
102761.83533734136,0.6269419,0.3254355,9.909033,9.934178345778019
102779.91766867068,0.6484781,0.2991135,9.925783,9.951440141765957
102798.0,0.6676214,0.2368979,9.8922825,9.917615237977758
102816.75300601202,0.67240715,0.06221561,10.066964,10.089587024987436
102834.83533734136,0.703515,0.2392908,9.9927845,10.020376016179727
102852.91766867068,0.6748001,0.17946811,9.911426,9.935991612865974
102871.0,0.70830077,0.21536173,9.94014,9.967670433713746
102888.75300601202,0.59583414,0.32064968,9.913818,9.936881899106863
102906.83533734136,0.55754757,0.21057591,9.985605,10.003374866649267
102924.91766867068,0.63651353,0.16511066,9.952105,9.97380594030903
102943.0,0.68915755,0.208183,9.904246,9.930375980733409
102960.75300601202,0.73701566,0.13878867,9.95689,9.985094533859236
102978.83533734136,0.6173703,0.234505,9.966462,9.98831835094332
102996.91766867068,0.57908374,0.28954187,9.947319,9.96836635362969
103015.0,0.66283554,0.18186101,9.95689,9.980585296070833
103032.75300601202,0.703515,0.36611494,9.916211,9.947874853507015
103050.83533734136,0.60779864,0.23211208,9.930569,9.951858915209197
103068.91766867068,0.59583414,0.12203831,9.909033,9.92768083021338
103087.0,0.72505116,0.28475606,9.909033,9.939603623556279
103105.75300601202,0.72744405,0.3278284,9.949712,9.98165393052028
103123.83533734136,0.57908374,0.2632199,9.976034,9.996293166111347
103141.91766867068,0.61497736,0.22014755,9.959284,9.980681333944071
103160.0,0.6389065,0.107680865,9.99757,10.018542937440024
103177.75300601202,0.60540575,0.28954187,9.966462,9.989029753387472
103195.83533734136,0.6125845,0.2368979,9.932961,9.954651908137505
103213.91766867068,0.75615895,0.1459674,10.038249,10.06774680976478
103232.0,0.60540575,0.33022133,9.935354,9.959258072478894
103249.75300601202,0.5838696,0.26082698,9.961677,9.982181278439551
103267.83533734136,0.6293348,0.17228939,10.019106,10.040330221841991
103285.91766867068,0.54079723,0.27757734,9.873138,9.891833237105303
103304.0,0.6819788,0.18186101,9.976034,10.00097109683673
103321.75300601202,0.78008807,0.1172525,9.985605,10.01671566741003
103339.83533734136,0.703515,0.19143265,9.959284,9.985935990550262
103357.91766867068,0.5049036,0.49533197,9.84921,9.874574372087995
103376.0,0.4977249,0.416366,9.856388,9.877726212473194
103394.75300601202,0.60301286,0.28475606,9.842031,9.864597545160832
103412.83533734136,0.6006199,0.27757734,9.995177,10.017053294521622
103430.91766867068,0.703515,0.3254355,9.873138,9.903519353589877
103449.0,0.50968945,0.33979294,9.925783,9.944667452489506
103467.75300601202,0.6460852,0.571905,9.95689,9.994206316000488
103485.83533734136,0.6460852,0.10050214,9.918604,9.940132397237958
103503.91766867068,0.64369226,-0.09810923,9.916211,9.937565383086348
103522.0,0.598227,-0.5647263,8.801116,8.839481556228098
103539.75300601202,-0.15553902,0.5695121,9.377807,9.396371669322047
103557.83533734136,0.14118157,1.170132,9.930569,10.00026708627788
103575.91766867068,0.54797596,0.33022133,9.887496,9.90817344062673
103594.0,0.45465255,-0.067001425,10.14593,10.156332689365465
103611.75300601202,0.39482984,0.2632199,10.01432,10.025556362651923
103629.83533734136,0.75376606,0.08135887,9.918604,9.947536772877575
103647.91766867068,0.7896597,0.019143265,9.928176,9.959548563733948
103666.0,0.6221561,0.052643977,9.875532,9.895250471014142
103684.75300601202,0.84230363,-0.1483603,10.019106,10.055544302670208
103702.83533734136,0.3828653,-0.39243692,10.339756,10.35428156434135
103720.91766867068,0.17707519,0.46422416,10.004748,10.017077529756133
103739.0,1.1055236,0.15553902,9.751101,9.814802368315958
103756.75300601202,0.832732,0.067001425,9.830067,9.865502977510323
103774.83533734136,0.21536173,0.5695121,9.923389,9.94205079207082
103792.91766867068,0.67001426,0.37568656,10.026285,10.055667576108162
103811.0,0.71787244,0.07896597,9.820495,9.84701470038278
103828.75300601202,0.7441944,0.11246668,9.968855,9.99722681897968
103846.83533734136,0.7872668,-0.21536173,10.076536,10.10953744977617
103864.91766867068,0.208183,0.34457877,10.528795,10.53648892384217
103883.0,0.6197632,0.17468229,10.076536,10.097088594531094
103901.75300601202,-16.202381,-2.4886243,-19.952068,25.82238212195644
103919.83533734136,32.73498,4.300056,6.956184,33.74104167101828
103937.91766867068,78.341415,19.17916,12.522088,81.62119927070154
103956.0,-35.113533,78.36774,-38.23628,94.00253177807546
103973.75300601202,78.341415,-47.604515,78.40124,120.62471382815816
103991.83533734136,78.341415,-78.40124,-2.711165,110.86695699529707
104009.91766867068,75.34789,-78.40124,-16.793428,110.02762464481765
104028.0,78.341415,-78.40124,74.71616,133.6661374577923
104045.75300601202,78.341415,-3.328535,78.40124,110.8837719550794
104063.83533734136,-78.40124,78.36774,-77.34836,135.1703588104093
104081.91766867068,-78.40124,47.360435,48.84643,103.80625684741612
104100.0,78.341415,-78.40124,78.40124,135.760399864163
104117.75300601202,-44.074974,78.36774,-66.908104,112.07497663030357
104135.83533734136,-78.40124,19.521345,62.646336,102.23698331998808
104153.91766867068,78.341415,-23.35957,78.40124,113.26871257467671
104172.0,-78.40124,26.03484,-78.36774,113.8686524029805
104190.75300601202,78.341415,-78.40124,38.695717,117.39459208960145
104208.83533734136,-12.0147915,78.36774,-66.106476,103.22753536065194
104226.91766867068,-64.75209,-25.970232,43.26617,82.0929203766733
104245.0,78.341415,67.59487,40.36118,111.06515477642628
104262.75300601202,-78.40124,63.634605,-24.350233,103.87035782261421
104280.83533734136,78.341415,-58.78657,78.40124,125.45912700997376
104298.91766867068,-78.40124,16.58046,-78.36774,112.08554215444916
104317.0,78.341415,-78.40124,77.791046,135.40893092966186
104334.75300601202,-64.90285,77.44886,-48.525784,112.09575177604526
104352.83533734136,25.477293,-72.17968,-15.5251875,78.10268952104278
104370.91766867068,69.95428,78.090164,-10.799194,105.39590881488205
104389.0,-78.40124,37.64523,12.084186,87.80629434484237
104406.75300601202,78.341415,-37.17383,78.40124,116.90177661014705
104424.83533734136,-78.40124,13.821437,-78.36774,111.71073908532773
104442.91766867068,78.341415,-78.40124,78.40124,135.760399864163
104461.0,-53.957684,78.36774,-50.45686,107.69786003635845
104479.75300601202,-43.605965,-70.05717,-12.110508,83.40354702294255
104497.83533734136,78.341415,61.58149,57.949055,115.27250405111944
104515.91766867068,-78.40124,26.080305,-31.63903,88.47578743233386
104534.0,78.341415,-75.632645,78.40124,134.1805825275619
104552.75300601202,-78.40124,68.774574,-78.36774,130.45381993305784
104570.83533734136,78.341415,-78.40124,43.546143,119.08147760217066
104588.91766867068,23.120277,78.36774,-26.35549,85.85255811217525
104607.0,-78.40124,-60.341965,44.563126,108.50704757061037
104624.75300601202,78.341415,27.092505,78.40124,114.0970445056087
104642.83533734136,-78.40124,3.1371026,-74.48884,108.19049464165568
104660.91766867068,78.341415,-78.40124,78.40124,135.760399864163
104679.0,-78.40124,78.36774,-78.36774,135.7562513439171
104696.75300601202,33.433712,-78.40124,1.5745336,85.24697465420151
104714.83533734136,67.58051,78.36774,30.777584,107.96243643714584
104732.91766867068,-78.40124,2.6250203,39.442303,87.80284978892668
104751.0,78.341415,-44.137188,78.40124,119.29888139579168
104769.75300601202,-78.40124,46.1592,-78.36774,120.07884431024976
104787.83533734136,78.341415,-78.40124,74.125114,133.33665761242415
104805.91766867068,-67.714516,78.36774,-76.48452,128.75030155091775
104824.0,-46.659313,-73.86429,-4.63267,87.48992203771225
104841.75300601202,77.86284,76.13037,52.854553,121.04568915096608
104859.83533734136,-78.40124,42.627266,-3.955477,89.32795776502385
104877.91766867068,78.341415,-73.52928,78.40124,133.00634103326888
104896.0,-78.40124,78.36774,-78.36774,135.7562513439171
104913.75300601202,77.45365,-78.40124,3.3022132,110.25754823992031
104931.83533734136,21.452421,78.36774,-4.9820347,81.40349936716999
104949.91766867068,-78.40124,-38.87758,17.281582,89.20131017320723
104968.0,78.341415,23.29496,76.494095,111.94364222890395
104986.75300601202,-78.40124,0.37329367,-65.37664,102.08329363510595
105004.83533734136,78.341415,-78.40124,78.03273,135.54792026804662
105022.91766867068,-78.40124,78.36774,-73.744644,133.1410140600256
105041.0,70.58361,-78.40124,-8.387143,105.82601098913324
105058.75300601202,45.324074,78.36774,21.177237,92.97445737200752
105076.83533734136,-78.40124,-51.9955,66.27877,115.07893728437233
105094.91766867068,78.341415,30.143463,78.40124,114.85974098600516
105113.0,-78.40124,1.7779307,-72.55537,106.83724625311392
105130.75300601202,78.341415,-78.40124,78.40124,135.760399864163
105148.83533734136,-78.40124,78.36774,-78.36774,135.7562513439171
105166.91766867068,39.79406,-78.40124,-18.70297,89.88950290018352
105185.0,67.88441,78.36774,43.773468,112.5429353380421
105202.75300601202,-78.40124,-8.918368,46.994324,91.84093972481989
105220.83533734136,78.341415,-11.088737,78.40124,111.38712594368792
105238.91766867068,-78.40124,16.089914,-77.64508,111.50963283174863
105257.0,78.341415,-78.40124,73.0507,132.74236892654065
105275.75300601202,-78.40124,78.36774,-78.36774,135.7562513439171
105293.83533734136,64.4817,-78.40124,-0.72983694,101.51441636726574
105311.91766867068,31.708426,78.36774,19.784565,86.82370623478533
105330.0,-78.40124,-49.28194,55.881584,108.15828897523414
105347.75300601202,78.341415,46.66171,78.40124,120.25575627746028
105365.83533734136,-78.40124,15.5251875,-44.996243,91.71939688289933
105383.91766867068,78.34381,-51.471455,78.40124,122.20400025641847
105402.0,-78.40124,50.770332,-78.36774,121.92573033464029
105419.75300601202,78.341415,-78.40124,60.42332,126.2343429402721
105437.83533734136,-78.40124,78.36774,-65.35989,128.6863331012944
105455.91766867068,52.74209,-78.40124,36.850784,101.42220059001065
105474.0,22.390442,78.36774,-0.8279462,81.5077914102269
105491.75300601202,-78.40124,-28.647896,35.94148,90.8803959242851
105509.83533734136,78.341415,32.83309,78.40124,115.59473836073995
105527.91766867068,-78.40124,10.160288,-57.250324,97.60935141617078
105546.0,78.34381,-57.580547,78.40124,124.90006561916975
105564.75300601202,-77.798225,36.04198,-78.36774,116.15976415342202
105582.83533734136,78.34381,-78.40124,74.24476,133.40461531113272
105600.91766867068,-77.8413,78.36774,-70.318,130.94041309846858
105619.0,63.354633,-78.40124,16.874788,102.2023601789471
105637.75300601202,2.895419,78.36774,-1.3448143,78.43273965248598
105655.83533734136,-78.21938,-69.42305,57.618835,119.4058684723834
105673.91766867068,72.45965,70.46397,75.714005,126.28611364446775
105692.0,-78.40124,-0.33979294,43.71843,89.76731595878633
105709.75300601202,78.341415,12.730271,78.40124,111.56250058811548
105727.83533734136,-78.40124,-5.230897,-62.452507,100.37147178131472
105745.91766867068,78.341415,-37.458584,78.40124,116.99263760179475
105764.0,-78.40124,26.152092,-78.36774,113.89551800760934
105781.75300601202,78.341415,-77.838905,69.705414,130.59524178434927
105799.83533734136,-78.40124,63.948074,-78.36774,127.97504942196613
105817.91766867068,78.34381,-78.40124,48.681324,121.05526963022584
105836.0,-78.40124,78.36774,-71.47138,131.89547098118874
105854.75300601202,78.34381,-78.40124,-3.1658175,110.88069894845093
105872.83533734136,-64.381195,78.36774,-31.167627,106.10307212869358
105890.91766867068,52.378365,-78.40124,-15.594582,95.56902501001854
105909.0,-8.88726,78.36774,4.587205,79.00334494644656
105926.75300601202,-36.324345,-77.25025,14.48188,86.58397087842486
105944.83533734136,20.526365,78.36774,22.76852,84.15010300535124
105962.91766867068,-77.34836,-47.9132,10.949947,91.64248397022207
105981.0,71.41873,71.952354,64.99617,120.42540577313042
105998.75300601202,-78.40124,-33.256638,38.26499,93.36470352494429
106016.83533734136,72.69655,64.062935,65.90787,117.18658349253819
106034.91766867068,-78.40124,2.5173392,51.483418,93.82768119882417
106053.0,78.341415,41.933323,78.40124,118.50120385701638
106070.75300601202,-78.40124,-10.296683,43.041237,90.02957401226699
106088.83533734136,78.34381,23.522287,78.40124,113.30403781226894
106106.91766867068,-78.40124,-0.442688,33.548573,85.27870283100742
106125.0,78.34381,46.207054,78.40124,120.08163405872115
106143.75300601202,-78.40124,10.691513,28.5785,84.12962347483061
106161.83533734136,78.341415,23.206423,78.40124,113.237228004728
106179.91766867068,-78.40124,-10.189003,31.263344,85.01745052478311
106198.0,78.34381,24.024797,78.205025,113.27386888182966
106215.75300601202,-78.40124,3.615684,41.485847,88.77445074813399
106233.83533734136,78.34381,34.15637,78.40124,115.97915593084217
106251.91766867068,-78.40124,7.6764493,46.759815,91.60874743291328
106270.0,78.34381,55.027313,76.43188,122.50546935402708
106287.75300601202,-78.40124,-13.802294,56.427166,97.5770609108083
106305.83533734136,78.34381,41.234592,78.40124,118.25734047516951
106323.91766867068,-78.40124,2.94567,63.25174,100.77804333441932
106342.0,78.34381,51.13166,78.40124,122.06127007863428
106360.75300601202,-78.40124,-1.5458187,63.81168,101.09932983661797
106378.83533734136,78.34381,57.369972,77.89155,124.48357246640772
106396.91766867068,-78.40124,-5.1878247,66.75017,103.09826940198575
106415.0,77.649864,66.44627,75.41728,127.0132839459314
106432.75300601202,-78.40124,13.227996,48.96608,93.3777880562611
106450.83533734136,78.34381,45.130245,77.166504,118.86614706743944
106468.91766867068,-78.40124,-8.088029,46.228592,91.3742489159003
106487.0,78.34381,45.316895,75.8839,118.10901666243406
106504.75300601202,-78.40124,-1.1031306,64.66116,101.63186972207023
106522.83533734136,78.34381,54.35969,75.45078,121.59584147831947
106540.91766867068,-78.40124,-6.408208,54.156296,95.50248143241348
106559.0,78.34381,40.08839,77.05882,116.97390015683243
106576.75300601202,-78.40124,8.274676,62.12468,100.3728078791511
106594.83533734136,78.34381,41.24177,78.40124,118.25984352935109
106612.91766867068,-78.40124,5.8626246,33.156136,85.32557737975537
106631.0,78.34381,29.052298,78.40124,114.5798543284748
106649.75300601202,-78.40124,3.6778998,44.225727,90.08993456072088
106667.83533734136,78.34381,35.56101,78.40124,116.40056886061082
106685.91766867068,-78.40124,10.710656,27.839092,83.8837745268559
106704.0,78.34381,34.673237,78.40124,116.13242597531436
106722.75300601202,-78.40124,24.02719,22.287546,84.97526110307527
106740.83533734136,78.34381,21.765892,78.40124,112.9524725422572
106758.91766867068,-78.40124,15.96309,22.43112,83.09470392473939
106777.0,78.34381,24.785742,78.40124,113.57306020947162
106794.75300601202,-78.40124,33.395424,-31.60553,90.88959403726192
106812.83533734136,78.34381,8.013849,78.40124,111.1248341940203
106830.91766867068,-78.40124,18.77715,-30.064497,86.04190708906393
106849.0,78.34381,10.251218,78.40124,111.30855523874715
106866.75300601202,-78.40124,29.540451,-28.274603,88.42423793072017
106884.83533734136,78.34381,11.445279,78.40124,111.42486890385621
106902.91766867068,-78.40124,41.890247,-35.582542,95.74792176564657
106921.0,78.34381,22.246866,78.40124,113.04614122417296
106939.75300601202,-78.40124,41.756245,-22.7757,91.70098658426541
106957.83533734136,78.34381,25.281075,78.40124,113.68218748779127
106975.91766867068,-78.40124,30.497614,3.6348274,84.20255853273336
106994.0,78.34381,39.39205,78.40124,117.62755035303677
107011.75300601202,-78.40124,38.123814,14.900639,88.44325112778543
107029.83533734136,78.34381,46.965607,77.48715,119.78221579732548
107047.91766867068,-78.40124,26.13295,21.026484,85.27484118215851
107066.0,74.62284,62.976555,69.17897,119.6676423248763
107083.75300601202,-78.40124,19.181551,30.858942,86.41157696548862
107101.83533734136,65.61594,71.586235,62.679836,115.5802857953973
107119.91766867068,-78.40124,-16.759928,38.35832,88.87637668877588
107138.0,45.407825,77.994446,55.618362,106.01135019251753
107155.75300601202,-62.423794,-60.17446,13.35482,87.72711616643076
107173.83533734136,5.135181,78.36774,36.439205,86.57764386746953
107191.91766867068,17.248081,-78.40124,3.6587565,80.35942527697952
107210.0,-51.449917,78.36774,3.0030997,93.79560352075478
107228.75300601202,78.01838,-78.40124,10.411543,111.09465459239183
107246.83533734136,-78.40124,78.36774,-39.499733,117.67959047055054
107264.91766867068,78.34381,-78.40124,51.308735,122.1355529162329
107283.0,-78.40124,61.880604,-78.33185,126.93243206275108
107300.75300601202,78.34381,-74.55584,76.13755,132.26205942530987
107318.83533734136,-78.40124,6.6044264,-76.92003,110.03210393703974
107336.91766867068,78.34381,-23.493572,68.28163,106.54614721374108
107355.0,-78.40124,6.408208,-8.054528,79.0739842464742
107372.75300601202,71.062195,57.18093,78.40124,120.27571969196661
107390.83533734136,-78.40124,-15.867373,32.74934,86.43521984639322
107408.91766867068,-1.5649619,78.36774,39.46384,87.75731562668523
107427.0,60.846867,-78.40124,-7.7434506,99.54424485849461
107445.75300601202,-78.40124,78.36774,-41.303986,118.29740642014683
107463.83533734136,78.34381,-78.40124,49.40159,121.34671027012558
107481.91766867068,-77.42733,34.259266,-78.36774,115.36980285367248
107500.0,78.34381,-42.25397,71.83989,114.38583977612396
107517.75300601202,-78.40124,15.752514,-24.70199,83.69638248346159
107535.83533734136,68.51135,55.819366,78.40124,118.13704386432757
107553.91766867068,-78.40124,-15.065749,29.076225,84.96562885496245
107572.0,-15.4199,78.36774,38.40139,88.62247312420084
107589.75300601202,76.099266,-78.40124,-14.922174,110.27476590844631
107607.83533734136,-78.40124,76.419914,-63.22063,126.4262858226164
107625.91766867068,78.34381,-78.40124,75.319176,134.00554194574445
107644.0,-73.39288,-1.8090385,-78.36774,107.38384481706959
107661.75300601202,78.34381,1.301742,69.75327,104.90455554094667
107679.83533734136,-78.40124,19.363413,32.75891,87.14839287637076
107697.91766867068,43.943363,74.86931,68.556816,110.6185777872945
107716.0,-28.31528,-62.414223,14.170802,69.98644114037613
107734.75300601202,-70.48789,78.36774,5.984663,105.57396222830356
107752.83533734136,78.34381,-78.40124,20.605331,112.7345850414737
107770.91766867068,-75.29764,46.577957,-78.36774,118.24019342241895
107789.0,78.34381,-55.010563,68.415634,117.66313603892692
107807.75300601202,-78.40124,4.9317837,-48.040024,92.08105576024725
107825.83533734136,75.53932,36.324345,76.00594,113.14835315206768
107843.91766867068,-78.40124,-9.270126,26.688105,83.33633432113811
107862.0,-12.40005,78.36774,37.937164,87.94596252854929
107879.75300601202,72.15814,-78.40124,12.378513,107.26965640799065
107897.83533734136,-78.40124,73.89061,-60.827724,123.71979908943385
107915.91766867068,78.34381,-78.40124,76.955925,134.93228446691077
107934.0,-66.76932,11.155738,-78.279205,103.49022426789435
107951.75300601202,78.34381,4.9533195,62.631977,100.4243619960501
107969.83533734136,-78.40124,16.45603,22.955168,83.33363723495287
107987.91766867068,8.289034,78.22417,59.899277,98.87189814080027
108006.0,36.458347,-78.40124,15.441436,87.83167677581993
108024.75300601202,-78.40124,78.36774,-33.48157,115.79841378840256
108042.83533734136,78.34381,-78.40124,71.904495,132.11647664110154
108060.91766867068,-70.68651,4.3287706,-78.36774,105.6258662619868
108079.0,78.34381,5.9439836,70.77265,105.74427405006699
108096.75300601202,-78.40124,18.427786,25.85298,84.58554430444836
108114.83533734136,8.0617075,78.36774,55.12303,96.1511426708183
108132.91766867068,56.774136,-78.40124,-9.313198,97.2460416113237
108151.0,-78.40124,77.736015,-57.70019,124.57509537485382
108168.75300601202,78.34381,-77.81976,78.15238,135.28289659612594
108186.83533734136,-71.327805,-4.6661706,-73.06745,102.21683405236551
108204.91766867068,65.02967,39.38009,73.567566,105.79147525146512
108223.0,-73.75421,-2.060294,13.747257,75.05275064322815
108240.75300601202,-68.00166,78.36774,8.578575,104.11205686419716
108258.83533734136,78.34381,-78.40124,62.079216,127.03675081655842
108276.91766867068,-65.93897,6.8963614,-78.36774,102.64994027240303
108295.0,78.34381,-9.368236,70.184,105.59976452183876
108313.75300601202,-78.40124,37.22408,7.2289753,87.08986536487475
108331.83533734136,-27.520836,78.36774,31.229843,88.7367014298545
108349.91766867068,75.37182,-78.40124,23.766363,111.3216317428817
108368.0,-78.17631,61.734634,-67.55658,120.36025914572656
108385.75300601202,78.34381,-77.98966,78.40124,135.52451463026645
108403.83533734136,-58.145275,-6.4297442,-76.78124,96.52757860446235
108421.91766867068,66.83632,32.983845,77.97052,107.86301354587134
108440.0,-78.40124,18.619217,18.92551,82.7744199858313
108457.75300601202,-54.780846,78.36774,28.387068,99.74101157908886
108475.83533734136,75.83844,-78.40124,34.182693,114.30957928320554
108493.91766867068,-78.40124,74.125114,-63.632214,125.26110975714846
108512.0,78.34381,-78.40124,78.40124,135.7617819284621
108529.75300601202,-49.506874,-13.936296,-77.77908,93.24556935907407
108547.83533734136,73.41442,15.704656,77.57808,107.95680516068053
108565.91766867068,-78.40124,20.806335,1.4764243,81.12852666222564
108584.0,-25.563437,78.36774,54.22569,98.66821899647661
108602.75300601202,15.80755,-77.02053,33.69693,85.54252609029207
108620.83533734136,-78.40124,78.36774,-14.723563,111.8259380182441
108638.91766867068,78.34381,-78.40124,38.542572,117.34580033059933
108657.0,-74.369194,36.412884,-78.36774,114.0095513986205
108674.75300601202,78.34381,-48.556892,70.14092,115.82431948628994
108692.83533734136,-78.40124,-45.36236,-8.233996,90.95216780503485
108710.91766867068,71.435486,44.898136,75.02724,112.9068554975662
108729.0,20.72737,-67.50872,-10.217717,71.35441740948761
108746.75300601202,-78.40124,78.36774,3.4146798,110.90499152148982
108764.83533734136,78.34381,-78.40124,51.579132,122.24939205054201
108782.91766867068,-78.40124,-11.4046,-77.09711,110.54765354836664
108801.0,78.34381,-33.725647,71.15552,111.07780992329255
108819.75300601202,-71.75135,-45.90794,9.669742,85.72805312272445
108837.83533734136,-26.755106,77.960945,47.827053,95.29518162545821
108855.91766867068,78.34381,-68.74825,-5.1926107,104.36013438694087
108874.0,-78.40124,61.84471,-66.5731,120.01458341439886
108892.75300601202,78.34381,-48.564068,78.40124,121.00816377237663
108910.83533734136,-77.10907,-32.076935,-27.863022,88.04025460112896
108928.91766867068,2.8236315,68.37257,50.339607,84.95208800357494
108947.0,78.34381,-74.72095,14.108586,109.1788676124551
108964.75300601202,-78.40124,18.262674,-66.56592,104.4571749599532
108982.83533734136,78.34381,3.5630403,61.0718,99.39925843151711
109000.91766867068,52.80909,-72.617584,-26.384205,93.5854677079042
109019.0,-78.40124,68.06388,-37.64523,110.43826119576902
109036.75300601202,78.34381,1.4166015,56.367344,96.52479885884372
109054.83533734136,-15.297861,-46.72871,-47.59255,68.42987436012082
109072.91766867068,-78.40124,73.00523,-27.298296,110.55186568029558
109091.0,78.34621,-14.369413,54.228085,96.36022962870052
109109.75300601202,1.3831009,-48.31521,-52.6033,71.43794269387718
109127.83533734136,-78.40124,53.90265,-40.58851,103.43924426725188
109145.91766867068,78.34381,17.398834,59.77245,100.06606702013504
109164.0,62.021786,-76.44863,-24.859922,101.53379087452994
109181.75300601202,-78.40124,38.547356,4.36945,87.47425439196859
109199.83533734136,64.07969,33.610786,52.493225,89.3948000553417
109217.91766867068,78.34621,-78.40124,19.219837,112.49126716864856
109236.0,-78.40124,32.380833,6.4153867,85.06720852256777
109253.75300601202,-49.47816,55.824154,24.824028,78.61715368128064
109271.83533734136,78.34621,-33.72804,42.454975,95.27924331068296
109289.91766867068,-1.3735292,-28.147778,-67.42019,73.07301833396947
109308.0,-78.40124,10.710656,-5.697514,79.33431950466414
109325.75300601202,-15.194966,71.13398,57.850945,92.93902269646793
109343.83533734136,78.34621,-76.30027,44.49134,118.06497854331148
109361.91766867068,-59.841846,20.607725,-51.16277,81.38399041848612
109380.0,-78.40124,-0.75855184,-27.877378,83.213448664182
109398.75300601202,1.4477094,74.22322,63.167988,97.4750068358212
109416.83533734136,78.34381,-78.315094,38.21474,117.18094071483014
109434.91766867068,-50.89237,17.439514,-49.585842,73.16369112901603
109453.0,-78.40124,-18.96619,-14.759458,82.00190483828692
109470.75300601202,-59.061756,78.36774,57.460903,113.71696912988203
109488.83533734136,78.34381,-44.922062,55.867226,106.19270766198129
109506.91766867068,60.782257,-58.642998,-44.084545,95.27292946214615
109525.0,-78.40124,11.433315,3.381179,79.302632345067
109542.75300601202,-78.40124,50.73683,-0.37329367,93.3869353825821
109560.83533734136,50.916298,54.278336,67.89159,100.73666241087103
109578.91766867068,78.34621,-78.40124,17.73384,112.24692484004763
109597.0,-57.70498,19.478271,-27.037468,66.63551931065642
109614.75300601202,-67.29575,-44.35973,-28.750792,85.57518129903472
109632.83533734136,-78.40124,78.36774,38.159706,117.23659952528321
109650.91766867068,78.34381,-21.53378,51.55999,96.22831607798508
109669.0,78.34621,-76.29309,-15.273932,110.41764895999563
109687.75300601202,-75.69726,1.6989647,1.8568966,75.73908975913652
109705.83533734136,-75.90065,12.141616,-48.396564,90.8325652864657
109723.91766867068,-39.758167,78.36774,55.034492,103.687076463779
109742.0,78.34381,-78.40124,34.249695,116.00667483574695
109759.75300601202,-25.118357,-14.359841,1.5984626,28.97743906228307
109777.83533734136,-73.55082,-25.800335,-67.42258,103.05913206815312
109795.91766867068,-28.67661,71.65085,55.46761,95.04129642385304
109814.0,78.34621,-74.56062,28.844114,111.93479168066332
109831.75300601202,70.15767,-31.940536,-11.4213505,77.92781112696574
109849.83533734136,-78.40124,30.241573,-58.781788,102.55050351670086
109867.91766867068,50.34918,26.496672,45.97255,73.1477197679496
109886.0,67.8868,13.35482,16.747963,71.18611589433552
109903.75300601202,78.33663,-56.391273,-7.2840123,96.79700463084578
109921.83533734136,-78.40124,48.88472,-31.418882,97.58901797408315
109939.91766867068,20.753693,14.412485,35.896015,43.89714557797237
109958.0,65.4245,6.3938503,35.541862,74.72931470538087
109976.75300601202,78.34621,-30.980982,15.417507,85.6484056427408
109994.83533734136,12.63934,-55.682972,-70.49029,90.71508843997499
110012.91766867068,-78.40124,62.876053,44.819168,110.04049388569933
110031.0,-27.365297,21.3926,4.948534,35.08547852612766
110049.75300601202,-0.07418015,31.181986,51.308735,60.040886410004596
110067.83533734136,78.34621,-10.492902,31.10302,84.9448495605596
110085.91766867068,78.34621,-78.40124,-9.308413,111.22737795830787
110104.0,-56.697563,5.9248405,-35.48922,67.15059285887065
110121.75300601202,-78.40124,-20.263145,4.1493025,81.08369867035624
110139.83533734136,-78.40124,49.018723,0.40440148,92.46487537787176
110157.91766867068,-56.12566,78.36774,54.500874,110.73363377902432
110176.0,77.683365,-43.48632,53.316383,103.77091076534074
110194.75300601202,78.34621,-77.810196,-23.153778,112.82133068970514
110212.83533734136,-32.82352,7.5328746,-5.647263,34.14702394530004
110230.91766867068,-48.23385,-28.399033,7.2241898,56.43756089187424
110249.0,-47.00868,-45.860085,-41.44756,77.65863520242436
110266.75300601202,-78.40124,78.36774,48.571247,121.02653899612353
110284.83533734136,61.485775,37.075718,68.60946,99.30945269236837
110302.91766867068,78.34621,-78.40124,34.23773,116.00476374035077
110321.0,27.420334,-31.191557,-59.743736,72.7605795468501
110338.75300601202,-78.40124,36.905823,-4.917426,86.79271445985778
110356.83533734136,-73.70157,33.701717,-9.767851,81.62804703269086
110374.91766867068,23.883615,55.273785,65.98683,89.330174673194
110393.0,78.34621,-78.274414,30.133892,114.77396898023157
110410.75300601202,-50.188854,-23.330854,-59.93517,81.58109105136761
110428.83533734136,-78.40124,48.080704,22.902523,94.77886943005147
110446.91766867068,40.236748,-4.974856,28.679003,49.66115478832776
110465.0,24.804886,49.41355,20.799156,59.072719451434025
110483.75300601202,78.34621,-45.69258,4.213911,90.79481006278068
110501.83533734136,51.208233,-78.40124,-32.981453,99.28148771302281
110519.91766867068,-78.40124,50.880405,11.586461,94.17970123655174
110538.0,-59.542732,62.486008,35.716545,93.41043687156652
110555.75300601202,69.08326,-55.01535,36.16163,95.42981207205115
110573.83533734136,65.08471,-10.701085,0.057429794,65.95859302731195
110591.91766867068,22.73502,34.309517,15.240432,43.88957574094688
110610.0,65.30246,-44.637306,0.83033913,79.10492925260755
110627.75300601202,47.300613,-72.51229,-51.335056,100.65122038874145
110645.83533734136,-74.14186,12.6082325,-12.392871,76.22051024925179
110663.91766867068,-78.40124,78.36774,41.65814,118.42152563830953
110682.0,-63.558033,77.5374,46.446346,110.49404967843655
110699.75300601202,58.623856,-5.1423593,54.062973,79.91248588973917
110717.83533734136,78.34621,-58.592747,33.69693,103.47328985682735
110735.91766867068,78.34621,-55.051243,-19.980783,97.81615238038265
110754.0,39.853886,-13.713757,-21.528994,47.32754951408409
110772.75300601202,-57.93709,31.930965,-2.8762755,66.21605458082824
110790.83533734136,-55.09671,-7.37255,6.707321,55.99098232147424
110808.91766867068,-65.87197,-18.68622,-6.637927,68.79210219514032
110827.0,-77.87002,44.601414,16.252632,91.19854271054565
110844.75300601202,-44.58945,59.22926,50.55736,89.73500399297757
110862.83533734136,61.22016,15.087286,38.671787,73.96648767546533
110880.91766867068,78.34621,-53.771038,15.786015,96.32575677637715
110899.0,78.34621,-71.92125,-9.885103,106.81062720650604
110916.75300601202,29.39927,-33.263817,-41.263306,60.60906714339056
110934.83533734136,-73.90018,-6.535032,-25.147072,78.33465693705826
110952.91766867068,-78.40124,56.877033,39.38966,104.56240543970041
110971.0,-44.338196,58.6765,35.082424,81.48364099928398
110988.75300601202,78.34621,-52.352043,53.835648,108.52254154422414
111006.83533734136,63.060307,27.726625,-4.4125223,69.02780893142177
111024.91766867068,78.34621,-53.73275,-3.3787863,95.06183903537564
111043.0,-30.602901,-59.30105,-55.173283,86.58662274113935
111061.75300601202,-78.40124,78.36774,69.51877,130.84768430720547
111079.83533734136,62.471653,-33.74718,40.107533,81.54872034465592
111097.91766867068,54.847847,-9.267733,22.507694,60.00644535958062
111116.0,62.754013,43.603573,-31.449991,82.6343733555872
111134.75300601202,78.34621,-78.40124,-19.7726,112.5870275194336
111152.83533734136,-78.31031,42.900055,-12.840344,90.20972123522753
111170.91766867068,-78.37731,74.52952,49.06658,118.76523627376362
111189.0,37.032646,-5.9942346,28.868044,47.33615618728552
111206.75300601202,39.073795,24.902994,38.186028,60.04242916707189
111224.83533734136,78.34621,-0.6819788,-1.4357449,78.36233202161371
111242.91766867068,78.34621,-78.40124,-15.637654,111.93488856261669
111261.0,-54.82631,5.6400843,-35.606472,65.61673313579388
111278.75300601202,-78.40124,35.647152,38.45164,94.31862222243444
111296.83533734136,-43.92901,28.466034,3.543897,52.46553361222837
111314.91766867068,-13.797508,24.625418,45.37911,53.44198782864357
111333.0,66.5396,34.137226,22.270796,78.03112790168223
111351.75300601202,78.34621,-55.704506,10.555118,96.70848528470529
111369.83533734136,69.43501,-71.31584,-37.130756,106.23494100218268
111387.91766867068,-72.96695,19.19591,-14.96764,76.92001690197553
111406.0,-78.40124,8.834617,22.55316,82.05760121439019
111423.75300601202,-76.27395,46.683243,13.838187,90.49053014015621
111441.83533734136,-39.710308,67.13543,41.65335,88.42553980023115
111459.91766867068,73.74225,-2.895419,34.87903,81.62628020428814
111478.0,78.34621,-78.40124,2.4479449,110.86422096030412
111495.75300601202,52.80909,-34.481804,-39.41598,74.37347829087271
111513.83533734136,-77.26461,40.677044,25.305002,90.91086290015095
111531.91766867068,-60.681755,-20.981018,22.81638,68.140044779122
111550.0,-9.911426,-52.86652,-14.83603,55.79617449632884
111568.75300601202,-77.065994,59.049793,19.198301,98.96777377428214
111586.83533734136,-56.185482,78.36774,47.975414,107.70307056324495
111604.91766867068,76.644844,4.0248713,39.229336,86.19496797242167
111623.0,78.34621,-78.40124,8.210068,111.14084879766901
111640.75300601202,69.49245,-64.735344,-42.86895,104.19986681327063
111658.83533734136,-73.47185,31.947716,-17.216974,81.94628419736817
111676.91766867068,-78.40124,23.495964,33.969723,88.61578210749835
111695.0,-31.727568,25.166214,16.848465,43.86168796506406
111712.75300601202,23.83815,17.65009,57.28383,64.50752089407483
111730.83533734136,78.09734,17.425158,0.75376606,80.02123974091985
111748.91766867068,78.34621,-77.688156,10.205753,110.80494392553722
111767.0,-7.2002606,-48.789,-54.132366,73.22925182238221
111784.75300601202,-78.40124,53.45039,43.30685,104.3033167335162
111802.83533734136,-48.9589,58.678894,9.052371,76.95538909650757
111820.91766867068,69.08565,-42.40951,41.6366,91.13177291111262
111839.0,35.745262,28.547394,6.7767158,46.245014181788825
111857.75300601202,62.55301,15.30504,-18.70297,67.05911121005556
111875.83533734136,78.34621,-75.84801,4.6972785,109.14721099336786
111893.91766867068,-17.50891,-51.58392,-50.751186,74.45230427838412
111912.0,-78.40124,59.80595,53.64182,112.2539573549748
111929.75300601202,-71.92364,68.272064,64.83106,118.47848350815981
111947.83533734136,28.530643,0.0,18.245924,33.866079380513256
111965.91766867068,77.45604,-60.11703,29.856314,102.4933896120579
111984.0,68.9014,-20.337326,0.4977249,71.84189224168831
112001.75300601202,28.612001,34.89099,3.8358316,45.28511221657356
112019.83533734136,39.442303,3.0437791,12.081793,41.36338452361285
112037.91766867068,71.354126,-57.92752,-18.655111,93.78177881122002
112056.0,25.127928,-60.30607,-49.447052,81.93439934428511
112073.75300601202,-75.80254,16.676176,4.716422,77.758372879817
112091.83533734136,-78.40124,73.282814,60.796616,123.34242489244183
112109.91766867068,-73.57953,77.74558,38.564106,113.77834906578904
112128.0,21.639069,29.293982,42.086468,55.656603178042666
112146.75300601202,77.59244,-32.76609,31.603138,89.96089000498351
112164.83533734136,78.34621,-62.05768,6.200025,100.1385269431657
112182.91766867068,78.34621,-55.194817,-26.180807,99.34803017774857
112201.0,9.684099,-2.866704,-6.5781045,12.052851284170782
112218.75300601202,-65.43168,17.674019,2.7901309,67.8340661148504
112236.83533734136,-42.651196,-27.700304,1.7922882,50.88854152866528
112254.91766867068,-65.149315,-6.324456,-4.560883,65.61427925691824
112273.0,-78.40124,66.41038,30.035782,107.0478454039759
112291.75300601202,-38.09031,76.867386,37.61173,93.67021394211713
112309.83533734136,78.04709,-2.1249025,20.076498,80.61593663815245
112327.91766867068,78.34621,-77.185646,17.853487,111.42037321720201
112346.0,68.33189,-63.96722,-25.403112,96.98644505695135
112363.75300601202,-65.24264,19.676884,-15.5754385,69.90261885356183
112381.83533734136,-78.40124,23.134636,26.89868,86.05524273472533
112399.91766867068,-57.891624,24.110943,-3.1993182,62.793417956434546
112418.0,-23.381105,17.092543,45.39586,53.84807519649587
112436.75300601202,29.908958,15.754907,34.92928,48.60882085118721
112454.83533734136,78.34621,-8.248354,-14.089443,80.02922197000083
112472.91766867068,78.34621,-59.559483,10.095679,98.93120524416162
112491.0,45.606434,-64.22326,-26.463171,83.09556767120131
112508.75300601202,-78.40124,34.548805,2.0650797,85.70086880909071
112526.83533734136,-78.40124,52.11754,26.053984,97.68215032165014
112544.91766867068,-9.183981,29.057083,12.445515,32.917327095201316
112563.0,60.327606,-28.726862,60.892334,90.40204082887641
112580.75300601202,66.04665,22.713484,-1.5984626,69.86141577669575
112598.83533734136,78.34621,-21.983646,-14.575203,82.66707842490035
112616.91766867068,75.80972,-77.32683,3.3500714,108.34101376077481
112635.0,-62.378326,-11.246668,-39.894566,74.89405511783198
112653.75300601202,-78.40124,60.310856,49.844276,110.76373790620517
112671.83533734136,-42.15347,47.310184,22.584267,67.26973806312942
112689.91766867068,59.98303,-37.535156,29.925709,76.82707779863762
112708.0,42.486084,-6.4417086,38.372673,57.610979652383094
112725.75300601202,70.49029,21.531387,-13.63479,74.95591443489946
112743.83533734136,78.34621,-43.20874,3.4984317,89.53972782017635
112761.91766867068,53.687286,-73.263664,-21.356705,93.30593758817129
112780.0,-71.76331,3.0629225,-16.963326,73.8045295722382
112797.75300601202,-78.40124,56.903355,48.80336,108.47356448039875
112815.83533734136,-66.8076,61.002407,29.583523,95.18263450149495
112833.91766867068,7.552018,20.55508,22.029112,31.06164942798866
112852.0,62.844944,-25.087248,27.111649,72.89649175423905
112869.75300601202,78.0447,-28.499535,13.484037,84.17254865526881
112887.83533734136,72.39265,-17.23851,0.45704544,74.418216127349
112905.91766867068,53.74711,-17.061434,2.443159,56.44301010211748
112924.0,19.88028,-18.781935,-3.2687125,27.543984763107193
112942.75300601202,-13.18253,-17.645304,-6.015771,22.83255025567133
112960.83533734136,-39.262836,-25.759655,0.5168682,46.961657436871754
112978.91766867068,-59.052185,-15.15668,-3.4146798,61.061817365954255
112997.0,-77.01096,38.77229,11.0672,86.92790891195818
113014.75300601202,-78.40124,72.868835,30.77519,111.37205155392859
113032.83533734136,-41.375774,75.32157,22.715876,88.8892828400103
113050.91766867068,58.535316,26.305239,15.843445,66.1011616201637
113069.0,78.348595,-39.329838,16.855644,89.2717829453126
113086.75300601202,78.34621,-76.30984,9.160052,109.7507487666139
113104.83533734136,70.63625,-56.934464,-21.60796,93.26262349082508
113122.91766867068,-22.969524,-0.31825677,-18.643147,29.58491592385951
113141.0,-78.05427,15.838658,10.009535,80.27155749946607
113158.75300601202,-76.608955,2.711165,11.61039,77.53117797248633
113176.83533734136,-64.24001,21.782642,3.5534685,67.92561752152686
113194.91766867068,-66.24527,43.86679,36.556458,87.4591658077229
113213.0,-15.733371,38.564106,28.566536,50.50520976733166
113231.75300601202,72.83055,-2.3067634,7.4778376,73.24976604643903
113249.83533734136,78.348595,-41.375774,13.697006,89.65525632073748
113267.91766867068,78.348595,-55.68058,8.0641,96.45651370654252
113286.0,39.61938,-34.93885,-24.757027,58.33805701928741
113303.75300601202,-65.34793,4.455595,-10.504867,66.33669054736312
113321.83533734136,-78.40124,18.286604,25.106392,84.32962254539078
113339.91766867068,-75.68768,30.023817,19.873102,83.81524129974389
113358.0,-49.5667,33.83811,24.266481,64.73590609071184
113376.75300601202,-6.537425,22.261225,31.430847,39.06658683924997
113394.83533734136,68.33189,-6.692964,12.928883,69.8655778885789
113412.91766867068,78.348595,-23.88601,4.0559793,82.00911400738428
113431.0,78.348595,-39.289158,5.5563326,87.82376162966838
113448.75300601202,60.064384,-37.83427,-11.318456,71.88372317817358
113466.83533734136,-19.853958,-18.726898,-18.825008,33.155049135361445
113484.91766867068,-78.40124,17.054256,-2.759023,80.28209195808031
113503.0,-78.40124,39.78449,17.14758,89.57454760116904
113521.75300601202,-75.42686,44.462624,20.61969,89.95169680512467
113539.83533734136,-12.49098,34.957993,36.429634,52.011576493338524
113557.91766867068,75.88151,-8.829831,28.04967,81.38030144007554
113576.0,78.348595,-43.093884,27.630909,93.58980878731275
113593.75300601202,78.09255,-56.66885,16.226309,97.84220985642382
113611.83533734136,-28.181278,-44.558342,-23.735256,57.818618531471195
113629.91766867068,-78.40124,47.04218,-3.8980472,91.51456662555654
113648.0,-60.138565,51.679638,3.5175748,79.37131293196468
113665.75300601202,56.345806,-10.418722,56.843533,80.71299068814766
113683.83533734136,78.348595,-0.42354473,-2.2182257,78.381134553338
113701.91766867068,78.348595,-74.531906,20.868551,110.1317564161512
113720.0,-64.19933,-16.307669,-44.740204,79.93234573452776
113737.75300601202,-78.40124,63.682465,23.407427,103.68277784074921
113755.83533734136,-12.739842,32.988632,-0.82076746,35.372688258595545
113773.91766867068,55.728436,-7.1236873,35.02739,66.20667300179323
113792.0,78.348595,-6.9155045,-5.510867,78.84602841015668
113810.75300601202,68.903786,-70.363464,2.3809435,98.51100285330203
113828.83533734136,-62.952625,-18.047314,-31.351881,72.60632878229956
113846.91766867068,-78.40124,52.445366,46.12809,105.00034064449342
113865.0,-38.678967,56.460667,22.100899,71.91883719082351
113882.75300601202,49.9711,-11.854466,30.164999,59.561450318349
113900.83533734136,73.72071,-19.334698,13.41225,77.3851541299609
113918.91766867068,63.37378,-9.758279,5.0873227,64.32216455300751
113937.0,34.883816,-22.653662,2.005257,41.642407187483165
113954.75300601202,21.40217,-35.963017,-18.533073,45.7697090582245
113972.83533734136,-32.184612,-34.096546,-20.782406,51.286763378765635
113990.91766867068,-78.12127,10.509652,14.501023,80.14777151999007
114009.0,-78.40124,57.247932,28.920687,101.29405850476223
114027.75300601202,-68.06627,69.63123,31.505028,102.34301193685177
114045.83533734136,0.30868515,42.59137,33.25185,54.035225671974665
114063.91766867068,69.99256,-9.2485895,25.130322,74.94016244255675
114082.0,78.348595,-41.61267,15.345719,90.03114869104962
114099.75300601202,78.348595,-50.17689,-2.6441634,93.07638921140004
114117.83533734136,64.83345,-34.64213,-12.572339,74.57557990234015
114135.91766867068,-1.9143264,-4.4220943,-7.697985,9.081769465476123
114154.0,-54.228085,8.944691,2.2804415,55.008118612506905
114171.75300601202,-62.64394,-0.14118157,9.887496,63.41960050417634
114189.83533734136,-54.665985,-20.614902,9.58599,59.20502769841366
114207.91766867068,-53.83804,-3.2687125,8.193317,54.55592979605191
114226.0,-67.130646,39.176693,30.598116,83.53191970464357
114243.75300601202,-59.21969,62.430973,33.321243,92.27623371425535
114261.83533734136,-6.427351,53.88111,25.893658,60.12459047952231
114279.91766867068,67.19047,17.834345,17.219366,71.61794248539874
114298.0,78.348595,-39.01876,9.521381,88.04329995268684
114316.75300601202,78.348595,-73.921715,10.815945,108.2585190793698
114334.83533734136,78.348595,-76.80756,0.8614469,109.72076240342639
114352.91766867068,37.11161,-40.808655,-8.298605,55.78068451217814
114371.0,-45.029743,9.136123,-2.4288018,46.011363556200564
114388.75300601202,-78.40124,28.399033,4.625491,83.51439801533488
114406.83533734136,-78.40124,24.249731,5.9679127,82.28256114818488
114424.91766867068,-73.0148,14.264125,3.4194658,74.47361296065199
114443.0,-44.44827,12.26844,4.840853,46.36374859514822
114460.75300601202,-28.85847,16.180845,17.829557,37.583562078003915
114478.83533734136,-33.37389,28.013775,41.10059,59.898636226802566
114496.91766867068,-19.808493,35.525112,36.09702,54.382026722291194
114515.0,11.246668,39.20062,3.5797906,40.93886967450948
114533.75300601202,70.710434,14.285662,-3.1849606,72.20934558123453
114551.83533734136,78.348595,-31.636639,4.7762446,84.62973341662713
114569.91766867068,78.348595,-72.48597,4.2976627,106.8231627035911
114588.0,78.348595,-78.40124,-15.302648,111.89024893985861
114606.75300601202,35.936695,-59.750916,-34.680416,77.87393186615876
114624.83533734136,-58.561638,-0.3326142,-6.537425,58.926343880133196
114642.91766867068,-78.40124,30.282251,39.255657,92.76193058397529
114661.0,-78.40124,34.84074,52.739693,100.70802755996887
114678.75300601202,-76.06337,37.346115,25.051355,88.3625426789324
114696.83533734136,-44.677986,37.7218,2.9935281,58.54927701297161
114714.91766867068,-7.741058,26.455992,8.906404,28.968388354802272
114733.0,20.196144,2.0890088,22.096113,30.008105570728425
114750.75300601202,26.427277,-1.2969562,31.146091,40.86761614774868
114768.83533734136,30.916372,10.066964,30.071676,44.28850324032926
114786.91766867068,28.24828,27.037468,17.4778,42.83063730146242
114805.0,51.342236,10.339756,7.683628,52.933674450784316
114822.75300601202,70.70565,-15.5347595,7.7889156,72.80992309341677
114840.83533734136,70.48311,-39.143192,5.003571,80.77805393776829
114858.91766867068,69.853775,-53.833252,0.78008807,88.19397621177473
114877.0,54.38841,-53.120167,-9.250982,76.58610809017725
114895.75300601202,37.532764,-47.925163,-20.976233,64.38580567894257
114913.83533734136,-2.3737648,-39.621773,-20.523973,44.685043612980586
114931.91766867068,-43.426495,-25.003496,-10.784837,51.257662737620116
114950.0,-71.94278,0.9021264,7.4515157,72.33327389519518
114967.75300601202,-78.40124,19.17198,24.297588,84.28933522857885
114985.83533734136,-78.40124,39.34898,29.920923,92.68418578026096
115003.91766867068,-78.40124,57.21204,33.871613,102.79716981376953
115022.0,-77.613976,66.5037,32.27315,107.18314977243892
115039.75300601202,-64.54391,69.432625,24.52013,97.91855037578745
115057.83533734136,-32.423904,59.37762,23.988903,71.78076883545499
115075.91766867068,12.584304,32.84027,23.699362,42.40881747991047
115094.0,60.729614,-2.8547394,21.651031,64.53683209605093
115111.75300601202,78.07341,-28.367926,20.162643,85.47940539869838
115129.83533734136,78.348595,-52.28983,11.043271,94.84029994829395
115147.91766867068,78.348595,-58.96365,-5.6687994,98.22092265110304
115166.0,76.95353,-47.0015,-14.678099,91.35881660772922
115184.75300601202,44.4028,-24.99871,-11.378278,52.2111995624443
115202.83533734136,-28.664646,8.138281,3.280677,29.97759812791222
115220.91766867068,-70.10264,17.633339,12.861881,73.42167773972945
115239.0,-70.63865,3.2902486,15.896089,72.4798610316564
115256.75300601202,-41.516956,-24.297588,2.6345918,48.17646201285756
115274.83533734136,-44.90292,-5.790838,4.7283864,45.52102445262353
115292.91766867068,-62.581726,32.586624,31.804142,77.394211290074
115311.0,-61.81121,61.880604,39.640915,96.02727203823996
115328.75300601202,-22.720663,66.85067,21.751535,73.88078154340745
115346.83533734136,57.405865,38.40857,6.3124914,69.35776188371564
115364.91766867068,78.348595,-35.04414,6.9035397,86.10605639095952
115383.0,78.348595,-78.40124,18.566574,112.3831590680254
115401.75300601202,74.905205,-78.05427,-5.960734,108.34569281306794
115419.83533734136,-17.779306,-24.189907,-19.90421,36.01989586651223
115437.91766867068,-78.40124,31.974037,19.442379,86.87404432161892
115456.0,-78.40124,37.69309,35.60408,93.99560617354463
115473.75300601202,-68.28881,30.322931,8.846581,75.2403064257212
115491.83533734136,7.1021514,11.806608,-11.962148,18.24635667052713
115509.91766867068,44.85506,-23.227959,8.25314,51.18230950991642
115528.0,25.998947,-12.086578,29.954424,41.46442004937087
115545.75300601202,8.2028885,25.355253,35.161392,44.11915368425719
115563.83533734136,-4.175625,53.18238,14.6398115,55.31840080263128
115581.91766867068,23.012598,43.737576,8.214853,50.10028972847351
115600.0,55.343178,8.698221,8.377571,56.64547727369385
115617.75300601202,76.5587,-42.222862,8.542682,87.84635471614156
115635.83533734136,78.348595,-70.36107,7.3390493,105.56061838889897
115653.91766867068,78.348595,-78.40124,-12.086578,111.49592880352945
115672.0,54.50566,-73.222984,-32.380833,96.85551457544244
115690.75300601202,-34.366947,-29.444735,-23.357176,50.92776390158918
115708.83533734136,-78.40124,19.023619,17.001612,82.44820995020635
115726.91766867068,-78.40124,31.363846,43.10106,94.80583654276205
115745.0,-77.35793,39.29873,23.816614,89.97705605276711
115763.75300601202,-46.09459,44.58945,5.534796,64.37052310904592
115781.83533734136,-13.290212,41.031197,15.096857,45.695776101694584
115799.91766867068,7.1906886,48.154884,28.303316,56.317639795995376
115818.0,51.70596,28.226744,22.347368,63.00523972568123
115835.75300601202,78.348595,-30.351646,12.967169,85.01689376387438
115853.83533734136,78.348595,-76.18541,-2.3043704,109.30704075347809
115871.91766867068,58.078274,-61.674812,-21.1557,87.31799349815833
115890.0,-56.08498,-2.1942968,6.152167,56.46405120820484
115907.75300601202,-78.40124,9.837245,25.4749,83.021059694138
115925.83533734136,-61.674812,-3.493646,6.0373073,62.068003649572084
115943.91766867068,-48.733967,17.207401,-6.86286,52.13629288807836
115962.0,-41.983574,51.248913,8.61447,66.80778893868548
115980.75300601202,-31.849607,61.198624,21.095879,72.14364252191919
115998.83533734136,3.9243693,47.26472,35.331287,59.14096948949646
116016.91766867068,52.337685,13.053313,29.837172,61.64315926680573
116035.0,78.348595,-36.68089,7.958812,86.87538614658048
116052.75300601202,78.348595,-68.48742,-7.7817373,104.35317183553472
116070.83533734136,70.29167,-56.508526,-12.06265,90.99252665523733
116088.91766867068,5.915269,-25.027426,-3.1371026,25.90760259558502
116107.0,-36.86275,-18.298569,2.9313123,41.25884822447655
116124.75300601202,-38.702896,-35.362396,0.5527618,52.42822479595482
116142.83533734136,-66.690346,-22.450264,-3.0270288,70.43280135437921
116160.91766867068,-78.37971,36.12334,8.131102,86.68557810947622
116179.0,-78.40124,74.790344,31.304024,112.78427154425619
116196.75300601202,-37.946735,62.541046,29.9281,79.0381445983162
116214.83533734136,35.130283,18.152601,24.240158,46.38145067362872
116232.91766867068,78.348595,-33.101097,16.683355,86.6747904245142
116251.0,78.348595,-55.773903,-8.300998,96.53049861118214
116269.75300601202,78.14999,-39.253265,-17.965954,89.28054241149323
116287.83533734136,28.00181,-12.3665495,5.3649,31.0775652492606
116305.91766867068,-35.130283,-8.528324,17.492159,40.16023805196311
116324.0,-18.212423,-36.159233,4.580026,40.74505026184032
116341.75300601202,-19.69124,-50.050064,-11.191631,54.936385425161134
116359.83533734136,-72.80423,17.087757,-0.1483603,74.78281457636217
116377.91766867068,-78.40124,76.62092,35.66869,115.2812875600377
116396.0,-52.576977,72.42615,34.692383,95.98670299838264
116413.75300601202,46.04673,17.769735,25.912802,55.74529695996182
116431.83533734136,78.348595,-30.210464,14.266518,85.174573726046
116449.91766867068,78.348595,-45.895977,-10.899696,91.45352052354775
116468.0,55.840904,-16.15213,-5.77648,58.41631265549476
116486.75300601202,-12.92649,-8.571397,1.3400285,15.567872900063168
116504.83533734136,0.019143265,-41.375774,-19.052334,45.551580339338685
116522.91766867068,-58.566425,-23.275818,-7.741058,63.495777968374504
116541.0,-78.40124,49.29869,42.983807,102.1015324736458
116558.75300601202,-72.139,74.99135,36.479885,110.26567872840454
116576.83533734136,7.3581924,38.095097,26.771856,47.13927963513616
116594.91766867068,70.39217,-5.62812,27.080542,75.63127056355104
116613.0,78.348595,-34.87185,1.536247,85.7724216502107
116630.75300601202,78.348595,-38.97808,-8.059315,87.87915348494005
116648.83533734136,39.394447,-31.66296,-3.773616,50.68239998375043
116666.91766867068,-14.742706,-22.103292,-8.545074,27.909159555693826
116685.0,-70.70565,-10.54076,10.102858,72.19739817381416
116702.75300601202,-78.40124,16.345955,24.170765,83.65506893837845
116720.83533734136,-64.912415,46.67128,8.48286,80.39769220413123
116738.91766867068,-2.6106627,31.481098,22.885773,39.008123472250034
116757.0,43.584427,24.283232,27.736198,57.083923417888485
116775.75300601202,77.63312,20.294254,13.244746,81.3276174675948
116793.83533734136,78.348595,-57.427402,11.938218,97.872007683296
116811.91766867068,73.385704,-78.40124,-28.087955,111.00067207542142
116830.0,-74.71616,23.120277,-8.169388,78.63708205418658
116848.75300601202,-78.40124,51.976357,56.08259,109.51508125202277
116866.83533734136,-3.7042217,18.614431,-7.958812,20.580597374902794
116884.91766867068,16.891539,3.3333209,27.724234,32.6353836946596
116903.0,-0.9021264,64.843025,27.204971,70.32454884535728
116920.75300601202,76.527596,3.3763933,1.2467052,76.61218737975837
116938.83533734136,78.35099,-78.40124,8.513967,111.16708011634915
116956.91766867068,55.778687,-70.4185,-50.377895,102.99494827575279
116975.0,-78.31749,46.173553,5.266791,91.06791599669772
116992.75300601202,-78.40124,49.56909,65.324,113.4507562467774
117010.83533734136,-36.11377,21.373455,-2.4120514,42.03387864813533
117028.91766867068,27.22651,-15.034641,0.31107804,31.103376767257142
117047.0,-8.552254,38.958935,48.568855,62.848017795518146
117065.75300601202,6.0803795,63.45753,22.041077,67.45100595161534
117083.83533734136,78.35099,-15.994198,2.7255223,80.01325187399335
117101.91766867068,78.348595,-77.57808,10.653227,110.77162127762668
117120.0,72.99327,-76.62331,-32.498085,110.70354388779171
117137.75300601202,-59.691093,7.7697725,-11.801823,61.34067960464519
117155.83533734136,-78.40124,42.880913,52.68705,103.73742030219216
117173.91766867068,-76.460594,29.349018,28.387068,86.67994532781954
117192.0,-2.988742,7.255297,-9.1480875,12.052361519985585
117209.75300601202,9.775029,5.391222,14.422057,18.23765869609841
117227.83533734136,-14.725956,46.374557,43.251812,65.10124851601181
117245.91766867068,4.78103,60.294106,22.285152,64.45824591053685
117264.0,76.563484,-12.916918,0.8877689,77.65051182353396
117281.75300601202,78.35099,-75.91979,7.803273,109.37816608965763
117299.83533734136,75.37182,-77.302895,-25.800335,111.00588322969938
117317.91766867068,-42.32815,-4.874354,-24.879065,49.339634013782884
117336.0,-78.40124,38.25303,44.75456,98.04600643836596
117354.75300601202,-78.40124,33.117847,35.290607,92.13562376128714
117372.83533734136,-33.39782,16.465601,-9.126552,38.33828828276381
117390.91766867068,10.567082,6.345992,-0.45943835,12.334744426060828
117409.0,-2.9767776,25.82905,38.80579,46.71070933208424
117426.75300601202,-13.912368,50.77751,29.8611,60.52763664952997
117444.83533734136,46.764603,37.262363,13.60129,61.32215651585875
117462.91766867068,78.35099,-33.9434,7.7003784,85.73405312385088
117481.0,78.35099,-76.75014,7.5448394,109.93810179174231
117498.75300601202,74.701805,-76.46298,-17.626162,108.34033675223955
117516.83533734136,-14.850388,-27.075754,-19.882673,36.728070518936725
117534.91766867068,-78.40124,25.529936,24.69242,86.07117793523042
117553.0,-78.40124,27.444263,40.49997,92.41314611651131
117570.75300601202,-69.528336,13.764008,14.060728,72.25885063466582
117588.83533734136,-26.968075,13.22321,-4.8647823,30.426903535130194
117606.91766867068,-8.561825,24.93171,7.0183992,27.27916674286965
117625.0,-7.475445,31.98361,24.489021,40.97005902019871
117643.75300601202,7.779344,35.68783,30.34686,47.487591169050006
117661.83533734136,34.455482,18.552216,27.618946,47.89750657929801
117679.91766867068,65.74754,-6.532639,16.439278,68.08571252118321
117698.0,75.754684,-31.452383,5.6257267,82.21723265363313
117715.75300601202,74.12033,-44.144367,-0.3565433,86.27094285021094
117733.83533734136,61.452274,-46.64017,-5.6257267,77.35202801674349
117751.91766867068,37.963486,-38.37028,-4.761887,54.18653176160443
117770.0,5.9009113,-29.973566,-6.020557,31.13651424801872
117787.75300601202,-25.340897,-20.445007,2.864311,32.685832550194874
117805.83533734136,-45.09914,-19.19591,4.113409,49.186741334113414
117823.91766867068,-66.59224,-16.680962,5.8243384,68.89632674722768
117842.0,-74.117935,-1.1246668,8.001884,74.557114426624
117860.75300601202,-78.40124,26.16645,22.591446,85.68436830315677
117878.83533734136,-78.40124,51.55042,31.026445,98.82732681324546
117896.91766867068,-76.8626,70.22467,27.480156,107.67786462014018
117915.0,-67.092354,75.80254,30.24875,105.6522404508083
117933.75300601202,-22.52205,56.259663,27.920452,66.72289005251776
117951.83533734136,19.684061,26.702461,24.867102,41.459093607876255
117969.91766867068,54.656414,0.8829831,24.094193,59.738039696792285
117988.0,72.916695,-15.915232,18.437357,76.87701316051697
118005.75300601202,78.348595,-33.840508,9.818102,85.90737713988533
118023.83533734136,78.35099,-43.550926,-3.3979294,89.70566712111872
118041.91766867068,77.683365,-39.102512,-6.252669,87.1940795699853
118060.0,60.531002,-30.301395,-1.4644598,67.70761688743626
118077.75300601202,28.147778,-21.38542,1.2299547,35.371547654544834
118095.83533734136,5.029893,-20.823086,-5.886554,22.216035923399136
118113.91766867068,-2.6154485,-23.400248,-4.556097,23.982706210748304
118132.0,-4.7594943,-34.974743,-14.010477,37.976030593985335
118150.75300601202,-30.514364,-30.040567,-9.193553,43.79593009367188
118168.83533734136,-69.6073,-2.5723763,5.57069,69.87722032390027
118186.91766867068,-78.40124,34.97714,19.349054,88.00307180327353
118205.0,-78.40124,62.301754,30.258324,104.61275809528728
118222.75300601202,-68.10456,68.35821,29.887423,101.01650370498193
118240.83533734136,-38.635895,58.276882,26.968075,74.94133990861502
118258.91766867068,8.681471,30.614866,26.889109,41.66127868579742
118277.0,56.991894,-0.42115182,24.010439,61.84459985750936
118294.75300601202,77.74798,-26.795784,20.380398,84.72380454685364
118312.83533734136,78.35099,-43.244637,0.82076746,89.49664754875047
118330.91766867068,78.35099,-47.169003,-10.9786625,92.11038762421433
118349.0,76.460594,-40.700974,-8.44218,87.02908779559804
118366.75300601202,46.494205,-22.457443,-5.55394,51.93162903475948
118384.83533734136,11.545781,-14.938925,-2.0028641,18.98652163137458
118402.91766867068,-7.549625,-15.391185,-4.3287706,17.681167050064154
118421.0,-17.463444,-18.202852,-4.22109,25.576029755674355
118439.75300601202,-32.61055,-23.742434,-0.8734115,40.34741616504319
118457.83533734136,-50.181675,-23.29496,-0.54558307,55.327690427971916
118475.91766867068,-71.79203,-1.6487137,8.652756,72.33038099430281
118494.0,-78.40124,32.127186,26.274132,88.70873985222437
118511.75300601202,-69.54509,54.3908,26.410526,92.15418900595228
118529.83533734136,-44.44827,53.170418,21.11502,72.44712641566967
118547.91766867068,-7.757808,43.933792,27.391619,52.35133671555377
118566.0,21.06477,39.42077,29.557201,53.58497712512529
118583.75300601202,59.035435,26.1162,26.333954,69.71883261611127
118601.83533734136,78.35099,-8.942298,16.953754,80.66146603052427
118619.91766867068,78.35099,-62.294575,9.7415285,100.5703191101979
118638.0,78.35099,-78.40124,-17.18108,112.16426158756674
118655.75300601202,-2.4048727,-35.575363,-39.114475,52.92761112888621
118673.83533734136,-78.40124,38.83211,22.572302,90.35594069107412
118691.91766867068,-78.40124,44.254444,40.107533,98.55873604421286
118710.0,-13.943476,21.272953,-9.310805,27.08597685243805
118728.75300601202,17.903738,3.6874714,17.092543,25.025912688757444
118746.83533734136,-9.973641,50.825367,28.126242,58.938755793824946
118764.91766867068,52.9742,50.6459,18.305746,75.54054136069264
118783.0,78.35099,-57.975376,16.463207,98.84866737112
118800.75300601202,78.35099,-78.40124,-18.013813,112.29483303481364
118818.83533734136,-20.93316,-22.091328,-50.693756,59.127665756198425
118836.91766867068,-78.40124,66.8746,54.007935,116.34355848804792
118855.0,-75.991585,50.016563,32.983845,96.7693732341448
118872.75300601202,29.487806,-12.627376,-9.023657,33.322780691182736
118890.83533734136,25.290646,15.190181,28.767542,41.20594431185677
118908.91766867068,-3.022243,76.5252,28.82497,81.8298178128972
118927.0,77.140175,-15.539545,13.579754,79.85295095698196
118945.75300601202,78.35099,-78.40124,-1.5434257,110.85131587134688
118963.83533734136,14.6398115,-46.965607,-55.060814,73.83620764893452
118981.91766867068,-78.40124,54.118008,41.452347,103.89326395505184
119000.0,-76.18062,52.488438,34.259266,98.65201616856596
119018.75300601202,25.044176,-5.953555,-10.631691,27.85118349687284
119036.83533734136,22.979097,11.892754,22.072184,34.009672200269456
119054.91766867068,-3.6085055,74.0629,34.694775,81.86612169056352
119073.0,75.23303,-6.7575727,18.260283,77.71172065407363
119090.75300601202,78.35099,-78.40124,6.925076,111.056691581928
119108.83533734136,36.68807,-57.67148,-51.751423,85.7334466135605
119126.91766867068,-78.40124,49.36091,31.660566,97.9063088314847
119145.0,-78.40124,53.948112,35.058495,101.42115801728538
119162.75300601202,13.283032,-6.9394336,-22.404799,26.954956798930954
119180.83533734136,10.279933,20.155464,18.236353,29.060012427395726
119198.91766867068,-7.903775,70.31082,31.787392,77.566225630004
119217.0,77.39143,-8.17896,17.099722,79.6789138769084
119235.75300601202,78.35099,-78.40124,12.261261,111.51668300674936
119253.83533734136,38.025703,-62.562584,-39.145584,83.02052608904813
119271.91766867068,-78.40124,38.037666,27.8032,91.46931943829667
119290.0,-78.40124,47.573406,33.476784,97.62519377169549
119307.75300601202,-0.8877689,6.1378093,-14.59674,15.859560373811556
119325.83533734136,0.052643977,24.122906,18.540253,30.42463387745462
119343.91766867068,-14.517774,71.79442,27.023111,78.07338236025001
119362.0,69.45655,13.512752,23.390676,74.52469743818473
119379.75300601202,78.35099,-77.98727,21.674961,112.65298864381947
119397.83533734136,62.048107,-74.41466,-23.223173,99.63345306365217
119415.91766867068,-70.87794,10.153109,6.819788,71.92549971584782
119434.0,-78.40124,34.149193,31.62946,91.17754414317403
119451.75300601202,-44.89574,22.222937,-5.068179,50.35049987268855
119469.83533734136,-13.5941105,22.395227,2.9193478,26.36036085195163
119487.91766867068,0.89494765,41.44756,18.734077,45.49359078256815
119506.0,45.52747,34.46984,25.410292,62.50282660609649
119524.75300601202,78.35099,-51.02637,16.515852,94.94915184793861
119542.83533734136,78.35099,-77.546974,-5.1447525,110.35795978914722
119560.91766867068,14.189945,-42.923985,-14.386164,47.44243608857102
119579.0,-75.14928,-3.1179593,14.910211,76.67757394948916
119596.75300601202,-78.40124,14.355056,27.621338,84.35496653553352
119614.83533734136,-76.31941,40.133854,18.825008,88.25961424027119
119632.91766867068,-37.413116,52.557835,11.186846,65.47681110243838
119651.0,11.196417,31.672531,13.7664,36.30458294132919
119668.75300601202,56.309914,11.359135,28.698147,64.21386146206464
119686.83533734136,78.32467,-28.071205,15.221289,84.58388806139409
119704.91766867068,78.35099,-45.101532,-1.0361292,90.4107260586166
119723.0,59.545124,-38.573677,-2.6728783,70.9978494595598
119740.75300601202,-2.5867336,-26.592388,1.7061435,26.772321825021177
119758.83533734136,-42.742123,-23.330854,4.0559793,48.86377794438815
119776.91766867068,-66.98946,-22.543587,5.3960075,70.8866557460445
119795.0,-78.40124,21.091091,10.208146,81.8278363264311
119813.75300601202,-78.36295,65.508255,17.908524,103.69570211781249
119831.83533734136,-42.73734,67.6188,15.553903,81.49052854319334
119849.91766867068,28.198029,31.698854,26.819714,50.19206355032589
119868.0,76.99182,-9.923389,25.608902,81.74368390159161
119885.75300601202,78.35099,-44.287945,8.9973345,90.45027216326115
119903.83533734136,78.35099,-48.702858,-6.587676,92.48915334475302
119921.91766867068,39.829956,-31.919,4.5895977,51.24755958101597
119940.0,-20.004711,-19.554846,9.30602,29.481900761613677
119957.75300601202,-50.58608,-21.768286,15.465365,57.201287395717074
119975.83533734136,-55.407787,-24.929316,-2.6154485,60.813931194434204
119993.91766867068,-78.40124,24.122906,7.7960944,82.39810747411707
120012.0,-75.76904,66.68078,17.800844,102.48972578284292
120030.75300601202,-49.85624,72.139,24.902994,91.15831886395029
120048.83533734136,19.329912,32.00036,18.07842,41.52707319031458
120066.91766867068,67.18329,-2.2828343,23.68979,71.27420247122697
120085.0,78.35099,-34.43395,0.93802,85.58886859926938
120103.75300601202,76.01791,-40.287,-3.43143,86.10191473836687
120121.83533734136,39.93524,-32.440655,-3.4266443,51.56511787871087
120139.91766867068,-5.8195524,-20.042997,-2.995921,21.084697330447874
120158.0,-22.658447,-23.491179,-1.4883888,32.67194534278323
120175.75300601202,-52.6368,-25.855371,2.1464386,58.683388811921986
120193.83533734136,-76.19019,8.205282,12.25169,77.60396647589428
120211.91766867068,-78.40124,54.740166,25.010675,98.83710877600974
120230.0,-65.07035,72.51469,26.417706,100.94763942371826
120247.75300601202,1.1677392,38.69811,22.86663,44.96432029919074
120265.83533734136,66.003586,7.810452,28.604824,72.35822331549245
120283.91766867068,78.35099,-29.31791,12.864274,84.63986664861469
120302.0,78.35099,-40.222393,-6.0516644,88.27990243898537
120320.75300601202,63.438385,-26.403347,-6.999256,69.06920448915109
120338.83533734136,3.2711053,-19.018833,-3.254355,19.57056373821669
120356.91766867068,-15.357684,-28.56893,-7.207439,33.22633588175917
120375.0,-64.20412,-28.406212,0.9763065,70.21420853036291
120392.75300601202,-78.40124,23.589289,20.543116,84.41106920334903
120410.83533734136,-78.001625,67.5853,31.07909,107.7865302992852
120428.91766867068,-13.649148,51.820816,24.946068,59.11008814654554
120447.0,62.447723,10.263183,33.591644,71.6480954373454
120464.75300601202,78.35099,-30.720154,14.522559,85.40205041843139
120482.83533734136,78.35099,-42.988594,-10.775265,90.01668280878361
120500.91766867068,54.627697,-29.485413,-10.480937,62.95573762336795
120519.0,-1.7946811,-23.249495,-7.2648687,24.424131821499035
120536.75300601202,-32.68234,-33.428925,-4.9389625,47.01086815947597
120554.83533734136,-78.32467,3.3500714,8.932726,78.90355190221207
120572.91766867068,-78.40124,61.093338,21.89511,101.7769434765652
120591.0,-36.02523,67.49676,23.74722,80.1096764740621
120609.75300601202,52.6033,16.28374,19.76542,58.50589019110811
120627.83533734136,78.35099,-26.176022,18.425392,84.63779789242066
120645.91766867068,78.35099,-43.728,-7.6908064,90.05644963611645
120664.0,37.590195,-31.282488,-7.918133,49.541029922821124
120681.75300601202,-23.08917,-29.267658,-5.393615,37.666917299695356
120699.83533734136,-78.40124,-7.2194037,17.745806,80.70804082562536
120717.91766867068,-78.40124,47.293434,26.625889,95.35387405916067
120736.0,-39.255657,63.68964,14.828852,76.27104104094262
120753.75300601202,67.240715,18.71972,20.930767,72.86863987888009
120771.83533734136,78.35099,0.4737958,12.601054,79.35923814119634
120789.91766867068,78.35099,-63.70639,1.2538838,100.98987070689863
120808.0,35.704582,-62.162968,-36.379383,80.38974607388953
120825.75300601202,-78.40124,29.38491,36.72396,91.42689214518505
120843.83533734136,-69.461334,57.917946,-0.14118157,90.43995423569264
120861.91766867068,61.11248,-5.125609,21.325598,64.92910140629458
120880.0,58.456352,61.871033,21.540958,87.80195148852192
120898.75300601202,78.35099,-72.15096,4.7762446,106.61824972949391
120916.83533734136,2.6728783,-54.304657,-51.959606,75.20598849805444
120934.91766867068,-78.40124,68.22899,48.99958,114.90390920301233
120953.0,-6.0755935,8.662328,3.6252558,11.184419626080734
120970.75300601202,45.41261,48.520996,25.625652,71.22686459664794
120988.83533734136,78.35099,-26.779034,5.3266134,82.97208630778374
121006.91766867068,55.59683,-77.16411,-31.347095,100.13964121705261
121025.0,-78.40124,63.636997,35.10875,106.90671703535803
121042.75300601202,-27.18583,21.251417,-1.9047549,34.558937607019445
121060.83533734136,42.957485,38.2961,22.986275,61.97019954067318
121078.91766867068,78.35099,-19.985569,6.594855,81.12824856179805
121097.0,53.713608,-77.499115,-23.491179,97.17561422996476
121114.75300601202,-78.40124,65.07035,36.085052,108.08809305609385
121132.83533734136,-29.516521,18.030563,2.474267,34.67633503165666
121150.91766867068,67.02535,53.656178,41.014446,95.15023783930916
121169.0,78.35099,-76.604164,16.109056,110.75458122050813
121187.75300601202,-64.35487,9.5907755,-48.059166,80.89014590185789
121205.83533734136,-78.40124,45.482002,0.54558307,90.64030339949153
121223.91766867068,76.10883,43.658607,25.424648,91.35119427283506
121242.0,78.35099,-69.406296,13.704185,105.56474906394624
121260.75300601202,-67.24311,2.2230117,-44.874207,80.87194864332926
121278.83533734136,-71.56949,42.060146,-26.424885,87.11786457245518
121296.91766867068,78.35099,59.63127,41.914177,107.01198170943444
121315.0,70.86119,-78.40124,9.688885,106.12227463778245
121332.75300601202,-78.40124,51.98832,59.43266,111.27345112215941
121350.83533734136,69.16461,30.040567,23.685005,79.03896762979393
121368.91766867068,78.35099,-65.70208,19.834816,104.15882524328102
121387.0,-78.40124,27.18583,-5.549154,83.1662004449056
121404.75300601202,-19.035583,40.083603,-12.742235,46.16723082887604
121422.83533734136,78.35099,-2.8738825,13.0581,79.48365121340304
121440.91766867068,-60.014133,-28.506714,-51.48581,84.05425351625928
121459.0,-53.761467,44.347767,-36.57799,78.70812616444682
121477.75300601202,75.11099,68.97079,43.885933,111.01624118697539
121495.83533734136,18.920725,-78.40124,-7.9253116,81.0404765041539
121513.91766867068,-78.40124,62.74923,28.813005,104.47205155571764
121532.0,71.102875,52.253933,36.36981,95.4403239027939
121549.75300601202,77.59962,-78.40124,24.130085,112.91907039906602
121567.83533734136,-78.40124,62.63437,50.274998,112.23811368129145
121585.91766867068,32.83788,21.36149,8.430215,40.07128826055789
121604.0,78.353386,-22.890558,11.773108,82.47324908839244
121621.75300601202,-17.470621,-37.367653,-51.973965,66.35402871473046
121639.83533734136,-74.72334,59.470943,4.2809124,95.59653138603578
121657.91766867068,44.182655,37.657196,24.244946,62.912548986464984
121676.0,78.35099,-67.8892,23.553394,106.31360909845614
121694.75300601202,-45.60883,-6.0827723,-43.603573,63.391143475953136
121712.83533734136,-68.91576,50.870834,-2.7781663,85.70263669353244
121730.91766867068,49.368088,25.814693,15.762086,57.89688974833959
121749.0,78.35099,-33.9099,18.375141,87.32928923768921
121766.75300601202,25.838621,-65.74994,-37.968273,80.20148813948386
121784.83533734136,-78.40124,60.928226,42.27551,107.91766260814202
121802.91766867068,5.652049,18.425392,-1.0887731,19.3035270123195
121821.0,57.858124,59.832275,33.49832,89.71956914351183
121838.75300601202,78.353386,-78.40124,28.485178,114.44392905215322
121856.83533734136,-47.14747,-10.679549,-28.262638,55.99744102156227
121874.91766867068,-78.40124,47.745697,11.423743,92.50355625425144
121893.0,18.253103,30.74169,13.653934,38.27083990273881
121910.75300601202,78.353386,2.134474,35.740475,86.14633265640097
121928.83533734136,73.57235,-76.92721,-1.3998512,106.45490080916305
121946.91766867068,-72.74919,-8.363214,-6.326849,73.50113612955039
121965.0,-78.40124,34.697166,-9.0069065,86.20772660654553
121983.75300601202,3.5558615,71.476166,17.511301,73.67585845973795
122001.83533734136,78.35099,-57.55901,38.77229,104.66712825908762
122019.91766867068,61.732243,-48.487495,-2.8523464,78.5496204775788
122038.0,-78.40124,-27.96831,24.003262,86.63219600376262
122055.75300601202,-78.40124,59.97824,-32.842663,104.03261132917298
122073.83533734136,60.05003,53.558067,26.185593,84.61771637511283
122091.91766867068,78.353386,-78.40124,23.02217,113.20789655634229
122110.0,-52.509975,-2.08183,-5.4821525,52.836403044518285
122127.75300601202,-78.40124,-47.439404,-2.9863493,91.68516656228763
122145.83533734136,-58.31278,78.36774,15.585011,98.91802440357431
122163.91766867068,78.353386,-61.464237,35.800297,105.82422592651162
122182.0,25.08007,-29.310732,-1.0959519,38.59183893192753
122199.75300601202,-78.40124,-60.71765,20.512009,101.26267806194038
122217.83533734136,-77.10189,78.36774,13.302176,110.73911684953369
122235.91766867068,78.353386,-45.860085,34.307125,97.05348690097563
122254.0,49.47098,-41.830425,-6.6163907,65.12249184218976
122272.75300601202,-78.40124,-62.682228,27.867807,104.1750008762699
122290.83533734136,-78.40124,78.36774,-14.288054,111.769430495785
122308.91766867068,78.353386,-12.471837,31.524172,85.37314118682262
122327.0,71.75374,-60.162495,-4.493881,93.7460397833145
122345.75300601202,-78.40124,-40.63158,31.650995,93.80546471994063
122363.83533734136,-78.40124,78.300735,-27.255222,114.10787291570686
122381.91766867068,77.37229,-5.601798,23.40982,81.03006277369717
122400.0,77.48476,-68.42999,2.967206,103.41835366657186
122417.75300601202,-76.7956,-26.850822,21.134165,84.05464741275706
122435.83533734136,-78.40124,75.27132,-33.002987,113.58575262330294
122453.91766867068,75.89587,12.1152935,29.8611,82.45391872347876
122472.0,78.353386,-77.55654,4.7236004,110.34755273759122
122489.75300601202,-77.369896,-3.82626,17.23851,79.35935546398116
122507.83533734136,-78.40124,51.638958,-26.015697,97.4174158313552
122525.91766867068,20.38997,66.90571,38.166885,79.67958344399288
122544.0,78.353386,-78.171524,24.180336,113.29046257836742
122562.75300601202,-46.57556,2.2756555,1.3424214,46.65043936002595
122580.83533734136,-68.75064,-45.33125,0.31107804,82.3508925059047
122598.91766867068,-78.40124,78.36774,10.160288,111.31706319557728
122617.0,78.24331,-24.240158,29.272444,86.98549762664004
122634.75300601202,78.353386,-70.32039,-2.9935281,105.32412619102323
122652.83533734136,-78.19545,0.42115182,23.732862,81.71875248845294
122670.91766867068,-66.3027,-0.9954498,-36.020447,75.46198744847719
122689.0,-57.446545,78.36774,28.762754,101.33560195118565
122706.75300601202,78.353386,-38.087917,37.922806,95.01621826813316
122724.83533734136,72.842514,-59.049793,-8.88726,94.19072825650433
122742.91766867068,-78.0782,-0.2368979,25.429434,82.11526989187443
122761.0,-42.67991,-2.060294,-39.621773,58.27267305210964
122778.75300601202,-70.52618,78.36774,24.020012,108.13142796883866
122796.83533734136,78.353386,-25.003496,37.700268,90.47506903649665
122814.91766867068,78.353386,-75.795364,-10.619726,109.53067552915289
122833.0,-78.00402,25.477293,25.388756,85.89708100975135
122851.75300601202,-58.927753,-26.336346,-9.478309,65.2374243495266
122869.83533734136,-71.04784,76.27634,-2.445552,104.26819427344996
122887.91766867068,72.01457,38.109455,36.68807,89.3557123691979
122906.0,78.353386,-78.40124,28.006596,114.32574928995572
122923.75300601202,-47.458546,12.148794,-18.03774,52.20408842606249
122941.83533734136,-78.40124,2.4144442,14.364627,79.74287731942988
122959.91766867068,-53.67532,65.69011,-5.798016,85.02851003311041
122978.0,74.84059,40.808655,33.651466,91.64541122394662
122995.75300601202,78.353386,-78.40124,30.186535,114.87921668652177
123013.83533734136,-66.85785,11.462029,-16.865215,69.89839549242576
123031.91766867068,-77.23589,48.89908,-9.219875,91.87768403673509
123050.0,61.270412,22.033897,23.512714,69.22718919111297
123068.75300601202,78.353386,-3.3955367,21.13895,81.22584548189414
123086.83533734136,41.61028,-76.17105,-29.511736,91.67544284875092
123104.91766867068,-78.40124,74.5008,39.47341,115.13154967777382
123123.0,55.156532,-1.8592896,18.466072,58.19532451316752
123140.75300601202,58.700428,52.11036,29.052298,83.69746642398196
123158.83533734136,73.64653,-78.40124,2.1560102,107.58816939868902
123176.91766867068,-78.40124,61.882996,8.1526375,100.21339793500678
123195.0,9.99757,20.631653,-5.5084743,23.578799811081765
123212.75300601202,58.93254,52.189327,36.709602,86.85830416582478
123230.83533734136,78.353386,-78.40124,20.301432,112.68609351846935
123248.91766867068,-78.40124,41.409275,-15.190181,89.95679011823391
123267.0,-36.61867,53.218277,-9.987998,65.36720969618968
123284.75300601202,62.737263,33.148956,33.546177,78.48670870877714
123302.83533734136,78.353386,-64.38358,25.82187,104.6483035771641
123320.91766867068,-38.121418,-34.50813,-61.411594,80.09642578822391
123339.0,-78.40124,78.36774,32.05779,115.39479626884957
123357.75300601202,76.30027,-15.987019,33.622753,84.89879562089364
123375.83533734136,68.47546,40.70576,28.332031,84.54910703238775
123393.91766867068,71.531204,-78.40124,8.676684,106.48357819148957
123412.0,-78.40124,62.878445,4.6015625,100.60630028282041
123430.75300601202,-31.899858,31.296844,-11.962148,46.26214834564435
123448.83533734136,46.5636,29.564379,25.4749,60.75517986662241
123466.91766867068,78.353386,-36.972824,27.032682,90.75796774010036
123485.0,37.642838,-75.278496,-27.5328,88.55444815793423
123502.75300601202,-78.40124,78.21938,32.431084,115.39844474921253
123520.83533734136,29.889814,-1.4285661,-1.7228938,29.973490706001257
123538.91766867068,8.085636,61.57431,26.795784,67.63717322357027
123557.0,78.353386,-58.374992,30.607687,102.39005465451724
123574.75300601202,29.542843,-66.48216,-39.633736,82.84618398034965
123592.83533734136,-78.40124,77.8437,39.128834,117.20691836844426
123610.91766867068,10.574261,13.89801,-12.562767,21.51261937450923
123629.0,24.838387,37.319794,21.354311,49.65600760480978
123647.75300601202,71.99064,5.398401,20.966661,75.17576640417656
123665.83533734136,78.24809,-78.40124,8.896832,111.124577127753
123683.91766867068,-77.247856,42.414295,-9.82528,88.67209146074181
123702.0,-74.369194,59.289085,2.6992004,95.14861165117556
123719.75300601202,40.64115,-2.3594074,10.445044,42.02819078622837
123737.83533734136,16.68575,71.06458,22.94081,76.51711930734848
123755.91766867068,78.353386,-63.20388,37.697876,107.49471335666128
123774.0,55.166103,-73.15598,-29.085798,96.13053612283568
123791.75300601202,-78.40124,43.562893,24.020012,92.85171542059518
123809.83533734136,-64.09165,47.870125,-9.32277,80.53696361119549
123827.91766867068,23.189672,13.534288,12.90256,29.789493008242488
123846.0,31.631851,55.58008,21.715641,67.53731083285359
123863.75300601202,78.353386,-58.33192,34.74024,103.67617982839161
123881.83533734136,60.490322,-72.98609,-18.241138,96.53386713836149
123899.91766867068,-77.63072,16.245453,9.176803,79.8414500381501
123918.0,-78.40124,33.85008,9.657777,85.94099723720763
123936.75300601202,-38.588036,58.006485,5.2021823,69.86309129343587
123954.83533734136,46.95125,27.685947,24.780956,59.87509764604351
123972.91766867068,78.353386,-30.490435,33.369102,90.45671170477415
123991.0,78.25049,-69.89924,9.040407,105.31273378154872
124008.75300601202,-0.99784267,-27.135578,-7.992313,28.305694665175164
124026.83533734136,-66.69274,-14.323948,10.681942,69.0449197255357
124044.91766867068,-78.40124,9.408915,-16.721642,80.71490213207836
124063.0,-78.33663,78.36774,1.0098072,110.81132605941357
124080.75300601202,16.501493,49.65045,20.370827,56.14656756290164
124098.83533734136,78.353386,-48.994793,37.958702,99.90298241945858
124116.91766867068,78.353386,-70.49747,13.711364,106.28804202169873
124135.0,3.22564,-20.25118,-0.34218585,20.509318271408738
124153.75300601202,-53.108204,-19.614668,15.898481,58.80457661579753
124171.83533734136,-65.7284,-13.852545,-17.786486,69.48722655110953
124189.91766867068,-78.40124,77.88916,-3.905226,110.58357232950235
124208.0,-13.620433,65.03685,20.72737,69.60554518245576
124225.75300601202,78.353386,-34.326267,40.02378,94.44283281069393
124243.83533734136,78.353386,-78.40124,17.078184,112.15022024026726
124261.91766867068,37.84145,-30.322931,1.5003533,48.51501357887146
124280.0,-63.8045,0.11485959,23.91951,68.1408128188644
124297.75300601202,-31.899858,-44.43152,-0.21057591,54.6973971240354
124315.83533734136,-66.731026,33.419353,-29.74624,80.3412831618271
124333.91766867068,-78.40124,78.36774,5.7860518,111.00331302117736
124352.0,14.233017,53.543713,28.829756,62.45528645173436
124369.75300601202,78.353386,-46.518135,41.74428,100.22861315144304
124387.83533734136,78.353386,-77.02053,11.225132,110.44192468244711
124405.91766867068,24.567987,-21.40935,-1.6152129,32.6275215940009
124424.0,-59.83945,-2.3976939,22.73502,64.05770716112931
124442.75300601202,-15.685513,-49.243656,-8.32732,52.348039435129806
124460.83533734136,-77.03249,48.99958,-12.718307,92.17764744623693
124478.91766867068,-77.82934,78.36774,12.476623,111.15113566233738
124497.0,42.586586,33.29253,31.636639,62.632952893445925
124514.75300601202,78.353386,-69.89924,43.043633,113.48088469905971
124532.83533734136,78.353386,-71.38523,4.158874,106.0773321344658
124550.91766867068,-3.0677083,-12.699163,0.110073775,13.0649030363949
124569.0,-52.69662,-26.70007,-1.8784329,59.10461917303167
124587.75300601202,-78.40124,39.38966,-20.157858,90.0257684643756
124605.83533734136,-62.09836,78.36774,18.013813,101.59826005496437
124623.91766867068,78.353386,-10.756122,38.844078,88.11248296248361
124642.0,78.353386,-78.40124,27.626123,114.23313968903125
124659.75300601202,-7.8487387,-26.482313,-22.560337,35.66348842393879
124677.83533734136,-78.40124,21.445242,-3.3955367,81.35221267708219
124695.91766867068,-72.136604,78.12845,-11.165309,106.92244133539413
124714.0,78.353386,6.7910733,42.108006,89.21017847491959
124732.75300601202,78.353386,-77.369896,36.872322,116.12459702572704
124750.83533734136,-31.174807,-15.630476,-38.595215,52.01702598544106
124768.91766867068,-78.40124,47.82466,15.312219,93.10433173787973
124787.0,-16.434492,44.972313,18.114315,51.19306468445953
124804.75300601202,75.244995,20.255966,41.631817,88.34773125476778
124822.83533734136,78.353386,-78.40124,26.123377,113.87905144093327
124840.91766867068,-66.55634,30.8063,-29.480627,79.04354421582278
124859.0,-77.48476,23.077206,2.3833365,80.8834084463326
124876.75300601202,-34.42677,55.168495,6.5182815,65.35482634749454
124894.83533734136,61.215374,42.9192,48.717216,89.23422480971374
124912.91766867068,78.353386,-78.40124,39.616985,117.70944325623506
124931.0,-22.268402,-5.5826545,-43.771076,49.42625671743461
124948.75300601202,-78.40124,43.90508,21.40217,92.37133410345929
124966.83533734136,-37.17861,6.767144,-21.557709,43.50606965444611
124984.91766867068,-16.223917,77.99923,29.44952,84.93744516787746
125003.0,78.353386,-34.223373,45.714115,96.95500331285307
125021.75300601202,78.353386,-78.40124,5.5874405,110.9830033047567
125039.83533734136,-72.04568,38.133385,-18.59529,83.6093288359901
125057.91766867068,-76.89132,18.83458,13.764008,80.35212760931016
125076.0,-31.883108,30.507185,-13.18253,46.054315862520305
125093.75300601202,-5.4271154,75.33114,31.418882,81.8008580724826
125111.83533734136,78.353386,-36.70003,43.81893,96.98579239254993
125129.91766867068,78.353386,-78.40124,12.495766,111.54439340069653
125148.0,-47.11875,14.209088,-28.688576,56.965859743025206
125165.75300601202,-78.40124,45.644722,25.57301,94.25589594531996
125183.83533734136,-14.225839,-20.583796,-24.589523,35.08150216839447
125201.91766867068,-46.77896,63.68725,11.81618,79.89968098206963
125220.0,20.255966,65.75233,36.22863,77.75722918609533
125237.75300601202,78.353386,-63.0627,40.258286,108.3369134718762
125255.83533734136,78.353386,-78.40124,1.5601761,110.85324388878121
125273.91766867068,-66.21655,17.875023,-10.045428,69.31852973668883
125292.0,-78.40124,24.864708,12.21101,83.15116897965395
125310.75300601202,-30.299002,17.23851,-31.141306,46.7437342175584
125328.83533734136,-28.358355,63.838,18.535465,72.27067181832649
125346.91766867068,76.26916,6.2789907,32.67755,83.21197489135074
125365.0,78.353386,-78.40124,34.488983,116.08401043889242
125382.75300601202,3.0605295,-46.08502,-11.454851,47.58581217813742
125400.83533734136,-78.40124,19.540487,-1.9191123,80.8224477342451
125418.91766867068,-72.332825,78.14759,-0.46661708,106.48615462485286
125437.0,60.810974,6.094737,34.204227,70.03605873116629
125454.75300601202,78.353386,-31.320774,25.479685,88.14453090988287
125472.83533734136,55.209175,-48.183598,10.588618,74.03938783888042
125490.91766867068,-43.632286,-54.321407,-30.918766,76.22704068116643
125509.0,-78.40124,78.36774,8.664721,111.19053240385641
125527.75300601202,20.358862,30.112356,19.767815,41.37636711554079
125545.83533734136,78.353386,-49.679165,36.78857,99.803163353709
125563.91766867068,55.869617,4.4460235,22.967133,60.569550327940604
125582.0,31.019268,-78.20023,-7.729093,84.48200895996362
125599.75300601202,-78.40124,40.193676,-14.965247,89.36579122741311
125617.83533734136,-67.4824,78.36535,7.9300976,103.7202431463021
125635.91766867068,78.353386,-46.59231,45.202034,101.75126695298812
125654.0,76.10883,1.4357449,19.798922,78.65502323277808
125671.75300601202,56.424774,-45.233143,11.136594,73.16977567637036
125689.83533734136,-35.41743,-54.25919,-45.49636,79.17305615239695
125707.91766867068,-78.40124,78.36774,20.775229,112.78238890113848
125726.0,35.314537,20.344505,9.535739,41.856250733857124
125744.75300601202,78.353386,-55.091923,36.31238,102.43516007098015
125762.83533734136,56.73585,15.853016,17.099722,61.340649523754145
125780.91766867068,48.652607,-75.18039,-6.7264647,89.8020742288779
125799.0,-78.40124,16.33399,-28.750792,85.08913975052847
125817.75300601202,-78.40124,78.36774,14.426843,111.78725734712275
125835.83533734136,72.067215,-29.420805,28.250673,82.80922514827186
125853.91766867068,78.353386,-17.671627,25.118357,84.15742009396185
125872.0,63.562817,-15.257182,20.466543,68.49739184762777
125889.75300601202,12.335442,-76.8291,-21.160486,80.63894780998547
125907.83533734136,-78.40124,64.04858,-7.161974,101.49024044276709
125925.91766867068,-58.054344,70.0117,6.092344,91.1540544878541
125944.0,78.353386,-46.297985,29.739061,95.74533023540596
125961.75300601202,75.24739,3.902833,26.805357,79.97455202209912
125979.83533734136,57.470474,-65.40296,13.498395,88.10567079434955
125997.91766867068,-68.7315,-18.121492,-39.171906,81.1593850656158
126016.0,-78.40124,78.36774,23.108313,113.23537978896512
126033.75300601202,66.147156,-9.358664,23.682611,70.87945331709713
126051.83533734136,77.927444,-13.689827,26.95611,83.5866601677275
126069.91766867068,58.96365,-16.422527,23.32846,65.50288894667035
126088.0,10.356506,-72.399826,-19.109764,75.59216296345812
126106.75300601202,-78.40124,52.06011,3.7329366,94.18569053953642
126124.83533734136,-61.854282,75.83844,16.298098,99.21214231023706
126142.91766867068,77.94659,-37.76727,39.04269,95.0072061388877
126161.0,71.00716,4.3024487,22.000397,74.4617036082263
126178.75300601202,56.211803,-12.179902,19.4017,60.700434694740146
126196.83533734136,35.869694,-69.86334,-6.8963614,78.83578517506277
126214.91766867068,-72.129425,9.844424,-25.405506,77.1038674116833
126233.0,-78.40124,74.6348,17.982704,109.72914584434355
126250.75300601202,-14.587168,45.087173,5.173467,47.66973253745233
126268.83533734136,54.92681,10.4354725,40.775154,69.198748014672
126286.91766867068,78.353386,-38.616753,30.507185,92.52672612036065
126305.0,74.01743,-71.49291,9.272519,103.32374234743126
126322.75300601202,-12.347405,-17.42037,-22.11765,30.74277382887603
126340.83533734136,-78.40124,23.991297,0.78008807,81.99356866655314
126358.91766867068,-71.00476,15.862588,-7.8128448,73.17334340170764
126377.0,-54.096474,71.22491,4.084694,89.53268134493914
126395.75300601202,0.48815325,74.388336,33.354748,81.52546866217872
126413.83533734136,78.353386,-39.222157,46.747852,99.31259922090221
126431.91766867068,78.353386,-78.40124,14.59674,111.79925022034001
126450.0,-38.38464,7.729093,-23.668255,45.752658515951545
126467.75300601202,-78.40124,53.811718,24.022404,98.07920942579187
126485.83533734136,-11.4716015,-25.74769,-21.440456,35.41517096949891
126503.91766867068,-48.21231,63.017235,-1.0193789,79.35135711456415
126522.0,0.89494765,74.38116,42.18697,85.51665529019911
126539.75300601202,78.353386,-69.406296,54.730595,118.11826722043732
126557.83533734136,78.353386,-78.245705,-6.3292418,110.91304138997762
126575.91766867068,-77.67619,53.414494,1.5051392,94.28130305741172
126594.0,-69.81548,28.028133,14.910211,76.69479694973192
126611.75300601202,-2.3737648,-3.4051082,-25.216465,25.555813981864308
126629.83533734136,-48.19556,78.36774,17.73145,93.69481840274679
126647.91766867068,78.353386,-21.782642,50.6794,95.82347402659309
126666.0,78.353386,-78.40124,16.525423,112.06737766420487
126684.75300601202,-61.63174,29.99271,-18.497179,70.9942227193857
126702.83533734136,-77.56612,36.685673,20.188965,88.14723979279529
126720.91766867068,-5.790838,-6.987292,-18.451714,20.56263124634841
126739.0,-46.302773,77.05403,17.556767,91.59427053163706
126756.75300601202,71.361305,11.220346,51.950035,88.97830158057619
126774.83533734136,78.353386,-78.40124,28.786684,114.51934643071647
126792.91766867068,10.674763,-24.292803,-39.91849,47.933043785921605
126811.0,-78.40124,49.042652,12.804451,93.35893162489653
126829.75300601202,-37.228863,-13.694613,-6.1737027,40.14530197321381
126847.83533734136,-32.383224,41.976395,-4.374236,53.1960983006639
126865.91766867068,-20.263145,76.13755,24.730705,82.57801968496551
126884.0,71.89971,-13.661112,43.27335,85.02221532860187
126902.75300601202,78.353386,-78.40124,24.06069,113.42364980231723
126920.83533734136,43.687325,-48.28649,-30.514364,71.91170900834037
126938.91766867068,-73.40006,34.146797,-12.617805,81.93156630005821
126957.0,-78.40124,25.78837,19.808493,84.87738718719815
126974.75300601202,-37.72898,-6.7767158,1.0457008,38.347011605045445
126992.83533734136,-25.163822,35.738083,-0.96194905,43.719033156479675
127010.91766867068,-31.516993,61.335022,15.83148,70.75267861002108
127029.0,21.280132,51.358986,41.59353,69.43062147746137
127046.75300601202,78.355774,-46.709564,35.10875,97.74474417978529
127064.83533734136,78.353386,-78.40124,10.859017,111.3729131405338
127082.91766867068,56.58749,-59.827488,-23.900366,85.7478853373318
127101.0,-59.193367,17.185865,-16.4321,63.79045824419914
127118.75300601202,-78.40124,32.04104,13.907582,85.83008513863845
127136.83533734136,-73.27802,10.543153,16.424921,75.83273910494101
127154.91766867068,-34.627773,9.870746,-3.0581365,36.136774736944595
127173.0,-22.73502,38.224316,8.533111,45.28568704796889
127191.75300601202,-1.7133222,43.12499,19.24616,47.25584524909816
127209.83533734136,48.27692,22.696733,26.62828,59.62271370306864
127227.91766867068,78.355774,-14.295233,23.759184,83.11726553496104
127246.0,78.353386,-57.427402,17.55916,98.71921645779103
127263.75300601202,61.58149,-76.6257,-2.5197322,98.33680318919167
127281.83533734136,-35.410255,-37.80077,-30.148249,59.930804178852185
127299.91766867068,-78.40124,65.94615,23.484,105.10541084720663
127318.0,-65.773865,76.99899,19.985569,103.22048607864666
127335.75300601202,75.27132,-34.03194,29.966389,87.87450724985786
127353.83533734136,78.355774,-42.06254,22.732626,91.79137691115953
127371.91766867068,31.28488,39.880207,12.90256,52.30344808452736
127390.0,53.127346,-38.470783,16.360313,67.60307595882583
127407.75300601202,44.000793,-78.40124,-25.8123,93.53661876215352
127425.83533734136,-78.40124,34.091763,-16.60439,87.09023197384349
127443.91766867068,-78.40124,78.36774,32.947952,115.64525345745714
127462.0,34.36455,20.210503,10.004748,41.10330535077456
127480.75300601202,78.353386,-74.90999,37.551907,114.72098944309077
127498.83533734136,45.113495,23.211208,9.100229,51.544173053670484
127516.91766867068,21.27056,45.831367,12.354585,52.015254438717434
127535.0,75.096634,-66.46302,16.532602,101.63741631181284
127552.75300601202,16.436886,-74.512764,-38.315243,85.38372834706706
127570.83533734136,-78.40124,53.522175,-5.1950035,95.07031982502866
127588.91766867068,-78.40124,78.36774,21.864,112.98801530359404
127607.0,40.511932,14.132515,13.567789,45.00032792043154
127624.75300601202,78.355774,-66.80521,29.98553,107.24595755395201
127642.83533734136,41.263306,33.627537,23.713718,58.27359683526948
127660.91766867068,63.806892,-12.139223,28.102312,70.77019246468626
127679.0,57.65712,-78.40124,1.251491,97.32761247433886
127696.75300601202,-78.40124,19.50938,-23.893187,84.25114080259667
127714.83533734136,-78.40124,78.36774,27.176258,114.13503452107844
127732.91766867068,53.8165,3.3692145,7.628591,54.45881635917449
127751.0,78.355774,-51.51931,27.159508,97.62942946067666
127769.75300601202,41.375774,29.296373,16.441671,53.29691070152609
127787.83533734136,63.24217,-39.004402,22.892952,77.7496153878642
127805.91766867068,42.445404,-78.40124,-22.615374,91.9772901069644
127824.0,-78.40124,33.213566,-14.230624,86.32731931088404
127841.75300601202,-78.40124,78.36774,25.316967,113.70666613846477
127859.83533734136,29.140835,11.1796665,0.87580436,31.224033064699412
127877.91766867068,78.355774,-45.415,23.182493,93.48570760193306
127896.0,42.043396,27.204971,12.847524,51.699288846697236
127913.75300601202,44.180264,3.6563635,19.219837,48.3183904477415
127931.83533734136,74.39312,-68.293594,13.335677,101.86359293594333
127949.91766867068,21.466778,-56.795673,-27.209759,66.53526894859819
127968.0,-75.29524,21.70607,-13.242353,79.47255220816248
127986.75300601202,-78.40124,61.502525,20.212894,101.67534656330639
128004.83533734136,-47.920376,58.319958,-1.4524952,75.4962891764169
128022.91766867068,6.8891826,36.1712,8.19571,37.722489429254836
128041.0,26.910645,42.12954,35.10875,61.08768518686991
128059.75300601202,71.50009,-12.696771,35.824226,80.9743541643502
128077.83533734136,78.355774,-77.35315,21.4596,112.17687625451859
128095.91766867068,68.93729,-72.658264,-7.475445,100.43632588852412
128114.0,-45.36475,0.650871,-10.078929,46.47546648940904
128131.75300601202,-78.40124,39.449482,19.059513,89.81247741490652
128149.83533734136,-45.58729,-6.176096,9.181588,46.911051251779256
128167.91766867068,-9.083479,-14.929354,-23.933867,29.634864453451545
128186.0,-58.700428,68.74586,-9.404129,90.88548375164994
128203.75300601202,-35.290607,78.36774,17.973133,87.80639569514135
128221.83533734136,68.14523,9.858782,45.9893,82.80086756046957
128239.91766867068,78.355774,-78.40124,37.420296,116.99000087787114
128258.0,71.82074,-73.0842,-13.141851,103.30647236012756
128276.75300601202,-65.36946,30.454542,-11.088737,72.96304213351122
128294.83533734136,-78.40124,51.73228,29.97596,98.59787728677327
128312.91766867068,-4.563276,-33.239887,-7.6931996,34.42236040294717
128331.0,-24.572773,14.450772,-24.869493,37.8303802040445
128348.75300601202,-75.67572,78.36774,0.22971918,108.94204900371416
128366.83533734136,43.95533,56.16634,45.15657,84.41471790256365
128384.91766867068,78.355774,-77.91548,51.04791,121.72238273274795
128403.0,76.77646,-76.85782,-10.160288,109.1099480227488
128420.75300601202,-71.48813,41.574387,-15.8769455,84.20843059772957
128438.83533734136,-78.00641,35.41504,19.76542,87.91983216013381
128456.91766867068,-12.483802,-28.353567,-21.883144,37.92943534147891
128475.0,-57.075645,65.67097,-9.475916,87.52198887677302
128492.75300601202,2.5149465,73.07463,38.042454,82.42241692571795
128510.83533734136,78.355774,-62.663086,49.147938,111.72201876010975
128528.91766867068,78.355774,-78.40124,4.6207056,110.94022116851285
128547.0,-41.263306,10.827909,-26.793392,50.37648151893482
128565.75300601202,-78.40124,46.36738,17.8152,92.81201276042881
128583.83533734136,-28.253065,-21.524208,-2.8834543,35.63483577374361
128601.91766867068,-30.739298,39.164726,-10.4354725,50.86923717224524
128620.0,-41.409275,78.12845,17.73145,90.1841841706772
128637.75300601202,63.20388,7.0423284,42.749302,76.6278517109481
128655.83533734136,78.355774,-78.40124,27.614159,114.23188490939803
128673.91766867068,56.089767,-60.56211,-23.27821,85.76541372004503
128692.0,-73.4216,37.42269,-13.294997,83.47422367788819
128709.75300601202,-78.090164,32.251614,22.009968,87.3079550242297
128727.83533734136,-22.333012,-27.355726,-1.2969562,35.33809934566287
128745.91766867068,-29.224586,18.801079,-9.128944,35.92902193200885
128764.0,-54.96749,69.51877,6.7336435,88.87984188778742
128781.75300601202,-5.7166576,69.6408,37.08768,79.10763052031098
128799.83533734136,74.68984,-8.731722,42.42626,86.34119935406552
128817.91766867068,78.355774,-77.27897,26.05159,113.09443781604857
128836.0,78.00641,-77.771904,-5.7358007,110.30126228898489
128854.75300601202,-6.8796105,-22.902523,-24.390913,34.15803327726595
128872.83533734136,-77.36033,24.249731,1.040915,81.07868779968314
128890.91766867068,-78.40124,15.472544,14.867138,81.28459782566793
128909.0,-54.9986,21.90468,-11.677391,60.340885545617255
128926.75300601202,-46.716743,53.136917,5.9224477,71.00043247440239
128944.83533734136,28.542608,23.041311,26.455992,45.22722627737024
128962.91766867068,78.355774,-14.113372,25.931946,83.73338887024921
128981.0,78.355774,-23.213602,18.475643,83.78453330547906
128998.75300601202,63.89543,-52.9407,7.054293,83.2772882669984
129016.83533734136,9.609919,-69.62166,-22.84988,73.90293025554915
129034.91766867068,-78.40124,35.833797,-5.601798,86.38400072818817
129053.0,-78.40124,78.36774,28.154957,114.37201891160726
129071.75300601202,46.36738,6.7838945,17.12365,49.8916279747818
129089.83533734136,78.355774,-48.001736,31.435633,97.11844830032788
129107.91766867068,55.99644,17.712305,11.7755,59.899828391545704
129126.0,47.8462,-10.401972,19.70799,52.78129162656864
129144.75300601202,69.887276,-78.116486,0.19861138,104.81629729278094
129162.83533734136,-66.65924,-23.56775,-36.563637,79.59769260542588
129180.91766867068,-78.40124,78.36774,12.311512,111.53398779731381
129199.0,-31.940536,64.912415,22.770914,75.84414272371279
129216.75300601202,78.355774,-45.393467,37.34133,97.95187130212503
129234.83533734136,76.75014,-26.475136,15.118393,82.58379152800231
129252.91766867068,29.564379,34.766563,20.30861,49.95203748217594
129271.0,72.96695,-66.02033,13.01742,99.25881819298374
129288.75300601202,-25.74769,-61.7466,-38.633503,77.25369703740468
129306.83533734136,-78.40124,75.19235,0.5240469,108.63203283200357
129324.91766867068,-65.740364,75.93415,26.202343,103.7995827244245
129343.0,77.17847,-38.109455,24.630203,89.5292895747483
129361.75300601202,77.872406,-33.230316,19.349054,86.84901501101557
129379.83533734136,24.249731,46.822033,18.576145,55.90550411977764
129397.91766867068,75.673325,-60.63629,22.617767,99.57296402932884
129416.0,-6.2167754,-74.75684,-22.297117,78.25851295336076
129433.75300601202,-78.40124,65.223495,-7.025578,102.22630522417754
129451.83533734136,-70.82769,77.295715,21.966896,107.11551590676368
129469.91766867068,76.10883,-31.148485,29.16955,87.25620189400078
129488.0,78.29595,-23.338032,19.523737,84.00057041759118
129505.75300601202,46.912964,18.28421,19.791742,54.10038426835765
129523.83533734136,72.11028,-69.32494,14.989177,101.1460093865266
129541.91766867068,-12.689591,-61.485775,-37.970665,73.3709591571497
129560.0,-78.40124,71.01194,-3.9650488,105.85448345765795
129577.75300601202,-70.61951,77.67858,29.820421,109.13447893344129
129595.83533734136,59.717415,-15.94634,20.526365,65.12900332256781
129613.91766867068,77.34118,-40.275036,20.715405,89.62624979830251
129632.0,26.448812,36.250164,12.278011,46.52272133435834
129650.75300601202,55.91987,-17.365334,21.873573,62.50631873286721
129668.83533734136,75.61111,-77.21915,3.8884757,108.14322598029008
129686.91766867068,-36.422455,-33.689754,-33.36671,59.79073581276318
129705.0,-78.40124,65.149315,7.5137315,102.21371649422066
129722.75300601202,-77.69772,77.994446,25.613688,113.031545654329
129740.83533734136,14.871923,29.547628,5.5395823,33.53987755199452
129758.91766867068,61.201015,3.2304258,31.562458,68.93612001615186
129777.0,68.39649,-7.9540267,33.864437,76.7342588313159
129794.75300601202,78.355774,-52.11275,17.865452,95.78382121666414
129812.83533734136,62.210823,-67.03971,2.3259068,91.48726172349741
129830.91766867068,-22.79245,-15.135143,-22.892952,35.67429861829456
129849.0,-75.673325,15.386399,-6.063629,77.45941509844022
129866.75300601202,-78.40124,17.473015,9.54531,80.88988583082514
129884.83533734136,-54.132366,66.91289,-7.4778376,86.39193221639408
129902.91766867068,-24.201872,76.80517,10.066964,81.15484280811947
129921.0,62.85691,25.69744,53.20392,86.26706590969754
129939.75300601202,78.355774,-76.32898,34.88142,114.81486823663509
129957.83533734136,74.050934,-76.08491,-9.511809,106.59703967011906
129975.91766867068,-67.89638,17.23133,-0.8351249,70.05379778621499
129994.0,-78.33663,29.71992,15.764479,85.25502942762228
130011.75300601202,-37.24322,-22.41437,-4.3885937,43.68891361809057
130029.83533734136,-44.783276,49.38484,-11.485959,67.6485881986273
130047.91766867068,-40.578934,78.36774,15.43665,89.59041645458768
130066.0,71.083725,0.5168682,51.62699,87.8550465771426
130083.75300601202,78.355774,-78.40124,33.649075,115.83886222262502
130101.83533734136,45.778725,-56.23334,-16.948969,74.46574877313856
130119.91766867068,-78.40124,54.007935,3.201711,95.25682353421904
130138.0,-63.43121,6.7216787,8.691042,64.37572195832756
130155.75300601202,-12.249296,-20.050177,-17.762556,29.454426592281184
130173.83533734136,-60.98805,73.42399,-13.113136,96.3461410025181
130191.91766867068,-6.389065,75.90544,33.627537,83.26624296708837
130210.0,78.355774,-59.040222,48.94215,109.63899479460244
130228.75300601202,78.355774,-78.40124,2.7422726,110.877868899476
130246.83533734136,-28.410997,-4.2569833,-20.657976,35.384440503801436
130264.91766867068,-78.40124,43.254208,9.748708,90.07062923569552
130283.0,-39.72706,-16.743177,3.594148,43.26073476193895
130301.75300601202,-34.94842,15.453401,-3.412287,38.36461084819667
130319.83533734136,-56.69517,78.36056,4.424487,96.82094685581045
130337.91766867068,25.616081,60.6004,52.105576,83.92605755217112
130356.0,78.355774,-61.212982,47.84141,110.34245327732884
130373.75300601202,78.355774,-78.40124,1.0241647,110.84868364581243
130391.83533734136,15.39597,-36.321953,-24.484236,46.43057155020607
130409.91766867068,-78.40124,46.896214,6.58289,91.59336090472658
130428.0,-77.9107,27.288723,19.241373,84.76427320744193
130445.75300601202,-26.556494,-25.912802,0.8255533,37.11336981889924
130463.83533734136,-31.701246,17.875023,-5.6424775,36.828290722500974
130481.91766867068,-60.162495,76.3218,3.1825678,97.23513612715632
130500.0,-20.978624,75.053566,33.42414,84.7957166901096
130518.75300601202,59.669556,12.967169,45.168533,75.95261521819894
130536.83533734136,78.355774,-70.13614,36.951286,111.46346033697532
130554.91766867068,78.355774,-78.40124,8.128709,111.1416108515769
130573.0,65.07753,-65.67336,-23.268639,95.33889387601906
130590.75300601202,-19.964033,-11.177274,-18.312925,29.30626707296223
130608.83533734136,-74.967415,28.209993,-6.2550616,80.3432810660734
130626.91766867068,-78.40124,22.924059,11.160523,82.44285407606053
130645.0,-77.4034,1.2730271,14.934139,78.84120393061394
130662.75300601202,-61.68678,13.833402,6.247883,63.526828030712295
130680.83533734136,-38.45164,49.83949,-4.9820347,63.145261515823215
130698.91766867068,-13.472073,41.58874,20.34929,48.22046919316556
130717.0,57.011036,7.705164,35.28343,67.48739297546685
130735.75300601202,78.355774,-16.161701,20.79437,82.66337594152188
130753.83533734136,78.355774,-22.699125,13.500788,82.68705383266261
130771.91766867068,76.83149,-70.349106,2.342657,104.19962865787473
130790.0,2.9552414,-65.75951,-37.34851,75.68327296300336
130807.75300601202,-78.40124,46.14484,-4.0464077,91.06302272293524
130825.83533734136,-78.40124,78.36774,37.29826,116.95904114378162
130843.91766867068,55.50829,6.3364205,15.989412,58.11180413291834
130862.0,78.355774,-59.63127,37.86777,105.49636811627629
130879.75300601202,50.897156,28.597645,4.168446,58.52966538849575
130897.83533734136,30.674688,27.015932,14.240196,43.284873198894594
130915.91766867068,78.355774,-74.06529,8.49961,108.155156474739
130934.0,-7.291191,-71.85424,-32.007538,78.99794782776023
130951.75300601202,-78.40124,61.99307,-11.957362,100.66217595284509
130969.83533734136,-78.40124,78.36774,35.297787,116.33654143622532
130987.91766867068,43.89072,12.081793,28.652681,53.78978669506889
131006.0,78.355774,-77.173676,36.886677,116.00013158007357
131024.75300601202,62.804264,-4.972463,4.2856984,63.14640271340742
131042.83533734136,8.317748,65.51782,8.621648,66.60407257502959
131060.91766867068,70.68411,-29.004438,20.461758,79.0960452275492
131079.0,76.338554,-78.40124,-0.48336744,109.42834598233938
131096.75300601203,-55.42693,-40.873264,-34.57513,77.05976832144965
131114.83533734136,-78.40124,76.02747,-7.5209103,109.46914962618074
131132.91766867068,-72.399826,77.55415,34.273624,111.49467381514756
131151.0,67.75758,-9.121766,18.81783,70.91126136463839
131168.75300601203,78.355774,-60.37307,27.930023,102.7843426069579
131186.83533734136,43.821327,27.023111,8.411072,52.166113142043024
131204.91766867068,35.254715,23.742434,14.4077,44.87961587698341
131223.0,77.879585,-67.477615,16.673784,104.38617417426077
131240.75300601203,20.847015,-73.87865,-30.794334,82.70999919439173
131258.83533734136,-78.40124,41.598312,-17.85588,90.53179797928098
131276.91766867068,-78.40124,78.36774,26.333954,113.93741369506031
131295.0,11.64389,43.376244,20.61251,49.4161338671869
131313.75300601203,78.355774,-48.87515,34.163548,98.46601250487336
131331.83533734136,68.719536,-18.602467,17.037506,73.20316261775459
131349.91766867068,9.463951,42.486084,11.270597,44.9628742288776
131368.0,58.535316,-9.999963,18.724506,62.2654768243628
131386.75300601203,78.355774,-76.82432,12.117686,110.40127615474411
131404.83533734136,13.912368,-67.04689,-23.661076,72.44781542267027
131422.91766867068,-78.40124,37.2504,-10.516831,87.43540740443864
131441.0,-78.40124,78.12605,20.205715,112.51091076336253
131458.75300601203,-55.88876,67.66187,13.9458685,88.86039272056922
131476.83533734136,27.863022,12.426372,1.8377534,30.56370484110327
131494.91766867068,48.020878,14.14448,28.614395,57.661552524861044
131513.0,60.53579,9.253376,34.125263,70.10520960057565
131530.75300601203,78.355774,-49.47816,23.25428,95.543064502051
131548.83533734136,77.87002,-75.07989,7.425194,108.42445943213245
131566.91766867068,15.771657,-37.26715,-13.263889,42.58540107891987
131585.0,-70.9258,23.012598,-14.055943,75.87897143457371
131603.75300601203,-77.62594,17.80563,6.750394,79.92743483770599
131621.83533734136,-45.639935,-9.480701,0.598227,46.61807840097182
131639.91766867068,-53.333134,28.789078,-13.378749,62.0662961610973
131658.0,-73.21342,78.36056,-4.1995535,107.32296343844295
131675.75300601203,-19.152836,76.637665,28.291353,83.90806563177183
131693.83533734136,73.19906,-11.064807,56.977535,93.41826284783438
131711.91766867068,78.355774,-78.40124,40.07403,117.86564229289881
131730.0,78.355774,-77.95855,-9.514202,110.93999674120413
131747.75300601203,-27.484941,-5.173467,-15.209324,31.835676199989
131765.83533734136,-78.40124,51.770565,2.0746512,93.97473070756035
131783.91766867068,-46.348236,-0.33979294,4.7475295,46.5919893963237
131802.0,-18.973368,-26.884323,-14.386164,35.91263330732862
131820.75300601203,-67.39386,57.33408,-2.2517266,88.5110126923602
131838.83533734136,-62.622406,78.36774,12.440729,101.08333267155311
131856.91766867068,58.57839,31.952501,53.72557,85.66695376264992
131875.0,78.355774,-77.95137,48.238636,120.59440039718457
131892.75300601203,78.355774,-78.40124,-4.50106,110.93530228831702
131910.83533734136,-50.313286,14.067906,-17.989883,55.25367515103697
131928.91766867068,-78.40124,46.386524,7.0662575,91.3695574980884
131947.0,-38.710075,-24.711561,4.3024487,46.12637226553242
131964.75300601203,-51.294376,39.459053,-8.25314,65.23989724659125
131982.83533734136,-53.438423,78.36774,13.515145,95.81141304565732
132000.91766867068,62.14861,16.343563,56.10173,85.3051339923921
132019.0,78.35817,-78.40124,34.326267,116.03900139798597
132036.75300601203,67.56137,-69.927956,-21.210737,99.52061651084163
132054.83533734136,-65.40057,24.225801,-14.769029,71.28988853981568
132072.91766867068,-78.40124,27.224115,2.6393776,83.0353730959656
132091.0,-41.227413,-22.012362,1.7252867,46.76772688178045
132109.75300601203,-53.76625,49.368088,-7.348621,73.36225175415409
132127.83533734136,-40.92112,75.84801,17.949203,88.03199742905821
132145.91766867068,64.84063,20.782406,58.903824,90.03263952461192
132164.0,78.355774,-77.09711,36.8125,115.9256306678604
132181.75300601203,75.496254,-75.46514,-21.167665,108.82436200044702
132199.83533734136,-40.79669,5.565904,-14.869531,43.77730181787449
132217.91766867068,-78.40124,34.47702,4.635063,85.7723915408214
132236.0,-63.053127,-7.8272023,15.857802,65.48611917494011
132253.75300601203,-35.156605,-4.735565,-5.1208234,35.841809152011805
132271.83533734136,-54.55352,51.868675,-4.469952,75.40839781833539
132289.91766867068,-36.18077,71.856636,21.919039,83.38386250176299
132308.0,53.548496,32.80677,33.972115,71.39909088544574
132325.75300601203,78.355774,-46.65692,15.372042,92.48132340248618
132343.83533734136,78.355774,-67.77434,-1.742037,103.61478260597781
132361.91766867068,25.084856,-34.651703,-5.6879425,43.15487470986622
132380.0,-39.114475,-20.693869,-5.1686816,44.55214515819597
132398.75300601203,-78.40124,-6.793466,10.076536,79.33752070483456
132416.83533734136,-78.40124,69.83463,13.350035,105.83880864444633
132434.91766867068,-27.315046,53.170418,17.796057,62.36910078736176
132453.0,78.355774,-41.43799,35.39829,95.44513224519768
132470.75300601203,78.35817,-15.647226,7.391693,80.24634329768693
132488.83533734136,49.604984,24.926924,-3.2974274,55.61365844107275
132506.91766867068,78.355774,-73.692,-15.020284,108.60822765601017
132525.0,-61.363735,-42.59137,-28.556965,79.96895035973868
132543.75300601203,-78.40124,78.36774,24.567987,113.5422524502547
132561.83533734136,16.001377,23.184887,27.542372,39.39752919264458
132579.91766867068,78.35817,-77.57569,45.630363,119.33197606776135
132598.0,15.955912,65.04642,-4.300056,67.11272877905711
132615.75300601203,62.493187,17.980312,1.6774286,65.05001005182406
132633.83533734136,76.01551,-78.40124,-9.52856,109.61708648642009
132651.91766867068,-77.953766,29.313124,-38.109455,91.5880965661977
132670.0,-78.40124,78.36774,40.770367,118.11214980500478
132688.75300601203,35.541862,-10.390007,38.2961,53.270699968154105
132706.83533734136,78.31749,-52.490833,35.824226,100.85778084725575
132724.91766867068,-26.367455,75.740326,24.209051,83.77301365048235
132743.0,67.59726,-11.9741125,12.64652,69.8047519713426
132760.75300601203,78.355774,-78.40124,7.97317,111.1303432574811
132778.83533734136,-23.799864,-32.18222,-42.687088,58.51765795438707
132796.91766867068,-78.40124,77.04685,6.6833925,110.12556135506941
132815.0,-65.515434,44.97471,8.006671,79.8692895441965
132832.75300601203,11.957362,5.005964,-3.4218585,13.406986878577984
132850.83533734136,-42.990986,66.41756,16.673784,80.85500742987072
132868.91766867068,28.219564,58.482674,42.931164,77.84376527979147
132887.0,78.355774,-69.90881,41.906998,113.06221966743435
132904.75300601203,78.35817,-78.40124,4.113409,110.92194270245983
132922.83533734136,-12.689591,-17.001612,-17.492159,27.496475352799422
132940.91766867068,-78.14999,31.528957,3.2304258,84.33226972729511
132959.0,-68.224205,2.0196145,10.937983,69.1249626598013
132977.75300601203,-29.380125,-30.844585,-8.336892,43.40603572151589
132995.83533734136,-49.717453,13.541467,-17.19065,54.32048332573817
133013.91766867068,-78.40124,75.75708,-9.576418,109.44221025442937
133032.0,-76.61374,78.36774,6.506317,109.78843286248187
133049.75300601203,3.5534685,52.416653,35.52272,63.4192107038656
133067.83533734136,77.95855,-42.8522,42.75409,98.70034840197172
133085.91766867068,78.35817,-78.082985,29.157585,114.39895154804239
133104.0,75.35507,-48.080704,-1.3567789,89.3978832010244
133121.75300601203,6.200025,1.8616825,18.375141,19.482093791513073
133139.83533734136,43.641857,-64.74252,-3.4745026,78.15547163619613
133157.91766867068,-40.131462,-40.98573,-46.924927,74.11014154517365
133176.0,-78.40124,78.36774,-12.584304,111.56442897899677
133194.75300601203,-49.41116,68.449135,54.73538,100.61167247659799
133212.83533734136,78.35817,-71.10766,52.435795,118.0923990513637
133230.91766867068,62.74205,0.043072347,3.2136755,62.82431379369675
133249.0,20.30861,64.95071,-6.384279,68.35051856413412
133266.75300601203,78.35817,-77.377075,2.938491,110.16283071282076
133284.83533734136,-19.35384,-42.450188,-52.163002,69.98262899915198
133302.91766867068,-78.40124,78.36774,4.1732316,110.93093783175385
133321.0,-33.18724,46.609062,22.780485,61.58529090759147
133338.75300601203,78.35817,-46.362595,17.138008,92.64558456338321
133356.83533734136,-56.58988,78.231346,20.928373,98.79552020113688
133374.91766867068,73.68003,-13.697006,32.167862,81.55443666543214
133393.0,78.35817,-78.40124,27.03029,114.09379394502841
133410.75300601203,-54.084507,-0.80880296,-31.488277,62.58833476047979
133428.83533734136,-78.40124,77.54219,23.180101,112.68035652190626
133446.91766867068,-12.493373,-11.466816,-1.6176059,17.03493137475757
133465.0,-17.604626,23.093956,-20.56226,35.58173965164452
133483.75300601203,-59.521194,78.348595,6.9896846,98.6414241810566
133501.83533734136,33.22074,40.320503,46.391308,69.86783227116376
133519.91766867068,78.35817,-68.39171,51.55042,116.08132754517155
133538.0,78.35817,-78.40124,13.574967,111.6737971430075
133555.75300601203,51.787315,-55.54897,-19.782171,78.47896758013172
133573.83533734136,-39.260445,4.78103,-7.4778376,40.25119680991981
133591.91766867068,-78.40124,33.83572,19.571596,87.60512400221357
133610.0,-62.162968,5.2428617,29.540451,69.02434668041235
133627.75300601203,-1.2634555,-43.77825,6.7264647,44.31000812709615
133645.83533734136,9.286877,-51.07184,-16.879574,54.58478674337938
133663.91766867068,-45.522682,7.628591,-20.861372,50.65280662353064
133682.0,-78.40124,68.367775,-8.731722,104.38941546475634
133700.75300601203,-78.40124,78.36774,0.047858164,110.85242169952383
133718.83533734136,-61.502525,76.83867,18.772364,100.19552604229901
133736.91766867068,46.374557,9.581204,33.38107,57.936990268573375
133755.0,78.35817,-67.12347,46.64496,113.23124711841426
133773.75300601203,78.35817,-57.94427,10.770479,98.0486840782233
133791.83533734136,34.54163,23.938652,11.086343,43.463666018269244
133809.91766867068,78.355774,-52.71816,12.579518,95.2736898940993
133828.0,44.740204,-78.40124,-22.665625,93.07078405246108
133845.75300601203,-78.40124,56.271626,-42.533943,105.46272627496752
133863.83533734136,-78.40124,78.36774,60.28214,126.18317442997224
133881.91766867068,70.27732,-44.213764,46.42481,95.12634554615349
133900.0,76.82432,-48.272137,28.786684,95.18848948126566
133917.75300601203,-45.333645,78.36774,6.405815,90.76164667692984
133935.83533734136,63.620247,-19.70799,9.645813,67.29771472057635
133953.91766867068,78.35817,-78.40124,12.356977,111.53229182557412
133972.0,-14.319162,-33.682575,-52.888054,64.31718677709547
133989.75300601203,-78.40124,74.42184,3.7018287,108.16223110793965
134007.83533734136,-77.29811,68.25531,35.44136,109.04070410364103
134025.91766867068,42.507618,-19.514166,-1.9238981,46.812409109216574
134044.0,32.416725,-10.751336,0.61497736,34.1586516517241
134062.75300601203,-44.510483,55.754757,6.5661397,71.64419177841462
134080.83533734136,-20.87573,75.02245,20.82548,80.60933397731183
134098.91766867068,64.25437,2.371372,38.73161,75.06254114038096
134117.0,78.35817,-70.552505,39.499733,112.59612637473464
134134.75300601203,78.35817,-78.40124,17.891773,112.2803312266669
134152.83533734136,58.93254,-70.39935,-12.816416,92.70044913785023
134170.91766867068,-25.905622,-33.74479,-13.378749,44.59599789393646
134189.0,-74.084435,-2.7733805,-8.375178,74.60790008570599
134206.75300601203,-78.40124,57.618835,7.2457256,97.56631139776331
134224.83533734136,-78.40124,78.36774,17.044683,112.15515291245289
134242.91766867068,-9.897068,39.207798,8.513967,41.32421823921799
134261.0,76.07533,-51.935677,42.15347,101.29997735981053
134278.75300601203,78.35817,-61.172302,19.89703,101.38020092971311
134296.83533734136,40.263073,7.8630958,0.019143265,41.02369668164854
134314.91766867068,-11.966933,26.197557,24.197086,37.616730972881385
134333.0,29.96878,-25.513186,20.31579,44.29200557530778
134351.75300601203,49.87299,-58.3726,-0.83033913,76.78128043586476
134369.83533734136,-6.3938503,-42.809124,-25.668726,50.32281702934824
134387.91766867068,-76.50366,28.836935,-17.305511,83.56948919648214
134406.0,-78.40124,77.45365,-12.852309,110.95496464102715
134423.75300601203,-78.40124,78.36774,-13.7329,111.69981937610822
134441.83533734136,-42.531548,75.94851,10.339756,87.65853809319398
134459.91766867068,44.50091,37.544727,43.933792,72.93912253264288
134478.0,78.35817,-35.304966,57.70019,103.51693270207612
134495.75300601203,78.35817,-78.40124,31.643816,115.2739707407026
134513.83533734136,78.35817,-78.28399,-6.2072034,110.9365371287475
134531.91766867068,18.786722,-36.836426,-24.955639,48.29748566806642
134550.0,-76.44384,45.376717,-1.7324655,88.91405151241494
134568.75300601203,-78.40124,73.91215,21.816143,109.93500100767066
134586.83533734136,-71.42352,38.537785,21.167665,83.87222498210507
134604.91766867068,-7.418015,-23.761578,3.1586387,25.09216080825736
134623.0,4.730779,-13.931511,0.64369226,14.726900842184886
134640.75300601203,-53.713608,55.223534,12.435944,78.0348838340774
134658.83533734136,-62.78273,78.36774,20.923588,102.57178166413141
134676.91766867068,46.415237,29.94246,24.510557,60.42923581403308
134695.0,78.35817,-76.34334,41.557636,117.02711428559194
134712.75300601203,78.35817,-78.40124,16.501493,112.06719640695732
134730.83533734136,30.562222,-64.07729,-38.169277,80.60299134662506
134748.91766867068,-76.094475,32.2899,-33.38346,89.14853991573405
134767.0,-78.40124,78.36774,20.775229,112.78238890113848
134784.75300601203,-71.18423,73.86189,37.047005,109.06536560492073
134802.83533734136,26.542137,13.146637,23.04849,37.53068067883446
134820.91766867068,78.35817,-63.76143,34.091763,106.6197498864163
134839.0,78.35817,-65.02249,28.27221,105.6751856862958
134857.75300601203,45.01778,0.0071787243,-1.1150951,45.03158896535327
134875.83533734136,-3.3428926,52.74209,2.2469406,52.89566835349718
134893.91766867068,-7.9875274,49.983063,14.673312,52.70116949249859
134912.0,53.548496,-10.567082,20.320576,58.24114056943353
134930.75300601203,78.35817,-69.923164,14.503416,106.01698328658881
134948.83533734136,59.638447,-77.9777,-24.697205,101.22854336931769
134966.91766867068,-60.877975,-13.656326,-42.945522,75.74259660040303
134985.0,-78.40124,77.846085,-13.208853,111.27102579261339
135002.75300601203,-78.40124,78.36774,0.36611494,110.85301595533832
135020.83533734136,35.10875,46.59231,30.399504,65.78447781311802
135038.91766867068,78.35817,-55.87919,61.224945,114.06568533550318
135057.0,78.35817,-78.40124,8.466109,111.16848582618358
135074.75300601203,17.126043,-34.627773,-11.4046,40.27963397223686
135092.83533734136,-78.40124,14.077478,9.353878,80.20239930336852
135110.91766867068,-78.40124,2.3976939,8.478073,78.89474691872094
135129.0,-61.315876,67.25986,-8.300998,91.39164067168825
135147.75300601203,33.36432,76.046616,33.565323,89.5706233215343
135165.83533734136,78.35817,-75.39814,43.70886,117.19789573071738
135183.91766867068,47.36283,-66.83153,-27.633303,86.44819548399845
135202.0,-78.40124,71.89014,1.2323477,106.37887639757668
135219.75300601203,-46.03955,-4.668564,6.6786065,46.755100671546394
135237.83533734136,-27.851057,40.203247,1.1749178,48.92200810675104
135255.91766867068,20.605331,70.83965,34.27123,81.34711355330907
135274.0,78.35817,-77.59483,39.968742,117.2964653582552
135291.75300601203,62.10075,-73.27084,-27.81277,99.99334637835159
135309.83533734136,-78.40124,46.1592,-9.33952,91.45847588937835
135327.91766867068,-78.40124,71.68195,13.783151,107.12157411478279
135346.0,52.938305,-29.305946,16.494316,62.716545404987
135363.75300601203,56.52049,-13.694613,24.180336,62.98251236758316
135381.83533734136,8.059315,63.921753,3.5510757,64.52560114783407
135399.91766867068,68.81286,-25.721369,25.300217,77.69748712063249
135418.0,78.35817,-78.40124,15.668762,111.94760980878128
135436.75300601203,-28.147778,-53.9529,-43.960114,75.07132906536476
135454.83533734136,-78.40124,70.55729,5.43908,105.61566738381242
135472.91766867068,-77.03249,78.36774,32.414333,114.5696127781821
135491.0,25.249966,10.756122,26.343525,38.042558443218105
135508.75300601203,73.112915,-50.06921,33.76154,94.82755777195216
135526.83533734136,78.35817,-57.645157,14.898246,98.41201484158357
135544.91766867068,63.847572,-25.405506,-9.447201,69.36282716373101
135563.0,11.402207,9.164838,0.3565433,14.633239667341881
135580.75300601203,-14.83603,21.806572,21.579245,34.077825390158175
135598.83533734136,-30.858942,11.943005,37.269543,49.839025925656266
135616.91766867068,-11.12463,-13.807079,27.508871,32.72813479017376
135635.0,11.978898,-32.74695,19.626633,40.013265981591566
135653.75300601203,15.374434,-44.819168,15.295468,49.79038443687299
135671.83533734136,6.5158887,-52.01943,2.390515,52.48040077058209
135689.91766867068,-31.773033,-29.33466,-5.7023,43.61839209123474
135708.0,-60.901905,14.457951,-18.454107,65.25816764907574
135725.75300601203,-72.366325,61.39245,-17.817595,96.55767500614412
135743.83533734136,-78.40124,78.36774,-17.98749,112.30230141339625
135761.91766867068,-67.06843,78.36774,-0.5360114,103.15020253782069
135780.0,12.773343,71.33977,38.499496,82.06541456242432
135797.75300601203,78.35817,-9.136123,58.252956,98.06568427313381
135815.83533734136,78.35817,-77.4704,45.163746,119.08580786416749
135833.91766867068,78.35817,-78.40124,4.2809124,110.92828066035719
135852.0,40.41861,-55.13739,-30.820656,74.99139048327172
135869.75300601203,-75.49864,46.530098,-22.021933,91.37866378315942
135887.83533734136,-78.40124,77.56133,14.95089,111.29260288401292
135905.91766867068,-52.89284,36.62585,23.081991,68.35117936079948
135924.0,46.723923,-48.676537,7.317513,67.8680796201533
135942.75300601203,2.5197322,14.716385,14.737921,20.979212407289815
135960.83533734136,-45.745224,72.82577,2.165582,86.028530385575
135978.91766867068,34.276016,57.26947,21.347134,70.07380107377587
135997.0,78.35817,-63.550854,42.13193,109.33349612723045
136014.75300601203,78.35817,-78.40124,25.103998,113.65283962519592
136032.83533734136,13.962619,-65.41493,-38.152527,77.0044356691859
136050.91766867068,-78.40124,43.74475,-9.976034,90.33204769332563
136069.0,-78.40124,78.36774,24.69481,113.56976158811509
136087.75300601203,-38.415745,56.838745,23.61561,72.5541827378143
136105.83533734136,73.20863,-45.704544,37.38201,94.0522382528185
136123.91766867068,78.35817,-72.95259,25.76444,110.11761694647501
136142.0,57.71455,-6.8891826,-6.7264647,58.51218203040277
136159.75300601203,-16.64746,62.340042,-2.4670882,64.57170653777041
136177.83533734136,0.17707519,35.5299,18.631182,40.11889944091235
136195.91766867068,60.531002,-34.199444,27.886951,74.90851893549586
136214.0,78.35817,-73.818825,13.366785,108.47991828613142
136232.75300601203,53.90504,-77.38904,-15.6759405,95.60623389760073
136250.83533734136,-36.941715,-37.425083,-25.75487,58.554593956537815
136268.91766867068,-78.40124,39.86585,-17.808022,89.73943434919002
136287.0,-78.40124,77.10429,-10.378042,110.45148131960687
136304.75300601203,-78.40124,78.36774,-3.2447834,110.89989055701595
136322.83533734136,-68.07106,78.36774,4.6015625,103.90546790074431
136340.91766867068,-5.005964,55.242676,19.76542,58.88535263532581
136359.0,63.524532,4.1349454,45.63515,78.32643777679735
136376.75300601203,78.35817,-58.23381,57.044537,113.07191797439968
136394.83533734136,78.35817,-78.40124,37.453796,117.0023250798723
136412.91766867068,78.35817,-78.01598,-4.5895977,110.6686963335032
136431.0,39.377697,-40.337254,-27.602196,62.76606013847564
136448.75300601203,-63.928932,30.437792,-11.024128,71.6582090667655
136466.83533734136,-78.40124,58.303207,11.801823,98.41392892342921
136484.91766867068,-62.868874,18.188494,19.774992,68.36934211045164
136503.0,-6.3172774,-38.25303,5.075358,39.101938017924574
136521.75300601203,-21.44285,-5.0442505,-2.6106627,22.182331684528155
136539.83533734136,-69.35365,70.207924,3.668328,98.75493907156168
136557.91766867068,-47.073288,78.36774,25.139893,94.81250622090944
136576.0,74.199295,-1.7611804,40.358788,84.48354220632154
136593.75300601203,78.35817,-78.40124,51.227375,122.11061046721996
136611.83533734136,77.030106,-78.40124,-11.852074,110.54801365022492
136629.91766867068,-54.149117,7.63577,-50.600433,74.50393060208353
136648.0,-78.40124,74.72334,19.145658,109.98585452023438
136665.75300601203,-71.11962,61.437916,24.670883,97.16619957252185
136683.83533734136,67.86048,-30.82305,20.327755,77.25492075248621
136701.91766867068,73.2517,-43.136955,24.058298,88.34823225293661
136720.0,12.084186,36.810104,-6.4704237,39.27948180196544
136737.75300601203,0.5910483,74.22801,1.2203832,74.24039427298239
136755.83533734136,55.793045,1.6678569,22.021933,60.00509270109823
136773.91766867068,78.35817,-72.840126,27.238472,110.3975593857924
136792.0,73.55082,-78.40124,-5.9726987,107.66685045068878
136810.75300601203,-17.927668,-57.563797,-31.940536,68.22895166234586
136828.83533734136,-78.40124,28.458857,-9.260554,83.91912079896312
136846.91766867068,-78.40124,76.649635,13.302176,110.44848964791598
136865.0,-78.40124,78.36774,18.537859,112.39176714754991
136882.75300601203,-64.876526,74.58934,25.975018,102.21171570600212
136900.83533734136,0.96434194,34.79049,27.224115,44.186656213732306
136918.91766867068,54.44105,-7.006435,37.08529,66.24376794005474
136937.0,76.563484,-36.465527,44.39323,95.72074284834446
136954.75300601203,78.35817,-53.526962,33.610786,100.67186003166992
136972.83533734136,78.35817,-59.34651,17.7817,99.89094007876291
136990.91766867068,75.441216,-59.32976,-4.8839254,96.10020926371087
137009.0,42.450188,-32.46937,-20.366041,57.19312961751546
137027.75300601203,-13.649148,-6.2622404,-12.258868,19.385425984350206
137045.83533734136,-60.37307,18.193281,5.546761,63.298259157428504
137063.91766867068,-78.40124,40.772762,26.252594,92.18661099300202
137082.0,-77.5374,35.07764,41.60549,94.72859138016199
137099.75300601203,-66.513275,4.4723454,45.465252,80.6914293095991
137117.83533734136,-39.526054,-28.521072,29.617023,57.0344505033811
137135.91766867068,-7.0183992,-44.39323,13.172959,46.83528206362317
137154.0,2.5939124,-46.207054,-5.312256,46.58369118808991
137171.75300601203,-24.752241,1.277813,-12.495766,27.75698846258012
137189.83533734136,-62.550617,58.561638,-3.8956544,85.77424587560053
137207.91766867068,-78.24091,78.36774,2.1272953,110.75950548656806
137226.0,-37.032646,78.267235,24.546452,89.99836248562995
137244.75300601203,64.144295,19.473486,35.338467,75.7793803613444
137262.83533734136,78.35817,-70.09067,48.401352,115.73847978190186
137280.91766867068,78.35817,-78.40124,28.090347,114.34957295008543
137299.0,68.74346,-76.11123,-23.529465,105.2246090421377
137317.75300601203,-47.70741,-13.546252,-39.236515,63.237662998412816
137335.83533734136,-78.40124,54.173046,3.3381069,95.35521120595111
137353.91766867068,-78.40124,76.7621,27.973095,113.23280652631827
137372.0,-39.509304,54.022293,25.60651,71.6595185437522
137389.75300601203,66.98707,-37.913235,21.05759,79.80039493610433
137407.83533734136,76.97267,-53.833252,26.68571,97.64700746069232
137425.91766867068,46.13766,21.41892,-13.491216,52.62572292520698
137444.0,-9.557275,76.77167,-10.361292,78.05502669222392
137461.75300601203,28.966152,35.558613,12.280404,47.479061096172586
137479.83533734136,77.29333,-58.73393,26.707247,100.68371486021366
137497.91766867068,78.260056,-78.40124,10.717835,111.29358825084202
137516.0,14.59674,-72.77791,-22.400013,77.53353845269717
137533.75300601203,-68.97318,-12.419193,-16.592424,72.01975040417334
137551.83533734136,-78.40124,55.374287,-1.5266753,95.9968584473867
137569.91766867068,-78.40124,78.10691,12.833166,111.40975708109795
137588.0,-78.40124,78.36774,26.420097,113.95735444338206
137606.75300601203,-77.52783,78.272026,23.993689,112.75092722670752
137624.83533734136,-55.010563,69.894455,22.392834,91.72151272125612
137642.91766867068,-13.400286,46.266876,24.821636,54.187683964141414
137661.0,33.172886,13.586932,33.582073,49.12026785064337
137678.75300601203,64.16344,-4.6589923,43.9984,77.9391586075001
137696.83533734136,77.288536,-24.67806,51.442738,96.06705853373225
137714.91766867068,78.35817,-47.9132,49.975887,104.56226289357777
137733.0,78.35817,-71.06698,39.43991,112.89829472971414
137750.75300601203,78.35817,-78.40124,22.143972,113.03589135855604
137768.83533734136,78.35817,-74.95067,-5.3194346,108.56289478298503
137786.91766867068,62.70137,-56.254875,-32.05779,90.13198467151727
137805.0,22.947989,-24.977175,-39.39205,51.982718987440876
137822.75300601203,-45.13264,20.74412,-28.06642,57.05258661586169
137840.83533734136,-78.40124,60.806187,-3.390751,99.27559621256661
137858.91766867068,-78.40124,73.0483,23.405033,109.68411068226195
137877.0,-76.10405,39.482983,32.68234,91.75438801962764
137895.75300601203,-6.831753,-21.696497,11.682178,25.57115785309109
137913.83533734136,33.32364,-37.94195,0.911698,50.506313921086175
137931.91766867068,-9.765458,22.47898,21.643854,32.697478920606095
137950.0,-47.398724,73.567566,3.2352118,87.57449628392612
137967.75300601203,23.766363,63.88347,10.772872,69.00719180358706
137985.83533734136,78.35817,-52.084038,34.737846,100.29689808191507
138003.91766867068,78.35817,-78.40124,38.078346,117.20374428055707
138022.0,51.581528,-77.709694,-22.304296,95.90063708049095
138039.75300601203,-71.66999,-0.20100428,-35.721333,80.0789704018325
138057.83533734136,-78.40124,77.34597,15.4749365,111.21432987010951
138075.91766867068,-75.28328,75.42207,36.159233,112.53244430737115
138094.0,29.873064,10.748943,33.369102,46.0590566192117
138111.75300601203,78.35817,-64.70902,32.306652,106.63479656546639
138129.83533734136,76.04423,-52.043358,14.319162,93.2538172333514
138147.91766867068,22.665625,27.264795,-13.950654,38.10144813600089
138166.0,-4.29527,56.55638,-0.63172776,56.72276917640794
138184.75300601203,12.493373,31.394955,15.372042,37.12178933751602
138202.83533734136,42.411903,-9.365842,26.690496,50.97912405265894
138220.91766867068,64.85259,-41.16041,25.721369,81.00386783549513
138239.0,77.44408,-64.184975,13.905189,101.54137493614485
138256.75300601203,57.125896,-63.81168,-5.963127,85.85369754322376
138274.83533734136,14.532131,-53.08188,-20.244003,58.64033145540337
138292.91766867068,-27.671589,-27.343761,-27.250437,47.49720433984521
138311.0,-65.41254,11.383064,-17.18108,68.58253454959285
138328.75300601203,-77.269394,42.593765,-10.423508,88.8450200350505
138346.83533734136,-78.40124,67.25029,-15.908053,104.51039225298368
138364.91766867068,-78.40124,77.32683,-20.401934,111.99299970233344
138383.0,-78.40124,78.36774,-28.202814,114.38380927283282
138401.75300601203,-77.51347,78.36774,-21.110235,112.2295982613487
138419.83533734136,-61.988285,78.36774,-6.118666,100.10738346180256
138437.91766867068,-23.64911,77.36272,15.692691,82.40468069480022
138456.0,39.662453,57.74805,30.52872,76.41956687667177
138474.75300601203,75.67572,7.3222985,45.369537,88.53714215195717
138492.83533734136,78.35817,-50.203213,52.155827,106.67987481866577
138510.91766867068,78.35817,-77.06839,49.93042,120.71696808782681
138529.0,78.35817,-78.40124,30.925943,115.07897805301258
138546.75300601203,78.35817,-78.40124,-2.811667,110.88130009431433
138564.83533734136,47.74091,-60.262997,-37.006325,85.32462355648417
138582.91766867068,-50.0381,10.430686,-47.64998,69.87940509220864
138601.0,-78.40124,68.05191,-1.4955676,103.8270369924514
138618.75300601203,-78.40124,75.359856,40.12907,115.91464354835948
138636.83533734136,-62.09118,43.45282,40.650723,85.99967139569505
138654.91766867068,40.308537,-15.778836,22.258831,48.67448385018403
138673.0,64.72577,-49.861027,13.606075,82.829177181071
138691.75300601203,45.66865,-12.127258,21.796999,52.03657506818704
138709.83533734136,-16.11863,61.875816,-12.462265,65.1439551122971
138727.91766867068,-2.2732627,75.76426,-4.7092433,75.94450466695669
138746.0,50.243893,26.10902,8.401501,57.242597147656134
138763.75300601203,77.45604,-53.684895,29.566772,98.77094760172452
138781.83533734136,78.35817,-78.260056,14.548882,111.69739987270053
138799.91766867068,54.555912,-77.99684,-13.646755,96.15658327003602
138818.0,-46.845963,-36.56124,-24.874279,64.42048024894575
138835.75300601203,-78.40124,32.490906,-3.1658175,84.92606082164498
138853.83533734136,-78.40124,72.706116,25.429434,109.90718743969119
138871.91766867068,-78.40124,78.36774,26.539743,113.98515282593277
138890.0,-52.641586,68.068665,22.624947,88.97397348792752
138907.75300601203,16.305275,23.799864,21.493101,35.97567108255692
138925.83533734136,74.40987,-33.21117,34.75699,88.58814209614005
138943.91766867068,78.36056,-45.5514,31.13652,95.83731153983818
138962.0,77.77908,-25.513186,7.238547,82.1760579985935
138980.75300601203,71.40438,-15.632869,5.831517,73.32788464749852
138998.83533734136,57.427402,-21.576853,7.5209103,61.806400781746376
139016.91766867068,24.730705,-30.011854,-5.647263,39.296446782190245
139035.0,-58.0352,-3.0796728,-5.798016,58.40535774337245
139052.75300601203,-78.40124,25.295431,14.412485,83.63212891519973
139070.83533734136,-61.320663,26.774248,2.3857293,66.95353441766873
139088.91766867068,-20.21768,40.913944,-1.1414171,45.650938995969284
139107.0,-33.89076,78.36774,12.991098,86.36466241079626
139124.75300601203,73.44074,7.5113387,39.219765,83.59517012046176
139142.83533734136,78.35817,-78.40124,39.621773,117.71423930413019
139160.91766867068,28.394247,-49.951958,-34.343018,66.93933265337425
139179.0,-78.40124,66.45106,2.938491,102.81601304280515
139196.75300601203,-67.65708,31.904644,28.85608,80.17518404007274
139214.83533734136,15.096857,-32.373653,-9.337128,36.9208675295048
139232.91766867068,-43.270958,56.039516,-7.650127,71.21325440441652
139251.0,-49.466198,78.36774,10.14593,93.22739572061263
139269.75300601203,42.883305,27.693125,35.730904,62.310388545136405
139287.83533734136,78.35817,-61.270412,45.654293,109.44578868886867
139305.91766867068,78.35817,-78.40124,25.048962,113.64069577648645
139324.0,72.75637,-71.54795,-8.073672,102.36104094987988
139341.75300601203,21.502672,-31.292059,-21.66539,43.71437959586256
139359.83533734136,-43.9649,6.0779867,-9.2988405,45.34669545821192
139377.91766867068,-72.56494,24.66849,14.673312,78.03531893401247
139396.0,-76.43427,25.089642,28.286566,85.2749528419302
139414.75300601203,-47.850983,-0.8734115,25.896051,54.415851358857026
139432.83533734136,-14.804922,-29.550022,18.525894,37.88928957008569
139450.91766867068,3.6132913,-50.04289,1.0696299,50.18456756507651
139469.0,-9.708028,-35.919945,-15.056178,40.139466269738726
139486.75300601203,-53.08188,1.1629534,-14.654169,55.079788616383894
139504.83533734136,-75.89587,45.410217,-5.128002,88.59214014547788
139522.91766867068,-78.40124,74.99374,5.372079,108.626307612417
139541.0,-75.446,77.764725,9.899461,108.80004916550426
139559.75300601203,-31.780212,55.72365,18.336855,66.71841796219744
139577.83533734136,49.341766,-2.392908,33.594036,59.74023046042353
139595.91766867068,78.35817,-51.244125,29.956816,98.30246170682798
139614.0,78.35817,-46.362595,0.45943835,91.04781218942263
139631.75300601203,48.698074,32.24444,-8.135887,58.969474980703744
139649.83533734136,31.464348,41.193913,4.9078546,52.067558998779795
139667.91766867068,78.35817,-51.77296,15.427078,95.17582113398646
139686.0,72.5434,-78.40124,2.1703677,106.83636933671418
139703.75300601203,-48.944542,-40.58372,-39.5452,74.87609340549335
139721.83533734136,-78.40124,67.212006,16.946575,104.64891107083848
139739.91766867068,-78.40124,78.36774,58.822468,125.49238960134684
139758.0,14.230624,8.016242,46.78614,49.55515806988754
139776.75300601203,77.654655,-73.33306,43.8979,115.47730840534268
139794.83533734136,72.90713,-41.21545,18.423,85.75295827281644
139812.91766867068,-39.289158,73.40485,-11.663034,84.07101939406122
139831.0,-24.400484,77.05643,1.2658484,80.83736386072309
139848.75300601203,71.232086,-19.703205,9.715207,74.54268314352703
139866.83533734136,78.36056,-78.40124,24.144444,113.44640132291697
139884.91766867068,68.42281,-77.920265,-21.531387,105.90962775928396
139903.0,-65.563286,11.186846,-37.90845,76.55547384706082
139920.75300601203,-78.40124,73.78053,13.254318,108.47118505051756
139938.83533734136,-78.40124,69.67909,30.299002,109.17856721427383
139956.91766867068,-11.045664,20.624475,16.525423,28.64376489841114
139975.0,55.060814,-30.712975,9.7917795,63.803283751464086
139992.75300601203,-4.22109,32.883343,8.502003,34.22595364129038
140010.83533734136,-9.05955,71.002365,7.133259,71.9325702707529
140028.91766867068,64.46255,6.690571,26.673746,70.0833276784219
140047.0,78.35817,-64.6157,27.480156,105.21573297764567
140065.75300601203,78.0447,-78.02316,-0.9547703,110.36077328834446
140083.83533734136,27.018326,-51.619812,-21.493101,62.101113688514644
140101.91766867068,-57.54944,-15.199752,-10.863803,60.50613787706098
140120.0,-78.40124,29.8611,6.764751,84.16769916565144
140137.75300601203,-78.40124,74.775986,14.33352,109.2870180369114
140155.83533734136,-47.688267,71.04784,14.271304,86.75042648880353
140173.91766867068,61.033512,-5.228504,31.481098,68.87297272818827
140192.0,78.36056,-51.46906,31.320774,98.8454975441789
140209.75300601203,78.36056,-46.585136,-1.3591717,91.17236208063372
140227.83533734136,28.681396,3.5462897,0.81119585,28.911186171656798
140245.91766867068,-6.2622404,-3.15146,13.361999,15.089412587473152
140264.0,44.496124,-57.10436,3.699436,72.48792181288599
140281.75300601203,-13.141851,-46.857925,-12.63934,50.280476316831226
140299.83533734136,-78.40124,36.836426,-3.175389,86.68194627079158
140317.91766867068,-78.40124,78.36774,-2.5053747,110.88071973356143
140336.0,-63.677677,77.95616,3.2830698,100.71140937040649
140354.75300601203,40.846943,35.297787,30.44497,61.97824390738672
140372.83533734136,78.36056,-33.68736,44.084545,96.01386720229648
140390.91766867068,78.36056,-74.342865,26.329168,111.17762377157577
140409.0,76.41752,-64.905235,-13.63479,101.1841607747958
140426.75300601203,-8.7053995,-8.87051,-16.633104,20.763672044932616
140444.83533734136,-77.491936,31.232237,14.154052,84.73954189792961
140462.91766867068,-72.93105,15.159073,33.31646,81.60099297957979
140481.0,-17.073399,-36.108982,25.223644,47.23972640827062
140499.75300601203,-2.680057,-39.2413,-5.9056973,39.773604209481405
140517.83533734136,-48.05438,38.74118,-13.74965,63.23887522797429
140535.91766867068,-77.140175,78.36774,-16.953754,111.26337693253221
140554.0,-44.074974,78.36774,3.0605295,89.96373072871448
140571.75300601203,60.138565,40.765583,33.385853,79.9568317164126
140589.83533734136,78.36056,-63.771,51.42838,113.36664445037614
140607.91766867068,78.36056,-78.40124,39.719883,117.7488891777111
140626.0,70.63865,-73.27084,-12.4574795,102.53596278194799
140644.75300601203,-43.2901,5.388829,-34.481804,55.60635793770041
140662.83533734136,-78.40124,73.24692,5.029893,107.41119842276898
140680.91766867068,-77.93223,63.091415,41.473885,108.50825893206633
140699.0,12.5173025,-33.763935,15.171038,39.074884037680455
140716.75300601203,18.181316,-28.542608,-3.596541,34.03198245912514
140734.83533734136,-53.445602,57.523117,5.1878247,78.69088185842133
140752.91766867068,-35.742867,78.36774,-0.78008807,86.13747007826643
140771.0,75.08707,0.2943277,19.583559,77.59942327805257
140788.75300601203,78.36056,-78.40124,52.399902,122.60865192416401
140806.83533734136,62.21561,-76.73817,-14.733135,99.88290208814131
140824.91766867068,-74.71138,21.002554,-31.421276,83.7269022566552
140843.0,-78.40124,74.76163,34.55838,113.71164136542441
140861.75300601203,-35.429398,45.33125,20.358862,61.02989211148868
140879.83533734136,71.25123,-47.484867,27.274366,89.86345982223557
140897.91766867068,53.768646,-1.1294526,8.57379,54.45964405698097
140916.0,5.262005,67.66426,-11.466816,68.83043401828498
140933.75300601203,55.805008,14.740314,11.66782,58.886448341286986
140951.83533734136,78.36056,-76.80756,34.718704,115.08764939865101
140969.91766867068,57.573368,-78.40124,-18.619217,99.03596507377566
140988.0,-70.74633,2.4766598,-24.402876,74.87774976122888
141005.75300601203,-78.40124,71.95714,21.47635,108.56250752372893
141023.83533734136,-73.47903,77.65226,30.44497,111.15726485996944
141041.91766867068,27.638088,19.382555,27.305473,43.41815521619381
141060.0,76.43666,-67.7887,28.284174,106.00879840139628
141077.75300601203,75.3766,-53.9864,6.6738205,92.95538226797962
141095.83533734136,26.374634,24.646954,-13.687434,38.60621076480348
141113.91766867068,-9.581204,56.76696,5.0346785,57.78957696098473
141132.0,33.055634,8.054528,18.336855,38.64958747174108
141150.75300601203,73.35938,-53.972042,19.191122,93.07458898782765
141168.83533734136,74.26151,-76.608955,-1.3184924,106.70258795306223
141186.91766867068,-10.153109,-53.21349,-21.263382,58.19701499582178
141205.0,-76.68792,8.265104,-8.626433,77.61291364432022
141222.75300601203,-78.40124,62.442936,10.088501,100.73555748723834
141240.83533734136,-78.40124,78.36774,21.249023,112.87062542884986
141258.91766867068,-57.20965,75.326355,17.099722,96.12182012002171
141277.0,13.079636,43.8979,19.803707,49.9027986514218
141294.75300601203,71.72503,-10.602976,33.34757,79.80578583951402
141312.83533734136,78.36056,-44.603806,37.542336,97.66935991157172
141330.91766867068,78.36056,-57.23597,14.01287,98.04434787886245
141349.0,71.131584,-45.96298,-11.378278,85.45035390842298
141366.75300601203,11.225132,-13.74965,-9.262947,20.021454758951286
141384.83533734136,-65.69011,17.810415,18.533073,70.53989104831149
141402.91766867068,-65.522606,13.61804,35.915157,75.95104616005948
141421.0,-24.515343,-22.4383,24.70917,41.412829309122905
141439.75300601203,0.49533197,-39.698345,2.187118,39.7616326959225
141457.83533734136,-34.79049,-0.25604117,-6.1425953,35.329523468912186
141475.91766867068,-67.73126,64.42905,-13.302176,94.42231701999839
141494.0,-76.47495,78.36774,-18.355997,111.02640801212165
141511.75300601203,-32.397583,78.22417,11.737214,85.47740256297324
141529.83533734136,60.03567,34.850315,40.832584,80.53648889829492
141547.91766867068,78.36056,-57.439365,52.057716,110.22551342703505
141566.0,78.36056,-78.40124,45.690186,119.89464080502431
141584.75300601203,76.19019,-77.23111,-2.6609137,108.5203661336758
141602.83533734136,-8.5546465,-20.255966,-39.071404,44.83370100565349
141620.91766867068,-78.40124,55.283356,-7.542446,96.22833457887158
141639.0,-78.40124,74.59891,34.36934,113.54736165477955
141656.75300601203,-43.87397,17.860666,38.523426,61.05721074780547
141674.83533734136,37.805553,-55.228317,4.1469097,67.05686912127834
141692.91766867068,7.686021,-24.66849,-5.534796,26.42429345231688
141711.0,-67.50872,57.79591,-2.4575167,88.90350880081887
141729.75300601203,-64.39076,78.36774,-3.1275308,101.47637210203244
141747.83533734136,55.266605,42.892876,11.957362,70.97305788661247
141765.91766867068,78.36056,-73.0172,42.86177,115.36472678807202
141784.0,78.36056,-78.40124,34.77374,116.17376980471454
141801.75300601203,3.484074,-50.231926,-36.936928,62.44775265279077
141819.83533734136,-78.40124,58.054344,-11.031306,98.17714093857883
141837.91766867068,-78.40124,72.86405,39.605022,114.12485261134222
141856.0,-14.926961,22.52205,18.126278,32.53642351321523
141873.75300601203,74.65634,-49.30348,20.7848,91.84993278901187
141891.83533734136,34.539234,15.853016,11.184452,39.61525928406017
141909.91766867068,-2.5173392,73.29238,-8.291427,73.80283005690625
141928.0,58.30799,18.303354,8.990156,61.771007522896625
141945.75300601203,78.36056,-73.96718,33.38346,112.80946982517736
141963.83533734136,68.09977,-78.40124,-11.428529,104.4746111870934
141981.91766867068,-58.48028,-19.349054,-27.724234,67.54970163116985
142000.0,-78.40124,70.52618,21.284918,107.58133775519211
142018.75300601203,-78.40124,78.14759,44.92685,119.46640576860175
142036.83533734136,-3.1490672,36.21427,30.691439,47.57472442120644
142054.91766867068,74.30219,-56.218983,29.380125,97.69637267251028
142073.0,78.36056,-66.99903,20.193752,105.05729391285503
142090.75300601203,48.626286,6.953791,-14.206696,51.13414818555104
142108.83533734136,-16.360313,71.07416,-2.8978117,72.9903649382042
142126.91766867068,21.914253,28.154957,13.878867,38.28262056630328
142145.0,73.770966,-53.067524,24.977175,94.24530120406193
142162.75300601203,77.47997,-78.40124,-5.6568346,110.37164473917319
142180.83533734136,-4.6757426,-57.89641,-30.937908,65.81041719337463
142198.91766867068,-78.40124,32.533978,-9.160052,85.37634748971631
142217.0,-78.40124,78.36774,14.864745,111.84461431003383
142235.75300601203,-65.01531,77.01814,18.35839,102.44908446075934
142253.83533734136,49.999813,11.4046,23.259068,56.3119032303437
142271.91766867068,78.36056,-56.814816,35.809868,103.2019734637128
142290.0,78.36056,-53.627464,12.036327,95.71392493381423
142307.75300601203,65.20675,-8.784366,-4.1253734,65.92498795808676
142325.83533734136,29.499771,-9.796566,13.424214,33.858805589722046
142343.91766867068,36.74071,-63.857147,0.28236315,73.6728900154744
142362.0,-74.61805,-1.9047549,-14.910211,76.11698804535091
142379.75300601203,-78.40124,74.86931,11.081557,108.9723309788221
142397.83533734136,1.3089207,41.440384,8.724543,42.3690494349967
142415.91766867068,66.48695,20.198538,38.31285,79.34966876277709
142434.0,78.36056,-28.927866,21.495493,86.25111601678326
142451.75300601203,78.312706,-78.40124,8.659934,111.15137791077713
142469.83533734136,-57.59969,8.490038,-31.60553,66.2473739850754
142487.91766867068,-78.40124,57.965805,21.552923,99.85648437973147
142506.0,-0.4402951,5.0705724,-1.2132044,5.232248957657226
142524.75300601203,-21.538567,40.124283,-0.026321989,45.53974799584076
142542.83533734136,7.918133,72.835335,25.120749,77.45150021199665
142560.91766867068,78.36056,-67.74802,48.994793,114.58909772987504
142579.0,78.36056,-78.40124,13.323712,111.64521081761701
142596.75300601203,-50.854084,1.6199988,-34.127655,61.265480422421255
142614.83533734136,-78.40124,73.72311,20.155464,109.49015531391393
142632.91766867068,-28.485178,-5.9176617,17.985098,34.20362313786268
142651.0,10.220111,-13.63479,-10.899696,20.227741843538467
142669.75300601203,-72.85209,76.82432,-9.375414,106.28876492133068
142687.83533734136,20.313396,65.09907,30.638796,74.76134557541974
142705.91766867068,78.36056,-72.18686,52.24436,118.66251839558606
142724.0,78.36056,-78.40124,9.712814,111.27205647802955
142741.75300601203,-29.09537,-4.8528175,-31.483492,43.14279385528098
142759.83533734136,-78.40124,46.274055,22.828342,93.85720962264747
142777.91766867068,-52.450153,-0.28714898,21.897503,56.838381767034264
142796.0,-9.054764,-22.196615,-12.892989,27.21961854817297
142814.75300601203,-42.32576,52.454937,-7.853524,67.85770563812297
142832.83533734136,-57.501583,77.53501,-2.4288018,96.56090772869564
142850.91766867068,12.397656,52.07925,28.868044,60.82198713658386
142869.0,77.26461,-44.88617,43.680145,99.46126523899656
142886.75300601203,78.36056,-78.40124,24.986746,113.62864635610035
142904.83533734136,69.643196,-63.81168,-21.440456,96.8596841157597
142922.91766867068,-27.946774,-1.7348584,-13.57736,31.118750219838947
142941.0,-78.40124,24.493807,22.890558,85.26827464210949
142958.75300601203,-55.522648,-13.163387,19.009262,60.14475238978307
142976.83533734136,-37.59737,-14.166016,-7.398872,40.85317058811396
142994.91766867068,-59.121582,49.827526,-4.240233,77.43463941517187
143013.0,-71.37327,78.12127,-1.1725249,105.82273532444208
143030.75300601203,-18.937475,65.611145,22.967133,72.04817489587325
143048.83533734136,56.802853,5.5324035,33.175278,66.01341278712762
143066.91766867068,78.36056,-45.36475,29.308338,95.16993528629904
143085.0,78.36056,-72.34479,7.4586945,106.91014043252413
143103.75300601203,68.99472,-55.192425,-14.3885565,89.51818655118477
143121.83533734136,-6.0564504,-13.400286,-10.035856,17.80355756533486
143139.91766867068,-74.12033,14.527345,23.40982,79.07519677174584
143158.0,-55.46043,-10.078929,26.319595,62.21065171283746
143175.75300601203,-41.935715,-25.249966,9.1480875,49.79811723820527
143193.83533734136,-49.834705,8.303391,-0.035893623,50.52173208519358
143211.91766867068,-67.96098,60.361107,0.22493336,90.89669210616132
143230.0,-56.242912,71.789635,2.471874,91.2311734263286
143247.75300601203,-1.7324655,41.057518,15.520402,43.927259182318885
143265.83533734136,61.698742,6.1067014,20.689083,65.36103366496138
143283.91766867068,78.36056,-24.77617,16.71207,83.86613885870389
143302.0,78.36056,-32.060184,-1.6606783,84.68170176634116
143320.75300601203,71.68674,-22.81638,-4.139731,75.34396632036544
143338.83533734136,49.186226,-37.889305,4.345521,62.239600049064755
143356.91766867068,13.225603,-59.79638,7.604662,61.71186692972635
143375.0,-71.34695,-23.397856,1.5147108,75.10087408617075
143392.75300601203,-78.40124,61.72746,4.78103,99.89940940491141
143410.83533734136,-70.58361,75.39814,2.5436614,103.31212769762101
143428.91766867068,63.22063,-18.791508,36.166412,75.21953328401278
143447.0,75.599144,-1.5960697,6.0229497,75.85548058715813
143464.75300601203,48.33435,42.577015,-7.29837,64.824978217425
143482.83533734136,78.36056,-74.34766,14.601525,109.00071762752219
143500.91766867068,-15.245217,-56.549206,-38.64068,70.16645560002247
143519.0,-78.40124,77.506294,25.53233,113.1630678197659
143536.75300601203,-19.004477,46.45831,26.999182,56.99561862782746
143554.83533734136,78.36056,-61.866245,36.865143,106.42766746633168
143572.91766867068,15.37922,61.579098,1.6822144,63.49279930503593
143591.0,68.16438,0.9571632,6.7336435,68.50285261914956
143609.75300601203,78.36056,-78.40124,18.750828,112.42208567597733
143627.83533734136,-54.673164,-15.697477,-38.092705,68.45889146161694
143645.91766867068,-78.40124,77.96334,29.514128,114.43828279511007
143664.0,-30.220036,49.90649,18.657505,61.25365958688853
143681.75300601203,76.26198,-47.92995,28.327246,94.4224685467787
143699.83533734136,45.345608,24.8001,-0.8351249,51.69106845963105
143717.91766867068,6.831753,68.899,0.2656128,69.23738585628817
143736.0,78.36056,-54.345337,24.560808,98.47348022066669
143753.75300601203,74.81188,-78.40124,4.132552,108.44652972181593
143771.83533734136,-65.8289,-10.162681,-14.670919,68.20527856861463
143789.91766867068,-78.40124,76.88653,22.270796,112.04588918586936
143808.0,-36.381775,55.86244,8.525931,67.20816359878452
143826.75300601203,55.931835,-16.092306,27.116434,64.2077368526661
143844.83533734136,71.85424,-8.781973,0.3230426,72.3896347018808
143862.91766867068,28.262638,32.555515,2.8020954,43.20289344783484
143881.0,39.96396,-6.4488873,15.053784,43.189381322361605
143899.75300601203,66.51088,-60.42093,16.664211,91.38972518118118
143917.83533734136,48.38939,-67.281395,-9.576418,83.4267760340099
143935.91766867068,-48.865578,-30.148249,-6.781502,57.81652359331274
143954.0,-78.40124,33.048454,12.940847,86.06056162032134
143971.75300601203,-78.40124,70.37303,20.526365,107.33335662799205
143989.83533734136,-71.748955,76.50366,20.157858,106.80384719726058
144007.91766867068,-19.68167,48.200348,12.337834,53.50573641322545
144026.0,50.708115,10.591011,18.978153,55.16930969431061
144043.75300601203,77.9753,-24.579952,24.457914,85.33762949393251
144061.83533734136,78.36056,-42.431046,13.271069,90.09379723693789
144079.91766867068,78.36056,-46.61624,-5.678371,91.35477596964945
144098.0,58.48028,-31.19395,-12.610625,67.46875964749556
144115.75300601203,3.8645465,-15.144715,-3.4864671,16.014136408850455
144133.83533734136,-55.63033,7.4275866,16.575674,58.520557303939576
144151.91766867068,-73.500565,12.914525,35.230785,82.52470068416531
144170.0,-51.208233,-10.279933,36.795746,63.889647621217115
144188.75300601203,-1.4548881,-34.800064,15.740549,38.22206217106841
144206.83533734136,0.55036885,-34.481804,-7.580733,35.30956280928376
144224.91766867068,-36.207092,4.343128,-6.6594634,37.069727874598534
144243.0,-75.46036,65.840866,-11.311276,100.78308653592492
144260.75300601203,-78.40124,78.36774,-17.760164,112.26611479672793
144278.83533734136,-38.233887,78.36774,8.131102,87.57538242891533
144296.91766867068,61.56474,35.797905,29.36816,77.03373310078011
144315.0,78.36056,-61.65567,47.903625,110.61896896465419
144332.75300601203,78.36056,-78.40124,37.973057,117.17117757783461
144350.83533734136,76.726204,-76.06337,-6.551782,108.2380362136252
144368.91766867068,-3.8812969,-17.260046,-37.2504,41.23791888187455
144387.0,-76.80278,46.07784,-6.3986363,89.79296688100732
144404.75300601203,-78.40124,69.99256,36.16163,111.14574383730626
144422.83533734136,-54.149117,27.97788,43.543747,74.90625170153756
144440.91766867068,45.10871,-53.601143,10.196181,70.79435256964577
144459.0,32.32101,-40.239143,-10.011928,52.57447117253518
144477.75300601203,-51.906963,46.609062,-7.7003784,70.18570578049636
144495.83533734136,-77.13061,78.36774,-4.8073525,110.06245640425692
144513.91766867068,-1.1366314,70.42807,11.12463,71.31032441029326
144532.0,78.042305,-30.940302,29.447126,88.9664930590394
144549.75300601203,78.36056,-78.40124,52.22761,122.53511759231841
144567.83533734136,77.39622,-78.40124,11.859253,110.80420202115084
144585.91766867068,-28.279388,-21.674961,-34.225765,49.40577607771474
144604.0,-78.40124,50.904335,7.918133,93.81205991521301
144621.75300601203,-78.40124,57.405865,34.012794,102.95172619059024
144639.83533734136,-42.06493,33.409782,12.258868,55.09947108488291
144657.91766867068,44.074974,-17.73145,8.322535,48.23144452563494
144676.0,59.77963,-26.783821,25.726154,70.37621920740455
144694.75300601203,14.48188,34.137226,4.402951,37.342482842171556
144712.83533734136,23.981726,48.33196,4.869568,54.17392575665253
144730.91766867068,70.31082,-16.479958,22.009968,75.49595430296374
144749.0,78.36056,-78.07341,27.128399,113.89374322079726
144766.75300601203,54.436268,-77.63312,-8.693435,95.21441281025393
144784.83533734136,-74.13947,-3.5726118,-13.103564,75.3732575682947
144802.91766867068,-78.40124,76.21412,22.502907,111.63210713931117
144821.0,-68.64057,76.46777,17.267225,104.19695176874622
144838.75300601203,53.3786,2.4694812,15.281111,55.577744005595214
144856.83533734136,78.36056,-61.98589,34.89099,105.83009546336902
144874.91766867068,50.344395,10.59819,2.8403819,51.5261827475117
144893.0,8.832224,53.151276,5.0155354,54.113047563069344
144910.75300601203,74.2974,-36.348274,15.439043,84.14074350928286
144928.83533734136,77.14975,-78.40124,-0.70112205,109.99695418841877
144946.91766867068,-58.20988,-25.984589,-15.841051,65.6850659731565
144965.0,-78.40124,74.81905,15.520402,109.47843419907733
144983.75300601203,-56.14002,77.19043,15.687905,96.72732133412113
145001.83533734136,71.41634,-16.91068,17.056648,75.3471562705183
145019.91766867068,78.36056,-49.729416,35.123104,99.23217529516056
145038.0,62.476437,-13.440965,6.848503,64.27181896980358
145056.75300601203,23.27821,0.80880296,12.814023,26.58436398480757
145074.83533734136,23.000633,-44.034294,13.948261,51.600408442213386
145092.91766867068,-8.860939,-53.644215,-6.1808815,54.7213060794878
145111.0,-78.40124,31.138912,-7.8319883,84.72146312955579
145128.75300601203,-78.40124,78.36774,-9.552489,111.26323360544723
145146.83533734136,-12.139223,64.60373,4.5345607,65.89055247680515
145164.91766867068,78.36056,-19.930532,42.000324,91.1132849008398
145183.0,78.36056,-77.96573,33.735218,115.57290924543703
145200.75300601203,47.32933,-50.45686,-2.3641932,69.2210199924519
145218.83533734136,-70.77983,15.640047,2.8547394,72.54340040302097
145236.91766867068,-70.973656,-2.3306925,14.9915695,72.57712538816361
145255.0,-54.52959,0.7896597,-5.5850477,54.820548207959206
145273.75300601203,-43.37864,69.31297,-21.916645,84.65419981623195
145291.83533734136,-27.45862,78.36774,8.588147,83.48194268166984
145309.91766867068,74.76163,-6.6833925,43.517426,86.7625231377663
145328.0,78.36056,-78.40124,38.284138,117.27236255595027
145345.75300601203,54.35012,-62.8258,-19.023619,85.22273622403567
145363.83533734136,-70.743935,30.129107,-10.050214,77.54659392486217
145381.91766867068,-78.40124,46.716743,24.867102,94.5916554033391
145400.0,-39.435127,-8.430215,24.94128,47.41587513155013
145417.75300601203,6.3794928,-32.285114,-9.834852,34.34750104796784
145435.83533734136,-43.97926,49.301086,-10.67237,66.92288003623197
145453.91766867068,-62.730087,77.573296,-5.0657864,99.89165260011274
145472.0,25.058533,65.21153,22.524445,73.40180068370948
145489.75300601203,78.36056,-40.873264,36.23102,95.51799769555315
145507.83533734136,78.36056,-78.40124,38.982864,117.50232118002478
145525.91766867068,75.84561,-78.40124,-0.89494765,109.08763413469897
145544.0,-41.287235,-20.064535,-23.211208,51.439104925442805
145562.75300601203,-78.40124,47.384365,20.31579,93.833702918061
145580.83533734136,-78.40124,68.00645,17.068613,105.18065043002856
145598.91766867068,14.699635,23.742434,2.1153307,28.00459007641325
145617.0,66.53242,-30.516756,17.556767,75.2733377452616
145634.75300601203,35.43897,14.635026,13.1107435,40.5215519915559
145652.83533734136,-8.51636,74.388336,1.8975761,74.89828913636002
145670.91766867068,66.69514,-17.027933,17.152365,70.93938135454322
145689.0,78.36056,-78.40124,28.097527,114.35297469050349
145706.75300601203,42.002716,-75.92937,-23.290174,89.8439179072453
145724.83533734136,-76.80756,27.461014,-26.549314,85.78096896708729
145742.91766867068,-78.40124,78.36774,23.732862,113.36448229033749
145761.0,-64.754486,71.89253,31.746712,101.83090419777308
145778.75300601203,53.92179,-8.095208,25.76444,60.30670110262179
145796.83533734136,78.36056,-77.226326,18.35839,111.54063508140868
145814.91766867068,60.368286,-24.096584,14.914996,66.68907272354944
145833.0,0.8255533,40.777546,-1.1414171,40.80187041091902
145851.75300601203,-21.864,68.6956,2.3354783,72.12887365160897
145869.83533734136,16.501493,24.285624,12.847524,32.04917592121521
145887.91766867068,69.74131,-36.580387,16.298098,80.4214090401522
145906.0,78.36295,-73.01241,6.65707,107.31207074553868
145923.75300601203,67.9897,-77.8437,-19.136086,105.11151565446764
145941.83533734136,-12.213403,-44.127617,-38.26021,59.667893076454426
145959.91766867068,-77.173676,35.240356,-19.284447,87.00315427877038
145978.0,-78.40124,73.92411,12.0243635,108.42561408823025
145995.75300601203,-78.40124,78.36774,25.506008,113.74890571052218
146013.83533734136,-61.806423,75.49864,25.051355,100.73553967314889
146031.91766867068,25.963053,27.140364,26.317204,45.86147299761447
146050.0,73.53167,-27.051826,34.4172,85.57599802960627
146068.75300601203,78.36295,-45.623184,33.651466,96.71942935599606
146086.83533734136,78.36056,-51.05748,19.332304,95.50383031801614
146104.91766867068,74.08922,-45.776333,-0.68915755,87.09282474041137
146123.0,25.707012,-14.824065,4.941355,30.083556277946826
146141.75300601203,-23.484,-3.7927594,11.213167,26.29863863465517
146159.83533734136,-16.886753,-9.332341,2.9576344,19.519288323792782
146177.91766867068,-16.312454,-28.087955,-0.650871,32.48773621911477
146196.0,-43.096275,-17.406013,-7.212225,47.0348211103478
146213.75300601203,-71.557526,44.03908,-4.218697,84.12917150944067
146231.83533734136,-78.40124,78.197845,-5.5060816,110.86917664873084
146249.91766867068,-56.23334,78.36774,5.2476473,96.59828674696253
146268.0,34.778526,51.14841,33.20878,70.20348129081047
146285.75300601203,78.36295,-42.59137,44.553555,99.6985255373289
146303.83533734136,78.36056,-78.40124,28.39664,114.42683671386186
146321.91766867068,74.5032,-71.60777,-9.746315,103.7949429919017
146340.0,-36.422455,4.773852,-20.789585,42.20890588036077
146358.75300601203,-78.40124,39.47102,1.9238981,87.79759243440098
146376.83533734136,-72.55297,7.0279713,13.421822,74.11795425006149
146394.91766867068,-48.40853,-11.335206,-1.1844895,49.73203884015762
146413.0,-43.936184,42.10561,-2.0722585,60.88977675476219
146430.75300601203,-28.195637,58.221848,16.28374,66.70785350135674
146448.83533734136,61.906925,35.235573,29.018797,76.91621121012892
146466.91766867068,78.36056,-54.240047,34.97714,101.5172910624363
146485.0,78.36056,-78.40124,21.208344,112.85798887218192
146502.75300601203,-19.810886,-34.704346,-39.198227,55.97645786700192
146520.83533734136,-78.40124,64.46973,6.8532887,101.73528436985886
146538.91766867068,-69.43501,64.292656,18.791508,96.47739114501645
146557.0,52.890446,-8.006671,25.168608,59.1182280454922
146574.75300601203,31.907036,41.993145,25.666332,58.65359129354779
146592.83533734136,78.36056,-21.605568,18.31532,83.32243922748917
146610.91766867068,78.36056,-78.40124,13.584539,111.67663809809876
146629.0,-77.214355,33.783077,-41.63421,94.00404433841159
146647.75300601203,-78.40124,77.08035,16.920254,111.24041435146049
146665.83533734136,58.24817,-14.166016,-0.11485959,59.946130070143575
146683.91766867068,-13.361999,58.238598,25.723763,65.05374160770289
146702.0,75.91501,-22.790056,29.624203,84.61718973806944
146719.75300601203,78.36056,-78.40124,14.419664,111.7812976616576
146737.83533734136,-70.19596,21.306454,-32.421513,80.20344311552269
146755.91766867068,-78.40124,65.4245,18.786722,103.82707044549068
146774.0,30.01664,-12.900167,-15.010713,35.954617092744265
146791.75300601203,-34.199444,58.028023,10.3852215,68.15208176425521
146809.83533734136,31.89268,58.025627,32.036255,73.55568000331826
146827.91766867068,78.36056,-76.39359,39.33941,116.29250679106458
146846.0,61.949997,-73.888214,-2.2038684,96.44753668359978
146863.75300601203,-74.986565,28.300924,-15.501259,81.634651100731
146881.83533734136,-78.40124,38.712467,32.31383,93.21798723439908
146899.91766867068,-17.458658,-24.922138,8.901618,31.704203265023583
146918.0,-16.305275,28.686182,-17.843916,37.51218960255193
146936.75300601203,-61.19623,76.08969,-11.323241,98.29972165399596
146954.83533734136,-3.8956544,69.30101,33.83811,77.21932270226436
146972.91766867068,72.79227,-15.833873,42.399937,85.71569729948534
146991.0,78.36056,-75.60154,37.992203,115.32292791409004
147008.75300601203,78.20023,-75.6494,-5.649656,108.94965032220726
147026.83533734136,40.380325,-40.696186,-19.286839,60.48745622576752
147044.91766867068,-42.67512,4.6518135,-4.3526998,43.14801538196284
147063.0,-66.92246,16.972897,10.227289,69.79464395864291
147080.75300601203,-43.28292,-4.5728474,16.10188,46.40681670406285
147098.83533734136,-20.739334,-31.258558,7.9133472,38.33847267316042
147116.91766867068,-40.46647,-21.036055,2.6130557,45.68236929402007
147135.0,-68.27685,25.790764,3.7305436,73.08083681224304
147153.75300601203,-76.556305,61.789673,3.6276486,98.4479119081001
147171.83533734136,-72.56015,73.09138,0.75615895,102.99464536899268
147189.91766867068,-38.322422,62.366364,16.795822,75.10173781732526
147208.0,20.557474,26.266953,27.915667,43.49536781336346
147226.75300601203,69.29383,-3.0030997,32.672768,76.66918059206623
147244.83533734136,78.36056,-30.710583,25.230824,87.86416648117972
147262.91766867068,78.36056,-31.895071,8.930333,85.07304958151866
147281.0,70.84683,-22.120043,3.4481807,74.29979524541505
147298.75300601203,50.52147,-13.436179,4.395772,52.46210678725098
147316.83533734136,55.522648,-32.06736,6.300527,64.42652139281797
147334.91766867068,63.304382,-55.802616,0.17707519,84.38843575080826
147353.0,34.56795,-58.76743,-22.354548,71.75151435538977
147370.75300601203,-56.886604,-11.51228,-23.153778,62.4877247235367
147388.83533734136,-78.40124,51.993107,9.289269,94.53215393507868
147406.91766867068,-78.40124,78.36774,29.837172,114.79770877157254
147425.0,-66.575485,71.978676,29.669668,102.43785531203015
147443.75300601203,37.494476,4.55849,27.595016,46.777136184624766
147461.83533734136,78.36056,-72.87363,33.426533,112.1083244959561
147479.91766867068,63.024414,-27.662018,31.97643,75.89305683276054
147498.0,-22.648874,59.73895,8.341678,64.43056132322657
147515.75300601203,-3.3381069,71.84707,5.2524333,72.11610417120212
147533.83533734136,75.93894,-25.137499,9.875532,80.59865133227494
147551.91766867068,78.36295,-78.40124,13.72572,111.69557625867957
147570.0,69.05454,-78.40124,-14.697242,105.50494230393079
147587.75300601203,-49.490124,-12.175117,-43.555714,67.04182328628049
147605.83533734136,-78.40124,73.02198,-5.704693,107.29169361549965
147623.91766867068,-78.40124,78.300735,30.789549,115.00328631261468
147642.0,-5.1519313,29.22698,18.030563,34.72549435410947
147659.75300601203,75.76426,-30.969017,-0.51208234,81.85087254035126
147677.83533734136,35.690224,-6.2550616,19.626633,41.20828324143897
147695.91766867068,-35.46768,60.186424,8.188532,70.33785619995253
147714.0,-15.204538,72.66544,16.513458,76.0535235298458
147732.75300601203,53.761467,9.310805,17.685984,57.35660776046968
147750.83533734136,77.57808,-42.617695,15.955912,89.9400775591792
147768.91766867068,78.36056,-71.65563,14.515381,107.17090537914505
147787.0,78.36295,-77.92984,3.4146798,110.56885607287717
147804.75300601203,65.338356,-76.76928,-11.060021,101.4147286197699
147822.83533734136,1.5721406,-59.241226,-18.133457,61.97432328650385
147840.91766867068,-65.41493,-7.154795,-13.481645,67.1718610007416
147859.0,-78.40124,38.726826,-2.680057,87.485451311033
147876.75300601203,-78.40124,69.30101,7.5328746,104.9100977994827
147894.83533734136,-78.40124,78.36774,19.277267,112.51608831289191
147912.91766867068,-78.40124,78.36774,20.847015,112.79563440424202
147931.0,-65.970085,74.86691,19.69124,101.70964192539921
147948.75300601203,-22.43112,58.777,11.110272,63.88528013062464
147966.83533734136,12.036327,43.448032,9.102622,45.994155928757266
147984.91766867068,41.942894,35.35761,24.017618,59.88499742340531
148003.0,71.41634,7.547232,34.204227,79.54359480514414
148021.75300601203,78.36295,-36.420063,47.09961,98.41517252831785
148039.83533734136,78.36295,-73.93607,52.911983,120.02904783734515
148057.91766867068,78.36295,-78.40124,28.635931,114.48809069277408
148076.0,73.71832,-70.09546,-2.2589052,101.7490386634517
148093.75300601203,22.584267,-35.362396,-19.870708,46.426212458150935
148111.83533734136,-55.489147,13.957833,-2.7925239,57.28581610290255
148129.91766867068,-78.12605,43.55332,20.203323,91.69921282032486
148148.0,-77.38904,46.87707,40.03814,98.94228549293825
148165.75300601203,-50.145782,2.6465564,33.548573,60.39131115902546
148183.83533734136,2.9839563,-39.961567,17.04947,43.54899837627381
148201.91766867068,-1.9286839,-36.202305,1.4501023,36.28263366377377
148220.0,-35.02021,22.560337,-12.060257,43.36857978887155
148237.75300601203,-74.55584,74.05333,-12.648912,105.84169281043384
148255.83533734136,-67.831764,78.36774,4.0224786,103.72478591998517
148273.91766867068,46.750244,54.50327,31.04559,78.23055933074068
148292.0,78.36295,-55.47479,40.437756,104.17973108317248
148310.75300601203,78.36295,-78.40124,40.49997,118.01590543753414
148328.83533734136,66.44388,-75.76186,6.905933,101.00663607265857
148346.91766867068,-24.522522,-13.436179,-24.792921,37.37076294475089
148365.0,-77.51826,40.251106,-7.4371586,87.66152802508287
148383.75300601203,-78.40124,42.452583,18.013813,90.95863727930657
148401.83533734136,-61.289555,8.566611,28.884794,68.29441924890921
148419.91766867068,-20.717798,-25.448578,16.384241,36.67834005700052
148438.0,-18.255495,-28.798649,10.679549,35.73063179911079
148455.75300601203,-32.22051,1.3759222,10.600583,33.94741207368305
148473.83533734136,-39.195835,31.09584,0.82076746,50.03936855992709
148491.91766867068,-49.169476,50.13621,-1.3160994,70.23538311214196
148510.0,-62.97177,61.586277,-3.1107805,88.13620304377089
148528.75300601203,-75.47232,74.21365,-2.8044882,105.88485296098229
148546.83533734136,-64.0079,78.18588,-0.7872668,101.04782473066297
148564.91766867068,-27.953953,71.72981,6.013378,77.2188438526063
148583.0,19.392128,47.28147,16.482351,53.69599545791552
148600.75300601203,57.14743,12.713521,26.800571,64.38736660050931
148618.83533734136,77.369896,-16.929825,31.064734,85.07489335915854
148636.91766867068,78.36295,-44.941208,31.344704,95.61879824620982
148655.0,78.36295,-59.612125,22.864237,101.07982347288846
148672.75300601203,78.36056,-60.289318,8.104779,99.2011424886708
148690.83533734136,77.111465,-46.065872,2.0866158,89.8476297019761
148708.91766867068,50.90912,-23.232744,5.484545,56.22792123848223
148727.0,39.38248,-24.06787,9.423272,47.1066890417198
148744.75300601203,51.571957,-51.24652,5.415151,72.90539363636307
148762.83533734136,34.33105,-68.54964,-8.633613,77.15058918547459
148780.91766867068,-60.40657,-22.443085,-20.634047,67.66394652309555
148799.0,-78.40124,57.783943,7.0782223,97.65162432388448
148817.75300601203,-78.40124,78.36774,27.298296,114.1641540534892
148835.83533734136,-24.359804,61.08137,13.622826,67.15590219944627
148853.91766867068,75.26892,-32.483727,29.798885,87.22715394313948
148872.0,78.260056,-56.774136,27.700304,100.57457792783447
148889.75300601203,0.24886245,62.770763,-0.14357449,62.771420517265405
148907.83533734136,39.054653,54.041435,-11.529031,67.66580505401969
148925.91766867068,78.36295,-64.639626,16.944181,102.98610805289779
148944.0,73.56039,-78.40124,14.472308,108.47733915125575
148961.75300601203,-64.16104,-24.096584,-25.283466,73.05161235266345
148979.83533734136,-78.40124,73.574745,0.7968384,107.52038172731875
148997.91766867068,-77.140175,76.6592,21.450027,110.84828912514327
149016.0,34.512913,20.471329,4.63267,40.394035526308954
149033.75300601203,77.81737,-31.339918,28.01856,88.44644276870169
149051.83533734136,42.933556,41.1652,10.638869,60.42391459881011
149069.91766867068,78.36295,-25.23561,22.218151,85.27153205280999
149088.0,77.03967,-78.40124,14.615883,110.88502704655932
149106.75300601203,-61.050262,-16.606783,-31.890285,70.85132327105089
149124.83533734136,-78.40124,76.072945,15.336148,110.31339370171027
149142.91766867068,-33.42414,49.41116,-15.0824995,61.53143634316284
149161.0,58.662144,0.30389932,27.020718,64.58683066004211
149178.75300601203,62.476437,30.547865,20.196144,72.41796371579312
149196.83533734136,78.36295,-73.69439,30.143463,111.7150097874362
149214.91766867068,-5.518046,-50.535828,-8.088029,51.47557630963
149233.0,-78.40124,23.01499,22.47898,84.74519892051761
149250.75300601203,-43.32121,13.799901,-37.001537,58.61977690026012
149268.83533734136,-68.34624,78.36774,-3.9100118,104.05767336972963
149286.91766867068,78.36295,-60.162495,51.471455,111.39833220091111
149305.0,68.91576,-59.97106,1.3472073,91.36588521658604
149322.75300601203,-78.40124,53.40971,53.615498,108.96776212077454
149340.83533734136,64.24719,-78.082985,-35.675865,107.22602908298222
149358.91766867068,-78.40124,78.36774,-33.079563,115.68281892535369
149377.0,16.33399,63.555637,8.133494,66.12315742948081
149395.75300601203,78.36295,-78.40124,57.563797,124.90435177085429
149413.83533734136,30.5359,-57.135468,-4.6948857,64.95340517728911
149431.91766867068,-78.40124,13.026992,5.798016,79.68735121486924
149450.0,-70.267746,77.4034,-2.3139422,104.5667097502138
149468.75300601203,78.36295,-12.495766,36.905823,87.51534649383835
149486.83533734136,78.36295,-20.430649,18.025776,82.9644017134209
149504.91766867068,-3.0126712,-74.26869,-10.131573,75.01708654386505
149523.0,-78.40124,64.694664,3.7281508,101.71554990264781
149540.75300601203,-22.39762,45.42936,-10.6269045,51.75336927124766
149558.83533734136,78.36295,9.049978,17.755379,80.85732816471631
149576.91766867068,63.000484,-72.55537,10.059786,96.61543352092849
149595.0,-78.40124,-7.288798,35.836193,86.51077238445889
149612.75300601203,-78.40124,74.7377,-15.451008,109.41303342401062
149630.83533734136,67.85091,13.866902,50.772724,85.87145312201186
149648.91766867068,78.36295,-76.40795,4.8887115,109.55741077642914
149667.0,-20.74412,-1.0983448,-7.7625937,22.176174981844067
149685.75300601203,-41.301594,-45.194855,-7.836774,61.7236714084551
149703.83533734136,-78.40124,78.36774,8.513967,111.17888621641382
149721.91766867068,73.153595,20.710619,18.035349,78.13867169551186
149740.0,78.36295,-24.67806,37.252792,90.20825400073633
149757.75300601203,78.36295,-77.8748,16.511066,111.70430478812736
149775.83533734136,-78.40124,24.582344,-14.063121,83.35956719137029
149793.91766867068,-18.408642,65.63747,-17.329441,70.3382192954694
149812.0,78.36295,22.20858,31.016874,87.15514575199089
149829.75300601203,64.388374,-78.40124,32.70148,106.59270112954205
149847.83533734136,-78.40124,30.55265,12.871452,85.12281205498562
149865.91766867068,-1.2371335,65.5274,2.7662017,65.5974277079666
149884.0,78.36295,-62.268253,41.22502,108.24781539770171
149902.75300601203,-24.345448,-17.824772,-8.4541445,31.33521811635541
149920.83533734136,-75.79297,-10.11243,13.967404,77.72981356226848
149938.91766867068,-69.32494,77.31247,-15.637654,105.0128637173952
149957.0,75.591965,25.83623,52.25872,95.46009516658007
149974.75300601203,78.36295,-78.40124,19.8061,112.60456457644202
149992.83533734136,-18.624004,-34.90535,-16.039663,42.69083944792003
150010.91766867068,-78.40124,26.235844,-1.9861137,82.69835906207126
150029.0,-51.875854,74.31654,-13.046135,91.56557204669853
150046.75300601203,78.36295,-3.1323166,35.161392,85.9470001068263
150064.83533734136,78.36295,-42.77084,32.285114,94.93379415677589
150082.91766867068,-42.768448,-58.049557,-19.832422,74.78112177957105
150101.0,-78.40124,77.17607,9.164838,110.39426828304423
150118.75300601203,54.771275,5.534796,29.94246,62.666398035461086
150136.83533734136,78.36295,-18.758007,26.001339,84.6680836508508
150154.91766867068,39.078583,-49.358517,-4.139731,63.09149088807095
150173.0,-71.59103,7.5831256,-19.174372,74.50124772056277
150191.75300601203,-78.40124,60.303677,12.8594885,99.74294129280308
150209.83533734136,10.507259,55.90551,22.71827,61.25314956674539
150227.91766867068,78.36295,-46.09459,48.9254,103.24319796059496
150246.0,78.36295,-77.93941,1.9765421,110.54053682936261
150263.75300601203,-66.59224,5.6257267,-7.7769513,67.28042955156621
150281.83533734136,-78.39406,-15.068142,21.694105,82.72431165242047
150299.91766867068,-76.759705,58.829647,-34.560772,102.70066523186507
150318.0,5.0155354,75.46036,6.7408223,75.92667655019828
150335.75300601203,78.36295,-55.771507,34.646915,102.23317291745754
150353.83533734136,64.08926,-58.552067,-7.449123,87.12787860833762
150371.91766867068,-54.053402,-23.043705,-1.6582853,58.783777677492154
150390.0,-78.40124,35.50358,-1.6223917,86.0807224713073
150407.75300601203,-21.59121,72.33044,-8.427822,75.95328224324071
150425.83533734136,78.36295,-10.44983,52.524334,94.91446961277798
150443.91766867068,78.36295,-69.188545,6.5230675,104.73947250931275
150462.0,-25.058533,-47.573406,-15.7261915,56.0220682735616
150480.75300601203,-78.40124,60.748756,27.415548,102.90178842578705
150498.83533734136,6.3364205,34.663666,0.53840435,35.24216004385195
150516.91766867068,45.656685,51.363773,25.558651,73.32131138301166
150535.0,78.36295,-78.40124,22.1344,113.03733024802072
150553.75300601203,-63.002876,1.1916683,-24.283232,67.53116179938284
150571.83533734136,-77.67858,28.597645,12.462265,83.70839348173305
150589.91766867068,-14.864745,46.451134,2.7542372,48.84930210714217
150608.0,47.63323,46.594707,24.316732,70.93162042283097
150625.75300601203,78.36295,-78.40124,27.40119,114.18551387832083
150643.83533734136,-17.583088,-15.616118,-16.161701,28.534692993250673
150661.91766867068,-78.40124,12.321084,23.452892,82.756278841163
150680.0,-56.527668,-0.92366254,2.4383733,56.587773117133494
150697.75300601203,-61.634132,76.4558,-10.421115,98.7565451951244
150715.83533734136,27.391619,62.316113,15.355291,69.78096941548326
150733.91766867068,78.36295,-48.157276,26.846035,95.8153680766499
150752.0,78.36295,-77.51108,12.610625,110.94028717449548
150770.75300601203,-41.16759,-26.36506,-6.3124914,49.292336147587626
150788.83533734136,-78.40124,22.021933,22.598623,84.51282582005064
150806.91766867068,-67.84612,76.76449,-15.783622,103.65811906191132
150825.0,62.861694,32.323402,26.570852,75.51427060767485
150842.75300601203,78.36295,-25.305002,19.363413,84.5933615712904
150860.83533734136,72.23232,-78.40124,4.2856984,106.68940761338852
150878.91766867068,-75.53693,14.778601,-25.60651,81.11675656559623
150897.0,-78.40124,62.294575,17.736235,101.69534178094615
150914.75300601203,40.322895,13.268676,18.676647,46.37683438028743
150932.83533734136,43.656216,53.94333,19.758242,72.1535596755844
150950.91766867068,78.36295,-56.836353,20.279896,98.90600152070614
150969.0,53.124954,-78.40124,6.4704237,94.92566330501587
150986.75300601203,-78.40124,49.96153,4.407737,93.07167699649378
151004.83533734136,-61.282375,75.46514,0.56711924,97.21542297954889
151022.91766867068,73.32588,-23.819008,34.122868,84.31132747397521
151041.0,55.194817,41.61028,8.145459,69.60051528302482
151059.75300601203,78.36295,-45.869656,27.953953,95.00631959289363
151077.83533734136,46.929714,-78.40124,2.6250203,91.41139546705764
151095.91766867068,-78.40124,36.21188,-15.520402,87.74358987933878
151114.0,-78.40124,78.36774,16.266989,112.03960030886991
151131.75300601203,57.312542,11.718071,19.219837,61.57469279476248
151149.83533734136,78.36295,-25.338503,25.59933,86.24452077339411
151167.91766867068,76.963104,0.8446966,14.216267,78.2696310012776
151186.0,57.2934,-68.97558,21.732391,92.26299983456684
151203.75300601203,-54.922028,-43.35471,-21.564888,73.21956318682479
151221.83533734136,-78.40124,76.07773,-8.379964,109.56641470875917
151239.91766867068,2.108152,55.403,6.1593456,55.78417564215987
151258.0,78.36295,-31.263344,33.55575,90.797229962303
151276.75300601203,73.38092,-0.9451987,11.036092,74.21218328051901
151294.83533734136,51.53367,-66.48216,23.31171,87.28706986179911
151312.91766867068,-60.94019,-42.933556,-13.187317,75.70272331759092
151331.0,-78.40124,77.75516,-5.005964,110.53361034424098
151348.75300601203,16.006163,42.24201,4.7786374,45.42488346956267
151366.83533734136,78.36295,-35.47247,36.276485,93.35433265017015
151384.91766867068,73.859505,2.6872358,6.8293595,74.22322996387362
151403.0,44.742596,-40.834976,23.735256,65.05964601137427
151420.75300601203,-9.851603,-57.75523,-0.6221561,58.59272781015812
151438.83533734136,-78.40124,31.67971,-3.8908687,84.649260590169
151456.91766867068,-78.40124,78.36774,6.252669,111.02861332048042
151475.0,15.190181,39.52845,10.734586,43.68605377928587
151492.75300601203,78.36295,-17.176294,23.828579,83.68738366944073
151510.83533734136,78.36295,-46.221413,12.763772,91.86993429891551
151528.91766867068,47.738518,-34.40284,7.6620917,59.33994565316969
151547.0,-23.414606,-14.503416,11.390243,29.804873517653803
151565.75300601203,-46.13048,-31.481098,6.819788,56.26357813613482
151583.83533734136,-76.87217,17.001612,-12.220582,79.67262990215754
151601.91766867068,-78.40124,78.36295,-5.415151,110.98121564748199
151620.0,-28.595251,74.49362,13.500788,80.92749271464146
151638.75300601203,78.36295,-21.27056,32.818733,87.58000851302418
151656.83533734136,78.36295,-78.37013,27.79602,114.2595638743637
151674.91766867068,50.779903,-39.516483,-7.6166263,64.79324018423951
151693.0,-68.92532,6.716893,28.533035,74.89960263570879
151710.75300601203,-45.723686,-43.115417,19.770206,65.88213483026276
151728.83533734136,-64.75209,26.783821,-22.261225,73.52393056161216
151746.91766867068,-77.89634,78.36774,-11.162916,111.0583322030646
151765.0,44.39323,58.63582,22.773306,76.99053008698496
151782.75300601203,78.36295,-66.91289,26.415312,106.37600993133717
151800.83533734136,73.75182,-75.05835,-1.7109293,105.2426440997398
151818.91766867068,-71.205765,16.846073,-8.181353,73.62734330170527
151837.0,-78.40124,6.6259627,26.781427,83.11379336425286
151855.75300601203,-58.09263,32.825912,-12.426372,67.87274033093867
151873.83533734136,-46.666492,78.36774,4.7475295,91.33347242192772
151891.91766867068,76.8291,8.078458,42.65837,88.24799500002628
151910.0,78.36295,-78.40124,27.628517,114.24027887684531
151927.75300601203,-14.235411,-26.288488,-13.548646,32.822207971103666
151945.83533734136,-78.40124,48.032845,23.1131,94.80571725345274
151963.91766867068,-50.708115,-18.157387,0.0,53.86096573141809
151982.0,-44.93642,61.856674,-9.169623,77.00397357747718
151999.75300601203,29.569166,70.74154,21.70607,79.68597451466636
152017.83533734136,78.36295,-77.05164,33.15135,114.78989139386185
152035.91766867068,44.36691,-61.380486,-16.027699,77.41365447890247
152054.0,-78.40124,56.221375,20.966661,98.72790038240025
152071.75300601203,-44.98667,-6.4656377,3.390751,45.57523604876405
152089.83533734136,-22.507694,44.709095,0.18903974,50.05532140482129
152107.91766867068,20.648403,74.050934,10.80398,77.63132973589441
152126.0,78.36295,-72.251465,38.430103,113.3044524453445
152144.75300601203,47.599728,-65.48432,-0.6101916,80.95864750182709
152162.83533734136,-78.40124,24.52013,19.813278,84.50181769559626
152180.91766867068,-62.938267,11.356742,-5.678371,64.20626868952513
152199.0,-49.375267,57.70737,2.1823323,75.97907684294283
152216.75300601203,53.92658,31.07191,10.442651,63.107753734801086
152234.83533734136,78.36295,-55.3695,31.459562,100.9764205356099
152252.91766867068,56.15916,-57.905983,8.760436,81.13999850882415
152271.0,-69.17897,-38.487534,-2.8906329,79.21727035327977
152288.75300601203,-78.40124,74.68027,-11.679785,108.90507122469882
152306.83533734136,29.444735,43.034058,13.886045,53.96058573542002
152324.91766867068,78.36295,-25.230824,24.316732,85.8408403242961
152343.0,78.36295,-34.89099,19.332304,87.93105875531703
152361.75300601203,-52.935913,-68.16199,-14.903031,87.58063769401676
152379.83533734136,-78.40124,78.36774,0.33979294,110.85293214654845
152397.91766867068,78.29835,-24.45552,34.74024,89.08191930156478
152416.0,72.299324,28.798649,5.1471453,77.99389424705943
152433.75300601203,78.36295,-71.00716,19.315554,107.49818291624754
152451.83533734136,-76.07055,-13.139459,-25.683083,81.35720442898754
152469.91766867068,-76.53716,78.36774,20.780014,111.4955089472818
152488.0,78.36295,-33.096313,45.03214,96.24973506392664
152505.75300601203,54.074936,50.49036,5.7190504,74.20298305197329
152523.83533734136,78.36295,-74.871704,25.51558,111.34437037992767
152541.91766867068,-57.415436,-31.897465,-23.424177,69.73286622980336
152560.0,-78.40124,78.36774,18.437357,112.37523410160554
152577.75300601203,57.776768,2.8810613,-2.2947989,57.894054416076465
152595.83533734136,18.040134,56.17352,12.969562,60.40794916565369
152613.91766867068,78.36295,-37.877342,22.033897,89.78272432207697
152632.0,46.266876,-78.39885,12.713521,91.91646812372262
152650.75300601203,-78.40124,48.568855,29.16237,96.7271003057857
152668.83533734136,-30.5694,45.690186,-26.360275,60.966756606778915
152686.91766867068,22.277975,34.934067,8.257926,42.24796502889328
152705.0,78.36295,-8.040172,21.399776,81.62932506974597
152723.75300601203,72.447685,-78.40124,17.817595,108.22609753188392
152741.83533734136,-78.40124,32.210938,16.747963,86.39903486166274
152759.91766867068,-57.19768,33.74718,-12.73745,67.62166359856359
152778.0,-0.8518753,31.507421,-2.2804415,31.601324070882114
152795.75300601203,41.560028,64.362045,14.883888,78.04638932032252
152813.83533734136,78.36295,-78.40124,36.678493,116.75966004999822
152831.91766867068,-2.6321988,-47.92277,-10.866196,49.20969996358479
152850.0,-78.40124,40.882835,29.461485,93.19946206701007
152867.75300601203,-23.017384,11.780287,-12.629769,28.77648680779476
152885.83533734136,-16.642675,51.483418,-5.1686816,54.35288612024689
152903.91766867068,52.1989,51.97875,21.430885,76.71895753108045
152922.0,78.36295,-78.40124,40.222393,117.92093649936193
152940.75300601203,13.610861,-48.944542,-16.271774,53.34411268226477
152958.83533734136,-78.40124,35.115925,29.035547,90.68045881959594
152976.91766867068,-38.382244,10.751336,-12.146401,41.66920850596077
152995.0,-27.810377,53.998363,-3.697043,60.85152752812165
153012.75300601203,34.276016,50.41618,22.28276,64.90884278618942
153030.83533734136,78.36295,-63.74707,33.33321,106.37454467677641
153048.91766867068,69.11915,-71.674774,-6.9729342,99.81659148674186
153067.0,-70.44961,4.7762446,5.805195,70.84956140033017
153084.75300601203,-78.40124,6.1784887,20.76805,81.34027327810085
153102.83533734136,-66.33141,44.098904,-3.3189635,79.72192173614262
153120.91766867068,-16.870003,61.157944,2.3498356,63.48553254777165
153139.0,56.357773,20.263145,31.150877,67.50682010493225
153156.75300601203,78.36295,-49.308266,24.259302,95.71087065823015
153174.83533734136,74.75205,-68.07106,0.37807947,101.10233000683878
153192.91766867068,-13.433786,-20.48808,-9.619491,26.320384409793046
153211.0,-69.52116,-7.4323726,13.491216,71.20705554486499
153229.75300601203,-77.95855,-0.93562704,6.2550616,78.21468347874504
153247.83533734136,-76.14473,71.028694,-9.920997,104.60172780404989
153265.91766867068,-16.343563,69.33212,6.0516644,71.48900305109589
153284.0,74.45534,8.92794,36.02284,83.19225185571551
153301.75300601203,78.36295,-68.604675,21.318419,106.31005762964145
153319.83533734136,71.30866,-61.536026,-2.3570144,94.21869773962112
153337.91766867068,-29.69599,-17.504122,-2.0937946,34.534476757263505
153356.0,-78.40124,-16.214346,11.191631,80.83880289926043
153373.75300601203,-78.40124,61.930855,4.0775156,99.9940566635681
153391.83533734136,-10.789622,60.313248,5.5395823,61.52065343663753
153409.91766867068,78.36295,-18.518715,35.757225,88.10376767002845
153428.0,78.36295,-18.93269,6.0373073,80.84335323805682
153445.75300601203,66.50131,-46.333878,16.379456,82.68941323465127
153463.83533734136,7.2481184,-72.29693,-7.468266,73.04215430018527
153481.91766867068,-78.40124,52.81866,1.9597918,94.55372050655939
153500.0,-63.151237,74.30219,7.0351496,97.76700621027857
153518.75300601203,78.36295,-32.493298,36.522957,92.36066660458418
153536.83533734136,58.006485,26.40574,13.98894,65.25109845302549
153554.91766867068,76.96549,-23.381105,13.941083,81.63771504135828
153573.0,65.73797,-78.40124,1.5841051,102.32665597109263
153590.75300601203,-78.40124,48.84404,-8.805902,92.79029360387219
153608.83533734136,-72.902336,78.36774,18.736471,108.66144032037464
153626.91766867068,78.36295,-31.545708,28.973331,89.30474531154167
153645.0,17.260046,46.305164,24.177944,55.015001381951706
153662.75300601203,77.01575,-23.644325,11.904717,81.43833335486559
153680.83533734136,71.30388,-78.40124,16.968111,107.32620615441655
153698.91766867068,-78.40124,35.534687,-22.888166,89.06927953323259
153717.0,-77.68576,78.36774,7.193082,110.5817363227035
153735.75300601203,60.399395,2.0435436,15.003533,62.26852326250571
153753.83533734136,49.79881,20.179394,19.203087,57.06038879952454
153771.91766867068,75.53454,-7.985134,19.770206,78.48624174523833
153790.0,78.22177,-77.532616,24.340662,112.79370404563635
153808.75300601203,-22.251652,-44.711487,-27.262402,56.89896000183023
153826.83533734136,-78.40124,44.43391,0.30868515,90.11782330897441
153844.91766867068,-78.40124,77.98488,-0.18664683,110.58223536893776
153863.0,6.8891826,44.50809,4.8839254,45.30213725263973
153880.75300601203,73.82839,9.684099,38.75554,83.94286642785974
153898.83533734136,78.36295,-49.212547,32.538765,98.08872484977533
153916.91766867068,75.81929,-73.76857,12.055471,106.46924925527013
153935.0,-41.385345,-7.922919,-9.363449,43.16472637959364
153952.75300601203,-78.40124,15.663977,18.109528,81.97603072469973
153970.83533734136,-42.775623,-14.907818,-7.075829,45.848274957696
153988.91766867068,-48.647823,53.8165,-14.879103,74.05547961477218
154007.0,-45.336037,78.36774,-1.5817122,90.55032157345768
154025.75300601203,76.5946,8.915976,41.406883,87.52575242160599
154043.83533734136,78.36295,-78.40124,40.916336,118.1594385476886
154061.91766867068,-4.8456388,-43.582035,-14.134908,46.07243877080694
154080.0,-78.40124,54.44105,20.30861,97.58597234629678
154097.75300601203,-38.521034,-2.3091564,6.0851655,39.06701297605446
154115.83533734136,-8.540289,18.600075,-14.934139,25.336294793842036
154133.91766867068,-62.435757,78.36774,-6.5733185,100.4138184762092
154152.0,60.93301,31.220272,35.063282,76.92184888590242
154169.75300601203,78.36295,-78.18588,45.374325,119.63533396652731
154187.83533734136,69.95906,-74.66352,-5.209361,102.45022565569253
154205.91766867068,-64.905235,7.037543,-11.5218525,66.29456709952808
154224.0,-78.40124,35.393505,32.194187,91.8472661885676
154241.75300601203,-38.26021,-12.505338,4.560883,40.509613692036524
154259.83533734136,-29.423199,20.411507,-9.227054,36.9796265925383
154277.91766867068,-39.033115,62.7588,-0.5360114,73.90898695195433
154296.0,10.172253,57.22161,14.266518,59.84413854282166
154314.75300601203,76.4558,-15.168644,35.51554,85.65588535489161
154332.83533734136,78.36295,-74.88127,18.880045,110.02005557496062
154350.91766867068,63.24456,-61.519276,-2.8930259,88.27720706963858
154369.0,-29.937674,-15.218896,-6.692964,34.24434094992029
154386.75300601203,-74.22801,-1.8425392,10.507259,74.99063215466794
154404.83533734136,-78.40124,7.2768335,3.0246358,78.79628900555511
154422.91766867068,-78.40124,65.69011,-4.8528175,102.39870518242897
154441.0,-49.652843,76.98464,-1.4859959,91.62012768888214
154458.75300601203,37.82709,34.560772,26.707247,57.7807298450192
154476.83533734136,78.36295,-32.2229,37.539944,92.67316015241757
154494.91766867068,78.36295,-68.49221,12.084186,104.77577160140217
154513.0,50.610004,-48.12138,-3.8406174,69.94133298699417
154530.75300601203,-32.09129,-13.199281,3.0007067,34.82924279223546
154548.83533734136,-64.57741,-14.615883,15.821908,68.07494907040513
154566.91766867068,-78.40124,7.5113387,5.666406,78.96380689632785
154585.0,-68.63339,64.16822,-7.217011,94.23474905062687
154603.75300601203,-24.8001,65.29528,4.536954,69.99358900561191
154621.83533734136,52.77559,41.49781,18.968582,69.76487825356628
154639.91766867068,78.36295,-30.937908,25.762049,88.09988225189274
154658.0,78.36295,-78.389275,21.923824,112.9879835491859
154675.75300601203,34.93167,-61.263233,-10.837481,71.35023672719349
154693.83533734136,-78.40124,21.265774,13.421822,82.3354898154882
154711.91766867068,-78.40124,43.196777,19.542881,91.62226898797852
154730.0,-7.006435,21.430885,-10.177038,24.737523435984734
154747.75300601203,25.527544,10.911661,17.676413,32.91163054297714
154765.83533734136,-7.24094,62.497974,-0.2057901,62.9163755770589
154783.91766867068,75.74511,13.180138,13.728114,78.09928834892249
154802.0,78.36295,-78.40124,35.58733,116.42149467675203
154820.75300601203,29.48302,-69.37759,-12.203832,76.36381327574418
154838.83533734136,-78.40124,46.08023,0.63412064,90.94253207040462
154856.91766867068,-78.40124,73.63217,20.311005,109.45769875416039
154875.0,24.838387,11.806608,-2.2493336,27.593494937602994
154893.75300601203,52.72773,-14.043978,25.73812,60.33156429392316
154911.83533734136,-1.3591717,55.020134,5.379257,55.29917629549364
154929.91766867068,48.461174,35.855335,10.370864,61.16898931261654
154948.0,78.36295,-71.830315,32.409546,111.13381464535372
154965.75300601203,75.591965,-78.40124,3.5558615,108.96579168301402
154983.83533734136,-49.636093,-16.93461,-30.442577,60.64052472198504
155001.91766867068,-78.40124,65.51064,14.075086,103.1334399341678
155020.0,-78.40124,74.52712,20.854195,110.16325838558892
155037.75300601203,6.2119894,35.05371,-2.5221252,35.68910915943809
155055.83533734136,71.57427,-27.355726,20.023855,79.19701156029186
155073.91766867068,39.667236,1.5769265,18.31532,43.71987254977419
155092.0,-3.936334,60.88994,-0.028714897,61.017049609993975
155110.75300601203,24.922138,43.156097,10.045428,50.83770544062386
155128.83533734136,77.71448,-45.872047,26.262167,93.98662943832221
155146.91766867068,78.36295,-78.40124,25.7788,113.80708631574794
155165.0,56.929676,-76.96071,-9.861175,96.23503346261019
155182.75300601203,-63.82843,-10.526402,-14.431629,66.28080816438604
155200.83533734136,-78.40124,56.551598,13.098779,97.55211776882163
155218.91766867068,-78.40124,78.274414,17.300726,112.1291819318596
155237.0,-54.089294,67.70494,10.203361,87.2566284102151
155254.75300601203,23.938652,25.300217,9.466345,36.093929233088744
155272.83533734136,60.856438,-15.355291,19.308376,65.66661550209437
155290.91766867068,74.67548,-36.118553,21.753927,85.75669375603013
155309.0,64.5487,-20.263145,10.153109,68.41209936368644
155326.75300601203,35.97498,10.9284115,4.2282686,37.83526951493115
155344.83533734136,12.19426,28.119062,3.0677083,30.8024748830566
155362.91766867068,21.737177,12.033935,8.530717,26.269632430767714
155381.0,28.765148,-3.6013267,18.81065,34.557833365020684
155399.75300601203,49.334587,-29.652918,17.898952,60.2790967340553
155417.83533734136,70.02606,-52.608086,8.57379,88.00437299743176
155435.91766867068,75.522575,-69.35605,-5.2643976,102.67246411927597
155454.0,41.856747,-64.905235,-18.688612,79.46031096285603
155471.75300601203,-37.295864,-30.550257,-18.899189,51.78299932536031
155489.83533734136,-76.046616,20.466543,-4.792995,78.89828888190371
155507.91766867068,-78.40124,63.526924,5.2261114,101.04324196503488
155526.0,-78.40124,77.93941,6.396243,110.73489959900063
155543.75300601203,-76.826706,78.36774,1.7851094,109.75897249468038
155561.83533734136,-31.58878,67.49436,9.337128,75.10340613438504
155579.91766867068,48.329563,17.425158,28.88958,58.94056857269306
155598.0,77.76234,-31.98361,42.029037,94.00198286235812
155615.75300601203,78.36295,-48.083096,33.469604,97.84145565947254
155633.83533734136,78.36295,-55.91269,8.217246,96.61523672570034
155651.91766867068,70.84683,-46.199875,-2.9049904,84.62943187974629
155670.0,10.344542,-14.757064,6.2119894,19.062248015267567
155688.75300601203,-21.4596,-3.7616515,4.943748,22.340660206335805
155706.83533734136,-17.750591,-10.119608,7.5161242,21.77112927509206
155724.91766867068,-6.848503,-33.117847,8.791544,34.94259619948629
155743.0,-32.852234,-30.299002,-1.9741492,44.73472997627929
155760.75300601203,-71.129196,8.695828,0.49293905,71.66046983601917
155778.83533734136,-78.40124,61.074192,-1.2754201,99.39033181563461
155796.91766867068,-78.40124,77.8772,-10.002356,110.95791922584137
155815.0,-54.82631,77.7743,1.7851094,95.17327683901647
155832.75300601203,29.16955,56.58749,29.839563,70.30936062668732
155850.83533734136,78.24331,-15.891303,43.84286,91.086472342349
155868.91766867068,78.36535,-74.94827,38.616753,115.10701485521379
155887.0,78.36295,-78.40124,4.3862004,110.93577024652176
155905.75300601203,29.626595,-39.289158,-15.618511,51.62664964434657
155923.83533734136,-76.46298,28.135813,4.8552103,81.61975465969373
155941.91766867068,-77.86044,35.276253,28.750792,90.18464494214562
155960.0,-12.703949,-27.331797,-1.1725249,30.16276283905256
155978.75300601203,-15.6256895,-7.707557,-14.785779,22.851430324938093
155996.83533734136,-71.41395,70.72719,-1.9358627,100.52877809011633
156014.91766867068,-49.358517,78.36774,10.241647,93.18077702197753
156033.0,73.19906,15.896089,36.350666,83.25958773032134
156050.75300601203,78.36535,-78.40124,38.26978,117.27087692777137
156068.83533734136,76.98225,-77.384254,-0.19621846,109.15414826694888
156086.91766867068,-48.599964,3.6372204,-23.26146,54.002605440581036
156105.0,-78.40124,59.035435,23.87165,101.0039241460416
156122.75300601203,-57.341255,6.7216787,23.244709,62.23758499504732
156140.83533734136,-7.475445,-19.562023,-13.218424,24.76452613809378
156158.91766867068,-56.568348,55.017742,1.8353605,78.93223979080176
156177.0,-49.607376,77.798225,9.731957,92.78020561416024
156195.75300601203,54.718628,20.667547,26.867573,64.36724499394022
156213.83533734136,78.36535,-66.07059,36.532528,108.8167107830474
156231.91766867068,78.36295,-78.40124,11.428529,111.43660817408228
156250.0,36.865143,-41.804104,-14.881495,57.689520478924855
156267.75300601203,-57.87727,0.5288327,0.8255533,57.885573202039126
156285.83533734136,-78.40124,0.7106937,16.262203,80.07320878724687
156303.91766867068,-78.40124,3.1466742,4.1062303,78.57173231726016
156322.0,-75.97483,42.428654,-3.5462897,87.09157045556672
156339.75300601203,-57.291004,59.81313,4.4843097,82.94563697513227
156357.83533734136,7.57834,29.585917,23.249495,38.383547772991406
156375.91766867068,73.54364,-14.240196,23.742434,78.58214389295047
156394.0,78.36295,-23.120277,6.1856675,81.93632664258134
156411.75300601203,75.1756,-5.259612,2.3737648,75.39674471140158
156429.83533734136,71.911674,-31.074305,14.256947,79.62513313317667
156447.91766867068,78.36535,-73.71353,6.901147,107.80741354656001
156466.0,-6.458459,-58.154846,-28.647896,65.14905794533956
156484.75300601203,-78.40124,49.698307,-8.300998,93.19647375303346
156502.83533734136,-78.40124,78.36774,34.99628,116.24541590997728
156520.91766867068,1.7133222,42.14868,28.903936,51.135938585260256
156539.0,78.36295,-60.325214,34.225765,104.64839399954268
156556.75300601203,75.73554,-37.413116,19.22941,86.63361632108611
156574.83533734136,-2.2421548,70.25817,-8.128709,70.76237432352552
156592.91766867068,47.88927,35.369576,-2.4670882,59.585867550445684
156611.0,78.36535,-71.619736,17.48498,107.59293281127994
156628.75300601203,73.97915,-78.40124,1.170132,107.80091964894142
156646.83533734136,-57.621227,-19.480665,-45.4485,75.92936363540626
156664.91766867068,-78.40124,72.806625,-2.0148287,107.01223580562443
156683.0,-78.40124,78.300735,40.801476,118.0784484097602
156700.75300601203,21.222702,23.266245,16.601995,35.59982408047622
156718.83533734136,77.95616,-39.9161,27.997025,91.94722034953654
156736.91766867068,36.850784,-3.206497,25.900837,45.156563883075
156755.0,-26.903465,73.11052,7.6118407,78.2744190813244
156773.75300601203,61.58867,15.209324,15.319398,65.26233035977401
156791.83533734136,78.36535,-77.111465,33.996044,115.07839555154851
156809.91766867068,70.23185,-78.40124,0.24646953,105.25838653137961
156828.0,-69.70781,10.208146,-29.004438,76.18820409649554
156845.75300601203,-78.40124,74.54866,17.243296,109.55176127418864
156863.83533734136,-60.320427,55.749973,7.70995,82.4988286702639
156881.91766867068,49.92803,-14.61349,-1.0050215,52.032416221779116
156900.0,11.203596,15.338541,21.56728,28.739153953070662
156917.75300601203,-34.761776,76.22609,12.220582,84.66487165159468
156935.83533734136,63.9074,20.272717,23.388283,71.00810243211812
156953.91766867068,78.36295,-77.13061,39.45427,116.81833055179096
156972.0,77.48476,-78.40124,0.911698,110.23372287570807
156990.75300601203,-38.322422,-17.410799,-37.51362,56.382760089134386
157008.83533734136,-78.40124,59.77963,6.905933,98.83344832127932
157026.91766867068,-75.862366,56.877033,26.544529,98.46170564149742
157045.0,25.704618,-12.715914,-0.028714897,28.677912754010354
157063.75300601203,11.596032,2.4096584,-2.3761578,12.07975735022088
157081.83533734136,-48.43964,58.93972,4.407737,76.41804408952882
157099.91766867068,-25.439007,77.30768,17.463444,83.23816636897756
157118.0,69.9136,-3.2208543,36.69764,79.02532599712215
157135.75300601203,78.36295,-75.680504,39.985493,116.04796538005121
157153.83533734136,78.36295,-78.40124,9.30602,111.23896967556153
157171.91766867068,31.368631,-54.280727,-19.952068,65.79113429588605
157190.0,-59.782024,4.8887115,-14.017655,61.597764126353105
157207.75300601203,-78.40124,39.078583,11.344777,88.33229334736656
157225.83533734136,-77.25983,32.120007,26.252594,87.69250180624215
157243.91766867068,-54.41473,-1.5434257,22.416763,58.87152339852001
157262.0,-12.337834,-27.343761,9.870746,31.580611774207178
157279.75300601203,-4.2234826,-31.225058,-2.057901,31.576526232340186
157297.83533734136,-29.296373,1.9693633,-5.8506603,29.93970755883417
157315.91766867068,-49.968708,38.487534,-9.239018,63.74575677011564
157334.0,-62.442936,61.416378,-14.252161,88.73677837350702
157352.75300601203,-68.51375,69.02344,-13.653934,98.20793818308404
157370.83533734136,-68.6286,75.414894,-10.40915,102.49703107267906
157388.91766867068,-59.052185,77.13539,2.3833365,97.17360359994147
157407.0,-35.773975,68.79132,12.696771,78.56991147041892
157424.75300601203,-11.868824,55.115852,23.725683,61.16808120781106
157442.83533734136,19.42802,37.032646,31.320774,52.24802115717677
157460.91766867068,52.163002,12.057864,35.137463,64.03914559057505
157479.0,63.117737,-4.4867024,37.585407,73.59783992606701
157496.75300601203,68.578354,-18.29139,35.40786,79.31760293441184
157514.83533734136,77.5374,-32.696697,31.306417,89.78426442783667
157532.91766867068,78.36295,-39.712704,26.24063,91.68653911284369
157551.0,78.36535,-54.582233,19.837208,97.53903352568167
157569.75300601203,78.36535,-59.045006,9.155267,98.54572404728592
157587.83533734136,78.36535,-54.01033,-0.22014755,95.17506129378206
157605.91766867068,76.07533,-48.200348,-5.5587254,90.23097478140535
157624.0,66.44866,-42.923985,-10.337363,79.77940823213466
157641.75300601203,47.18336,-34.09894,-7.4874096,58.694705660147676
157659.83533734136,20.27511,-21.093485,-0.9691278,29.27378355542819
157677.91766867068,-3.902833,-10.026285,4.812138,11.78622791473837
157696.0,-11.210774,-11.222739,14.211481,21.297828916454325
157713.75300601203,-18.990118,-12.689591,21.68932,31.497252316092666
157731.83533734136,-23.790293,-20.086071,18.26746,36.09886956809714
157749.91766867068,-23.663467,-30.691439,9.67692,39.94454755078858
157768.0,-48.714825,-25.08007,6.2335258,55.14527114707833
157785.75300601203,-68.9014,-2.8164527,-3.0389934,69.02587057514437
157803.83533734136,-78.40124,32.95513,-11.959755,85.88265696003195
157821.91766867068,-78.40124,61.05744,-4.407737,99.46956096390679
157840.0,-29.530878,50.260643,2.6920216,58.35625048372453
157858.75300601203,43.500675,-8.052135,26.324383,51.47930403418969
157876.83533734136,42.73016,6.1617384,11.277776,44.62086759848816
157894.91766867068,24.383734,66.87221,5.9200544,71.42482760333283
157913.0,78.36535,-19.703205,13.6443615,81.94823346867953
157930.75300601203,78.36535,-78.40124,30.983374,115.09931354523351
157948.83533734136,36.422455,-74.69702,-16.908289,84.80642818805038
157966.91766867068,-78.40124,40.370754,-28.085562,92.54918154647268
157985.0,-78.40124,78.272026,28.772327,114.46008600677008
158002.75300601203,-45.077602,56.367344,21.500278,75.30955866131485
158020.83533734136,70.85401,-30.665117,10.701085,77.94327009999654
158038.91766867068,52.19411,-22.20858,30.990553,64.63637149124561
158057.0,-29.157585,56.616207,4.0799084,63.81383322330249
158074.75300601203,0.99784267,71.92603,6.9394336,72.26690266120295
158092.83533734136,73.66807,-15.924804,16.276562,77.10713579496492
158110.91766867068,78.36535,-78.40124,33.677788,115.85368323334845
158129.0,78.36535,-78.40124,12.636948,111.56870066875747
158147.75300601203,4.481917,-52.2994,-33.749577,62.404717514253825
158165.83533734136,-78.40124,43.163277,-9.069121,89.95594405390325
158183.91766867068,-78.40124,75.2761,24.728312,111.46629570913775
158202.0,-71.08852,62.352005,19.889853,96.62792792806867
158220.75300601203,22.105684,11.414171,0.03828653,24.878625978608152
158238.83533734136,74.41226,-36.44399,1.9621847,82.88063111623013
158256.91766867068,25.651976,-1.2179902,16.939396,30.764435793244903
158275.0,-34.577522,48.528175,9.011692,60.2644122944377
158292.75300601203,-22.56273,65.90547,12.074615,70.69939241869073
158310.83533734136,44.027115,30.057318,26.16645,59.38444515341412
158328.91766867068,76.534775,-37.63805,27.561516,89.63164483775459
158347.0,78.36535,-71.72742,24.091799,108.93284922159754
158364.75300601203,78.36535,-78.34621,10.452223,111.3036642147433
158382.83533734136,66.44148,-68.14523,-9.475916,95.64536382063876
158400.91766867068,16.451242,-43.773468,-17.779306,50.02862766388085
158419.0,-44.405197,-18.013813,-8.502003,48.6682959884542
158437.75300601203,-77.23829,6.987292,6.9705415,77.86632224794354
158455.83533734136,-78.40124,22.73502,16.64746,83.31130470944265
158473.91766867068,-78.40124,37.6213,18.624004,88.93239101823146
158492.0,-78.40124,53.158455,10.734586,95.32999060167803
158509.75300601203,-65.13975,61.24409,-6.0325212,89.6125934342883
158527.83533734136,-28.052061,50.590862,-1.7683591,57.874696873135484
158545.91766867068,12.653698,26.14252,15.843445,33.084168033874285
158564.0,48.765076,10.914054,31.600744,59.1249205779951
158581.75300601203,75.56804,-8.7556505,32.112827,82.57374729931831
158599.83533734136,78.35099,-32.364082,22.160723,87.6208256156352
158617.91766867068,76.683136,-39.35855,13.211246,87.20054945795647
158636.0,54.84306,-34.587093,3.2663195,64.9206983590775
158653.75300601203,22.098507,-23.742434,3.1347096,32.58640189020164
158671.83533734136,-2.2804415,-17.035112,6.7408223,18.461693843405694
158689.91766867068,-1.718108,-29.502163,4.292877,29.8623225773777
158708.0,-14.735528,-36.62346,0.40440148,39.478818983948976
158726.75300601203,-53.50064,-22.344976,0.17228939,57.979704349747095
158744.83533734136,-75.496254,9.698457,-0.088537596,76.11670168313437
158762.91766867068,-78.40124,49.55234,4.469952,92.85563689887387
158781.0,-78.40124,74.32372,2.658521,108.06404361342139
158798.75300601203,-72.88798,78.36535,3.8573678,107.09185307691419
158816.83533734136,-33.2686,62.186897,16.527817,72.4374118755916
158834.91766867068,37.903664,18.35839,28.19085,50.679801220402354
158853.0,74.18972,-18.743649,39.549984,86.13733317159208
158870.75300601203,78.36535,-41.689243,35.249928,95.5074786942925
158888.83533734136,78.36535,-54.81674,16.372276,97.02605055483953
158906.91766867068,76.31941,-48.07113,-2.1033661,90.22144995052801
158925.0,44.44109,-21.832893,-3.6013267,49.645294350398224
158943.75300601203,-7.2576904,-5.0657864,7.887025,11.85501687655071
158961.83533734136,-7.4060507,-14.776208,9.406522,19.01758570288875
158979.91766867068,6.8150024,-37.329365,-0.33022133,37.947790385502266
158998.0,-29.133656,-30.265501,-3.3404996,42.1417773745358
159015.75300601203,-74.95067,6.331635,4.431666,75.34807362340248
159033.83533734136,-78.40124,57.216824,7.391693,97.3404155918333
159051.91766867068,-78.40124,78.36774,2.1799393,110.87384381177053
159070.0,-56.774136,73.51253,7.7769513,93.20877403479764
159087.75300601203,21.055199,26.970467,24.814457,42.26682826203711
159105.83533734136,70.54293,-9.779816,39.150368,81.26931209573624
159123.91766867068,78.36535,-30.598116,33.96015,90.72301015395409
159142.0,78.36535,-41.61267,13.455322,89.74289985996154
159159.75300601203,78.193054,-45.60883,4.2521977,90.62229445945243
159177.83533734136,64.0414,-38.111847,0.53840435,74.52585910243174
159195.91766867068,17.118864,-19.925745,0.14357449,26.269972061075734
159214.0,-12.043507,-16.199987,0.95955616,20.209066967166297
159232.75300601203,-54.476944,-9.368236,2.8260245,55.348782170933376
159250.83533734136,-78.40124,3.905226,11.679785,79.36260203203334
159268.91766867068,-78.40124,30.133892,8.052135,84.37797555442705
159287.0,-67.08279,42.890484,0.7106937,79.62536918265168
159305.75300601203,-25.393541,35.34086,8.286641,44.29985021556124
159323.83533734136,0.18664683,28.224352,12.010006,30.673916068527816
159341.91766867068,31.964466,44.823956,11.94779,56.335280278340605
159360.0,77.76234,3.0437791,21.598389,80.76346030774386
159377.75300601203,78.36535,-73.60346,32.79241,112.40079874361304
159395.83533734136,75.56086,-76.752525,-3.9435124,107.77729328510797
159413.91766867068,-57.003857,-2.3330853,-19.832422,60.400397037433535
159432.0,-78.40124,59.528374,21.954931,100.85832013193675
159449.75300601203,-67.70734,47.917984,10.660405,83.63050469334668
159467.83533734136,32.65841,-18.784328,4.5465255,37.94856540452925
159485.91766867068,-0.80641,18.099957,17.712305,25.33741282970647
159504.0,-31.988396,75.80733,-3.6635423,82.36158268613835
159522.75300601203,73.65371,11.127023,21.780249,77.60836864738641
159540.83533734136,78.36535,-78.40124,47.901234,120.7576528957186
159558.91766867068,70.865974,-76.604164,-4.730779,104.46322071932501
159577.0,-70.06196,14.790565,-20.370827,74.4473615699358
159594.75300601203,-78.40124,67.10911,25.036997,106.1943421153298
159612.83533734136,-52.581764,36.6426,2.8427749,64.15296882642116
159630.91766867068,31.170021,-24.843172,-3.3883579,40.002929560477405
159649.0,-17.989883,29.949638,5.8745894,35.427778752037575
159666.75300601203,-39.238907,77.82216,0.1196454,87.15500401377989
159684.83533734136,65.618324,21.96211,20.624475,72.20434674759339
159702.91766867068,78.36535,-77.159325,48.674145,120.26579691067262
159721.0,74.76402,-77.93941,3.7616515,108.06646260388074
159738.75300601203,-57.984947,-5.6903353,-20.574224,61.78942213373912
159756.83533734136,-78.40124,59.097652,23.63954,100.98571560801213
159774.91766867068,-65.39818,45.12307,14.020048,80.68193812409072
159793.0,24.228195,-13.613255,-5.8721967,28.404380625821446
159811.75300601203,-6.477602,17.154758,9.887496,20.832849705668785
159829.83533734136,-28.669432,68.224205,-0.7609448,74.00714503393098
159847.91766867068,43.728,45.639935,17.882202,65.68801107639833
159866.0,78.36535,-64.66834,37.8582,108.42677522742297
159883.75300601203,78.36535,-78.40124,15.707048,111.95800047801141
159901.83533734136,-13.108351,-36.314774,-22.402405,44.6369737593657
159919.91766867068,-78.40124,33.9099,14.426843,86.63007301448066
159938.0,-78.40124,40.70576,18.411036,90.2367972465141
159955.75300601203,-25.27868,16.221523,-6.927469,30.824329639554044
159973.83533734136,2.340264,14.68767,0.5336185,14.882514381721197
159991.91766867068,-14.486666,39.72706,4.7834234,42.55565682095418
160010.0,16.379456,59.444622,14.558453,63.35533298256769
160028.75300601203,77.62354,-11.957362,29.99271,84.07113131910825
160046.83533734136,78.36535,-76.046616,30.433004,113.35953254198772
160064.91766867068,66.039474,-73.34024,-1.4046371,98.70144849411771
160083.0,-63.012447,-7.7889156,0.031107806,63.4920203714398
160100.75300601203,-78.40124,32.462193,18.755613,86.90409326903203
160118.83533734136,-68.66928,29.870672,2.1799393,74.91648147638587
160136.91766867068,-27.748161,25.506008,-8.633613,38.66595603902422
160155.0,-20.363647,39.971138,1.1797037,44.874956189120084
160172.75300601203,1.1988469,61.100513,1.8186102,61.13932667123799
160190.83533734136,77.044464,1.3232782,29.832386,82.62912169867768
160208.91766867068,78.36535,-77.465614,41.081448,117.59989286898268
160227.0,64.36444,-72.54819,-1.2490981,96.99268660498649
160244.75300601203,-69.391945,2.474267,2.0770442,69.46710113916565
160262.83533734136,-78.40124,32.31383,18.59529,86.8143009704657
160280.91766867068,-59.102436,27.17865,-9.875532,65.79743983803337
160299.0,-27.453835,24.728312,1.3950654,36.97497367202371
160317.75300601203,-17.980312,54.36687,-1.5458187,57.28383479366158
160335.83533734136,59.27951,34.663666,15.465365,70.39039395388323
160353.91766867068,78.36535,-61.447487,41.11495,107.73746262438229
160372.0,75.46275,-74.85017,13.438572,107.13435398596748
160389.75300601203,-61.253662,-13.065278,21.21313,66.12646582136708
160407.83533734136,-77.34597,7.3199058,6.6762137,77.97789382594172
160425.91766867068,-58.252956,22.333012,-25.970232,67.57679526186413
160444.0,-76.38641,66.04187,-3.4768956,101.03712698210643
160462.75300601203,5.498903,64.79995,-1.1031306,65.04220438551083
160480.83533734136,78.36535,-39.703133,41.51217,97.16340416405289
160498.91766867068,78.36535,-78.40124,32.87377,115.62252059254287
160517.0,-12.199045,-32.5938,14.496237,37.70031013814335
160534.75300601203,-78.40124,12.964776,15.81473,81.02435149534168
160552.83533734136,-59.061756,14.61349,-22.330618,64.81127688948553
160570.91766867068,-72.12464,51.51931,-4.9461412,88.77312268235266
160589.0,-22.601017,64.44102,-7.839167,68.73793397628836
160607.75300601203,74.81905,-3.988978,26.858,79.59368286734184
160625.83533734136,78.36535,-74.95067,43.048416,116.67003528833123
160643.91766867068,41.24177,-54.15151,15.113607,69.72582552084593
160662.0,-76.01073,0.9571632,18.375141,78.20609338980061
160679.75300601203,-68.62142,7.9875274,-12.230153,70.15893755741716
160697.83533734136,-67.76716,40.164963,-11.246668,79.57449194534134
160715.91766867068,-48.21949,62.950233,-2.6872358,79.34149158453722
160734.0,50.397038,32.359295,14.137301,61.53737637919795
160751.75300601203,78.36535,-43.40257,34.5847,96.02610393698893
160769.83533734136,78.36535,-70.67454,27.027897,108.93358481697327
160787.91766867068,-15.769264,-37.30065,18.071241,44.34611514895388
160806.0,-77.71448,-0.57908374,4.606348,77.85302936652776
160823.75300601203,-75.441216,26.065948,-20.997768,82.53312654733966
160841.83533734136,-76.21412,65.36946,-6.9657555,100.64929278316752
160859.91766867068,-3.306999,54.993813,-1.8808258,55.12525026115452
160878.0,78.10213,-8.339285,28.310495,83.49233804363817
160896.75300601203,78.36535,-67.91552,34.101334,109.16293747454975
160914.83533734136,36.68089,-50.954586,13.342855,64.18636385693242
160932.91766867068,-77.29333,-4.0057282,20.095642,79.96336378800818
160951.0,-77.21197,15.891303,-14.993962,80.24363350930808
160968.75300601203,-76.47495,57.78634,-9.241411,96.29684701675866
160986.83533734136,-12.464658,61.172302,-0.7657306,62.43400174895042
161004.91766867068,78.36535,-16.568495,29.8946,85.49462097902725
161023.0,78.36535,-77.90591,29.016403,114.247146732901
161040.75300601203,-15.4199,-37.22647,10.866196,41.73317146085732
161058.83533734136,-78.40124,4.55849,14.051156,79.7807573889471
161076.91766867068,-69.16701,29.98553,-23.125063,78.85414269697547
161095.0,-56.944035,64.37162,-2.4168372,85.97772784597723
161112.75300601203,51.74664,43.012524,11.026521,68.18633394972645
161130.83533734136,78.36535,-67.946625,45.130245,113.1132659915412
161148.91766867068,55.371895,-67.95859,12.596269,88.56118056687978
161167.0,-78.40124,4.376629,22.964739,81.81252075495146
161185.75300601203,-68.34624,21.651031,-24.814457,75.86654692092826
161203.83533734136,-67.728874,61.866245,-1.3687434,91.74151787605732
161221.91766867068,39.758167,50.097923,4.790602,64.13628925683355
161240.0,78.36535,-65.05599,44.42673,111.11770450290764
161257.75300601203,55.276176,-68.00645,12.952811,88.58954897496203
161275.83533734136,-78.40124,5.4749737,19.97121,81.08994388589372
161293.91766867068,-69.89924,26.28131,-27.17147,79.46634375542013
161312.0,-62.517117,66.005974,-2.2038684,90.93973585625199
161329.75300601203,62.30654,36.515778,11.186846,73.07976801512578
161347.83533734136,78.36535,-73.534065,42.036217,115.39250554398156
161365.91766867068,22.15115,-53.593964,8.289034,58.580666676037
161384.0,-78.40124,3.8142955,17.96356,80.52324367269689
161402.75300601203,-78.40124,44.232906,-21.148521,92.46926163450144
161420.83533734136,-23.613216,59.34651,0.48097453,63.87349650317622
161438.91766867068,77.731224,11.55296,23.527073,82.03131861214413
161457.0,78.36535,-70.60036,30.404291,109.7723090035223
161474.75300601203,2.2277975,-45.556183,0.87580436,45.61903028898674
161492.83533734136,-78.40124,8.79633,20.098036,81.41290380562405
161510.91766867068,-77.247856,67.02775,-17.846308,103.81927198690087
161529.0,30.811085,31.019268,13.194495,45.668508235304486
161546.75300601203,78.36535,-1.6702498,24.69481,82.18121108838079
161564.83533734136,78.36535,-51.66528,23.345211,96.7234620696314
161582.91766867068,21.325598,-48.681324,-5.857839,53.46930628127226
161601.0,-78.40124,7.1284733,18.111921,80.78125554506228
161619.75300601203,-78.40124,61.801636,-11.564925,100.49847827738348
161637.83533734136,6.5254602,43.92901,2.3019776,44.47064932371446
161655.91766867068,77.05882,12.266047,26.544529,82.42044448212137
161674.0,78.36535,-43.69211,23.56536,92.7655903274711
161692.75300601203,59.121582,-63.928932,1.6463208,87.09179167418627
161710.83533734136,-76.08491,-8.171782,15.812337,78.13911665846494
161728.91766867068,-78.40124,30.411469,4.9317837,84.23736920594772
161747.0,-42.75648,58.2721,-12.012399,73.2669908631138
161764.75300601203,30.77519,43.720825,5.154324,53.71396386521573
161782.83533734136,78.36535,-19.140871,32.079327,86.8135026596328
161800.91766867068,78.36535,-78.40124,18.813044,112.4358178638197
161819.0,-53.37621,-20.435434,7.542446,57.64993710660379
161836.75300601203,-78.40124,14.977212,12.546017,80.79897187090214
161854.83533734136,-60.09071,45.316895,-19.834816,77.83273300160403
161872.91766867068,-9.081086,62.86409,-0.27997026,63.517228511750886
161891.0,78.36535,2.5675905,27.535192,83.1017893915351
161908.75300601203,78.36535,-78.40124,31.694067,115.29265543459648
161926.83533734136,-41.10298,-26.98961,4.508239,49.37831742489431
161944.91766867068,-78.40124,13.170567,14.922174,80.88812981844349
161963.0,-68.58075,49.466198,-21.02409,87.13344005297739
161981.75300601203,0.36372203,57.22161,2.1392598,57.26273986807742
161999.83533734136,78.36535,-5.9559484,28.5785,83.62614462126042
162017.91766867068,78.36535,-78.40124,25.348076,113.71194955263883
162036.0,-51.892605,-21.605568,10.105251,57.111812438948654
162053.75300601203,-78.40124,12.459872,9.712814,79.97713172896725
162071.83533734136,-70.13614,56.3817,-16.046843,91.40828955437384
162089.91766867068,12.34262,55.661434,2.9002047,57.08718499543184
162108.0,78.36535,-14.635026,31.277702,85.63648001315784
162125.75300601203,78.36535,-78.267235,22.48855,113.01602999694435
162143.83533734136,-61.634132,-17.099722,16.05402,65.94617712977082
162161.91766867068,-78.40124,16.86043,0.69633627,80.19671699965915
162180.0,-59.48291,58.609497,-11.25624,84.26145417448424
162197.75300601203,34.285587,48.159668,5.6616206,59.3877853234412
162215.83533734136,78.36535,-40.12907,37.188183,95.57421877540455
162233.91766867068,71.55035,-72.49315,7.4898024,102.13131998577147
162252.0,-78.40124,-1.5577831,24.132479,82.0460703776219
162270.75300601203,-78.40124,33.567715,-22.285152,88.14859002571697
162288.83533734136,-39.083366,61.282375,1.1892753,72.6942457094767
162306.91766867068,74.08204,25.58258,17.70034,80.34873419123416
162325.0,78.36535,-78.10931,37.494476,116.82477528252805
162342.75300601203,-34.747417,-31.299238,12.299547,48.35601455825058
162360.83533734136,-78.40124,9.358664,2.8068812,79.00770600057572
162378.91766867068,-64.7832,56.54442,-16.755142,87.6063309288579
162397.0,28.616787,55.637505,2.2469406,62.605919870954075
162414.75300601203,78.36535,-58.095024,44.139584,107.07223155363921
162432.83533734136,44.256836,-62.663086,2.5364826,76.75782451160529
162450.91766867068,-78.40124,6.8413243,22.47898,81.84658021906456
162469.0,-69.446976,46.058697,-29.39209,88.36391231408038
162486.75300601203,-11.682178,68.5616,1.926291,69.57641032994131
162504.83533734136,78.36535,-33.311672,41.05991,94.5341831363988
162522.91766867068,71.85424,-73.3187,11.849681,103.3396270337249
162541.0,-78.40124,0.75376606,26.1497,82.65064674218108
162559.75300601203,-75.04639,39.3418,-33.773506,91.21615858390517
162577.83533734136,-28.67661,67.80544,4.218697,73.74091848535323
162595.91766867068,78.36535,-15.020284,33.955364,86.71622545080969
162614.0,78.36535,-76.12319,17.642912,110.66679935842703
162631.75300601203,-78.40124,-5.747765,24.311947,82.28524778454297
162649.83533734136,-78.40124,38.243458,-31.911823,92.88531078980515
162667.91766867068,-31.196342,65.230675,3.2711053,72.38061097435057
162686.0,78.36535,-2.811667,29.578737,83.80892097179488
162704.75300601203,78.36535,-77.60919,20.954697,112.2649267556008
162722.83533734136,-77.580475,-7.394086,24.938889,81.82512324191967
162740.91766867068,-78.40124,37.64523,-27.40119,91.18521255503329
162759.0,-28.238708,61.002407,4.9772487,67.40542481080114
162777.75300601203,78.36535,-0.2656128,27.257616,82.97093624146639
162795.83533734136,78.36535,-76.575455,21.509851,111.65841696496385
162813.91766867068,-73.648926,-14.587168,23.943438,78.8050632540419
162832.0,-78.40124,37.262363,-24.304768,90.14410617125888
162849.75300601203,-37.353294,63.22063,2.94567,73.49009186275545
162867.83533734136,78.09734,6.5733185,23.87883,81.93046779646106
162885.91766867068,78.36535,-74.52234,23.570145,110.68088802959221
162904.0,-61.52406,-20.236824,20.830265,68.03410133499818
162921.75300601203,-78.40124,24.1253,-10.971483,82.75963975783661
162939.83533734136,-49.447052,65.460396,-3.8669395,82.12811709192036
162957.91766867068,70.15528,24.410055,16.736,76.14268049511671
162976.0,78.36535,-67.99688,29.4567,107.853608865197
162993.75300601203,-1.6774286,-39.600235,0.7633377,39.64309603458797
163011.83533734136,-78.40124,3.8884757,14.6900625,79.86033191178834
163029.91766867068,-73.759,63.017235,-14.158837,98.04098455869256
163048.0,27.38444,41.22502,7.2241898,50.015984908631204
163066.75300601203,78.36535,-35.67826,32.5938,92.0674867458111
163084.83533734136,75.326355,-61.134014,7.647734,97.31348961306945
163102.91766867068,-60.784653,-16.338776,19.585953,65.91918686108616
163121.0,-78.40124,10.784837,-5.9559484,79.3633445867652
163138.75300601203,-69.34169,65.6949,-6.642713,95.75079892129605
163156.83533734136,22.608196,51.344627,12.821201,57.54810547034495
163174.91766867068,78.36535,-31.904644,32.37844,90.5946895034297
163193.0,77.960945,-62.268253,9.320377,100.2103472920195
163210.75300601203,-24.809671,-25.802729,7.2002606,36.51224933749761
163228.83533734136,-78.40124,-5.7429795,14.33352,79.90735912708804
163246.91766867068,-78.40124,43.79022,-0.22014755,89.8019279644361
163265.0,-35.874477,57.17375,-7.810452,67.94717764212383
163282.75300601203,47.08286,24.905388,23.07242,58.046624551876775
163300.83533734136,78.36535,-14.512987,27.839092,84.42019850526967
163318.91766867068,78.36535,-54.39798,14.900639,96.55204478058049
163337.0,50.315678,-48.37264,-2.2110472,69.83171545143303
163355.75300601203,-54.206547,-17.504122,4.402951,57.132565163508055
163373.83533734136,-78.40124,7.5903044,15.845838,80.3458632186157
163391.91766867068,-78.40124,47.89645,7.2505116,92.1596130341368
163410.0,-40.253498,54.089294,-2.495803,67.4701775547482
163427.75300601203,17.118864,27.422728,7.97317,33.2961402487042
163445.83533734136,58.16681,15.606546,22.806807,64.39792317428774
163463.91766867068,78.36535,-25.884087,21.399776,85.2588086551545
163482.0,78.36535,-58.92297,12.292369,98.81369748104542
163499.75300601203,65.01292,-53.347492,-1.5434257,84.11311926511752
163517.83533734136,-20.337326,-26.975252,3.7042217,33.985177764674575
163535.91766867068,-78.18349,2.134474,20.215288,80.78286920356148
163554.0,-78.40124,24.280838,17.40362,83.89993752455507
163571.75300601203,-73.09377,54.132366,2.627413,90.99404134691142
163589.83533734136,-28.253065,47.15704,-1.8975761,55.00566242225537
163607.91766867068,25.946302,25.010675,13.620433,38.52610344348774
163626.0,57.70019,8.700614,27.23608,64.39578141291165
163644.75300601203,75.517784,-19.786957,19.760635,80.52913797622405
163662.83533734136,78.36535,-50.688972,8.805902,93.7445671656384
163680.91766867068,76.10883,-57.64755,-0.24407662,95.47697941581431
163699.0,22.103292,-38.21953,-8.76283,45.011944862081485
163716.75300601203,-61.07898,-11.615176,4.929391,62.36868610915462
163734.83533734136,-78.40124,18.39907,23.881224,83.99757776353242
163752.91766867068,-78.40124,37.01111,18.06167,88.55958796289987
163771.0,-61.76335,58.32474,6.893968,85.22918217415398
163789.75300601203,-11.191631,40.263073,5.2500405,42.11805523875871
163807.83533734136,21.126986,26.568459,15.867373,37.47006908186861
163825.91766867068,43.14892,17.413193,25.453363,53.03698969239693
163844.0,59.726986,1.665464,22.00279,63.67267384650649
163861.75300601203,76.032265,-26.216702,14.235411,81.6753800794704
163879.83533734136,78.36535,-51.481026,10.337363,94.3307224207943
163897.91766867068,76.874565,-58.451565,-1.4022441,96.5828684778229
163916.0,44.706703,-41.18913,-14.130122,62.40908644598151
163934.75300601203,-28.343996,-22.148758,-5.410365,36.37611358603067
163952.83533734136,-77.8078,8.389536,13.31414,79.38327518485802
163970.91766867068,-78.40124,29.207836,21.59121,86.40620618106432
163989.0,-73.63696,40.11471,8.107173,84.24558202349621
164006.75300601203,-38.128597,51.272842,0.8159817,63.90117418389201
164024.83533734136,-2.3115492,32.419117,9.521381,33.86737519960575
164042.91766867068,21.852037,30.5024,12.40005,39.51796005377643
164061.0,57.58294,23.06524,20.868551,65.44689982070045
164078.75300601203,76.15909,-15.752514,19.588346,80.20007472542662
164096.83533734136,78.36535,-57.386723,16.633104,98.54452905147016
164114.91766867068,78.33903,-68.47785,3.2184613,104.09888594554218
164133.0,26.714426,-46.1592,-11.591247,54.57736992714549
164151.75300601203,-67.16415,-5.1950035,2.7494514,67.42084684716201
164169.83533734136,-78.40124,21.57446,22.926453,84.4857029620421
164187.91766867068,-78.40124,38.702896,16.034878,88.89199010484185
164206.0,-44.3358,40.63876,1.902362,60.173008543338135
164223.75300601203,-8.037778,29.99989,-1.1055236,31.077668149646314
164241.83533734136,8.619255,32.75652,7.736272,34.7437917292199
164259.91766867068,50.06921,27.896523,20.394756,60.83656678193769
164278.0,76.65442,-16.45603,21.045628,81.1764712636099
164295.75300601203,78.36535,-65.5609,16.609175,103.51436800566928
164313.83533734136,76.28591,-67.051674,-3.3620358,101.62071804238965
164331.91766867068,9.715207,-38.84647,-12.624983,41.98599378678606
164350.0,-73.60107,2.7159507,5.592226,73.86316324789243
164367.75300601203,-78.40124,25.759655,22.921667,85.64880079321318
164385.83533734136,-75.1086,41.064697,12.385693,86.4928697913999
164403.91766867068,-31.536137,43.85004,1.4213874,54.031234365182215
164422.0,1.536247,29.727097,8.353642,30.91672177894322
164440.75300601203,38.719646,31.540922,12.703949,51.53087489234004
164458.83533734136,73.500565,-0.61497736,18.490002,75.79308297221152
164476.91766867068,78.36535,-52.955055,19.554846,96.58031855797144
164495.0,77.731224,-68.64296,1.4692456,103.71189818305754
164512.75300601203,1.430959,-39.214977,-10.870981,40.719040910519624
164530.83533734136,-78.40124,7.410836,14.560845,80.0855363400316
164548.91766867068,-78.40124,36.790962,16.293312,88.12378415815101
164567.0,-63.725536,55.711685,0.1172525,84.64484350611842
164584.75300601203,-0.12203831,38.8034,15.151894,41.65691583274432
164602.83533734136,59.133545,26.022875,19.779778,67.56630658295549
164620.91766867068,78.36535,-25.31936,21.160486,85.0291963926997
164639.0,78.36535,-77.27179,18.956617,111.6754715168523
164656.75300601203,18.138243,-48.903862,-1.5936768,52.18355472162615
164674.83533734136,-78.40124,2.4120514,19.121729,80.73545036378557
164692.91766867068,-77.70012,42.265934,-12.414407,89.31872886505049
164711.0,-62.672657,69.98538,-2.471874,93.97832468317323
164729.75300601203,36.374596,53.876328,1.3328499,65.0195850631387
164747.83533734136,78.36535,-31.897465,33.579678,91.02840836042564
164765.91766867068,78.36535,-78.40124,14.110979,111.74525601786655
164784.0,-74.11315,-6.664249,18.956617,76.78883086583093
164801.75300601203,-78.40124,21.438063,-7.293584,81.60601292977513
164819.83533734136,-55.37907,69.664734,-1.170132,89.00216719975464
164837.91766867068,65.91265,45.209213,5.57069,80.12105189760035
164856.0,78.36535,-75.86715,48.576035,119.40093678889721
164873.75300601203,-22.012362,-44.93403,3.4960387,50.15808428809699
164891.83533734136,-78.40124,10.239254,5.8243384,79.28126937563394
164909.91766867068,-72.16054,72.43572,-10.054999,102.73840601206541
164928.0,72.12225,37.056576,9.212696,81.60687800360145
164946.75300601203,78.36535,-78.40124,44.46741,119.43715111416633
164964.83533734136,-68.54964,-23.835758,20.885302,75.52080735264532
164982.91766867068,-78.40124,38.30567,-33.763935,93.56325183730377
165001.0,-19.602703,75.86476,11.832931,79.24484860743044
165019.75300601203,78.36535,-43.71843,34.615807,96.18047253236308
165037.83533734136,31.617495,-68.43957,-1.9669704,75.41557998460532
165055.91766867068,-78.40124,9.679314,6.501531,79.26356955368688
165074.0,-44.627735,78.06145,-0.90451926,89.92242691578356
165091.75300601203,78.36535,-16.190416,30.394718,85.59846104443164
165109.83533734136,53.13931,-74.37398,0.97152066,91.41235704602146
165127.91766867068,-78.40124,-0.72983694,4.6972785,78.54521959230333
165146.0,-41.607887,78.35817,1.9334698,88.7409565635912
165163.75300601203,78.36535,-41.476276,37.255188,96.1735856894502
165181.83533734136,1.2275618,-55.04167,-11.820966,56.31010194924953
165199.91766867068,-78.40124,32.730198,-22.646482,87.92544251599266
165218.0,47.14747,69.080864,15.52758,85.06559491970768
165236.75300601203,78.36535,-78.40124,50.413788,121.7761574967327
165254.83533734136,-78.40124,-7.3462276,38.17885,87.51197678495842
165272.91766867068,-77.36511,78.36774,-22.012362,112.30052091971231
165291.0,78.36535,-42.89527,41.071873,98.32614617040338
165308.75300601203,-42.093647,-38.348743,5.6807637,57.225626109776165
165326.83533734136,-78.18349,54.744953,-58.89665,112.15383795829196
165344.91766867068,78.11888,42.005108,15.943947,90.11768947595624
165363.0,71.04544,-78.36295,1.7827165,105.78934046308953
165380.75300601203,-78.40124,15.910446,-18.29139,82.06382682758961
165398.83533734136,39.016365,75.40292,4.034443,84.99502228165996
165416.91766867068,78.36535,-78.40124,41.69164,118.43173290993298
165435.0,-78.40124,-7.085401,25.199715,82.65581030362976
165452.75300601203,-31.114985,78.36774,-1.8353605,84.33868336903762
165470.83533734136,78.36535,-78.40124,70.93536,131.6043609174472
165488.91766867068,-78.40124,-2.132081,41.11734,88.554705417633
165507.0,-36.453564,78.36774,-3.6922572,86.51010209357429
165525.75300601203,78.36535,-78.40124,66.120834,129.073030502176
165543.83533734136,-78.40124,-0.6101916,50.44968,93.23248886213813
165561.91766867068,-30.040567,78.36774,-2.3067634,83.95986836443151
165580.0,78.36774,-78.40124,62.722908,127.36726539508362
165597.75300601203,-78.40124,-0.72983694,23.5175,81.85572613902212
165615.83533734136,44.551163,77.688156,2.4814458,89.59025215162218
165633.91766867068,78.36535,-78.40124,15.446221,111.9217059257986
165652.0,-78.40124,21.009733,-53.802147,97.37984563593484
165669.75300601203,78.36535,36.702423,22.07697,89.30615062286769
165687.83533734136,4.76428,-57.72412,-13.95544,59.57790445531296
165705.91766867068,-78.40124,67.93466,-75.72118,128.43507917794733
165724.0,78.36774,-47.14029,67.322075,113.56043059225041
165741.75300601203,-78.40124,3.1706033,38.037666,87.19903206774217
165759.83533734136,-59.37044,78.36774,-24.383734,101.29619095644196
165777.91766867068,78.36535,-78.40124,71.021515,131.65081886207668
165796.0,-78.40124,-16.771893,-21.488316,83.00481041998052
165814.75300601203,76.726204,61.00719,19.071478,99.86244982499778
165832.83533734136,-28.664646,-39.9161,-28.896759,57.00859277529482
165850.91766867068,-78.40124,78.36774,-66.51088,129.27472399746054
165869.0,78.36535,-78.40124,78.40124,135.77421311757877
165886.75300601203,-78.40124,-10.232075,11.619962,79.91541346464192
165904.83533734136,78.36535,57.953842,32.110435,102.61995867799153
165922.91766867068,-44.922062,-27.858236,-17.927668,55.81643348765455
165941.0,-77.71448,78.36774,-61.67242,126.42994290528806
165959.75300601203,78.36535,-78.40124,67.83416,129.95905423273015
165977.83533734136,8.358428,78.36774,-68.71475,104.56138321053945
165995.91766867068,-78.40124,22.433514,-19.959246,83.95468113699387
166014.0,-78.40124,38.72204,78.40124,117.44320009620311
166031.75300601203,-78.40124,36.65696,74.7042,114.32936913855163
166049.83533734136,-78.40124,78.36774,-78.36774,135.7562513439171
166067.91766867068,78.36774,-32.19897,73.40485,112.10061706025974
166086.0,-78.40124,75.52736,78.40124,134.15621855003516
166104.75300601203,78.36535,-20.689083,76.81953,111.67097396111619
166122.83533734136,-40.562183,59.056973,-76.297874,104.66318515394079
166140.91766867068,-78.40124,63.610676,4.663778,101.06840930749756
166159.0,-78.40124,-28.030525,38.67418,91.80499422136916
166176.75300601203,-78.40124,-23.421785,-6.594855,82.09035606327245
166194.83533734136,-78.40124,-17.061434,16.948969,82.00679553449774
166212.91766867068,-11.052842,8.7053995,5.128002,14.974835599884502
166231.0,46.917747,-9.98082,15.951125,50.55027339386043
166248.75300601203,-24.000868,4.6733494,5.802802,25.13074552055924
166266.83533734136,13.268676,7.422801,8.097601,17.22576208571853
166284.91766867068,-9.071514,-2.7159507,9.317985,13.28508934547493
166303.0,10.555118,4.3885937,9.487881,14.855643928412013
166320.75300601203,-10.098072,3.3500714,7.7937016,13.188473040201604
166338.83533734136,7.8463454,-3.1562457,10.722621,13.656559748505867
166356.91766867068,2.68245,3.668328,9.959284,10.947123188798964
166375.0,-2.88824,-1.014593,10.595797,11.029154243116649
166393.75300601203,0.72983694,-0.24407662,9.961677,9.991358466582419
166411.83533734136,2.8547394,0.5240469,9.217482,9.663650273868358
166429.91766867068,2.1057591,1.483603,9.43045,9.775923815749682
166448.0,1.0433079,2.8068812,9.60274,10.058811507962353
166465.75300601203,0.36611494,3.3117847,9.724778,10.279750249774034
166483.83533734136,0.31825677,0.98827106,10.1842165,10.237003115099487
166501.91766867068,0.8351249,0.43072346,10.062179,10.105958763305706
166520.0,0.43072346,1.4022441,9.832459,9.941280662050549
166537.75300601203,-0.13160995,0.66283554,9.820495,9.84371851370462
166555.83533734136,0.39004403,0.9140909,9.932961,9.982555321475683
166573.91766867068,0.46901,1.4261732,9.82528,9.93931926516591
166592.0,-0.08614469,1.222776,9.856388,9.932320295899403
166610.75300601203,0.30389932,1.5075321,9.815709,9.935449209870074
166628.83533734136,0.28475606,1.2490981,9.909033,9.991509749393199
166646.91766867068,0.25125536,1.2610626,9.923389,10.006350852452082
166665.0,0.19861138,1.3137065,9.95689,10.045144584350579
166682.75300601203,0.20100428,1.1079165,9.873138,9.93713920897733
166700.83533734136,0.4091873,1.1414171,9.894675,9.96869402671577
166718.91766867068,0.2943277,1.277813,9.856388,9.94322982056134
166737.0,0.24886245,1.3352427,9.873138,9.966125603963022
166754.75300601203,0.28236315,1.2730271,9.86596,9.951758320388027
166772.83533734136,0.2991135,1.2299547,9.88271,9.963443902287718
166790.91766867068,0.28954187,1.170132,9.856388,9.929825164546006
166809.0,0.27518442,1.2802058,9.909033,9.995178255061457
166826.75300601203,0.3565433,1.1127023,9.954497,10.022835928828187
166844.83533734136,0.2991135,1.196454,9.894675,9.971236854855231
166862.91766867068,0.24168372,1.1222739,9.894675,9.961049296271916
166881.0,0.27757734,1.2299547,9.909033,9.988932512477126
166899.75300601203,0.22014755,1.2802058,9.909033,9.99381442839588
166917.83533734136,0.26082698,1.2060257,9.923389,9.999808895567826
166935.91766867068,0.32064968,1.2036327,9.88271,9.960898796689653
166954.0,0.2680057,1.2155973,9.894675,9.972667507072757
166971.75300601203,0.2584341,1.3089207,9.899461,9.988963393338285
166989.83533734136,0.27757734,1.2897775,9.846817,9.934806500917707
167007.91766867068,0.30150643,1.2036327,9.873138,9.950803574128305
167026.0,0.2919348,1.1797037,9.918604,9.99277899565785
167043.75300601203,0.33979294,1.0385221,9.935354,9.995261202168669
167061.83533734136,0.24407662,1.1653463,9.909033,9.980307630050454
167079.91766867068,0.16989647,1.2634555,9.913818,9.99544756117117
167098.0,0.31586388,1.1868824,9.899461,9.975359036778547
167116.75300601203,0.3278284,1.225169,9.904246,9.98511889598334
167134.83533734136,0.3517575,1.0911661,9.8922825,9.95849536106744
167152.91766867068,0.2680057,1.2155973,9.858782,9.9370562227716
167171.0,0.17228939,1.2490981,9.8922825,9.972320831037099
167189.75300601203,0.4450809,1.117488,9.947319,10.01978201985701
167207.83533734136,0.3254355,1.093559,9.863567,9.92933701284382
167225.91766867068,0.3230426,1.2419193,9.913818,9.99652476645015
167244.0,0.234505,1.2754201,9.906639,9.99115535375314
167261.75300601203,0.2392908,1.2897775,9.830067,9.917207435107924
167279.83533734136,0.24168372,1.2562767,9.830067,9.912964208145056
167297.91766867068,0.22493336,1.222776,9.861175,9.939242855632509
167316.0,0.35415038,1.1557746,9.832459,9.906487137443843
167333.75300601203,0.3852582,1.14381,9.8922825,9.96563988194303
167351.83533734136,0.3278284,1.1988469,9.86596,9.943936447458126
167369.91766867068,0.234505,1.2371335,9.916211,9.99583575737258
167388.0,0.17228939,1.2849916,9.901854,9.986370696268647
167405.75300601203,0.28236315,1.251491,9.853995,9.937161371920247
167423.83533734136,0.3278284,1.2084186,9.906639,9.985451579622904
167441.91766867068,0.27997026,1.2921704,9.853995,9.94229878595215
167460.0,0.30150643,1.2395264,9.875532,9.95758324628282
167478.75300601203,0.20100428,1.2682413,9.863567,9.946798111909832
167496.83533734136,0.12203831,1.2921704,9.928176,10.012655810459073
167514.91766867068,0.3613291,1.1773108,9.932961,10.009012621923526
167533.0,0.34457877,1.1462029,9.966462,10.038071548566842
167550.75300601203,0.34218585,1.2036327,9.8922825,9.971112068984871
167568.83533734136,0.2680057,1.3496002,9.763065,9.859547958669177
167586.91766867068,0.16032484,1.3663505,10.016713,10.110744634671587
167605.0,0.40200856,1.1462029,9.937747,10.011703521693532
167622.75300601203,0.45225963,0.99784267,10.229682,10.288178778973686
167640.83533734136,0.22014755,1.2921704,9.86596,9.952654721631166
167658.91766867068,0.26082698,1.457281,9.827674,9.93855496924643
167677.0,0.15553902,1.509925,9.832459,9.948935414357084
167695.75300601203,0.18425392,1.457281,9.861175,9.969974413238047
167713.83533734136,0.5814767,1.2634555,10.14593,10.240816887242108
167731.91766867068,0.3804724,1.5769265,9.73435,9.86858786027991
167750.0,-0.016750356,1.5482116,9.820495,9.941798719438333
167767.75300601203,0.7776951,1.6176059,9.84921,10.011413293855108
167785.83533734136,0.39482984,1.3400285,9.853995,9.95252653567885
167803.91766867068,0.03828653,1.8353605,9.583597,9.757835081704789
167822.0,0.27279153,1.8353605,10.662799,10.823042358699377
167839.75300601203,0.13878867,1.742037,10.117215,10.267034360540261
167857.83533734136,0.25364825,1.9454343,9.885103,10.077912153365576
167875.91766867068,0.45465255,1.6487137,9.626669,9.777408748812244
167894.0,0.7418015,1.3974583,10.27754,10.398605080357708
167911.75300601203,0.5527618,1.4955676,9.976034,10.10264927743535
167929.83533734136,0.54797596,1.6965718,10.289505,10.442822734793413
167947.91766867068,0.83751786,1.6104271,9.411307,9.584759311452865
167966.0,0.2632199,1.8736471,9.234232,9.426074410958066
167984.75300601203,0.5934412,2.0148287,9.674527,9.899908071387841
168002.83533734136,0.87819725,1.7540016,10.205753,10.392552444886633
168020.91766867068,1.1533817,1.7898953,9.631455,9.864022503415226
168039.0,1.0074143,1.8042527,8.990156,9.224593014417373
168056.75300601203,0.69155043,2.0722585,8.872903,9.13788295697994
168074.83533734136,0.4402951,2.2469406,8.9973345,9.28410630808925
168092.91766867068,0.40679437,2.165582,8.872903,9.14240858338746
168111.0,0.97152066,1.7731448,9.739136,9.94679168883464
168128.75300601203,0.92605543,1.9956853,10.375649,10.606339172743326
168146.83533734136,0.4139731,2.0866158,9.5907755,9.823864510249187
168164.91766867068,0.33740005,2.1536174,9.0571575,9.315793507754936
168183.0,0.46422416,1.9597918,29.341839,29.410879005429198
168200.75300601203,-0.21296883,-0.16750357,12.26844,12.271431587313451
168218.83533734136,0.47140288,1.1342385,9.971248,10.046616561194048
168236.91766867068,0.55754757,0.99784267,9.9425335,10.008022865956487
168255.0,0.36850783,1.1294526,9.923389,9.994253871187137
168273.75300601203,0.46422416,1.0959519,9.983212,10.053911501240963
168291.83533734136,0.49533197,0.96194905,9.770244,9.829972917299212
168309.91766867068,0.3517575,0.74658734,10.131573,10.16513145263668
168328.0,0.22493336,0.84230363,10.086107,10.123715959913191
168346.75300601203,0.5264398,0.49054617,10.102858,10.128450729311453
168364.83533734136,0.31825677,0.72744405,10.203361,10.234209198265013
168382.91766867068,0.36611494,0.97152066,9.947319,10.00135230005718
168401.0,0.4402951,1.1294526,10.179431,10.251357882470582
168418.75300601203,-0.033500712,2.057901,10.059786,10.268172826228701
168436.83533734136,0.51926106,2.8427749,10.148323,10.551751555681706
168454.91766867068,0.8159817,0.84230363,9.796566,9.866509359049028
168473.0,1.3113136,0.89494765,10.26079,10.382884285105247
168490.75300601203,1.1366314,2.471874,10.248825,10.60379676776045
168508.83533734136,1.0576653,0.6460852,8.990156,9.07518522548268
168526.91766867068,-0.17707519,2.7949166,8.798723,9.233658042975065
168545.0,-0.43072346,2.1751535,9.526167,9.780831925733393
168563.75300601203,-0.63651353,2.4886243,10.368471,10.681928255622415
168581.83533734136,0.9164838,2.524518,12.63934,12.92153432544241
168599.91766867068,2.1033661,-3.2376046,11.502709,12.1333650252208
168618.0,-0.54558307,3.9482985,7.810452,8.768687608512284
168635.75300601203,-0.885376,3.3117847,9.703242,10.291001597079562
168653.83533734136,-1.5194967,4.5967765,9.272519,10.46034574082636
168671.91766867068,-1.8784329,3.773616,7.994706,9.037920773147682
168690.0,-1.9454343,4.1971607,-0.10289505,4.6272518786592425
168707.75300601203,0.27518442,-0.8710185,-0.1196454,0.9212571378796185
168725.83533734136,0.016750356,-1.639142,-0.27279153,1.661770829395518
168743.91766867068,1.4142087,-6.1808815,3.5989337,7.290789130210366
168762.0,-1.0528796,-0.63651353,6.700143,6.812167140229181
168779.75300601203,0.885376,-4.371843,8.805902,9.871211268716165
168797.83533734136,0.2919348,-2.680057,9.739136,10.10537982844762
168815.91766867068,0.18903974,-2.5723763,9.66017,9.998586914209476
168834.0,0.12203831,-2.4766598,9.664956,9.977981338726773
168852.75300601203,0.34697166,-2.7015932,9.638634,10.01610006624761
168870.83533734136,0.36372203,-2.8236315,9.614705,10.027349639856215
168888.91766867068,0.18186101,-2.574769,9.6912775,10.02912600440963
168907.0,0.2967206,-2.134474,9.73435,9.970034718778082
168924.75300601203,0.7992313,-1.2682413,9.751101,9.865656459563468
168942.83533734136,1.2036327,-1.9932925,9.619491,9.897300327167331
168960.91766867068,0.43550926,-2.263691,9.686492,9.957012228831033
168979.0,0.32064968,-2.1464386,9.70085,9.940649154021788
168996.75300601203,0.4450809,-2.7398798,9.5907755,9.984388464868196
169014.83533734136,0.22014755,-2.3139422,9.722385,9.996377520729038
169032.91766867068,0.2943277,-2.7039862,9.619491,9.996638298140967
169051.0,0.2632199,-2.392908,9.705635,9.999732204686532
169069.75300601203,0.31107804,-2.7398798,9.571632,9.960916122969929
169087.83533734136,0.16271774,-2.3594074,9.724778,10.008225991221895
169105.91766867068,0.3230426,-2.761416,9.638634,10.03160207705762
169124.0,0.17228939,-2.4551237,9.7176,10.024423463531868
169141.75300601203,0.30629224,-2.6944146,9.607526,9.98289741576329
169159.83533734136,0.17946811,-2.4311945,9.669742,9.972302935927146
169177.91766867068,0.27757734,-2.6489491,9.664956,10.025235907249678
169196.0,0.22493336,-2.4694812,9.655384,9.968719707216685
169213.75300601203,0.2943277,-2.6178415,9.636241,9.989838012910447
169231.83533734136,0.22732627,-2.5364826,9.684099,10.013350820526357
169249.91766867068,0.2392908,-2.577162,9.650599,9.991650770518834
169268.0,0.19621846,-2.553233,9.648206,9.982253225337944
169285.75300601203,0.234505,-2.5604117,9.614705,9.952550070486804
169303.83533734136,0.19861138,-2.5867336,9.681706,10.023276324040483
169321.91766867068,0.19382556,-2.5723763,9.722385,10.058800040995743
169340.0,0.23211208,-2.5915194,9.636241,9.981332046793117
169358.75300601203,0.22493336,-2.5675905,9.621883,9.961111808318394
169376.83533734136,0.25604117,-2.5580187,9.633848,9.970960035893668
169394.91766867068,0.27757734,-2.60827,9.650599,10.000709106427527
169413.0,0.24646953,-2.6321988,9.672134,10.026933422831522
169431.75300601203,0.24407662,-2.5293038,9.681706,10.009614487059983
169449.83533734136,0.2368979,-2.5651975,9.657777,9.995449735292537
169467.91766867068,0.21775463,-2.579555,9.688885,10.028759326065037
169486.0,0.22254045,-2.5699832,9.724778,10.061095618741154
169503.75300601203,0.19382556,-2.579555,9.6912775,10.030579840056134
169521.83533734136,0.25604117,-2.5699832,9.631455,9.971724833048805
169539.91766867068,0.23211208,-2.5412683,9.621883,9.954524250608655
169558.0,0.24886245,-2.5819478,9.70085,10.041657118396587
169575.75300601203,0.22493336,-2.5963054,9.648206,9.993961965354183
169593.83533734136,0.25364825,-2.5819478,9.652991,9.995550366174635
169611.91766867068,0.20339718,-2.5460541,9.679314,10.010638411387895
169630.0,0.24886245,-2.5675905,9.698457,10.03566249310723
169648.75300601203,0.24407662,-2.5843408,9.624276,9.96820341341163
169666.83533734136,0.21296883,-2.5915194,9.650599,9.99476811046304
169684.91766867068,0.2057901,-2.5915194,9.652991,9.996927408554859
169703.0,0.2584341,-2.5484471,9.667349,10.000950329510802
169720.75300601203,0.25364825,-2.574769,9.655384,9.996009855214481
169738.83533734136,0.2584341,-2.5628045,9.667349,10.004618522315784
169756.91766867068,0.208183,-2.5460541,9.576418,9.911282124545735
169775.0,0.2584341,-2.5867336,9.67692,10.020017943487517
169792.75300601203,0.28714898,-2.5867336,9.667349,10.01155741839825
169810.83533734136,0.26082698,-2.5580187,9.633848,9.971084076977268
169828.91766867068,0.2368979,-2.5867336,9.662563,10.00562017375047
169847.0,0.23211208,-2.5843408,9.664956,10.007200800931425
169864.75300601203,0.26082698,-2.5843408,9.6912775,10.033329839392643
169882.83533734136,0.22732627,-2.5723763,9.719993,10.057189517051114
169900.91766867068,0.25604117,-2.577162,9.626669,9.968955666996417
169919.0,0.22014755,-2.5651975,9.636241,9.974259058589679
169937.75300601203,0.24407662,-2.5436614,9.621883,9.955421597299111
169955.83533734136,0.28475606,-2.6154485,9.67692,10.028182166088678
169973.91766867068,0.21536173,-2.5699832,9.645813,9.984633330974145
169992.0,0.24886245,-2.5604117,9.652991,9.989888679990278
170009.75300601203,0.22493336,-2.5628045,9.681706,10.017684013388381
170027.83533734136,0.24168372,-2.5819478,9.6912775,10.03223429971829
170045.91766867068,0.24886245,-2.5939124,9.703242,10.04705028197121
170064.0,0.24407662,-2.555626,9.6410265,9.976982991967505
170081.75300601203,0.2368979,-2.5819478,9.664956,10.006695235635252
170099.83533734136,0.24886245,-2.5628045,9.626669,9.965071773941283
170117.91766867068,0.21536173,-2.5484471,9.686492,10.018437530988102
170136.0,0.24407662,-2.579555,9.688885,10.029365380605128
170153.75300601203,0.25125536,-2.5963054,9.681706,10.02693183663048
170171.83533734136,0.234505,-2.579555,9.672134,10.012955243433678
170189.91766867068,0.22732627,-2.5723763,9.621883,9.962400791351591
170208.0,0.22014755,-2.577162,9.70085,10.039756951267048
170226.75300601203,0.234505,-2.577162,9.595561,9.938387569117538
170244.83533734136,0.234505,-2.5723763,9.679314,10.018045315051369
170262.91766867068,0.22971918,-2.577162,9.645813,9.986803457907484
170281.0,0.25604117,-2.5915194,9.664956,10.00964057113178
170298.75300601203,0.24646953,-2.5508401,9.667349,10.00125837746368
170316.83533734136,0.31347096,-2.5316968,9.674527,10.005209913021442
170334.91766867068,0.22254045,-2.5580187,9.66017,9.995592446190265
170353.0,0.2680057,-2.5364826,9.621883,9.954205317403508
170370.75300601203,0.25364825,-2.5675905,9.638634,9.977981950092628
170388.83533734136,0.24168372,-2.5651975,9.669742,10.007125440459077
170406.91766867068,0.22014755,-2.5891266,9.703242,10.045145434744216
170425.0,0.25364825,-2.5699832,9.684099,10.022520866768565
170443.75300601203,0.28954187,-2.5723763,9.636241,9.977880282573338
170461.83533734136,0.27518442,-2.5675905,9.624276,9.964684438800708
170479.91766867068,0.234505,-2.5460541,9.655384,9.988184232512324
170498.0,0.25604117,-2.574769,9.629062,9.970648298076709
170516.75300601203,0.2368979,-2.5340896,9.648206,9.978256848482532
170534.83533734136,0.2368979,-2.5651975,9.652991,9.990825495178647
170552.91766867068,0.23211208,-2.5939124,9.645813,9.99119442246645
170571.0,0.19861138,-2.6704855,9.6410265,10.006014754120544
170588.75300601203,2.5460541,-2.9097762,9.839638,10.572022748048608
170606.83533734136,0.24886245,-2.9935281,11.395028,11.784303378871982
170624.91766867068,0.5910483,-2.3259068,10.6269045,10.894506862971788
170643.0,-2.2325833,-4.16366,9.547704,10.652659032309955
170660.75300601203,-2.6369848,-0.58626246,10.095679,10.450843362067834
170678.83533734136,-1.9215052,-3.1586387,9.533346,10.225158513513652
170696.91766867068,0.17468229,-1.74443,9.629062,9.787358424374967
170715.0,-0.3517575,-1.3615648,10.059786,10.157602394719008
170733.75300601203,0.31825677,-2.4670882,10.323006,10.61848691830743
170751.83533734136,0.55036885,-1.7611804,9.846817,10.018206790832552
170769.91766867068,-1.117488,-2.3809435,10.480937,10.805910964759299
170788.0,0.4450809,-4.065551,13.249532,13.866394634517288
170805.75300601203,3.4721096,-1.2036327,18.260283,18.626384834181067
170823.83533734136,3.7472942,-2.1368668,15.238039,15.836863518633255
170841.91766867068,1.3926725,-2.6513422,13.350035,13.681834184603396
170860.0,2.3761578,1.3065279,13.512752,13.782148151049721
170877.75300601203,-0.27279153,0.45225963,13.888438,13.898477041446359
170895.83533734136,-1.9310769,0.24407662,12.8594885,13.00596308897486
170913.91766867068,0.416366,-0.8901618,10.775265,10.81998542033954
170932.0,-1.0313433,1.3328499,9.7415285,9.886229583349616
170949.75300601203,-3.8836899,1.0169859,6.1234517,7.322155985937046
170967.83533734136,-4.0033355,3.3931437,6.482388,8.340352119482363
170985.91766867068,-3.098816,2.7398798,2.5388756,4.853399966268945
171004.0,-5.283541,-0.86623275,0.088537596,5.354811255474745
171022.75300601203,-8.621648,1.6511066,0.68915755,8.805333915825655
171040.83533734136,-8.815474,-0.677193,12.60584,15.397349587170028
171058.91766867068,-5.3649,8.6455765,-19.629025,22.109427117815088
171077.0,-4.1014442,7.286405,-8.542682,11.953700602861971
171094.75300601203,-9.377807,5.953555,-7.310334,13.297708992861516
171112.83533734136,-7.1524024,7.032757,-10.342149,14.407518073935417
171130.91766867068,-6.322063,8.506788,-8.468502,13.56648254990648
171149.0,-10.43308,5.209361,-5.9511623,13.092094295247888
171166.75300601203,-7.7625937,6.147381,-8.334499,12.942643767462723
171184.83533734136,-3.2926416,4.5106316,-7.9061685,9.679606732061037
171202.91766867068,-0.5838696,2.8403819,-7.425194,7.971334830835284
171221.0,5.7190504,0.68915755,-12.495766,13.759601866813522
171238.75300601203,-0.6795859,3.2328188,-9.889889,10.427025406194868
171256.83533734136,-1.4883888,4.1110163,-8.9973345,10.003388643040985
171274.91766867068,1.0504867,3.0533507,-9.021263,9.581735694499008
171293.0,2.0914016,3.3644288,-6.0684147,7.246999294461681
171311.75300601203,1.5123179,4.972463,-8.569004,10.021991981090656
171329.83533734136,2.5221252,-3.7592585,-0.28475606,4.53588205402257
171347.91766867068,-3.2519622,2.6489491,-6.712107,7.91483227011594
171366.0,1.6511066,3.2399976,-10.224896,10.852291724027019
171383.75300601203,0.89734054,4.7523155,-9.1480875,10.347812694667603
171401.83533734136,-0.2656128,5.527618,-9.775029,11.232822568895534
171419.91766867068,-0.110073775,4.9078546,-9.121766,10.358849741618995
171438.0,-0.3565433,3.462538,-9.478309,10.0972587381774
171455.75300601203,-0.87580436,3.1825678,-11.210774,11.68662589277452
171473.83533734136,-0.5623334,3.7879734,-11.351956,11.980478552954347
171491.91766867068,0.34218585,4.6542063,-7.707557,9.01028092498502
171510.0,0.33979294,4.3838077,-6.8867893,8.170746358518764
171528.75300601203,1.380708,5.8004093,-6.99447,9.190958231310296
171546.83533734136,-0.5240469,4.5417395,-7.7721653,9.017126831190962
171564.91766867068,-1.7492158,3.7114005,-8.1119585,9.090551154473095
171583.0,-0.6125845,6.2119894,-7.5089455,9.764647182429218
171601.75300601203,1.0217718,5.3577213,-8.0114565,9.691884769803094
171619.83533734136,-3.0892444,3.5510757,-6.9705415,8.410827449976852
171637.91766867068,-0.11246668,5.518046,-8.530717,10.160443540826119
171656.0,2.2517266,10.346934,-2.7709875,10.945669810781787
171673.75300601203,1.742037,9.0978365,-0.6795859,9.288011567907311
171691.83533734136,0.442688,7.37255,-5.0825367,8.965636925210104
171709.91766867068,-1.3783151,5.42233,-9.073908,10.660076056776143
171728.0,-2.4407663,7.209832,-8.219639,11.202744435617582
171745.75300601203,-0.90451926,7.394086,-8.669506,11.43026671391105
171763.83533734136,0.64129937,8.104779,-9.990392,12.880475140089647
171781.91766867068,3.4003224,7.7171288,-4.50106,9.559069539622108
171800.0,1.5266753,9.459166,-5.472581,11.034296610511568
171818.75300601203,2.5173392,9.497452,-2.6968074,10.1887860558977
171836.83533734136,2.6944146,7.037543,3.1586387,8.170916714217558
171854.91766867068,-0.2680057,6.0397,-5.436687,8.130643804841133
171873.0,0.96434194,7.0423284,-4.9604983,8.667807569102605
171890.75300601203,1.1892753,8.2124605,-5.565904,9.991905250775067
171908.83533734136,-0.5599405,8.868117,-5.7932305,10.607476236851038
171926.91766867068,1.4620669,10.232075,-5.053822,11.50539504899265
171945.0,1.1868824,8.662328,-4.9102473,10.027718821255961
171962.75300601203,1.9502201,6.975327,-5.4701877,9.076425434531167
171980.83533734136,0.7202653,6.690571,-4.5225964,8.107798752171766
171998.91766867068,0.78008807,7.130866,-4.869568,8.670091107568382
172017.0,0.9834852,7.106937,-5.3218274,8.932952677361433
172034.75300601203,0.6269419,8.164602,-5.305077,9.75692697217257
172052.83533734136,-0.052643977,8.925548,-5.1208234,10.290335795425042
172070.91766867068,0.7968384,9.509417,-5.362507,10.946252529548756
172089.0,0.8925547,9.593168,-5.805195,11.248369444356861
172107.75300601203,2.0866158,9.016478,-6.412994,11.259544087809667
172125.83533734136,0.859054,8.518753,-5.391222,10.117924742910919
172143.91766867068,0.3804724,8.372786,-4.6422415,9.58116437565289
172162.0,0.40679437,8.736507,-4.7834234,9.968609514078693
172179.75300601203,0.42833054,8.391929,-4.2856984,9.432664001664653
172197.83533734136,0.66283554,8.229211,-4.5537043,9.428440352860411
172215.91766867068,0.37329367,7.860703,-4.630277,9.130688085516889
172234.0,0.5599405,9.686492,-4.7594943,10.807147941123816
172251.75300601203,-1.978935,9.504631,-5.199789,11.013264721457801
172269.83533734136,-0.2392908,10.279933,-8.088029,13.08244991109443
172287.91766867068,0.67240715,9.861175,-6.97772,12.098904088982444
172306.0,-1.5697477,6.690571,-6.5804973,9.514767094522261
172323.75300601203,0.55754757,7.6453414,-6.408208,9.991357975101828
172341.83533734136,-4.7212076,5.6137624,-2.998314,7.924267557859686
172359.91766867068,-0.009571632,4.371843,-0.055036888,4.3721998915681874
172378.0,-0.32064968,8.317748,-7.006435,10.880159898549888
172396.75300601203,-0.40200856,5.8937325,-4.625491,7.502856832897089
172414.83533734136,-2.268477,5.393615,-7.209832,9.285405114262812
172432.91766867068,1.0768087,6.3412066,-0.81119585,6.482935818542126
172451.0,2.8834543,6.2861695,-4.216304,8.099842906089892
172468.75300601203,2.4670882,6.9418263,-6.2383113,9.653600594682722
172486.83533734136,-0.5312256,10.818337,-2.4814458,11.111984041655298
172504.91766867068,4.170839,15.553903,-7.8128448,17.89861280563991
172523.0,-0.14357449,6.0755935,-5.1016803,7.934771067575238
172540.75300601203,-8.312963,8.865725,-9.260554,15.279538409320814
172558.83533734136,-2.7973096,8.583362,-3.5080032,9.685304882785383
172576.91766867068,-0.58626246,7.7960944,-8.224425,11.347420770657164
172595.0,0.78248096,7.106937,1.691786,7.347310381665356
172612.75300601203,-0.94280577,7.5352674,-6.2311325,9.823245377267348
172630.83533734136,-0.002392908,6.3651357,-7.760201,10.036716483283973
172648.91766867068,4.685314,-7.4706593,55.740402,56.433636536881764
172667.0,-1.2490981,9.310805,-2.5723763,9.74004392393845
172685.75300601203,2.0698655,8.937511,-4.132552,10.061880147165104
172703.83533734136,1.3256711,9.906639,-3.206497,10.496691057314454
172721.91766867068,1.6223917,9.818102,-3.7257578,10.625843632149579
172740.0,1.3448143,8.791544,-3.802331,9.672512209296068
172758.75300601203,1.0911661,9.853995,-2.9121692,10.333082326549171
172776.83533734136,1.770752,10.847053,-2.290013,11.2266772007786
172794.91766867068,0.9547703,8.116744,-3.8956544,9.053686690599442
172813.0,0.016750356,7.310334,-0.9858781,7.376531664274324
172830.75300601203,1.8305746,7.1954746,-5.1638956,9.043875046301208
172848.83533734136,2.9624202,5.6448703,-1.5936768,6.571171880878507
172866.91766867068,1.718108,9.179195,-5.2955055,10.735543509679388
172885.0,0.8614469,9.794173,-4.7977805,10.94013771584384
172903.75300601203,0.9739136,10.102858,-5.0322857,11.32873103374131
172921.83533734136,-6.4608517,11.603211,-3.9506912,13.855867751883002
172939.91766867068,-0.9571632,8.913583,-5.62812,10.5850771382982
172958.0,7.8559175,7.9372764,-5.604191,12.49490909055701
172975.75300601203,-1.9932925,7.24094,-4.194768,8.602354657184291
172993.83533734136,7.965991,7.9635983,-5.805195,12.67186645620403
173011.91766867068,35.565792,-22.443085,3.7257578,42.21965059174163
173030.0,7.4371586,9.373021,-16.7695,20.600509240258965
173047.75300601203,-2.0196145,12.68002,-4.402951,13.573788249321236
173065.83533734136,4.166053,5.0825367,-6.613998,9.323794637896091
173083.91766867068,2.8475606,6.987292,-5.465402,9.316730643607787
173102.0,1.4859959,6.78868,-4.769066,8.42842514765201
173119.75300601203,4.668564,6.712107,-3.2854629,8.811477553102057
173137.83533734136,-2.835596,10.669977,-5.989449,12.560354819006747
173155.91766867068,1.8114314,9.387379,-5.1830387,10.875111878608175
173174.0,2.9073834,7.889418,-19.547667,21.279264079291103
173192.75300601203,-0.09093051,6.484781,-5.697514,8.632631044809331
173210.83533734136,-2.6656997,8.633613,-5.1758604,10.413201198701447
173228.91766867068,1.1892753,8.566611,-4.1732316,9.602971506348942
173247.0,1.9334698,12.012399,-2.811667,12.487654164077497
173264.75300601203,5.1662884,11.825752,-3.3548572,13.333942141387533
173282.83533734136,7.5352674,15.539545,-1.8736471,17.37147855111551
173300.91766867068,0.12921704,8.0617075,-2.1009734,8.331981402193009
173319.0,-6.944219,8.308177,-2.8738825,11.202998848839371
173336.75300601203,-5.984663,9.088264,-3.668328,11.483438686771876
173354.83533734136,-0.7992313,9.739136,-2.7805593,10.159776115555509
173372.91766867068,0.46422416,8.277069,-2.5460541,8.672241162560892
173391.0,-1.0050215,9.1480875,-2.6633067,9.580750268187947
173408.75300601203,-3.3381069,10.55751,0.7657306,11.099113407281862
173426.83533734136,-0.004785816,19.636204,-6.3914576,20.650212122064232
173444.91766867068,-0.6484781,8.880082,-2.165582,9.163303201991496
173463.0,-0.48815325,7.370157,-4.271341,8.532400701937032
173481.75300601203,-1.117488,7.4012647,-3.101209,8.102159949747419
173499.83533734136,-3.2734983,16.874788,0.92605543,17.214291731711747
173517.91766867068,-7.8128448,12.876239,-0.6125845,15.073597262221394
173536.0,0.46661708,8.810688,-5.367293,10.32733211824529
173553.75300601203,0.69155043,18.822615,5.5060816,19.62360853720122
173571.83533734136,-4.4890957,9.530953,-1.9406484,10.712476907997985
173589.91766867068,-0.31825677,12.191867,-0.62454903,12.212001056674282
173608.0,-0.703515,10.263183,-1.0768087,10.343470192498728
173625.75300601203,-0.81358874,8.470895,-1.3687434,8.61924864671645
173643.83533734136,-0.78248096,2.9049904,-3.9171906,4.939193038704101
173661.91766867068,-1.5529974,10.591011,-2.3737648,10.964309109663354
173680.0,-8.107173,10.614941,27.96113,30.98754616555351
173697.75300601203,-1.2443122,9.380199,-1.5649619,9.590909856688334
173715.83533734136,1.6295704,9.440022,-3.2136755,10.104317159924287
173733.91766867068,-0.51926106,7.205046,-1.7659662,7.436461290835229
173752.0,0.45465255,5.125609,-6.8389316,8.558595795548536
173770.75300601203,7.9492407,8.222033,-7.099758,13.461011032540961
173788.83533734136,0.057429794,6.975327,-7.4706593,10.221019289427272
173806.91766867068,-11.911897,36.15684,-23.053276,44.504650355399775
173825.0,16.513458,15.503652,-7.004042,23.708946091984604
173843.75300601203,-0.6484781,9.325163,-4.4914885,10.370759748850652
173861.83533734136,3.95787,9.234232,-5.96552,11.684314461581561
173879.91766867068,2.763809,9.303627,-2.28762,9.971425214482132
173898.0,-0.13160995,6.4441013,-0.703515,6.483725479909347
173915.75300601203,3.2328188,7.7937016,-2.3091564,8.747862899196408
173933.83533734136,1.7803236,10.236861,-6.271812,12.136659384582808
173951.91766867068,1.3400285,11.143773,-10.6771555,15.491320235135593
173970.0,1.586498,10.361292,-4.5489182,11.426548236609307
173987.75300601203,1.9215052,8.808294,-6.0684147,10.867561014102433
174005.83533734136,1.8425392,9.406522,-4.170839,10.453396806968616
174023.91766867068,1.4189945,8.863332,-4.5848117,10.079320307327828
174042.0,2.526911,9.17441,-4.4364514,10.49938946199173
174060.75300601203,3.0916374,8.121531,-3.82626,9.495143663191186
174078.83533734136,2.7183435,9.370628,-3.62047,10.407010306484578
174096.91766867068,4.0559793,9.925783,-3.5510757,11.29523239567243
174115.0,2.8810613,9.2485895,-3.720972,10.377020505841353
174132.75300601203,3.1993182,7.217011,-4.714029,9.194724255344108
174150.83533734136,3.5845764,7.7697725,-3.4290373,9.218288858241777
174168.91766867068,2.8906329,10.179431,-2.6226273,10.902052467358093
174187.0,2.7518444,8.662328,-3.749687,9.832025558315253
174204.75300601203,3.5391111,8.61447,-4.2809124,10.24990788912354
174222.83533734136,3.15146,7.554411,-4.402951,9.294450128809235
174240.91766867068,3.3357139,7.674056,-3.0533507,8.907360619789664
174259.0,2.371372,7.207439,-3.5056105,8.358222722494014
174277.75300601203,2.708772,7.0734363,-3.0150642,8.15239590355273
174295.83533734136,2.1823323,6.618784,-2.2230117,7.31523457755226
174313.91766867068,0.3852582,11.117451,-10.488116,15.288777513180191
174332.0,1.718108,8.406286,-4.527382,9.701274513556658
174349.75300601203,-0.15793194,9.346699,-4.6015625,10.419217923418215
174367.83533734136,2.7446656,9.315591,-7.7673798,12.435658964950445
174385.91766867068,6.8915753,6.611605,-4.6661706,10.629218167856912
174404.0,4.271341,8.726935,-5.123216,10.984129033071397
174421.75300601203,1.9597918,8.597719,-4.7475295,10.01501833526422
174439.83533734136,1.2610626,7.310334,2.2947989,7.765137736326122
174457.91766867068,3.3859649,7.4634805,-0.9763065,8.253573399434606
174476.0,4.874354,9.846817,-2.2014754,11.205606895015109
174493.75300601203,3.8693323,8.214853,-2.1584032,9.333501306219574
174511.83533734136,5.384043,8.746079,-8.126316,13.096519714486975
174529.91766867068,8.147852,4.9150333,-0.1196454,9.516268153838146
174548.0,-1.8640754,6.396243,-5.518046,8.650753335406701
174566.75300601203,-1.2562767,6.0755935,-2.500589,6.68909656613852
174584.83533734136,6.980113,3.460145,-6.8293595,10.360247684975212
174602.91766867068,2.0866158,7.597483,-4.536954,9.09173608450084
174621.0,3.0868514,5.4821525,-3.771223,7.335173516329877
174638.75300601203,3.1323166,7.1236873,-4.3287706,8.904862881495774
174656.83533734136,6.247883,6.2095966,-5.5132604,10.39188010682517
174674.91766867068,6.5230675,5.4582233,-7.185903,11.134622271439122
174693.0,3.9435124,5.989449,-7.16676,10.138404128370242
174710.75300601203,3.5295393,5.9009113,-14.376592,15.936273070425726
174728.83533734136,3.6635423,5.805195,-7.7386646,10.344503901261165
174746.91766867068,3.6946502,8.044957,-6.257455,10.84101085274035
174765.0,5.7956233,7.9205256,-5.4534373,11.227820518728892
174782.75300601203,6.7599654,7.367764,-5.8482676,11.583752090324747
174800.83533734136,4.8767467,8.537896,-5.805195,11.418345566271933
174818.91766867068,3.5462897,9.210303,0.1459674,9.870519665650733
174837.0,7.2337613,4.625491,-5.5850477,10.242813448839824
174855.75300601203,4.8049593,6.9370403,-3.309392,9.064338773906488
174873.83533734136,4.0799084,7.6381626,-5.884161,10.469504817819718
174891.91766867068,7.142831,3.8190813,-6.307706,10.266088430020789
174910.0,10.102858,0.5288327,-5.5611186,11.54441180294688
174928.75300601203,2.7518444,9.193553,-7.348621,12.087030030874471
174946.83533734136,6.4943523,4.544132,-5.83391,9.841760681810918
174964.91766867068,3.6755068,7.654913,-6.4799953,10.681637625497194
174983.0,5.568297,6.6594634,-5.941591,10.519357768772272
175000.75300601203,6.1880603,6.1928463,-5.1973963,10.181176939387385
175018.83533734136,5.3768644,6.594855,-5.4893312,10.125983422379566
175036.91766867068,6.642713,5.2189326,-5.2428617,9.94235848725234
175055.0,6.221561,6.4297442,-4.57524,10.048992626714115
175072.75300601203,6.1569524,7.0088277,-5.2213254,10.690835679068227
175090.83533734136,6.070808,6.384279,-5.2213254,10.240896789607351
175108.91766867068,6.331635,6.8365383,-3.7879734,10.058657971106257
175127.0,5.6329055,6.8604674,-5.2261114,10.300867812160439
175145.75300601203,5.21654,5.7501583,-3.773616,8.632310684985503
175163.83533734136,5.6376915,4.2569833,-1.8353605,7.298905426885006
175181.91766867068,5.206968,4.6494203,-4.307235,8.202554371919828
175200.0,7.44673,7.1260805,-4.6589923,11.311101636747834
175217.75300601203,5.2883267,5.757337,-4.036836,8.798259686346947
175235.83533734136,6.066022,5.9942346,-4.57524,9.677824776359675
175253.91766867068,7.8272023,4.3646646,-4.1229806,9.86480420198976
175272.0,6.824574,5.388829,-4.513025,9.797024187136724
175289.75300601203,7.604662,6.769537,-4.0296574,10.949687396907171
175307.83533734136,6.200025,4.5178103,-3.3261423,8.36146772446443
175325.91766867068,2.8834543,6.042093,-5.6903353,8.786416354081087
175344.0,9.01887,4.6446347,2.6010911,10.472741879939719
175361.75300601203,7.1763315,5.0849295,-4.714029,9.978893286868214
175379.83533734136,7.3318706,6.2813835,-4.587205,10.68899222944996
175397.91766867068,5.8004093,5.3002915,-3.929155,8.784992717499756
175416.0,6.2622404,4.582419,-4.7594943,9.103131588123158
175434.75300601203,5.8698034,6.9705415,-4.376629,10.109298796727439
175452.83533734136,6.147381,7.0088277,-3.9937637,10.142194406482552
175470.91766867068,6.374707,6.4225655,-3.8597608,9.837885462377365
175489.0,6.221561,5.259612,-3.646792,8.92582946053357
175506.75300601203,5.180646,6.2407045,-4.55849,9.304048404524574
175524.83533734136,6.1497736,4.137338,-3.280677,8.105561216586421
175542.91766867068,4.242626,7.599876,-3.9411197,9.554601775112351
175561.0,6.463245,5.726229,-3.9626558,9.500835514823928
175578.75300601203,4.792995,6.0516644,-5.053822,9.226947484836812
175596.83533734136,6.3938503,5.333792,-4.44363,9.438035088670421
175614.91766867068,5.857839,6.439316,-4.2545905,9.689200618238187
175633.0,4.9269977,7.4850163,-4.8552103,10.191851765223879
175651.75300601203,6.0516644,6.5182815,-4.23784,9.852406994692698
175669.83533734136,6.556568,6.544604,-4.5034533,10.300559066415808
175687.91766867068,6.2430973,7.061472,-4.7020645,10.533283498805657
175706.0,6.250276,6.901147,-4.8456388,10.49628483663865
175723.75300601203,6.125845,6.7312503,-4.2354474,10.038661377068252
175741.83533734136,5.7645154,6.5278535,-3.7353296,9.476032731841716
175759.91766867068,6.2837768,6.6786065,-3.1371026,9.691803154056899
175778.0,6.1306305,6.764751,-3.254355,9.69212633458501
175795.75300601203,6.322063,6.7551794,-3.0318146,9.736160900012207
175813.83533734136,6.357957,7.2529044,-3.0844586,10.126308523075046
175831.91766867068,6.6809993,7.5113387,-3.256748,10.567041603411154
175850.0,6.7408223,7.396479,-3.5175748,10.607540683457845
175867.75300601203,6.5972476,7.707557,-3.8956544,10.867669207709357
175885.83533734136,6.489567,7.2194037,-3.9674416,10.486890029006371
175903.91766867068,6.1067014,7.0949726,-3.5821834,10.023097130864706
175922.0,5.652049,7.2959766,-3.4864671,9.865717677165254
175940.75300601203,5.355328,7.468266,-3.5175748,9.840115218224584
175958.83533734136,4.9030685,7.7434506,-3.3452854,9.756640934142537
175976.91766867068,4.714029,7.647734,-3.436216,9.61860099735159
175995.0,4.848032,7.573554,-3.5032175,9.650630410302025
176013.75300601203,4.891104,7.374943,-3.6874714,9.58697699579398
176031.83533734136,5.077751,6.798252,-4.2067323,9.470817394362975
176049.91766867068,5.204575,6.927469,-4.2976627,9.671986991283502
176068.0,5.1878247,7.4515157,-3.8836899,9.87530549323101
176085.75300601203,5.161503,7.4945884,-3.7951522,9.85967285083985
176103.83533734136,5.75973,7.473052,-3.4027152,10.029928544108131
176121.91766867068,5.149538,7.288798,-3.2902486,9.511574724936452
176140.0,5.826731,7.379729,-3.4433947,10.013399089209923
176157.75300601203,5.9822702,7.1404376,-3.7855806,10.055049793233158
176175.83533734136,6.1856675,7.379729,-3.8621538,10.374927204990486
176193.91766867068,6.2909555,7.496981,-4.144517,10.628163829214822
176212.0,6.0181637,7.5137315,-4.381415,10.576920760614355
176230.75300601203,5.7190504,7.293584,-3.9817991,10.087548221225857
176248.83533734136,5.534796,7.217011,-3.3357139,9.68742492917443
176266.91766867068,5.3744717,7.3031554,-3.177782,9.608294504758586
176285.0,5.1878247,7.523303,-3.2519622,9.699941819308398
176302.75300601203,5.317042,7.681235,-3.6611493,10.03375906387429
176320.83533734136,5.398401,7.630984,-3.7018287,10.053764761978504
176338.91766867068,5.391222,7.5161242,-3.8836899,10.031971136445302
176357.0,5.2452545,6.9131117,-3.8669395,9.500369952960115
176374.75300601203,5.616155,6.4656377,-3.594148,9.287818242062572
176392.83533734136,5.8434815,6.116273,-3.515182,9.160326192035699
176410.91766867068,5.7740874,6.5039244,-3.567826,9.400558508409494
176429.0,5.728622,6.86286,-3.7353296,9.68858321010457
176446.75300601203,5.4558306,6.692964,-3.955477,9.49777094579151
176464.83533734136,6.09713,6.355564,-4.1277666,9.726594732951074
176482.91766867068,5.936805,5.89134,-4.1851964,9.352508193538135
176501.0,5.6879425,6.8532887,-4.1732316,9.835452093121724
176519.75300601203,5.355328,7.0901866,-4.524989,9.971249142435694
176537.83533734136,5.721443,7.231368,-4.6542063,10.32904784753332
176555.91766867068,5.6424775,6.9466124,-4.120588,9.852523617814068
176574.0,5.649656,6.58289,-3.6635423,9.416718953771811
176591.75300601203,5.5371895,6.558961,-3.3692145,9.221282085775357
176609.83533734136,5.393615,6.99447,-3.464931,9.487857512836394
176627.91766867068,5.55394,7.157188,-4.039229,9.919020138369767
176646.0,5.5635114,7.2505116,-4.039229,9.991894138455708
176663.75300601203,5.6831565,7.1691527,-4.2091255,10.070340397134537
176681.83533734136,5.6089764,7.362978,-3.9913707,10.079935582584813
176699.91766867068,5.173467,7.441944,-4.166053,9.97513352782979
176718.0,5.6951213,7.7003784,-4.8097453,10.717456973357642
176736.75300601203,5.996628,7.942062,-4.5728474,10.952023992208689
176754.83533734136,5.814767,7.934883,-4.453202,10.798374486041036
176772.91766867068,4.618313,8.293819,-4.3168063,10.42837787973037
176791.0,5.2141466,7.1260805,-3.8836899,9.646315115013287
176808.75300601203,5.049036,6.64032,-3.7640445,9.151756401351395
176826.83533734136,4.9030685,6.6283555,-3.936334,9.136186442363602
176844.91766867068,4.6996713,5.620941,-4.218697,8.45454270977051
176863.0,5.0945015,6.793466,-3.7114005,9.267125740921966
176880.75300601203,4.8887115,7.6453414,-3.720972,9.807975218034057
176898.83533734136,3.5319324,8.233996,-4.108623,9.856673858980765
176916.91766867068,5.6927285,6.877218,-3.6515777,9.645584735689877
176935.0,6.901147,6.4704237,-3.670721,10.147236344590171
176952.75300601203,5.565904,7.288798,-4.175625,10.076790548713662
176970.83533734136,5.266791,7.525696,-4.3838077,10.17806256969745
176988.91766867068,4.9150333,7.628591,-4.5034533,10.13084619420662
177007.0,4.3790216,7.853524,-4.766673,10.177172538616587
177025.75300601203,4.400558,7.367764,-4.481917,9.681757953282503
177043.83533734136,4.2306614,7.099758,-3.876511,9.128658010525696
177061.91766867068,4.524989,7.4084435,-3.3644288,9.310206318502436
177080.0,4.8599963,7.262476,-3.1993182,9.3058454012218
177098.75300601203,5.472581,7.6955924,-3.0413861,9.92075171535766
177116.83533734136,5.156717,8.128709,-3.177782,10.137353632200764
177134.91766867068,5.498903,8.076065,-3.3763933,10.337349360639744
177153.0,5.577869,8.186138,-3.8884757,10.641697289704094
177170.75300601203,5.829124,8.128709,-4.0440145,10.789284030475205
177188.83533734136,5.494117,7.8487387,-4.4603806,10.56801854121306
177206.91766867068,5.4510446,7.8487387,-4.3096275,10.482818113504742
177225.0,4.8815327,7.0662575,-4.730779,9.805183654797933
177242.75300601203,4.5895977,6.9968634,-4.7451367,9.619606373848763
177260.83533734136,4.371843,7.2289753,-4.5919905,9.615480843761759
177278.91766867068,4.213911,7.0519004,-4.4986672,9.36612789490924
177297.0,4.1851964,7.006435,-4.2545905,9.203669954886921
177315.75300601203,4.2521977,7.0279713,-3.9004402,9.093239226331013
177333.83533734136,4.398165,7.0782223,-3.7568657,9.141068109541619
177351.91766867068,4.5704546,7.1978674,-4.189982,9.500226287776934
177370.0,4.7547083,7.4347653,-3.7927594,9.605623870965452
177387.75300601203,4.792995,7.599876,-3.6372204,9.693311535464913
177405.83533734136,4.8767467,7.9444547,-3.5534685,9.976179491007828
177423.91766867068,4.9389625,7.9253116,-3.926762,10.130319557553198
177442.0,4.9628916,7.678842,-4.070337,10.008124239231025
177459.75300601203,4.917426,7.5400534,-4.0990515,9.89119340322389
177477.83533734136,4.788209,7.6118407,-4.082301,9.875841519812806
177495.91766867068,4.6661706,7.6955924,-4.319199,9.982523251004384
177514.0,4.245019,7.853524,-4.381415,9.944587619965043
177531.75300601203,4.29527,7.958812,-4.5393467,10.119174931141615
177549.83533734136,4.4292727,7.449123,-4.070337,9.57473411712635
177567.91766867068,4.8576035,7.592697,-4.084694,9.89596304412346
177586.0,4.766673,7.6333766,-3.8142955,9.774377727900472
177604.75300601203,4.8288884,7.803273,-3.9387267,9.98613041720748
177622.83533734136,4.785816,7.9635983,-4.168446,10.183264443415721
177640.91766867068,4.7762446,8.205282,-4.1277666,10.352662569727109
177659.0,4.70685,8.147852,-4.2330546,10.31797850273905
177676.75300601203,4.7451367,7.599876,-4.118195,9.860728551942188
177694.83533734136,4.5895977,7.7171288,-3.7807949,9.742324878564702
177712.91766867068,4.582419,7.729093,-3.6587565,9.70174941031267
177731.0,4.613527,7.525696,-3.6061125,9.535448548799435
177748.75300601203,4.331164,7.5400534,-3.8454032,9.50781324176689
177766.83533734136,4.2617693,7.678842,-4.036836,9.665574836412086
177784.91766867068,4.36945,7.6214123,-4.2665553,9.766345932694039
177803.0,4.3670573,7.5161242,-4.0990515,9.610699019892422
177820.75300601203,4.3550925,7.7195215,-3.8166883,9.650127069208747
177838.83533734136,4.5034533,7.8248096,-3.5797906,9.71203571046675
177856.91766867068,4.6278844,7.8128448,-3.6898644,9.801681344495838
177875.0,4.5345607,7.9875274,-3.6635423,9.888598327954501
177893.75300601203,4.6446347,7.9827414,-3.8166883,9.993192749820997
177911.83533734136,4.6398487,7.8559175,-3.7377224,9.85972638896028
177929.91766867068,4.5848117,7.7721653,-3.771223,9.780039605784323
177948.0,4.630277,7.9324903,-3.5989337,9.864896919548567
177965.75300601203,4.6207056,7.896597,-3.433823,9.772323409384759
177983.83533734136,4.6948857,7.8630958,-3.5032175,9.80524146303131
178001.91766867068,4.7259936,7.7721653,-3.7592585,9.842438388305375
178020.0,4.711636,7.729093,-3.9626558,9.881347751618634
178037.75300601203,4.6159196,7.753022,-4.0057282,9.872280501405102
178055.83533734136,4.556097,7.7937016,-4.1277666,9.926644025415998
178073.91766867068,4.5154176,7.78413,-4.020086,9.856103053777682
178092.0,4.3646646,7.6573057,-3.902833,9.639332605509297
178110.75300601203,4.3526998,7.6668777,-3.8980472,9.639594451485246
178128.83533734136,4.345521,7.815238,-3.776009,9.70668541398999
178146.91766867068,4.4890957,7.8008804,-3.720972,9.739165664657659
178165.0,4.637456,7.8511314,-3.5319324,9.778589309822339
178183.75300601203,4.6733494,7.918133,-3.5510757,9.856326062346957
178201.83533734136,4.773852,7.903775,-3.5582542,9.895478519017997
178219.91766867068,4.78103,7.942062,-3.6946502,9.979230269570095
178238.0,4.7403507,7.889418,-3.9147975,10.00197383538473
178255.75300601203,4.7236004,7.9277043,-3.82626,9.990053142737462
178273.83533734136,4.613527,7.8630958,-3.7353296,9.852187277977556
178291.91766867068,4.6015625,7.808059,-3.6731138,9.779157825530667
178310.0,4.524989,7.7458434,-3.6611493,9.689046889366107
178327.75300601203,4.5728474,7.7721653,-3.5845764,9.703951502436922
178345.83533734136,4.57524,7.6955924,-3.6085055,9.652785887404113
178363.91766867068,4.544132,7.6166263,-3.6372204,9.586005636627377
178382.0,4.5537043,7.6764493,-3.6946502,9.659944969184297
178400.75300601203,4.637456,7.805666,-3.668328,9.792397570108967
178418.83533734136,4.6948857,7.884632,-3.7472942,9.912193870826082
178436.91766867068,4.7044573,7.8511314,-3.7185793,9.879271975099062
178455.0,4.737958,7.8248096,-3.7281508,9.87800585510845
178472.75300601203,4.714029,7.85831,-3.7377224,9.896750689413306
178490.83533734136,4.656599,7.8774533,-3.7975452,9.907549358268417
178508.91766867068,4.769066,7.748236,-3.7185793,9.828885167425678
178527.0,4.7259936,7.7625937,-3.7592585,9.834881846181117
178544.75300601203,4.6900997,7.8630958,-3.6731138,9.864941750647501
178562.83533734136,4.6039553,7.922919,-3.5103962,9.812845222764574
178580.91766867068,4.6422415,7.8750606,-3.6539707,9.8447187605565
178599.0,4.6494203,7.853524,-3.6850784,9.842497201359757
178616.75300601203,4.6015625,7.8822393,-3.7401154,9.863697938865926
178634.83533734136,4.5919905,7.786523,-3.7377224,9.781967384993726
178652.91766867068,4.5776334,7.829595,-3.7616515,9.818722290414003
178671.0,4.563276,7.8200235,-3.7927594,9.816378113083083
178689.75300601203,4.635063,7.7889156,-3.6611493,9.77522528818558
178707.83533734136,4.6589923,7.755415,-3.644399,9.75368213265561
178725.91766867068,4.611134,7.7625937,-3.699436,9.757368724985835
178744.0,4.6039553,7.9755626,-3.6850784,9.918961941910222
178761.75300601203,4.57524,7.8774533,-3.6659353,9.819682946769055
178779.83533734136,4.582419,7.702771,-3.649185,9.67717914137312
178797.91766867068,4.606348,7.7003784,-3.6898644,9.702029101722893
178816.0,4.5680614,7.755415,-3.6587565,9.715973749588212
178833.75300601203,4.6015625,7.891811,-3.5989337,9.818726092427822
178851.83533734136,4.6422415,7.853524,-3.6539707,9.827499541559732
178869.91766867068,4.711636,7.817631,-3.6778998,9.840823907961012
178888.0,4.6781354,7.810452,-3.7401154,9.842589825363765
178905.75300601203,4.613527,7.939669,-3.6396132,9.877740604758976
178923.83533734136,4.5704546,7.808059,-3.649185,9.755582594718122
178941.91766867068,4.5967765,7.867882,-3.6778998,9.82653897848659
178960.0,4.536954,7.9324903,-3.75208,9.878585844345844
178978.75300601203,4.524989,7.889418,-3.8334389,9.869837669834201
178996.83533734136,4.6278844,7.889418,-3.75208,9.8862700107213
179014.91766867068,4.613527,8.217246,-3.5462897,10.068958925359219
179033.0,4.4149156,8.250747,-3.6061125,10.028477111495475
179050.75300601203,4.321592,7.9372764,-3.8095098,9.807592924910628
179068.83533734136,4.218697,7.6405554,-3.773616,9.508715418695322
179086.91766867068,4.1038375,7.7171288,-3.6085055,9.456049443912926
179105.0,4.118195,7.9133472,-3.5103962,9.586630035979654
179122.75300601203,4.319199,7.939669,-3.6085055,9.732170147232951
179140.83533734136,4.44363,7.918133,-3.5080032,9.733897689712958
179158.91766867068,4.4843097,7.836774,-3.5223608,9.691805085636355
179177.0,4.3622713,8.083243,-3.2088897,9.729604380375328
179195.75300601203,4.120588,8.052135,-3.1873536,9.590377807750952
179213.83533734136,4.3790216,7.29837,-3.4768956,9.19406535997357
179231.91766867068,4.216304,7.6333766,-3.6515777,9.454082580397785
179250.0,4.2091255,7.7434506,-3.7185793,9.565855773519644
179268.75300601203,4.3646646,7.7171288,-3.9435124,9.703384153749473
179286.83533734136,4.455595,7.705164,-4.2043395,9.843695937105192
179304.91766867068,4.4651666,7.9516335,-3.929155,9.92997719524586
179323.0,4.5202036,8.044957,-3.804724,9.981457730886705
179340.75300601203,4.5991693,7.7171288,-4.034443,9.848003121755239
179358.83533734136,4.7499228,7.4945884,-4.2474117,9.8372317264905
179376.91766867068,4.8576035,7.5161242,-4.1493025,9.86433707805771
179395.0,4.905462,7.6214123,-4.0559793,9.929775977435934
179412.75300601203,4.9652843,7.8702745,-3.9913707,10.125527588723228
179430.83533734136,4.8336744,7.867882,-4.039229,10.078856397706058
179448.91766867068,4.8767467,7.872668,-3.9674416,10.07482767413892
179467.0,4.836067,7.8559175,-3.8645465,10.001884994637637
179485.75300601203,4.6518135,7.8822393,-3.7640445,9.896317305908648
179503.83533734136,4.477131,7.8008804,-3.8382246,9.779079971362865
179521.91766867068,4.4149156,7.7817373,-3.8980472,9.759184757691724
179540.0,4.2306614,7.887025,-3.933941,9.776479480035539
179557.75300601203,4.2833056,7.7267003,-3.902833,9.658193920961644
179575.83533734136,4.338342,7.7147355,-3.771223,9.620835621693848
179593.91766867068,4.307235,7.934883,-3.7377224,9.771653407094204
179612.0,4.271341,7.9755626,-3.799938,9.812924208850477
179629.75300601203,4.3168063,8.099994,-3.749687,9.914881342190872
179647.83533734136,4.2904844,8.016242,-3.8454032,9.8719561364391
179665.91766867068,4.3646646,7.7984877,-4.012907,9.796434558970597
179684.0,4.3598785,7.889418,-4.034443,9.875636041984093
179701.75300601203,4.347914,8.143066,-3.902833,10.022274465291847
179719.83533734136,4.271341,8.193317,-3.7903664,9.987075390073862
179737.91766867068,4.2282686,8.088029,-3.8119025,9.890655647028321
179756.0,4.22109,8.0306,-3.7353296,9.81126008057763
179774.75300601203,4.1971607,8.032992,-3.9171906,9.873677157493901
179792.83533734136,4.170839,8.0306,-4.1469097,9.954059191298548
179810.91766867068,4.194768,8.0114565,-4.2282686,9.98287379360083
179829.0,4.1851964,8.097601,-4.020086,9.962334179757772
179846.75300601203,4.1421237,8.207675,-3.7688303,9.936156172379981
179864.83533734136,4.1540885,8.188532,-3.8119025,9.94178596884697
179882.91766867068,4.158874,7.8942037,-3.9770133,9.768895525766798
179901.0,4.2043395,7.764987,-4.1349454,9.750347029845164
179918.75300601203,4.1469097,7.7673798,-4.1564813,9.736805729532238
179936.83533734136,4.0679436,7.961205,-3.955477,9.776233859842703
179954.91766867068,4.020086,8.088029,-3.7975452,9.797890288132443
179973.0,3.9770133,8.004277,-3.9219763,9.760480683801775
179990.75300601203,4.0248713,7.786523,-4.0416217,9.6521622125306
180008.83533734136,4.0224786,7.891811,-4.0033355,9.720478901409086
180026.91766867068,4.0799084,7.942062,-3.9626558,9.768553749327902
180045.0,4.087087,8.044957,-3.9626558,9.855366774843626
180063.75300601203,4.1038375,8.044957,-3.9722273,9.866174794778397
180081.83533734136,4.0966587,8.071279,-3.9937637,9.893346536514548
180099.91766867068,4.113409,8.009064,-4.0440145,9.87012122689419
180118.0,4.1349454,7.9564195,-4.1062303,9.862226523336375
180135.75300601203,4.051193,7.8989897,-4.158874,9.803184990187173
180153.83533734136,4.0799084,8.056922,-4.063158,9.902974179479545
180171.91766867068,4.063158,8.042564,-4.008121,9.861902584070734
180190.0,4.1612673,7.91574,-3.874118,9.745967143776614
180207.75300601203,4.0464077,7.958812,-3.8932614,9.740307390154237
180225.83533734136,4.0727296,7.922919,-3.9913707,9.761701283080509
180243.91766867068,4.139731,7.889418,-3.9961565,9.764709719370936
180262.0,4.132552,7.8439527,-3.988978,9.722012419094376
180279.75300601203,4.1062303,8.040172,-3.8717253,9.823225023630588
180297.83533734136,4.082301,8.092815,-3.9411197,9.88388893950929
180315.91766867068,4.070337,8.006671,-3.9219763,9.800832714293806
180334.0,4.084694,7.970777,-3.8908687,9.765084244286102
180352.75300601203,4.139731,7.822417,-3.9506912,9.692034947935724
180370.83533734136,4.2306614,7.896597,-3.936334,9.785165579662664
180388.91766867068,4.1516957,8.119137,-3.9746203,9.947591132497333
180407.0,4.144517,8.083243,-4.08948,9.961911725704962
180425.75300601203,4.1301594,8.076065,-4.0559793,9.936398272797938
180443.83533734136,4.020086,7.997099,-3.9985495,9.803217939388436
180461.91766867068,4.012907,7.994706,-3.95787,9.781793371053439
180480.0,4.1229806,7.942062,-3.905226,9.763508997839677
180497.75300601203,4.0535865,8.016242,-3.9698346,9.82096156529
180515.83533734136,4.034443,8.0306,-3.8382246,9.772370989698159
180533.91766867068,4.1469097,7.946848,-3.8573678,9.758511133340727
180552.0,4.1540885,7.8942037,-3.9817991,9.768808903632355
180570.75300601203,4.087087,7.9755626,-3.9315479,9.786263220559837
180588.83533734136,4.1110163,8.004277,-3.988978,9.842807058765231
180606.91766867068,4.0559793,8.044957,-3.9124048,9.82238324099302
180625.0,4.087087,7.918133,-3.9411197,9.743384157518685
180642.75300601203,4.0488005,7.8750606,-3.9913707,9.712898898232757
180660.83533734136,4.0727296,7.9061685,-3.852582,9.692110957465994
180678.91766867068,4.0416217,7.97317,-3.9435124,9.77023212947188
180697.0,4.0679436,7.91574,-4.0775156,9.789445252343175
180714.75300601203,4.08948,7.942062,-4.000942,9.788142437133207
180732.83533734136,4.0990515,7.9994917,-3.9171906,9.80502283805344
180750.91766867068,3.9985495,8.085636,-3.9817991,9.86005231736663
180769.0,4.012907,8.186138,-4.0990515,9.995924226670851
180786.75300601203,3.4027152,9.253376,-4.166053,10.703244168405018
180804.83533734136,3.0126712,9.004513,-3.175389,10.012019647793318
180822.91766867068,4.8097453,11.313669,-2.656128,12.577272043047216
180841.0,6.020557,7.398872,-4.338342,10.479104197000668
180859.75300601203,-0.15075321,5.0945015,-4.8288884,7.021028075964525
180877.83533734136,2.811667,0.7394086,-6.769537,7.367416615816697
180895.91766867068,2.3618002,2.553233,-19.992746,20.293028151498856
180914.0,4.481917,35.247536,-5.3768644,35.935874065370555
180931.75300601203,9.004513,11.306491,-2.3857293,14.649563044443628
180949.83533734136,12.002827,13.283032,-4.8815327,18.55629695295164
180967.91766867068,11.038485,10.614941,-3.7568657,15.768296148174745
180986.0,16.463207,4.5465255,-9.827674,19.705107335340124
181003.75300601203,-25.422256,10.5862255,-12.79488,30.365576310697385
181021.83533734136,-4.189982,13.405071,-1.2538838,14.10050007124809
181039.91766867068,-10.863803,6.152167,-3.823867,13.057309571745131
181058.0,8.0306,2.6920216,-7.78413,11.503486276419274
181075.75300601203,-0.7992313,3.8669395,-9.820495,10.584616847698594
181093.83533734136,-7.142831,4.216304,-21.062378,22.63671842670357
181111.91766867068,12.914525,17.317476,1.8138243,21.678788932444345
181130.0,-5.6137624,-1.8162172,-6.197632,8.557079852885188
181148.75300601203,-4.505846,4.742744,-6.905933,9.51252749934217
181166.83533734136,31.67014,7.542446,-18.10235,37.250252815316784
181184.91766867068,16.307669,6.6307483,-38.621536,42.444433489337676
181203.0,-11.229918,24.831207,12.5579815,30.006712560990668
181220.75300601203,13.309355,19.521345,-6.99447,24.640301372060165
181238.83533734136,0.9021264,7.0662575,-11.835323,13.813786505234985
181256.91766867068,20.177002,2.9815636,-10.96909,23.158628341008217
181275.0,1.9669704,9.329948,5.0442505,10.787092534317596
181292.75300601203,5.5802617,7.7243075,-24.52013,26.30667257963164
181310.83533734136,-6.252669,6.2813835,-13.07485,15.79567506693314
181328.91766867068,-0.87819725,3.304606,-18.81065,19.118896533211416
181347.0,4.812138,11.954968,-8.600112,15.493219756545505
181364.75300601203,-1.2323477,-1.5290682,-15.30504,15.430521048089936
181382.83533734136,11.567318,12.648912,-7.0471144,18.532664186877053
181400.91766867068,3.615684,9.00212,-13.9961195,17.029465533026464
181419.0,4.137338,19.629025,-1.0193789,20.08619728865158
181437.75300601203,-6.109094,17.219366,-14.027227,23.034554309825946
181455.83533734136,-8.116744,-9.631455,3.7688303,13.147263609160618
181473.91766867068,3.984192,10.717835,2.268477,11.657262151964241
181492.0,0.67240715,19.349054,9.114587,21.39891862339908
181510.75300601203,-11.277776,1.5721406,-6.8150024,13.270422573691846
181528.83533734136,40.14582,26.826893,-2.9313123,48.373150024636395
181546.91766867068,3.0246358,-13.20646,-2.7973096,13.834158754781363
181565.0,-2.988742,10.789622,3.984192,11.883699236277902
181582.75300601203,-24.991531,19.279661,18.947046,36.81402588857945
181600.83533734136,-17.496944,-1.1390243,-11.110272,20.75761473794883
181618.91766867068,48.3846,20.53833,4.1253734,52.7248634141268
181637.0,28.762754,13.436179,5.206968,32.17047465514895
181654.75300601203,-6.5733185,-11.201202,-18.590504,22.67779269067566
181672.83533734136,2.4886243,5.2643976,-1.301742,5.966713101197363
181690.91766867068,6.202418,9.60274,-4.7594943,12.382866814516602
181709.0,-19.66731,3.95787,-9.609919,22.24451304838029
181727.75300601203,-3.1586387,17.329441,-7.8319883,19.277618227907606
181745.83533734136,-8.293819,6.2407045,-2.8930259,10.77512993514009
181763.91766867068,39.90892,15.819515,-5.077751,43.229185807965735
181782.0,-4.5489182,1.9573988,-22.270796,22.81474131622247
181799.75300601203,-11.158131,0.8542682,-8.571397,14.096187715205172
181817.83533734136,-13.883653,-5.204575,-3.460145,15.225505737940496
181835.91766867068,5.5563326,-3.8717253,-16.319633,17.668998557223663
181854.0,-25.18775,9.688885,12.723092,29.835789123906025
181871.75300601203,8.908797,20.076498,-3.8382246,22.297183768612083
181889.83533734136,16.616354,13.759221,-7.7673798,22.92927324922456
181907.91766867068,-33.40021,-8.076065,-10.497687,35.93046459869805
181926.0,4.5848117,-6.0875583,-10.916447,13.313439806607636
181944.75300601203,9.0069065,14.773814,6.3053126,18.415941783956015
181962.83533734136,-16.4321,9.078693,-7.6620917,20.27669169804231
181980.91766867068,3.9985495,-2.4383733,0.60779864,4.7226562060866755
181999.0,26.226273,19.203087,5.7669086,33.0126215348138
182016.75300601203,-20.806335,-8.250747,-21.251417,30.864237017916434
182034.83533734136,-10.669977,3.6252558,26.779034,29.053529058775606
182052.91766867068,17.226545,15.640047,-5.0442505,23.807758943377774
182071.0,-13.436179,-0.7418015,21.153307,25.0707712809497
182088.75300601203,13.4026785,17.413193,6.4106007,22.88988603651079
182106.83533734136,-27.841486,-2.5508401,-11.191631,30.114908805176963
182124.91766867068,2.0267932,19.384949,5.333792,20.207262939533184
182143.0,-9.0571575,-3.0030997,-7.7769513,12.309820523083106
182160.75300601203,27.245651,18.899189,18.418213,37.930665870570884
182178.83533734136,-10.090894,1.8545038,8.0617075,13.04823566153703
182196.91766867068,31.816107,13.388321,1.0098072,34.53304959622972
182215.0,-12.321084,-8.238783,21.036055,25.733291010268587
182233.75300601203,-6.403422,-6.176096,-26.678532,28.122802932608334
182251.83533734136,46.54685,30.473684,-23.349997,60.33636566246234
182269.91766867068,-7.4347653,-5.209361,-21.751535,23.569948068475462
182288.0,39.102512,14.771421,-6.4919596,42.3006721284357
182305.75300601203,-3.2495692,-6.893968,-3.644399,8.447966550703999
182323.83533734136,-3.2950344,12.634555,6.5804973,14.621633850583034
182341.91766867068,52.541084,23.290174,-10.122002,58.35625619702943
182360.0,-22.132008,12.962383,32.318615,41.259447726175125
182377.75300601203,-1.4477094,-1.5984626,-11.143773,11.350533990344953
182395.83533734136,24.926924,12.529266,11.514674,30.181480479373572
182413.91766867068,-18.509144,16.259811,19.652954,31.515210078541013
182432.0,-31.713211,0.93323416,20.86616,37.97361335287323
182449.75300601203,0.71787244,-1.5027462,-22.050648,22.113449848488813
182467.83533734136,35.1925,17.219366,1.1557746,39.19635744068524
182485.91766867068,-9.11698,4.419701,20.854195,23.185135978635664
182504.0,-26.546923,-7.977956,-22.976704,36.00438625236488
182522.75300601203,5.7501583,7.0590787,1.6223917,9.248084525785947
182540.83533734136,38.013737,19.717564,-2.7542372,42.91168084977713
182558.91766867068,-4.5919905,21.177237,-1.2538838,21.705620661251817
182577.0,-22.325832,1.5769265,-11.1007,24.983094527472495
182595.75300601203,-1.5434257,-1.5912839,-18.064064,18.19958119127788
182613.83533734136,18.458893,-0.90691215,-2.8475606,18.699246557119327
182631.91766867068,38.82972,27.72902,-14.326341,49.818568344414324
182650.0,-23.192064,15.168644,19.588346,33.93615906956101
182667.75300601203,-14.175588,-10.217717,12.830773,21.678970723153856
182685.83533734136,-20.995375,-8.61447,-24.316732,33.26136377136916
182703.91766867068,-11.105487,-4.9150333,-1.87604,12.288568668843327
182722.0,22.931238,-2.4886243,-1.8449322,23.13954843858867
182739.75300601203,38.975685,14.845602,3.3883579,41.8446757571393
182757.83533734136,8.906404,19.298803,7.3581924,22.49246151134737
182775.91766867068,-13.536681,13.991334,21.519423,29.018696143146162
182794.0,-19.186337,2.5125535,9.94014,21.753961381493976
182812.75300601203,-14.364627,2.782952,-19.973604,24.759486816819308
182830.83533734136,-10.509652,-2.1703677,-35.041744,36.64815280032328
182848.91766867068,11.21556,-9.920997,5.6616206,16.008401400700613
182867.0,27.468191,1.4094229,-6.551782,28.273907354645015
182884.75300601203,-1.1270597,0.92605543,-2.8906329,3.237838907258819
182902.83533734136,31.708426,22.86663,0.75376606,39.10083388148626
182920.91766867068,34.630165,22.931238,12.191867,43.28662177954706
182939.0,43.136955,22.148758,-14.120551,50.504993101258705
182956.75300601203,20.074106,19.590738,5.7956233,28.641857420903815
182974.83533734136,4.2593765,22.73502,7.3222985,24.261893534764642
182992.91766867068,5.881768,14.417272,-20.552687,25.784993109321885
183011.0,-23.232744,24.654133,28.836935,44.48770041197286
183028.75300601203,-17.40362,15.537152,29.238943,37.40594697548443
183046.83533734136,-24.003262,13.113136,29.511736,40.237463689065144
183064.91766867068,-7.597483,2.1703677,-8.473288,11.58571764801112
183083.0,-7.362978,10.179431,-3.902833,13.15546905047988
183101.75300601203,-26.805357,13.153816,44.070187,53.232803997857125
183119.83533734136,-23.847721,10.6771555,17.274403,31.3228422316914
183137.91766867068,-0.09332342,-8.559432,-21.88075,23.495527361305268
183156.0,-26.769463,12.687199,39.073795,49.03397417583032
183173.75300601203,-19.09062,13.153816,15.553903,27.917710254955814
183191.83533734136,-18.39907,13.438572,22.392834,31.946204920391406
183209.91766867068,-13.350035,13.909975,18.487608,26.71146736073318
183228.0,-22.514872,14.644597,30.583757,40.70319243872453
183245.75300601203,-23.759184,13.4529295,26.702461,38.19033333101908
183263.83533734136,19.72235,12.526874,-19.518951,30.444755047048364
183281.91766867068,3.2878556,16.446457,5.7501583,17.73020763483494
183300.0,-23.402641,18.523502,43.99601,53.164392482553446
183318.75300601203,1.5194967,23.876436,16.795822,29.23170715061115
183336.83533734136,18.092777,17.207401,6.3435993,25.762074466655253
183354.91766867068,29.578737,9.368236,-22.608196,38.39005150610352
183373.0,38.94458,10.344542,-2.1392598,40.35178178294064
183390.75300601203,46.26927,26.790998,-14.273697,55.338425584910816
183408.83533734136,47.422653,18.55461,-31.461956,59.8584684498062
183426.91766867068,23.948225,13.330891,10.880553,29.489261928544686
183445.0,26.862785,5.932019,5.946377,28.14529208941906
183462.75300601203,24.852743,1.2323477,-3.7066147,25.157831941802943
183480.83533734136,6.9729342,-7.394086,4.9269977,11.294672437425131
183498.91766867068,-28.348782,1.9956853,-6.8580747,29.234729163974485
183517.0,-16.245453,-5.1471453,-34.194656,38.20578944182226
183534.75300601203,-7.554411,-5.0897155,-11.562531,14.719594170826253
183552.83533734136,-13.572575,5.42233,11.435708,18.557798151202878
183570.91766867068,-28.451677,22.306688,37.05418,51.76966784821082
183589.0,-11.282561,19.09062,12.158366,25.28979672700192
183607.75300601203,9.889889,25.898445,19.719955,34.020816907481375
183625.83533734136,39.260445,11.4213505,-7.686021,41.60414291455018
183643.91766867068,49.135975,16.582853,-22.021933,56.34093170934186
183662.0,-5.709479,-10.71305,7.099758,14.063219916239134
183680.75300601203,-24.378948,-7.209832,-2.885847,25.58599022829363
183698.83533734136,-29.157585,-0.9451987,-23.498358,37.45972493640164
183716.91766867068,-17.216974,-14.089443,-17.73145,28.44891767483299
183735.0,-20.105213,-5.2955055,-18.415821,27.77416841923337
183752.75300601203,-26.61153,24.204266,30.947481,47.452782866603485
183770.83533734136,5.654442,29.557201,5.7310147,30.63405580032427
183788.91766867068,44.230515,19.861137,-12.031542,49.95559250970564
183807.0,38.92783,27.04704,-11.222739,48.71209492449099
183824.75300601203,-14.230624,-1.9238981,9.968855,17.48113592818226
183842.83533734136,-12.928883,1.1605604,4.4723454,13.729704637997074
183860.91766867068,-27.020718,-5.0849295,-14.675705,31.166520923942077
183879.0,-44.661236,-9.964069,-23.338032,51.36703621698921
183897.75300601203,-18.224388,0.8925547,21.634281,28.301361915179932
183915.83533734136,0.6556568,32.569874,12.407228,34.85922955056876
183933.91766867068,-31.229843,39.55477,37.94195,63.08307612474243
183952.0,50.715294,34.40523,0.39482984,61.28553489578018
183969.75300601203,8.009064,8.217246,-3.2974274,11.939064680237006
183987.83533734136,5.8745894,-15.37922,4.929391,17.18517105116715
184005.91766867068,-1.6295704,-0.63172776,0.80641,1.924805636787979
184024.0,2.9121692,-11.241882,-14.560845,18.624683821890176
184041.75300601203,18.34164,28.77472,18.133457,38.64223766474774
184059.83533734136,-13.850152,23.266245,7.324692,28.049883773698475
184077.91766867068,54.127583,9.973641,-2.029186,55.076186796485516
184096.0,36.149662,8.123923,-14.168408,39.6678707883173
184113.75300601203,-19.030798,-6.568533,-12.51491,23.705270945445722
184131.83533734136,-17.944418,-9.399343,9.327556,22.301414464636743
184149.91766867068,-44.797634,-4.9604983,-10.995413,46.393250181711004
184168.0,-21.509851,14.30959,13.890832,29.33246102294393
184186.75300601203,-12.890595,27.233686,22.689554,37.718124997400615
184204.83533734136,48.946934,11.261025,-6.118666,50.59694759242435
184222.91766867068,8.279462,-15.300254,-1.5673548,17.467222576673233
184241.0,-18.633575,-25.78837,-7.872668,32.77543357418402
184258.75300601203,-47.233612,-4.479524,-13.302176,49.27502535938562
184276.83533734136,0.650871,9.463951,-2.658521,9.851788441520808
184294.91766867068,-6.219168,38.645466,4.2833056,39.376348228757465
184313.0,48.822502,28.389462,21.349525,60.37715190297629
184330.75300601203,37.425083,-4.039229,-32.615337,49.80675070806064
184348.83533734136,-29.200657,-19.303589,12.763772,37.2588351023023
184366.91766867068,-23.268639,-5.8123736,10.378042,26.13268075670887
184385.0,2.8523464,-9.155267,2.1153307,9.81984815550854
184403.75300601203,-8.317748,43.936184,32.553123,55.310749527795124
184421.83533734136,66.59224,35.5969,-12.273226,76.50031238024245
184439.91766867068,17.013577,3.7066147,-19.18873,25.911544799221932
184458.0,-29.662489,-13.862117,11.6726055,34.76019649765289
184475.75300601203,-25.594545,7.7195215,-7.5161242,27.769837394839257
184493.83533734136,-20.976233,3.0868514,-16.068378,26.60307828028281
184511.91766867068,-21.770678,27.487335,34.596664,49.258960260147646
184530.0,71.99782,31.198736,-22.376083,81.59495268197038
184547.75300601203,34.819206,15.960697,-18.602467,42.58136603823712
184565.83533734136,-27.453835,-5.5611186,5.1184306,28.475207252933338
184583.91766867068,-17.331833,-15.226074,-4.613527,23.526801652011564
184602.0,-8.214853,1.9119335,-6.7575727,10.80759401142625
184619.75300601203,2.2612982,26.187986,22.421549,34.54923935262425
184637.83533734136,32.2899,39.674416,16.886753,53.868908972004114
184655.91766867068,43.72561,2.8451676,-6.176096,44.25119332114566
184674.0,-29.652918,-5.436687,0.18186101,30.147739299616667
184692.75300601203,-29.236551,-6.30292,10.665192,31.75293742788004
184710.83533734136,9.138516,-4.9772487,-17.092543,20.011009607482492
184728.91766867068,-8.557039,12.313905,22.892952,27.366812457260163
184747.0,9.798959,43.94576,15.161466,47.50915144191103
184764.75300601203,37.434654,26.704855,-7.98992,46.672705324173585
184782.83533734136,-48.097454,-8.569004,1.3735292,48.87411884931927
184800.91766867068,-55.833725,-5.1902175,4.819317,56.28116044840778
184819.0,-14.082264,-10.296683,-15.151894,23.106530071722606
184837.75300601203,13.874081,21.916645,-8.116744,27.17923812052358
184855.83533734136,-25.628046,29.023582,3.9937637,38.92448075928924
184873.91766867068,19.614668,8.638398,-9.535739,23.458206219418162
184892.0,-32.488514,-14.812101,1.0480938,35.72114749802973
184909.75300601203,-23.783113,5.7956233,-3.359643,24.708559539028595
184927.83533734136,-18.693398,1.7085364,-2.6106627,18.95198631145823
184945.91766867068,43.780647,12.919311,22.969524,51.100417622950076
184964.0,77.31247,25.032211,-26.59478,85.50504036779247
184982.75300601203,-11.66782,-20.689083,-2.060294,23.84158111996193
185000.83533734136,-51.595882,-0.026321989,-5.3960075,51.877284327006606
185018.91766867068,-34.639736,0.677193,-9.95689,36.048710919824096
185037.0,4.972463,21.653425,11.588854,25.057887771125284
185054.75300601203,67.403435,20.925982,-19.346663,73.18068831118711
185072.83533734136,21.260988,20.54551,-11.371099,31.67727078465007
185090.91766867068,-43.94815,-11.885574,4.5656686,45.75535037016984
185109.0,-29.052298,-0.80162424,-23.95301,37.66198758115482
185126.75300601203,8.683864,11.27299,-4.5537043,14.940750327959922
185144.83533734136,59.478123,30.291824,-11.789858,67.78084145619813
185162.91766867068,41.772995,3.8621538,-21.14613,46.9793375562255
185181.0,-24.835993,-21.646246,0.2392908,32.946073730803334
185198.75300601203,-39.38009,-9.959284,7.0590787,41.2287450487345
185216.83533734136,2.6656997,0.8710185,9.351485,9.76293500045695
185234.91766867068,-30.074068,25.398327,38.561714,55.10472182204851
185253.0,62.65351,16.262203,-19.794136,67.68847303433432
185271.75300601203,-10.210539,-18.93269,-2.967206,21.71419279533681
185289.83533734136,-37.506443,1.3256711,-1.9956853,37.58288746483245
185307.91766867068,-12.208617,9.557275,14.591953,21.2912406128089
185326.0,-3.5175748,37.05179,34.627773,50.83592369198403
185343.75300601203,26.178415,17.061434,-1.6295704,31.28989360380021
185361.83533734136,-49.28912,-10.973877,6.9083257,50.9663446870855
185379.91766867068,-33.644287,10.502474,-1.4261732,35.27426792798744
185398.0,-4.7786374,10.71305,14.321555,18.512475612980662
185415.75300601203,72.251465,23.974546,-3.6922572,76.21473488626259
185433.83533734136,-9.313198,1.9143264,-2.0244002,9.721033829932956
185451.91766867068,-45.403038,8.777187,-2.4000869,46.30588826909559
185470.0,-16.180845,-6.2550616,-14.42445,22.561256577068566
185487.75300601203,0.86623275,38.623928,21.849644,44.384289070042485
185505.83533734136,40.9618,16.683355,-7.4778376,44.85667674346817
185523.91766867068,-37.69548,-4.1732316,0.7394086,37.93299091154549
185542.0,-33.93383,-8.411072,1.2490981,34.98301297374924
185560.75300601203,-16.369884,12.711128,23.043705,30.992873654000928
185578.83533734136,39.89217,37.76009,14.343091,56.77088940250347
185596.91766867068,18.954226,0.46901,-14.785779,24.043750004440177
185615.0,-46.199875,5.1973963,-12.601054,48.16874443273143
185632.75300601203,-18.65272,-13.929118,-26.317204,35.13601454396813
185650.83533734136,42.588978,18.616825,-12.852309,48.22436175623882
185668.91766867068,50.01896,41.234592,-23.536644,68.9649298388014
185687.0,-28.140598,-4.268948,8.76283,29.78093958278026
185704.75300601203,-17.047077,-11.689356,-1.6630712,20.73667484807857
185722.83533734136,-32.603374,34.19705,43.608356,64.29702122111966
185740.91766867068,63.92415,22.21576,-20.691477,70.76704152387344
185759.0,-5.3313994,-16.886753,16.575674,24.25570479288543
185777.75300601203,-30.035782,-11.000198,-21.820929,38.720866452260196
185795.83533734136,17.14758,7.8989897,10.923625,21.81190320164041
185813.91766867068,68.61903,24.721134,-28.420568,78.27793066905562
185832.0,-7.0662575,-8.219639,-0.12682413,10.840228074472304
185849.75300601203,-43.6275,5.826731,-12.356977,45.71656626404579
185867.83533734136,-8.427822,2.1272953,3.6778998,9.438247501306911
185885.91766867068,-0.20100428,15.987019,6.4799953,17.251536694305276
185904.0,55.101494,7.274441,-20.758478,59.32964302750356
185922.75300601203,-48.29128,4.5704546,-13.268676,50.28910957734326
185940.83533734136,-28.91351,-8.63122,-0.011964541,30.17431295586929
185958.91766867068,12.950418,26.587603,11.959755,31.9006222403319
185977.0,45.03453,5.5826545,-18.58093,49.03596520159636
185994.75300601203,-34.15637,-18.784328,7.0519004,39.61360737473935
186012.83533734136,-9.820495,7.9516335,-8.052135,14.983573519743954
186030.91766867068,44.074974,32.679947,-1.691786,54.894848655345434
186049.0,67.50872,27.903702,-24.821636,77.15022666888089
186067.75300601203,-0.9284483,-15.197359,-10.062179,18.250183096306046
186085.83533734136,-22.143972,-8.865725,-9.361056,25.623933053837483
186103.91766867068,11.876003,40.9618,14.228231,44.95943798453634
186122.0,56.967964,30.756048,-5.398401,64.96480696685245
186139.75300601203,-6.427351,4.4460235,-7.7195215,10.984943241943286
186157.83533734136,-25.214073,-4.182803,-16.50628,30.425361092755136
186175.91766867068,3.699436,24.812063,30.418648,39.42865002992074
186194.0,12.146401,25.874516,0.7226582,28.59279402858497
186211.75300601203,47.9467,12.670448,-21.117414,53.9014978220281
186229.83533734136,-51.289593,-7.3557997,-0.21775463,51.814839152612024
186247.91766867068,-16.568495,1.6558924,-10.339756,19.600192864993414
186266.0,-4.9341764,32.90488,31.404526,45.752830271420294
186283.75300601203,41.516956,2.0555081,-17.654877,45.16168100215304
186301.83533734136,-46.123302,-11.289741,2.1966896,47.53569905270179
186319.91766867068,-9.758279,10.96909,-7.056686,16.289314343229336
186338.0,17.16433,8.726935,18.750828,26.876889134137322
186356.75300601203,49.83949,30.48565,-17.004005,60.84805506688464
186374.83533734136,29.727097,-5.654442,-13.859724,33.28310321672168
186392.91766867068,-38.116634,10.217717,-17.18826,43.04318540732836
186411.0,-41.01923,9.310805,29.241337,51.228157385255365
186428.75300601203,39.243694,27.628517,6.0540576,48.374105509136214
186446.83533734136,28.65986,17.50173,-18.906366,38.537628410923986
186464.91766867068,-31.146091,8.17896,-11.287348,34.122992191995486
186483.0,-21.406956,-4.36945,-8.987762,23.62476929531969
186500.75300601203,-18.226782,37.755302,30.100391,51.61116109466642
186518.83533734136,67.39386,35.99173,-17.334227,78.34419199774818
186536.91766867068,-32.866592,-24.771385,-9.236626,42.17996733493952
186555.0,-2.3211207,-13.488823,3.799938,14.204769481872681
186572.75300601203,5.235683,33.79504,23.967367,41.76064877358562
186590.83533734136,73.49578,34.668453,-31.098234,87.00937575422756
186608.91766867068,32.959915,26.707247,0.4498667,42.42446722321923
186627.0,-34.302338,-6.6522846,-3.0126712,35.07106314933938
186645.75300601203,-26.307632,15.489294,21.272953,37.20951839793239
186663.83533734136,42.914413,28.65986,5.3577213,51.88197756333737
186681.91766867068,59.7222,28.8489,-20.363647,69.3806768718107
186700.0,-8.710185,-16.477566,6.2933483,19.67190221721565
186717.75300601203,-27.240866,-11.560139,-3.4075012,29.787793784657474
186735.83533734136,-13.912368,22.057827,21.538567,33.82324029041041
186753.91766867068,51.897392,10.330184,-5.912876,53.244850459616245
186772.0,-32.75891,-8.597719,8.736507,34.977042627302126
186789.75300601203,-57.465687,-4.4603806,11.342384,58.74393459994216
186807.83533734136,0.043072347,2.4072654,-0.7059079,2.5090013743311617
186825.91766867068,61.82796,12.033935,-11.921468,64.10642423829961
186844.0,4.922212,-2.7757733,-12.883417,14.068245163552769
186861.75300601203,-34.285587,-0.20339718,7.2792263,35.050392035953216
186879.83533734136,-8.080851,1.8018597,-5.5611186,9.973609745019655
186897.91766867068,54.101257,40.15539,-5.5300107,67.6016447534693
186916.0,53.93854,8.748472,-18.927902,57.828776001122385
186934.75300601203,-8.389536,-12.02197,-3.01985,14.967684222975041
186952.83533734136,-15.374434,-13.589325,5.448652,21.23042117794852
186970.91766867068,48.96847,42.62248,7.7960944,65.3862825322331
186989.0,-4.850425,20.337326,4.6398487,21.416387358044137
187006.75300601203,-9.267733,5.2524333,15.36247,18.69450226754213
187024.83533734136,-15.800372,-4.5967765,-14.297626,21.799179314029512
187042.91766867068,-18.04492,30.997732,37.98263,52.24135056319969
187061.0,58.73393,34.067833,-29.590702,74.0668712948886
187079.75300601203,-24.453127,-21.165272,5.367293,32.78310529922329
187097.83533734136,-17.446693,1.9406484,-7.7625937,19.194037454375025
187115.91766867068,-31.579208,23.730469,47.968235,62.13962589107251
187134.0,75.67811,19.286839,-21.215523,80.92747931294753
187152.75300601203,-11.459637,-7.422801,-10.665192,17.32534488124938
187170.83533734136,-32.29708,-7.1452236,5.001178,33.45395908122208
187188.91766867068,-20.038212,0.03828653,-1.9645776,20.134323210918843
187207.0,24.144444,29.20305,4.661385,38.17722901796123
187224.75300601203,16.862823,19.751064,-6.535032,26.779954665802723
187242.83533734136,-40.066853,-15.060964,1.4477094,42.82850929509167
187260.91766867068,-21.428492,-7.8008804,-14.237803,26.883992238430235
187279.0,1.2203832,10.251218,-3.565433,10.921955782544408
187296.75300601203,-3.046172,13.907582,-9.45438,17.090503273008316
187314.83533734136,-35.71894,-5.2452545,3.3333209,36.25557057495782
187332.91766867068,-41.856747,-2.7949166,-7.0423284,42.53696295595645
187351.0,-9.337128,1.5577831,-14.209088,17.073571075401116
187368.75300601203,66.195015,28.430141,-20.411507,74.87778406270552
187386.83533734136,-4.4843097,5.135181,-8.425429,10.838218083352821
187404.91766867068,-21.823322,-1.3759222,17.307903,27.88752501161668
187423.0,-14.0966215,-8.714972,-7.1715455,18.058143302499747
187441.75300601203,43.000557,27.752949,-4.2282686,51.353211543783665
187459.83533734136,65.93179,25.809906,-19.1648,73.35149445902883
187477.91766867068,-9.411307,-7.791309,-0.6843717,12.23705683591814
187496.0,-5.1638956,6.3723145,-21.919039,23.403343362394413
187513.75300601203,-14.632633,41.598312,36.003696,56.92802153089855
187531.83533734136,52.85216,29.77017,-14.867138,62.45514895351339
187549.91766867068,29.853922,3.8454032,-18.34882,35.252276237784336
187568.0,-22.74459,-6.4967456,-14.632633,27.814349285430144
187585.75300601203,27.489729,4.7020645,17.111687,32.72009234463696
187603.83533734136,22.388048,27.941988,5.522832,36.228180466905485
187621.91766867068,46.910572,-7.0925794,-19.557238,51.31658607215734
187640.0,-38.40378,-0.30150643,-19.274874,42.97047814641591
187657.75300601203,-15.884124,9.913818,-3.2926416,19.01133007683972
187675.83533734136,41.902214,28.891972,-23.268639,55.96401652010782
187693.91766867068,54.09408,-2.4359803,-7.4515157,54.65920395775751
187712.0,-52.081646,0.8231604,-9.664956,52.977229236676585
187730.75300601203,-15.003533,-12.017184,-12.694378,23.03618776140768
187748.83533734136,8.954262,35.771584,17.109293,40.65111236846476
187766.91766867068,62.943054,13.070064,-20.193752,67.38280373840581
187785.0,-17.98749,-8.576182,4.70685,20.475720527486303
187802.75300601203,-29.272444,-2.2612982,-22.313868,36.876796937964706
187820.83533734136,-13.596504,10.349327,-4.012907,17.55211989947636
187838.91766867068,3.6850784,37.484905,-8.808294,38.68182969901511
187857.0,20.629261,-0.99784267,0.47618872,20.65886867902618
187874.75300601203,-2.9600272,-0.13878867,-7.853524,8.393977754213804
187892.83533734136,-35.113533,8.186138,35.008244,50.254852532473606
187910.91766867068,33.75436,38.932613,-1.6750357,51.55493107951599
187929.0,42.553085,5.355328,-22.100899,48.24825714585979
187946.75300601203,-0.15314612,-14.924568,-19.035583,24.189245624255918
187964.83533734136,-16.034878,-10.701085,8.602505,21.11003611856536
187982.91766867068,29.710346,41.031197,-7.815238,51.257601696618316
188001.0,68.8679,31.734747,-15.391185,77.37422305437538
188019.75300601203,-10.251218,-24.374163,-18.147816,32.07071121761956
188037.83533734136,-2.8164527,-0.040679436,1.1342385,3.036537107089722
188055.91766867068,-3.1299238,21.076735,6.9370403,22.408652556051994
188074.0,70.65779,16.015734,-10.088501,73.1491960015273
188091.75300601203,53.44321,-10.162681,-33.661037,63.972823856128386
188109.83533734136,-40.109924,0.96434194,2.1990826,40.18173618629043
188127.91766867068,-7.1715455,1.8545038,1.7755378,7.61726878100107
188146.0,53.447994,20.416292,-2.00765,57.24983580916019
188164.75300601203,29.995104,3.9243693,-5.6640134,30.776419320138235
188182.83533734136,-32.29708,0.7489802,-7.602269,33.18820335322105
188200.91766867068,-31.550493,1.2299547,17.93006,36.310238896359536
188219.0,-15.084892,21.33756,21.875965,34.079367336945815
188236.75300601203,14.678099,17.126043,0.25604117,22.556894648253003
188254.83533734136,23.668255,8.746079,8.59054,26.65478512595564
188272.91766867068,-3.125138,-6.276598,-5.8482676,9.130410937841612
188291.0,-19.810886,14.015263,22.328226,32.97648370234827
188309.75300601203,-6.738429,18.30814,22.39762,29.702656401608948
188327.83533734136,7.468266,12.0794,10.863803,17.880411545307478
188345.91766867068,9.205518,7.1165085,12.067435,16.76333028840395
188364.0,8.265104,4.8264956,9.279697,13.331158251234
188381.75300601203,13.120315,-14.733135,-36.393738,41.39700590912456
188399.83533734136,-4.240233,0.93323416,-9.200731,10.173689243634332
188417.91766867068,-10.521617,15.1830015,13.117922,22.65629794211259
188436.0,-8.518753,15.407935,38.454033,42.29286308119046
188453.75300601203,-1.3352427,8.140674,14.795351,16.939771469986844
188471.83533734136,-10.418722,11.162916,27.484941,31.441730924200417
188489.91766867068,3.8071167,8.470895,-19.76542,21.83854453586236
188508.0,4.1516957,6.4177794,-12.732664,14.850764362461577
188526.75300601203,4.0918727,9.789387,-13.527109,17.191806127532246
188544.83533734136,11.742,4.6781354,-14.455558,19.20215279368689
188562.91766867068,-0.2991135,16.245453,19.45913,25.350778142258104
188581.0,6.9155045,5.436687,8.040172,11.917471787886608
188598.75300601203,-3.01985,8.805902,4.5776334,10.373915924129111
188616.83533734136,10.794409,4.7044573,0.009571632,11.77502763321358
188634.91766867068,6.7838945,9.736743,-13.196888,17.747767231956903
188653.0,0.014357449,8.025814,9.9927845,12.81677176836578
188670.75300601203,4.9963923,17.79845,13.216031,22.724705362467525
188688.83533734136,-1.2275618,10.102858,6.200025,11.917002884182256
188706.91766867068,7.030364,10.710656,17.341406,21.56081009562646
188725.0,-2.2612982,11.447672,13.498395,17.84290703178527
188742.75300601203,6.8030376,10.961912,6.86286,14.613133909684047
188760.83533734136,5.9750915,4.70685,-3.8477962,8.524182714642308
188778.91766867068,1.2945633,11.442886,0.18903974,11.51743331519667
188797.0,9.320377,7.753022,1.5482116,12.221936700580132
188815.75300601203,1.3400285,6.2670264,-4.685314,7.938731860801523
188833.83533734136,1.6511066,5.2141466,-2.7566302,6.124743899168942
188851.91766867068,-0.51926106,17.300726,20.066927,26.50030776045511
188870.0,7.3007627,17.19783,21.143736,28.215670552873757
188887.75300601203,0.885376,10.263183,4.0224786,11.058804186724846
188905.83533734136,3.4864671,6.925076,2.7901309,8.239961218615852
188923.91766867068,3.1490672,7.84156,3.1036017,9.002168126399258
188942.0,3.6874714,4.2234826,-18.229174,19.071917452647405
188959.75300601203,2.706379,3.1107805,-0.6532639,4.174709131647911
188977.83533734136,1.9310769,6.8054304,-16.494316,17.947295095105943
188995.91766867068,5.814767,4.3359494,-6.9466124,10.043276173614023
189014.0,6.0851655,9.657777,4.766673,12.370249279341474
189031.75300601203,-2.3067634,15.120787,14.434022,21.030937876838316
189049.83533734136,3.541504,9.60274,-13.414642,16.87327727733353
189067.91766867068,1.5171037,7.4706593,6.6714277,10.130167894440717
189086.0,4.563276,6.750394,-8.753258,11.958713669202721
189104.75300601203,6.3053126,8.413465,-11.624747,15.674122083994138
189122.83533734136,1.1557746,8.731722,0.12443122,8.808760817492994
189140.91766867068,6.0612364,6.4967456,-8.339285,12.185645834301493
189159.0,2.7781663,7.810452,-5.29072,9.834281191483173
189176.75300601203,3.0342073,7.29837,-5.723836,9.758837899625616
189194.83533734136,5.9009113,7.5639825,-10.550332,14.259876953922076
189212.91766867068,5.2476473,5.953555,-0.9571632,7.993671291381483
189231.0,4.867175,6.750394,-8.535503,11.921074745964392
189248.75300601203,7.5017667,8.973405,-4.824103,12.651895931830252
189266.83533734136,4.189982,8.123923,-6.556568,11.24911809916124
189284.91766867068,-0.69872916,13.886045,0.24168372,13.905713904779299
189303.0,5.465402,5.8386955,-2.1966896,8.293758458146247
189321.75300601203,8.114351,4.419701,-10.480937,13.97234731455567
189339.83533734136,5.0945015,6.0803795,-14.390949,16.432418370955734
189357.91766867068,3.1442811,10.002356,-7.205046,12.721883392354657
189376.0,0.40200856,13.756828,16.989647,21.864583981601534
189394.75300601203,6.0803795,9.777423,-4.993999,12.55026061071842
189412.83533734136,5.49651,7.994706,-2.1990826,9.948010378370077
189430.91766867068,5.568297,7.5089455,-6.618784,11.454191182306818
189449.0,1.6989647,9.270126,5.0370717,10.686150308631401
189466.75300601203,3.6228628,10.612547,3.7425082,11.821914241014442
189484.83533734136,3.9219763,9.049978,-1.4764243,9.973155398963568
189502.91766867068,3.0533507,10.045428,5.577869,11.888910664208705
189521.0,3.1658175,10.401972,5.996628,12.417043500869047
189538.75300601203,3.6922572,10.430686,-4.618313,11.990028716709432
189556.83533734136,4.625491,9.657777,-4.843246,11.752653121288231
189574.91766867068,4.6039553,7.7817373,-5.853053,10.770797056458653
189593.0,6.0684147,5.173467,-2.658521,8.405840331502025
189611.75300601203,6.034914,7.420408,-2.88824,9.99122475832968
189629.83533734136,4.2043395,8.710185,-5.5898333,11.170945783024557
189647.91766867068,3.5247536,7.922919,-6.5206747,10.849688104479965
189666.0,3.7066147,9.02605,-3.1131735,10.242090625348826
189683.75300601203,1.6941789,9.67692,-0.5647263,9.840322079358831
189701.83533734136,3.802331,9.071514,2.1966896,10.078468756934516
189719.91766867068,3.278284,13.467287,5.283541,14.8334342154373
189738.0,3.9937637,7.6142335,2.5340896,8.963721904699415
189755.75300601203,4.1038375,9.495059,-4.166053,11.151395663265484
189773.83533734136,3.4697168,7.702771,-1.4189945,8.566513943353709
189791.91766867068,4.5178103,8.975799,-3.699436,10.708006551794927
189810.0,4.1038375,8.758043,-2.132081,9.904068295746768
189827.75300601203,4.735565,6.870039,-4.5776334,9.517233803765754
189845.83533734136,5.6855497,8.425429,-3.6659353,10.805202952698167
189863.91766867068,4.613527,8.363214,-1.7922882,9.718038731214454
189882.0,3.565433,8.387143,-1.5577831,9.245710809158137
189900.75300601203,4.2474117,9.837245,-3.3787863,11.235127600538837
189918.83533734136,5.4295087,8.444572,-2.9863493,10.474189378093667
189936.91766867068,3.799938,8.791544,-1.8114314,9.747412909315269
189955.0,2.6154485,8.858545,0.17468229,9.238230581427208
189972.75300601203,2.8212388,8.382357,-0.43072346,8.854875489868213
189990.83533734136,4.556097,8.095208,-4.2617693,10.220229449630546
190008.91766867068,3.7281508,9.638634,-2.6369848,10.665648719554177
190027.0,4.376629,9.856388,-3.8956544,11.466446224285203
190044.75300601203,4.8073525,8.425429,-3.3955367,10.277556196603555
190062.83533734136,3.4218585,10.531189,-3.3261423,11.561932362178588
190080.91766867068,3.464931,10.873374,-2.3618002,11.653931060520181
190099.0,3.254355,10.291898,-4.8288884,11.8250646547105
190116.75300601203,5.541975,7.97317,-8.413465,12.84800840814443
190134.83533734136,1.2538838,10.18661,-0.6939433,10.286923990173998
190152.91766867068,4.4149156,7.3318706,-7.420408,11.327411934627067
190171.0,3.022243,7.9324903,0.12443122,8.489631219267054
190189.75300601203,6.6546774,7.133259,-5.2955055,11.100022241404835
190207.83533734136,5.053822,8.712579,-3.1394954,10.550193410812247
190225.91766867068,5.520439,7.528089,-5.0849295,10.630328252909797
190244.0,4.118195,7.231368,-2.0722585,8.575923769499775
190261.75300601203,5.077751,7.6429486,-5.2500405,10.571714325116965
190279.83533734136,3.512789,9.54531,-4.0751224,10.957155293670104
190297.91766867068,2.7350938,9.212696,-5.343364,10.995728466987098
190316.0,5.4869385,8.683864,-7.585519,12.769341665592602
190333.75300601203,3.7807949,8.7556505,-6.5158887,11.550438576296743
190351.83533734136,5.5754757,6.707321,-9.822887,13.136331043830332
190369.91766867068,3.2854629,10.038249,-3.512789,11.131055476090236
190388.0,5.472581,6.5852833,-10.0932865,13.235918227078246
190406.75300601203,1.665464,11.380671,3.771223,12.104361431371172
190424.83533734136,4.792995,7.288798,-2.706379,9.13366654999349
190442.91766867068,4.4101295,8.401501,-6.3986363,11.444518677491375
190461.0,2.5053747,8.827438,0.09332342,9.17656108201567
190479.75300601203,5.6089764,7.054293,-5.343364,10.477366311344754
190497.83533734136,3.7688303,10.543153,-5.410365,12.435200297736747
190515.91766867068,5.262005,7.9444547,-9.466345,13.431855596283118
190534.0,3.2352118,8.542682,-8.04735,12.173900491070363
190551.75300601203,5.6927285,7.6429486,-3.1921394,10.050451483689008
190569.83533734136,4.6470275,7.896597,-1.8616825,9.349704299975027
190587.91766867068,3.8358316,8.688649,-2.4120514,9.7991947355383
190606.0,3.2423904,8.394321,-3.1586387,9.537018349263613
190623.75300601203,4.2976627,7.970777,-6.1067014,10.922224711818663
190641.83533734136,4.0176926,10.308648,-4.371843,11.896347701401794
190659.91766867068,3.4194658,9.432844,-0.69155043,10.057312478139417
190678.0,3.381179,9.58599,-1.1940612,10.234713374564354
190695.75300601203,5.2978983,6.690571,-6.6666417,10.82938494372431
190713.83533734136,2.7398798,8.566611,-2.6537352,9.37742373232052
190731.91766867068,4.469952,7.1452236,-5.9296265,10.305103667882396
190750.0,4.668564,7.8463454,-2.2589052,9.405491941455491
190768.75300601203,3.5103962,8.023421,-2.7709875,9.185670239529161
190786.83533734136,3.2447834,8.267497,-1.8401463,9.070075212661044
190804.91766867068,3.8477962,9.100229,-1.536247,9.998987863488207
190823.0,3.0389934,9.830067,-1.7683591,10.439961303390227
190840.75300601203,4.7259936,8.339285,-3.5893621,10.235341230432056
190858.83533734136,6.042093,7.9324903,-3.2376046,10.483957922759146
190876.91766867068,3.8477962,8.540289,-1.8162172,9.541525911395476
190895.0,3.7784019,7.755415,-2.290013,8.92563399878785
190912.75300601203,3.95787,7.499374,-3.0581365,9.014296654837151
190930.83533734136,5.235683,8.035385,-4.170839,10.458283154449155
190948.91766867068,4.374236,9.219875,-3.1610315,10.683265219178697
190967.0,3.8980472,8.401501,-2.6680925,9.638397616563921
190985.75300601203,2.8236315,8.576182,-1.6511066,9.178776909233592
191003.83533734136,4.7523155,8.805902,-3.3165705,10.541729105161757
191021.91766867068,4.8336744,8.214853,-2.6728783,9.89911594150888
191040.0,3.1371026,7.9755626,-2.8427749,9.029528262401948
191057.75300601203,5.879375,7.7984877,-3.5486827,10.391179418283354
191075.83533734136,3.907619,8.2028885,-3.359643,9.687314750747095
191093.91766867068,2.759023,9.140909,0.73701566,9.576618262408461
191112.0,3.4577522,9.329948,-3.022243,10.398939018494042
191129.75300601203,4.7523155,6.999256,-6.975327,10.964911031194246
191147.83533734136,2.3043704,11.524245,1.2012398,11.813607527657467
191165.91766867068,3.017457,8.698221,-1.2849916,9.29598293478213
191184.0,3.2878556,8.602505,-0.5838696,9.227891981990282
191201.75300601203,3.2711053,9.507024,-1.0074143,10.104381168191775
191219.83533734136,5.029893,7.518517,-6.1425953,10.934322040726626
191237.91766867068,6.6762137,7.4634805,-9.085872,13.52140675160436
191256.0,4.276127,7.188296,-0.34697166,8.371215612835938
191274.75300601203,2.9289196,9.710421,-1.5338541,10.257853304692555
191292.83533734136,6.812609,6.8915753,-10.794409,14.506023478601296
191310.91766867068,6.0995226,7.080615,-7.1643667,11.775713776166803
191329.0,4.036836,8.166995,-5.853053,10.82839238491707
191346.75300601203,2.7470584,11.349563,2.8020954,12.008773824778311
191364.83533734136,3.2328188,9.28209,-0.24407662,9.831982788744297
191382.91766867068,3.3692145,7.5352674,2.3737648,8.58874964486869
191401.0,2.763809,8.293819,0.6819788,8.768760965888593
191418.75300601203,3.9124048,8.435001,-5.3218274,10.713449494185092
191436.83533734136,3.749687,11.081557,-0.5264398,11.710601906189197
191454.91766867068,3.541504,10.251218,-1.5482116,10.955668862461778
191473.0,3.2926416,9.705635,-1.2371335,10.323339515684728
191490.75300601203,2.0244002,8.827438,4.0727296,9.930205647836313
191508.83533734136,5.7812657,6.31967,0.18186101,8.56704940045607
191526.91766867068,2.916955,7.628591,1.4142087,8.288788413541614
191545.0,3.1394954,8.396714,-3.3141778,9.557458441156308
191563.75300601203,5.7501583,6.6977496,-5.912876,10.624795187237025
191581.83533734136,3.2352118,7.8463454,0.4402951,8.498564072950465
191599.91766867068,3.1706033,7.3462276,-3.9243693,8.911815731923273
191618.0,5.5898333,5.798016,-4.118195,9.045593176573323
191636.75300601203,3.771223,7.934883,1.3256711,8.884925154709702
191654.83533734136,4.481917,8.042564,0.77290934,9.239469927265539
191672.91766867068,4.9892135,9.227054,-1.4189945,10.585099067015316
191691.0,5.130395,9.578811,-3.4003224,11.385814220058561
191708.75300601203,4.5680614,7.9516335,-3.804724,9.928322365267366
191726.83533734136,3.0581365,8.298605,0.5527618,8.861410125154828
191744.91766867068,3.3763933,8.533111,-3.3261423,9.76100597553629
191763.0,4.0559793,8.841795,-3.7449012,10.423655400185433
191780.75300601203,4.323985,9.899461,-2.1584032,11.016119041863892
191798.83533734136,3.8071167,7.705164,-2.5628045,8.968369792751364
191816.91766867068,4.5465255,7.5089455,-1.5075321,8.906616062043481
191835.0,4.189982,9.987998,-2.2206187,11.056545600643886
191853.75300601203,4.1540885,8.719757,-5.8721967,11.303685571014974
191871.83533734136,3.3381069,8.31057,-2.3498356,9.25906359994114
191889.91766867068,5.5443683,8.44218,-1.0122001,10.15061436765701
191908.0,3.7161863,8.760436,-5.2763624,10.88095950284429
191925.75300601203,1.7683591,9.408915,4.948534,10.776955234802353
191943.83533734136,3.4505734,9.858782,-1.5194967,10.555136642110439
191961.91766867068,2.6896286,8.4541445,-1.1557746,8.946646084361634
191980.0,4.6230984,8.7556505,-4.611134,10.922317119557956
191997.75300601203,1.9358627,9.227054,-1.7563945,9.590151800247876
192015.83533734136,4.9820347,8.860939,-3.644399,10.799007074028895
192033.91766867068,4.637456,7.499374,-5.156717,10.214613980072913
192052.0,3.6922572,9.511809,-0.416366,10.21178898770381
192070.75300601203,4.020086,8.312963,-1.691786,9.387682629731419
192088.83533734136,3.804724,9.260554,-3.0796728,10.474644130382275
192106.91766867068,4.6709566,8.312963,-3.9961565,10.338880798758868
192125.0,3.799938,8.083243,-3.048565,9.437801373207533
192142.75300601203,4.4292727,8.38475,-3.1466742,9.99119851341224
192160.83533734136,2.3259068,9.770244,2.1512244,10.271089361941002
192178.91766867068,3.9817991,7.3342633,-2.9073834,8.83736501798377
192197.0,4.22109,9.155267,-2.2517266,10.329897739597259
192214.75300601203,4.5967765,7.903775,-2.443159,9.464092103358793
192232.83533734136,3.101209,8.32732,-1.0815945,8.951625679535043
192250.91766867068,3.9219763,8.245961,-4.400558,10.136206470995285
192269.0,5.912876,7.748236,-5.958341,11.423619880552444
192286.75300601203,4.331164,8.913583,-1.9837208,10.106734967591542
192304.83533734136,2.9217408,9.578811,-0.46422416,10.025252792166057
192322.91766867068,4.2043395,8.052135,-4.611134,10.187045963155425
192341.0,3.699436,9.138516,-2.8427749,10.260588215712684
192359.75300601203,3.62047,9.124159,-0.70830077,9.841736150647588
192377.83533734136,5.0657864,7.903775,-4.2019467,10.285339429046125
192395.91766867068,4.23784,9.274912,-2.266084,10.445976123292644
192414.0,4.766673,8.743686,-3.988978,10.727775251188337
192431.75300601203,4.606348,8.348856,-3.874118,10.292260620668522
192449.83533734136,4.0440145,8.959048,-2.60827,10.169644376054368
192467.91766867068,4.343128,8.052135,-3.7688303,9.894630903313528
192486.0,3.8214743,8.793938,-3.4768956,10.199304603094461
192503.75300601203,3.6850784,8.743686,-3.1873536,10.009548973464065
192521.83533734136,3.3261423,9.195946,-1.093559,9.83994495519392
192539.91766867068,4.6015625,8.540289,-3.567826,10.336357966479452
192558.0,4.663778,8.841795,-4.175625,10.833467044115379
192575.75300601203,3.988978,8.975799,-1.8808258,10.000720917155455
192593.83533734136,3.8669395,9.0475855,-1.7252867,9.989426343572857
192611.91766867068,3.723365,9.00212,-3.926762,10.503383798675024
192630.0,4.3838077,8.339285,-3.0964231,9.917120563753267
192648.75300601203,4.0153,8.123923,-2.6656997,9.445989301841765
192666.83533734136,2.988742,8.822652,-0.011964541,9.31514413232073
192684.91766867068,3.907619,9.0475855,-0.36611494,9.862166586418143
192703.0,4.6661706,8.545074,-3.3165705,10.285478968684473
192720.75300601203,4.0296574,8.439787,-3.1299238,9.862279977801798
192738.83533734136,4.2833056,7.968384,-3.749687,9.792956807441579
192756.91766867068,4.039229,8.530717,-3.048565,9.918782788616504
192775.0,4.1971607,8.7389,-2.0698655,9.913065839573282
192793.75300601203,3.098816,8.700614,-0.11485959,9.236695150553956
192811.83533734136,4.0607653,8.44218,-4.381415,10.3420024838669
192829.91766867068,4.2234826,8.418251,-2.1368668,9.657688900168921
192848.0,4.170839,8.205282,-1.5960697,9.341840779562832
192865.75300601203,4.1421237,8.430215,-3.8717253,10.159526095787479
192883.83533734136,4.2976627,8.748472,-2.5651975,10.078983343163214
192901.91766867068,3.1323166,8.691042,-0.30868515,9.243424952377234
192920.0,4.1780176,8.166995,-2.7518444,9.577488501572116
192938.75300601203,3.0557437,8.896832,-2.1895108,9.658423615664738
192956.83533734136,3.8621538,8.269891,-2.1392598,9.374633945847243
192974.91766867068,3.2112827,8.7053995,-0.99066395,9.331545000467456
192993.0,3.8597608,8.801116,-3.3237493,10.168810436227195
193010.75300601203,3.5080032,8.954262,-1.8736471,9.797726668528401
193028.83533734136,4.058372,8.628826,-2.6944146,9.908929884975127
193046.91766867068,4.192375,8.25314,-3.3692145,9.850986465691406
193065.0,3.7042217,8.700614,-2.500589,9.781354084515492
193082.75300601203,4.1493025,8.360821,-2.5316968,9.671066524312481
193100.83533734136,3.8477962,8.686256,-2.88824,9.92967820182862
193118.91766867068,3.4433947,9.172017,-2.392908,10.08508163599785
193137.0,3.3357139,8.817866,-1.3711363,9.52689680692443
193154.75300601203,4.1516957,8.765223,-3.9722273,10.480663201725013
193172.83533734136,2.9025974,9.140909,-1.5936768,9.722195984222186
193190.91766867068,3.7353296,8.858545,-1.8138243,9.783479203684733
193209.0,3.852582,8.844189,-2.6872358,10.01415515054798
193227.75300601203,3.7425082,8.549861,-2.5484471,9.674764770674615
193245.83533734136,3.8454032,8.545074,-2.6130557,9.727973865474183
193263.91766867068,4.225876,8.413465,-2.8236315,9.829410771831304
193282.0,3.8166883,8.600112,-2.3019776,9.686492495367073
193299.75300601203,3.8286529,8.85376,-2.08183,9.868214900131553
193317.83533734136,3.7903664,8.63122,-1.902362,9.616850696235904
193335.91766867068,3.7831876,8.478073,-2.5484471,9.6272951981136
193354.0,3.9602628,8.334499,-2.8403819,9.65480835459267
193371.75300601203,3.9219763,8.61447,-1.9741492,9.668932544108598
193389.83533734136,2.8236315,9.313198,-2.7398798,10.110167810350346
193407.91766867068,1.7109293,11.277776,1.8808258,11.560839773378062
193426.0,3.1179593,8.557039,-2.4000869,9.418333386089552
193444.75300601203,3.6922572,8.961441,-3.2232473,10.214181865641033
193462.83533734136,5.3816504,5.494117,-2.184725,7.995030078938675
193480.91766867068,-1.0576653,9.332341,11.797037,15.07916862451223
193499.0,-1.1246668,3.01985,-10.227289,10.722957135186322
193516.75300601203,-8.322535,17.819986,6.269419,20.642725218923545
193534.83533734136,4.481917,13.184923,-3.3141778,14.314801745075998
193552.91766867068,1.9238981,5.5754757,-7.362978,9.434021316965428
193571.0,8.399107,6.6498914,-12.952811,16.808966857929253
193588.75300601203,12.86906,13.249532,-4.0057282,18.89996460089011
193606.83533734136,-6.276598,6.0325212,-9.301233,12.739698968277956
193624.91766867068,-14.903031,24.08462,4.8767467,28.739379114854273
193643.0,3.4984317,5.503689,-3.0844586,7.214118229097708
193660.75300601203,15.4342575,5.0586076,-8.523539,18.342751497842546
193678.83533734136,17.43712,0.208183,-15.039428,23.02782856943036
193696.91766867068,20.528759,-0.5264398,-8.214853,22.117660245937273
193715.0,4.1349454,13.589325,18.557003,23.369422067278755
193733.75300601203,13.259104,15.869766,-1.9741492,20.773795436593495
193751.83533734136,-3.5821834,1.6152129,2.2254045,4.515902546798615
193769.91766867068,0.2368979,17.020756,4.7953877,17.684965327075755
193788.0,-8.147852,8.427822,-8.138281,14.270504318788072
193805.75300601203,-7.5017667,20.856586,5.0155354,22.725080385892547
193823.83533734136,2.9719918,3.854975,-13.239961,14.106386312284704
193841.91766867068,9.349092,1.4453164,-1.8281817,9.635180800005148
193860.0,2.0172215,-7.9205256,-8.657541,11.906171699039058
193878.75300601203,-7.004042,1.9191123,-4.2067323,8.392627300293906
193896.83533734136,4.271341,3.7114005,-5.4055796,7.82554396969421
193914.91766867068,14.209088,15.702263,5.57069,21.897301938572546
193933.0,-29.827599,-4.9628916,-5.1399665,30.671407055420097
193950.75300601203,20.01907,22.708698,3.9961565,30.5355103984295
193968.83533734136,-0.8829831,-1.6080343,4.477131,4.838402159393439
193986.91766867068,5.343364,9.26534,2.3282995,10.946188501656467
194005.0,0.48815325,11.002591,5.5443683,12.330260425263186
194023.75300601203,8.726935,0.47618872,-6.3435993,10.799416756021628
194041.83533734136,-18.461287,-2.5508401,3.5750046,18.97647387693926
194059.91766867068,-13.103564,-10.641262,-19.176765,25.547762374031212
194078.0,-0.8255533,4.4101295,-8.274676,9.412812723245223
194095.75300601203,6.6762137,20.56226,7.444337,22.8647440187997
194113.83533734136,4.9078546,12.7542,-0.13639577,13.66657448744253
194131.91766867068,-6.9896846,12.127258,-10.086107,17.252699261897835
194150.0,-13.220818,-6.925076,-16.606783,22.32782899889707
194167.75300601203,-13.005455,8.31057,-1.3496002,15.492864621552885
194185.83533734136,25.410292,0.95955616,-4.027264,25.745340216729588
194203.91766867068,13.22321,21.753927,6.0732007,26.171938968443083
194222.0,22.689554,28.171707,-11.502709,37.95751902260534
194239.75300601203,-24.821636,-9.114587,-17.50173,31.709617829453023
194257.83533734136,-35.64476,-3.7377224,-1.6415349,35.87776638846097
194275.91766867068,61.24409,19.923353,-14.149265,65.93921636424665
194294.0,-13.886045,-5.7932305,-9.801352,17.956900244642984
194312.75300601203,20.325361,21.208344,11.246668,31.454756335169424
194330.83533734136,-12.510123,-7.087794,-14.252161,20.245100504356255
194348.91766867068,-32.06736,8.073672,22.773306,40.15125431543603
194367.0,-16.788643,-3.0581365,-12.371335,21.07749184121076
194384.75300601203,56.977535,24.230587,4.536954,62.081758936413124
194402.83533734136,4.6494203,-12.916918,-12.63934,18.660567927594702
194420.91766867068,46.393703,25.898445,-15.692691,55.401856307272915
194439.0,-17.020756,8.449359,-15.55151,24.554984536800607
194456.75300601203,-21.521816,10.148323,-6.101916,24.564413335580415
194474.83533734136,1.8712541,22.69434,5.1471453,23.34582970643106
194492.91766867068,-28.958973,1.8640754,-10.562296,30.881369644224495
194511.0,59.973457,23.675432,-3.5223608,64.57359096815702
194528.75300601203,-8.633613,19.140871,11.442886,23.91342418143847
194546.83533734136,-20.119572,0.42115182,-10.58144,22.73634576602567
194564.91766867068,-3.5175748,-10.825516,-11.277776,16.02352522530629
194583.0,30.425827,9.987998,-13.661112,34.81547118392162
194601.75300601203,36.5421,36.14488,5.6855497,51.71172882447047
194619.83533734136,-22.560337,1.1940612,10.595797,24.953266354690392
194637.91766867068,-43.036453,-3.7879734,-7.8511314,43.91042351834451
194656.0,-28.186064,-5.3696856,-17.27919,33.49415074772077
194673.75300601203,-16.987255,-7.8989897,-6.4704237,19.819870170443924
194691.83533734136,44.979492,8.090423,-19.822851,49.81520919021814
194709.91766867068,22.967133,21.940575,11.703713,33.85047898563155
194728.0,29.447126,12.68002,20.287075,37.940500114203836
194745.75300601203,58.796146,30.425827,-13.936296,67.65307146971867
194763.83533734136,-32.89531,23.184887,26.879536,48.39576283905612
194781.91766867068,-33.82615,3.3740003,22.66084,40.854693382186824
194800.0,-38.37507,5.8434815,20.57901,43.93504212045144
194818.75300601203,14.608704,-16.501493,-6.8389316,23.075625435037367
194836.83533734136,-2.5891266,-7.3199058,9.380199,12.176729066186132
194854.91766867068,-23.785507,-6.561354,12.90256,27.84381015798601
194873.0,-26.575638,6.0851655,20.411507,34.05764807323728
194890.75300601203,-31.100626,-12.110508,-7.2241898,34.14823948428914
194908.83533734136,-15.742943,9.272519,-1.6726427,18.34714137157267
194926.91766867068,-29.963995,0.5336185,19.629025,35.824912665827846
194945.0,-7.4084435,12.455087,2.8834543,14.775944503497898
194962.75300601203,4.0751224,17.853487,11.122237,21.42563363166466
194980.83533734136,14.900639,31.514599,15.352899,38.090819109640094
194998.91766867068,-11.923861,14.101407,28.834543,34.24118880158542
195017.0,60.7009,-4.0966587,-20.313396,64.1405950266062
195035.75300601203,51.24652,20.57901,6.511103,55.60661765444027
195053.83533734136,27.181044,15.695085,-5.884161,31.93380961866407
195071.91766867068,29.270052,14.244982,-14.493844,35.63322845546505
195090.0,19.380163,-14.434022,-13.096386,27.485396763809852
195108.75300601203,-2.7231295,-11.115058,-12.981526,17.305489473164585
195126.83533734136,-38.3296,-12.991098,-20.598152,45.411570433323575
195144.91766867068,-18.930296,-7.2840123,-7.525696,21.634441109457466
195163.0,-22.610588,22.112864,25.711798,40.759219820563835
195180.75300601203,-2.916955,22.782879,13.084421,26.43426327526279
195198.83533734136,53.907433,9.822887,-10.736979,55.837112745115135
195216.91766867068,44.213764,18.006634,4.345521,47.9372438487977
195235.0,55.6399,-3.9674416,-32.146328,64.38109558514047
195252.75300601203,-43.2566,4.218697,-13.86451,45.619683092694856
195270.83533734136,-31.131735,-9.1983385,-22.54598,39.52360774817005
195288.91766867068,-28.937437,1.6534995,18.305746,34.28133103223948
195307.0,16.295704,28.499535,10.035856,34.329169371317114
195324.75300601203,66.37209,25.161428,-19.4352,73.59401326879302
195342.83533734136,46.869892,18.248318,-12.524481,51.832909528986974
195360.91766867068,24.474665,-5.977484,-3.596541,25.449452823138696
195379.0,-21.942966,-14.993962,2.5484471,26.69845006655065
195397.75300601203,-24.613453,-13.876474,3.2495692,28.441840644400525
195415.83533734136,-8.525931,34.278408,27.358118,44.678488950871525
195433.91766867068,31.727568,26.013304,-13.639576,43.236195365119904
195452.0,53.26135,-10.825516,-37.939556,66.28252492147453
195469.75300601203,11.064807,3.0007067,-0.33740005,11.46943910748969
195487.83533734136,-2.5819478,-3.1155663,-7.599876,8.609954879498297
195505.91766867068,7.44673,-6.4967456,4.682921,10.93577798678541
195524.0,-9.947319,43.053204,36.252556,57.15571140740453
195541.75300601203,53.785397,22.081757,-21.452421,61.97321428985187
195559.83533734136,38.544964,-4.4292727,-6.563747,39.349910814286105
195577.91766867068,-13.242353,-7.585519,-8.037778,17.248358955368882
195596.0,-18.25071,-5.1447525,-16.07795,24.86075964231295
195613.75300601203,-4.816924,31.397346,16.032484,35.581408570709335
195631.83533734136,34.012794,38.688538,3.4146798,51.62686477407289
195649.91766867068,39.408802,5.443866,-5.443866,40.153767309271444
195668.0,-9.564454,-12.459872,-5.1638956,16.53460033814544
195686.75300601203,-27.281546,-8.387143,-11.490745,30.767907639415295
195704.83533734136,-31.306417,25.462934,25.460543,47.71469378630752
195722.91766867068,4.8958898,25.443792,21.045628,33.38075412850033
195741.0,55.307285,-4.4101295,-19.562023,58.830415263964646
195758.75300601203,7.3510137,-5.1136446,-14.445986,16.996272386170233
195776.83533734136,-23.641932,-5.726229,-23.675432,33.94490724158322
195794.91766867068,-2.995921,34.957993,3.7090075,35.281631961423585
195813.0,16.092306,35.1925,3.1155663,38.82243065570897
195830.75300601203,37.106827,29.47345,-28.31289,55.20163589118106
195848.83533734136,-0.22732627,-5.649656,-4.8001738,7.417004696073379
195866.91766867068,-23.5175,-2.2014754,-21.966896,32.25622141636588
195885.0,-27.676374,30.85655,11.943005,43.136338789011766
195903.75300601203,-3.0916374,38.583252,23.469643,45.26643015807666
195921.83533734136,27.760126,28.432533,-18.509144,43.83630846620984
195939.91766867068,28.150171,-12.069828,-11.562531,32.73843304748696
195958.0,-12.656091,1.4261732,-13.1107435,18.278462859865197
195975.75300601203,-5.049036,33.594036,21.354311,40.12553572954899
195993.83533734136,55.991657,24.730705,-18.59529,63.97232396581176
196011.91766867068,33.541393,28.915901,-4.431666,44.506112372996654
196030.0,18.145422,-3.2184613,3.8310459,18.822639171635537
196047.75300601203,-25.283466,2.0961876,-28.753183,38.345706253230475
196065.83533734136,-23.840544,34.64931,33.007774,53.464561778126566
196083.91766867068,36.537315,21.849644,-12.861881,44.472579340466886
196102.0,46.975178,10.399578,-4.314413,48.30561799878288
196120.75300601203,3.5247536,-12.890595,-8.717364,15.955681198345433
196138.83533734136,-33.33321,-0.442688,-25.77162,42.13638877495133
196156.91766867068,18.607254,37.870163,-8.942298,43.13170342784863
196175.0,45.47243,31.729961,-4.218697,55.60871981572881
196193.75300601203,52.962234,-5.62812,-3.0366004,53.346929686669284
196211.83533734136,-4.2234826,-0.6006199,-9.243804,10.180690640972978
196229.91766867068,-48.77225,-3.8908687,2.835596,49.00930354512656
196248.0,-29.839563,25.867336,29.337053,49.19533789387643
196265.75300601203,12.845131,27.616552,8.846581,31.716452042519286
196283.83533734136,50.35875,5.831517,-1.8114314,50.727621428573755
196301.91766867068,-3.5869691,-7.0686507,-12.21101,14.558191345873473
196320.0,-32.670376,-12.502945,-9.518989,36.25311370401889
196337.75300601203,-28.477999,29.779741,17.516087,44.77323647964988
196355.83533734136,50.789474,28.166922,-11.469209,59.19872396628529
196373.91766867068,50.657864,-19.064299,-9.28209,54.91651733469627
196392.0,-18.963797,12.335442,1.3256711,22.66155620997702
196409.75300601203,-30.703403,-18.937475,3.2328188,36.21847639740893
196427.83533734136,-7.496981,48.547318,37.465763,61.77969088850845
196445.91766867068,61.528847,19.016441,-13.431393,65.78621709276449
196464.0,32.82352,-11.5721035,4.836067,35.13807889787945
196482.75300601203,-25.345682,4.7451367,-37.929985,45.86505947283875
196500.83533734136,-34.821598,-7.5831256,3.2663195,35.787097175030276
196518.91766867068,-27.525621,29.265266,53.041203,66.53934791665459
196537.0,41.61028,19.32034,13.811866,47.9109442799446
196554.75300601203,-23.223173,-5.309863,-8.291427,25.224158478788286
196572.83533734136,-33.139385,4.4149156,-13.3524275,35.999967195486505
196590.91766867068,16.556532,-2.4144442,-8.135887,18.604863609785124
196609.0,26.44642,24.64456,-2.316335,36.22337472188676
196626.75300601203,44.41477,22.15115,5.6879425,49.95696077984234
196644.83533734136,7.209832,-7.580733,-9.186374,13.922595216172486
196662.91766867068,-31.634245,13.271069,-27.209759,43.786044739858234
196681.0,-34.086975,10.457008,12.170331,37.674763935720286
196698.75300601203,-12.5077305,26.152092,32.964703,43.8981421260092
196716.83533734136,41.890247,13.407464,5.7693014,44.3603169880057
196734.91766867068,-2.2445478,2.680057,-24.697205,24.9433886062371
196753.0,-31.505028,-5.853053,-31.586388,44.99472108579113
196771.75300601203,-20.263145,8.834617,-9.54531,24.07817363970561
196789.83533734136,36.482277,19.004477,0.43550926,41.137772782004184
196807.91766867068,48.74593,14.0463705,-12.837952,52.328569895827215
196826.0,-10.296683,7.4586945,-4.563276,13.508415610240725
196843.75300601203,-41.787354,-11.277776,4.481917,43.51389164189272
196861.83533734136,-33.620358,30.342075,29.12169,53.84276010579221
196879.91766867068,30.397112,9.595561,5.6305127,32.36915016045565
196898.0,6.2311325,6.8604674,1.1749178,9.342026387019889
196915.75300601203,0.004785816,4.2043395,-22.684769,23.0710909607382
196933.83533734136,-36.22145,-7.3773355,8.360821,37.898837013503474
196951.91766867068,-20.406721,24.996319,9.526167,33.645179197523845
196970.0,38.34396,27.508871,-7.9061685,47.848769603059104
196987.75300601203,34.50813,-2.3019776,6.6977496,35.22740391615741
197005.83533734136,-19.538095,-3.4697168,-20.605331,28.606917983606486
197023.91766867068,-35.271465,6.9155045,-15.587403,39.17738605394896
197042.0,-22.629732,34.867065,16.427315,44.69534282467552
197060.75300601203,32.455013,14.989177,5.0825367,36.10866205322962
197078.83533734136,30.433004,7.16676,5.6927285,31.779511310533525
197096.91766867068,-15.451008,2.4670882,-13.814259,20.872324358387214
197115.0,-38.578465,-2.8260245,-3.6228628,38.85111981781798
197132.75300601203,-15.072928,12.012399,17.066221,25.743868929304814
197150.83533734136,40.56458,10.813552,3.9171906,42.163520247126336
197168.91766867068,21.31124,3.955477,-6.762358,22.70559918511936
197187.0,-12.694378,8.719757,7.628591,17.18652948070709
197204.75300601203,-27.683554,-0.60301286,1.899969,27.755227773902387
197222.83533734136,-24.579952,22.892952,24.912565,41.81981810668039
197240.91766867068,37.114006,18.592896,-7.1236873,42.11759897932257
197259.0,65.773865,-11.962148,-14.17798,68.33966212012267
197277.75300601203,-17.291153,-4.5417395,-20.918802,27.517406252597162
197295.83533734136,-30.562222,10.612547,-29.360983,43.68916215871828
197313.91766867068,-25.647188,28.671825,11.517067,40.1558791887372
197332.0,35.326504,35.058495,-5.003571,50.02095240275901
197350.75300601203,34.206623,-2.1751535,-20.358862,39.86612110235626
197368.83533734136,-9.270126,-10.114822,-18.425392,22.97259085304102
197386.91766867068,-35.879265,-5.7621226,8.597719,37.34226139109168
197405.0,-16.673784,20.263145,1.0839874,26.2637610949582
197422.75300601203,35.98455,39.159943,2.6848428,53.25032727905492
197440.83533734136,60.00935,-7.681235,-17.961168,63.10885052409011
197458.91766867068,7.2720475,-2.2828343,-4.508239,8.855406606397796
197477.0,-17.779306,-16.348349,-12.634555,27.258103692580338
197494.75300601203,-10.323006,29.853922,0.09810923,31.588458922193897
197512.83533734136,-7.130866,16.65464,11.777894,21.608911830881073
197530.91766867068,48.43964,26.831678,0.8040171,55.3803585319053
197549.0,26.178415,-1.715715,-3.7066147,26.49513318343024
197567.75300601203,-24.90778,-0.21536173,-12.256475,27.760854897296905
197585.83533734136,-36.56842,14.910211,14.862352,42.19541729065877
197603.91766867068,3.902833,23.40982,-2.7685947,23.89386729834995
197622.0,48.509033,18.238745,-9.538132,52.694914971176665
197639.75300601203,40.241535,-16.18563,4.2234826,43.57973798596806
197657.83533734136,-29.8946,-0.5551547,-16.4321,34.117579285625354
197675.91766867068,-27.221722,-2.861918,7.037543,28.261983914100174
197694.0,-0.9739136,12.010006,-4.0033355,12.697064501130221
197711.75300601203,32.2564,35.766796,-6.707321,48.62846072067937
197729.83533734136,32.6608,6.45128,7.808059,34.195213928646226
197747.91766867068,10.351721,-14.175588,-15.565867,23.460640193082412
197766.0,-34.89817,5.2428617,-17.03272,39.18524491122426
197783.75300601203,-33.15135,38.092705,24.804886,56.26143039874227
197801.83533734136,12.184688,7.8559175,9.636241,17.40802119812103
197819.91766867068,34.407627,15.8769455,-21.30406,43.47211941767619
197838.0,-1.926291,-9.887496,-5.4869385,11.470818116833659
197856.75300601203,-24.584738,-3.6563635,-21.562494,32.904703069209
197874.83533734136,-19.839602,17.348583,-1.2682413,26.38544249432476
197892.91766867068,-8.169388,26.061163,9.597955,28.948987156533438
197911.0,16.314848,26.982431,0.77290934,31.540818581335586
197928.75300601203,31.62228,5.4869385,-0.69872916,32.102387900905704
197946.83533734136,-29.023582,9.987998,-23.80465,38.84314325310489
197964.91766867068,-24.64456,0.13400285,-17.18108,30.04266639837097
197983.0,-38.91108,22.364119,21.268167,49.66448321439024
198000.75300601203,21.835287,30.284645,1.2945633,37.357935907730514
198018.83533734136,57.312542,-0.36850783,-0.24407662,57.314246413251965
198036.91766867068,10.416329,-8.126316,-10.208146,16.695603203400978
198055.0,-25.675903,19.193516,-27.29351,42.10200398351324
198072.75300601203,-24.041548,3.6228628,-18.1191,30.321987895155022
198090.83533734136,-10.607761,8.741293,11.244275,17.758618105601432
198108.91766867068,3.7305436,26.290882,19.65056,33.034405401081834
198127.0,37.918022,4.307235,-5.154324,38.50838508214393
198145.75300601203,7.659699,-7.9300976,-3.4577522,11.554803632807076
198163.83533734136,-39.112083,4.869568,-6.164131,39.89316031716056
198181.91766867068,-24.333483,3.2447834,-17.023148,29.873643601912853
198200.0,-22.01954,14.35027,29.552416,39.549155266851855
198217.75300601203,54.639664,17.784094,-13.235175,58.965555527904236
198235.83533734136,55.149353,17.29594,2.471874,57.85076350294856
198253.91766867068,8.341678,-1.304135,-1.9119335,8.656780559903968
198272.0,-37.683517,8.971012,-0.81119585,38.745122899540405
198289.75300601203,-26.393776,12.792486,-4.347914,29.651028072391824
198307.83533734136,32.23008,10.954733,-23.629967,41.43862416066415
198325.91766867068,32.13915,16.465601,-7.63577,36.90997104451047
198344.0,34.161156,-9.040407,6.712107,35.96895770468521
198361.75300601203,3.7640445,14.474701,-6.9920774,16.50981969631928
198379.83533734136,-29.38491,-13.967404,-10.1842165,34.092221633771366
198397.91766867068,-22.15115,-8.042564,1.2060257,23.59683834766125
198416.0,7.4586945,25.233215,-11.217953,28.60401601857271
198434.75300601203,40.267857,19.478271,-21.998005,49.84792445530621
198452.83533734136,53.469532,-4.692493,-0.20100428,53.675420311113086
198470.91766867068,15.702263,-5.2452545,-20.425863,26.292387441723662
198489.0,-29.961603,3.4481807,-14.48188,33.45612728341195
198507.75300601203,-36.563637,21.926216,37.853413,57.013501685960264
198525.83533734136,27.164293,11.928647,-13.69222,32.67519429121819
198543.91766867068,31.698854,22.325832,-3.175389,38.90171223361333
198562.0,34.070225,0.69633627,-6.269419,34.649252955137484
198579.75300601203,-1.742037,0.60540575,3.2304258,3.7197929889723302
198597.83533734136,-27.50648,0.46422416,-14.778601,31.22865660860756
198615.91766867068,-25.797941,31.40692,23.706541,47.05240131927978
198634.0,-16.95854,34.752205,16.211952,41.93012304947278
198652.75300601203,39.755775,19.22223,-33.584465,55.47911373985484
198670.83533734136,34.316696,-3.6324344,-5.472581,34.939652929419324
198688.91766867068,9.803744,-8.994942,-15.30504,20.27970974650525
198707.0,-18.07842,-3.175389,-21.725212,28.441118146842697
198724.75300601203,-25.649582,10.423508,7.8008804,28.76463646243234
198742.83533734136,-6.0684147,31.232237,1.9215052,31.87429163493633
198760.91766867068,24.453127,13.421822,-0.6819788,27.902792350613627
198779.0,19.028404,-2.0267932,-17.920488,26.217016222692585
198796.75300601203,-9.4998455,3.543897,-15.762086,18.741654823997674
198814.83533734136,-13.668291,6.850896,-19.430414,24.724440197401698
198832.91766867068,-15.795587,-2.2110472,-7.623805,17.678000482894603
198851.0,-3.6420062,15.393578,0.24886245,15.82050521702586
198868.75300601203,12.47423,19.94489,5.446259,24.14677594007285
198886.83533734136,40.878048,21.110235,-17.85588,49.35067659738749
198904.91766867068,12.3833,-9.119372,4.2019467,15.942566312674535
198923.0,-5.616155,1.8066456,-18.073635,19.01213947511561
198941.75300601203,-20.806335,-7.525696,-4.869568,22.655073800878803
198959.83533734136,-13.984155,5.515653,16.027699,21.974215670076486
198977.91766867068,4.4914885,20.483294,-11.0791645,23.716801809142154
198996.0,35.352825,23.323675,-26.477528,49.94872911273153
199013.75300601203,36.671318,-7.24094,3.9435124,37.586807073621955
199031.83533734136,30.44497,1.9382555,-0.48576033,30.510473542414612
199049.91766867068,-23.285389,-3.0677083,-7.3557997,24.61154128293736
199068.0,-29.767776,4.9030685,-5.9726987,30.754409414957884
199085.75300601203,-5.6089764,25.233215,-7.968384,27.04941587286938
199103.83533734136,27.673983,9.317985,-30.641188,42.32678326539661
199121.91766867068,20.25836,19.727135,-18.85133,33.98431473439953
199140.0,37.286293,-0.86623275,-1.7994668,37.33973869248851
199157.75300601203,12.462265,-18.298569,-14.352663,26.384552517894917
199175.83533734136,-28.777113,10.150716,-12.493373,32.9733776984487
199193.91766867068,-37.2839,10.0837145,18.887224,42.99415922836132
199212.0,-20.83505,1.4381378,7.3031554,22.124728871352026
199230.75300601203,2.81406,12.395264,9.495059,15.865612144722842
199248.83533734136,40.925907,13.015027,4.7212076,43.20428905543611
199266.91766867068,22.404799,-7.84156,9.966462,25.744813968281942
199285.0,-1.0002356,-2.1249025,-10.87816,11.128793594797848
199302.75300601203,-25.553865,3.1107805,-7.542446,26.824717396839823
199320.83533734136,-20.06932,-1.6702498,-10.0334635,22.49972731973951
199338.91766867068,-29.248516,10.528795,24.771385,39.748619185734064
199357.0,13.979369,32.275543,-20.947517,40.93814727180871
199374.75300601203,43.06756,-7.903775,-22.715876,49.328444188435554
199392.83533734136,54.56309,-1.1342385,8.193317,55.186481413344985
199410.91766867068,21.72282,-4.381415,-2.526911,22.303878258198637
199429.0,-18.40625,-12.069828,-8.116744,23.459589087910725
199446.75300601203,-23.658682,-4.2617693,16.173666,28.973839638941584
199464.83533734136,-17.867846,17.894167,4.4986672,25.684609007729918
199482.91766867068,-10.768086,22.880987,10.413936,27.34851559426327
199501.0,43.97926,28.26503,-8.370393,52.944789262239475
199519.75300601203,35.52033,11.682178,-2.0937946,37.450648885694534
199537.83533734136,14.14448,-12.361763,-11.263418,21.90306106418217
199555.91766867068,-17.348583,1.9502201,-17.22176,24.522758981075786
199574.0,-29.427984,5.790838,-15.934375,33.962396171164436
199592.75300601203,-7.4850163,-11.007378,-7.6668777,15.361277717459147
199610.83533734136,-20.856586,29.987925,26.905859,45.367367941163415
199628.91766867068,52.935913,21.531387,-1.2203832,57.16030831304341
199647.0,20.263145,-8.650363,8.951869,23.78150087601611
199664.75300601203,38.844078,-13.160995,-1.6702498,41.047093922158595
199682.83533734136,-28.336817,-2.9935281,-10.468973,30.356808196049
199700.91766867068,-30.394718,-9.114587,-4.7331724,32.0829783444152
199719.0,-32.653625,8.059315,16.226309,37.343070142575726
199736.75300601203,-12.306726,44.91967,-8.169388,47.28605669795823
199754.83533734136,23.627575,38.559322,-10.897304,46.5170382542647
199772.91766867068,46.489418,21.210737,-44.96274,68.06474372514373
199791.0,29.011618,-1.1940612,5.876982,29.624967148599392
199809.75300601203,7.5161242,-18.58093,-12.562767,23.655151602790767
199827.83533734136,-26.623495,-5.0107493,-21.153307,34.37121603316828
199845.91766867068,-33.36432,-15.302648,0.023929082,36.706259104889305
199864.0,-27.595016,20.090857,15.970268,37.6852345491776
199881.75300601203,11.631927,7.934883,-10.806373,17.74941664878446
199899.83533734136,35.9008,15.068142,-3.1131735,39.059034719425235
199917.91766867068,38.36071,11.031306,-0.0598227,39.91537751951209
199936.0,27.245651,4.7475295,11.23949,29.852816788827
199953.75300601203,-1.8281817,1.3567789,-16.67857,16.83323482152495
199971.83533734136,-20.8518,-1.8305746,-5.283541,21.588524083522852
199989.91766867068,-18.154993,-14.383771,0.7776951,23.175449265959315
200008.0,-15.340934,30.514364,6.0875583,34.69191595130991
200026.75300601203,-0.18903974,38.78186,-8.681471,39.74212299068509
200044.83533734136,17.37012,36.08745,-0.36611494,40.051955713375484
200062.91766867068,29.593094,12.816416,0.0598227,32.249268368961914
200081.0,20.074106,-4.580026,1.1605604,20.622639751059033
200098.75300601203,-13.433786,-13.8956175,-8.071279,20.945174544413405
200116.83533734136,-27.020718,-4.898283,-5.333792,27.974304543328277
200134.91766867068,-13.22321,-5.367293,-35.39111,38.160081025648374
200153.0,-8.597719,10.923625,8.511574,16.30009960402273
200170.75300601203,-13.63479,20.318182,17.329441,29.984088171923872
200188.83533734136,26.1162,14.699635,-19.502201,35.7557130458564
200206.91766867068,26.59478,7.1763315,14.637419,31.19352644424566
200225.0,-18.418213,-5.888947,-14.83603,24.37248557375874
200242.75300601203,-12.687199,-5.733408,-5.1423593,14.841861235382895
200260.83533734136,-25.266716,-4.5178103,-19.174372,32.03863431742723
200278.91766867068,-34.144405,20.988197,21.43567,45.4514329198072
200297.0,-3.720972,35.11114,7.977956,36.19786688000165
200315.75300601203,15.398363,16.269382,-6.168917,23.23484260102878
200333.83533734136,17.901346,-3.017457,3.6563635,18.518429452917903
200351.91766867068,-14.646991,-7.499374,13.637183,21.371656836133365
200370.0,-9.11698,4.087087,-17.458658,20.115375801285268
200387.75300601203,-13.113136,5.441473,2.268477,14.377411173912847
200405.83533734136,-7.65252,18.700577,-11.430922,23.215051588428853
200423.91766867068,2.4670882,28.61918,-30.8733,42.16994950138047
200442.0,7.6166263,8.729329,-23.196852,25.928905177311222
200459.75300601203,-5.671192,-9.612311,-2.2014754,11.375650987894721
200477.83533734136,-6.30292,1.8832186,-6.6498914,9.35384244327324
200495.91766867068,-25.931946,8.49961,11.024128,29.431965473943464
200514.0,-26.575638,15.606546,8.19571,31.890413537006072
200531.75300601203,-10.452223,27.267187,2.8068812,29.33644550053076
200549.83533734136,-6.9585767,-5.601798,3.5893621,9.627328331759715
200567.91766867068,-2.1919038,0.5072965,15.199752,15.365358859098302
200586.0,-17.858273,1.7396442,-6.408208,19.05280573187022
200604.75300601203,-20.543116,-2.7805593,-13.263889,24.610604958322206
200622.83533734136,8.805902,-5.4582233,-27.77209,29.641610863689017
200640.91766867068,-8.91119,23.706541,-4.50106,25.72292624341914
200659.0,-3.0007067,16.807787,-5.3577213,17.894443888125377
200677.75300601203,33.074776,-5.6137624,-19.97839,39.04601391596753
200695.83533734136,-4.5728474,10.236861,-25.953482,28.271672826370423
200713.91766867068,-11.366313,13.866902,-1.1605604,17.96749684106334
200732.0,-21.816143,10.904482,-8.7053995,25.89663691561847
200749.75300601203,1.0959519,22.292332,-8.57379,23.90939253785921
200767.83533734136,13.993727,20.870945,22.15115,33.49767435011055
200785.91766867068,39.43273,-1.0959519,-16.848465,42.895361971619245
200804.0,-19.916174,6.0229497,-9.260554,22.77471778692158
200821.75300601203,-34.656487,-2.895419,-33.67061,48.406254969154865
200839.83533734136,-14.694849,4.4986672,-5.853053,16.444902648844288
200857.91766867068,13.18971,12.155973,-4.2856984,18.441890907295583
200876.0,28.55218,23.945831,-27.070969,46.059387399659606
200894.75300601203,24.10855,-11.316062,16.499102,31.328833509991206
200912.83533734136,4.7236004,-7.6142335,2.7398798,9.369946309870214
200930.91766867068,-36.101803,-15.738156,-17.865452,43.24585655638524
200949.0,-45.869656,27.300688,33.426533,62.98163236398188
200966.75300601203,2.4694812,9.162445,-3.275891,10.038934087793356
200984.83533734136,42.562656,20.533545,-26.970467,54.41150839886218
201002.91766867068,18.288996,-7.6884136,-10.004748,22.219227279907486
201021.0,7.16676,-4.6159196,-6.4417086,10.684791637583679
201038.75300601203,-37.525585,-26.427277,-14.271304,48.064962468386156
201056.83533734136,-22.75895,10.914054,2.3259068,25.347509192417746
201074.91766867068,-32.533978,19.406485,14.457951,40.54754902183497
201093.0,-1.1629534,30.150642,10.514439,31.952575813343383
201111.75300601203,7.659699,1.2012398,3.2352118,8.401223792910427
201129.83533734136,-18.35839,-3.5821834,-5.860232,19.601143854305022
201147.91766867068,-38.420532,-10.0334635,-2.8523464,39.81134949928788
201166.0,-28.84172,14.01287,5.34815,32.50858419891275
201183.75300601203,-4.773852,22.19183,-5.0586076,23.256321560332402
201201.83533734136,21.244238,25.355253,-11.744393,35.101812913767034
201219.91766867068,6.905933,-9.0475855,9.164838,14.613177941383704
201238.0,-26.063555,2.0363648,-16.738392,31.04238147408101
201255.75300601203,-40.102745,3.022243,-12.225368,42.03360241546634
201273.83533734136,-30.306181,-21.237059,-18.427786,41.34078589765848
201291.91766867068,-12.471837,31.497849,-0.43072346,33.87988684279161
201310.0,7.104544,7.255297,2.998314,10.587906632037374
201327.75300601203,6.2861695,8.892047,8.851367,14.033215048648982
201345.83533734136,10.770479,6.633141,5.8554463,13.938724073153386
201363.91766867068,-18.312925,1.2825987,-6.5541754,19.49270367739765
201382.0,-31.516993,-21.4596,-11.517067,39.8306177733228
201400.75300601203,-17.638126,8.502003,-6.5302463,20.6405344054496
201418.83533734136,20.148287,9.224661,-4.656599,22.643580852994322
201436.91766867068,17.630947,18.099957,-5.343364,25.82654205183408
201455.0,40.933086,-7.9372764,-41.016838,58.48845087409682
201472.75300601203,-1.0026284,-7.2026534,11.811395,13.870563490898382
201490.83533734136,-37.12118,-3.594148,-16.121021,40.62988090704605
201508.91766867068,-47.858162,13.194495,25.824265,55.95883336090464
201527.0,-10.78723,31.562458,-14.14448,36.230089712075845
201544.75300601203,-2.6537352,35.369576,8.171782,36.398176300290366
201562.83533734136,5.2404685,11.605604,-0.13878867,12.734669866126433
201580.91766867068,23.077206,-6.1808815,-0.442688,23.89470036532834
201599.0,-24.50338,-15.943947,-1.6223917,29.27895544911802
201616.75300601203,-30.086033,-10.839873,-7.365371,32.816473276402796
201634.83533734136,-44.840706,14.0870495,6.7791085,47.487789906971436
201652.91766867068,5.857839,37.06854,-28.978117,47.414367024639375
201671.0,-11.234703,26.592388,-10.088501,30.58024694909696
201689.75300601203,18.320105,5.049036,7.3318706,20.368488854980516
201707.83533734136,-13.33807,-4.1780176,-11.136594,17.871308522647293
201725.91766867068,-31.67971,-11.27299,-22.658447,40.54737414033132
201744.0,-37.413116,-6.3914576,10.617333,39.41217754850578
201761.75300601203,-23.785507,2.2062612,-0.58626246,23.894803522977117
201779.83533734136,-8.166995,19.602703,-1.8664683,21.3178206238616
201797.91766867068,19.832422,26.604353,4.814531,33.530527429264424
201816.0,27.846272,-16.31724,7.7506294,33.19246061399679
201834.75300601203,-10.157895,21.495493,-8.305784,25.18382611913309
201852.83533734136,-23.744827,-20.313396,-29.5237,42.98953044640922
201870.91766867068,-34.37173,21.485922,-4.2976627,40.76187645418149
201889.0,-2.2325833,3.101209,-6.4967456,7.537216252983541
201906.75300601203,27.70509,5.757337,-19.52613,34.38006244928256
201924.83533734136,-7.3510137,22.17508,-2.3785505,23.48252707663803
201942.91766867068,17.171509,2.7446656,19.798922,26.351304008625235
201961.0,-11.569711,-1.5721406,-0.9571632,11.715203800238543
201979.75300601203,-41.368595,-7.0925794,-5.4773664,42.328086154457516
201997.83533734136,-29.540451,10.516831,-18.449322,36.381581354108924
202015.91766867068,-36.745495,26.774248,20.167429,49.7374803466216
202034.0,5.910483,27.932417,-30.212858,41.56886475817378
202051.75300601203,45.89837,-14.194731,-13.2016735,49.82403978020915
202069.83533734136,9.416093,4.132552,22.000397,24.28493898643688
202087.91766867068,-10.110037,1.4046371,-20.37322,22.78714432947809
202106.0,-42.191757,-7.3821216,14.266518,45.14613620132469
202123.75300601203,-27.640482,6.0612364,-9.576418,29.873778026887273
202141.83533734136,-19.93771,20.1435,6.1808815,29.008208638437882
202159.91766867068,17.846308,-1.9286839,-12.380906,21.805902049624528
202178.0,1.0528796,18.760399,12.792486,22.731230150422856
202195.75300601203,-10.832695,17.025541,-22.301903,30.07642273820334
202213.83533734136,-19.511772,-13.704185,-9.629062,25.71444668069008
202231.91766867068,-13.866902,-0.8255533,-11.797037,18.22477959559769
202250.0,-53.672928,20.047785,29.932888,64.64266909340883
202268.75300601203,18.157387,2.5388756,-13.35482,22.682323717213023
202286.83533734136,25.57301,-25.709404,4.848032,36.58491094383503
202304.91766867068,0.4115802,19.100193,-6.561354,20.199953891323542
202323.0,-13.507966,-10.890124,-22.651268,28.533136669499836
202340.75300601203,-50.263035,14.041585,3.3022132,52.291905766970324
202358.83533734136,-44.254444,17.884596,18.26746,51.107873000976596
202376.91766867068,-0.39482984,23.56775,-11.804215,26.36160508070932
202395.0,44.900528,4.2091255,-43.522213,62.67341682540456
202412.75300601203,13.218424,-15.245217,9.361056,22.24348767293477
202430.83533734136,-21.490707,-16.56371,-11.287348,29.387262567259526
202448.91766867068,-16.649855,-18.109528,-31.258558,39.777759164427216
202467.0,-22.964739,34.012794,-4.0751224,41.241435663656745
202485.75300601203,26.70964,10.375649,10.375649,30.474793736332362
202503.83533734136,0.14357449,28.86565,-5.934412,29.469706638214483
202521.91766867068,9.19116,-6.046879,-3.8573678,11.658535676950079
202540.0,-33.031704,-22.596231,-18.683826,44.16750478063316
202557.75300601203,-35.699795,-12.318691,-6.882004,38.38733502148231
202575.83533734136,-48.76986,21.715641,21.981255,57.734252223749344
202593.91766867068,-28.020954,17.520872,27.652447,43.09074893522168
202612.0,27.760126,20.490473,-23.900366,41.97274799478301
202629.75300601203,10.174645,-4.4603806,5.6616206,12.468854951086154
202647.83533734136,-34.826385,1.61282,-24.424414,42.56794897295406
202665.91766867068,-36.71678,-2.0866158,12.294762,38.776759427546985
202684.0,-39.112083,6.5230675,23.536644,46.11159352040635
202701.75300601203,-7.805666,18.700577,17.274403,26.6278989190453
202719.83533734136,44.4028,1.4189945,-18.241138,48.02459066734535
202737.91766867068,-5.678371,0.9954498,11.335206,12.716985200132815
202756.0,-51.315914,13.950654,-34.307125,63.28445782693202
202774.75300601203,-28.607216,-0.37329367,-12.538838,31.236751012628734
202792.83533734136,-34.094154,17.118864,23.998476,45.070985034152386
202810.91766867068,38.844078,10.394793,-13.462501,42.40463477449056
202829.0,22.263617,5.135181,-5.154324,23.42233510396489
202846.75300601203,-4.505846,-7.348621,8.449359,12.070482438089954
202864.83533734136,-48.451603,13.998512,-17.633339,53.42706070684288
202882.91766867068,-27.092505,-3.1490672,-17.367727,32.33509536945376
202901.0,-10.172253,12.036327,5.678371,16.750874483458436
202919.75300601203,37.039825,9.061943,-0.9284483,38.14353763367586
202937.83533734136,22.103292,-0.72744405,-3.7807949,22.436111565041976
202955.91766867068,-14.795351,-3.4218585,-21.234667,26.105987999080064
202974.0,-46.353024,-6.190453,-26.231058,53.61896069571984
202991.75300601203,-29.119299,8.470895,6.1569524,30.94507552435915
203009.83533734136,-7.6573057,23.579716,-5.8554463,25.473978656583903
203027.91766867068,18.305746,9.054764,2.234976,20.54468801011074
203046.0,-6.9370403,-10.416329,3.0916374,12.891107779129916
203064.75300601203,-28.080776,-5.802802,1.2347406,28.700645918910404
203082.83533734136,-24.917353,1.9837208,-3.433823,25.230948637225087
203100.91766867068,-44.156334,-4.0535865,22.337797,49.65068550026019
203119.0,13.852545,15.766871,0.5025107,20.993802445276092
203136.75300601203,44.256836,4.7786374,-7.2529044,45.10108125496676
203154.83533734136,-7.291191,-9.777423,4.9772487,13.173172409904218
203172.91766867068,-26.077913,-4.936569,-10.437865,28.519752553021124
203191.0,-36.6426,-9.976034,-19.856352,42.85412586761116
203208.75300601203,-43.37864,28.695753,2.4000869,52.066429353415046
203226.83533734136,39.289158,18.10235,-26.032448,50.487833789381064
203244.91766867068,14.091836,26.341133,-31.100626,43.12405439156273
203263.0,10.241647,-4.1971607,6.121059,12.648116638287082
203280.75300601203,-30.562222,-25.494043,-21.076735,45.035812419932626
203298.83533734136,-35.879265,18.202852,5.1160374,40.5566186528454
203316.91766867068,-34.716312,29.291588,14.477094,47.67395197723726
203335.0,13.409857,29.310732,-43.22549,53.920184169533144
203353.75300601203,24.575167,-20.253574,7.630984,32.74718323244949
203371.83533734136,-8.892047,2.9648132,9.083479,13.052517301445889
203389.91766867068,-21.701284,-8.714972,-25.924767,34.91403740923884
203408.0,-21.189201,14.347877,1.3472073,25.625354259691772
203425.75300601203,26.207129,18.839365,-24.012833,40.22873889039719
203443.83533734136,34.644524,-15.7908,-14.4483795,40.72282011357509
203461.91766867068,-5.412758,-7.061472,11.861646,14.827709931161454
203480.0,-27.250437,-21.186808,-3.5893621,34.70375585156093
203497.75300601203,-16.434492,-8.908797,-9.810924,21.111926037646327
203515.83533734136,-21.227488,15.388792,4.194768,26.552160827006755
203533.91766867068,22.766129,23.83815,-33.742397,47.171001477313894
203552.0,28.918295,-23.230352,-9.597955,38.31498114227585
203570.75300601203,-10.081322,-2.629806,-6.980113,12.54076992684616
203588.83533734136,-24.177944,-17.406013,1.5673548,29.83284876930777
203606.91766867068,-43.46239,24.804886,13.653934,51.87187704008264
203625.0,4.063158,18.781935,-16.44885,25.294960003915584
203642.75300601203,29.734276,10.483331,-33.101097,45.71334619892911
203660.83533734136,-3.1873536,-4.974856,-6.501531,8.785119267040713
203678.91766867068,-39.253265,-5.90809,-8.157424,40.52490477378202
203697.0,-45.974945,17.695555,17.374907,52.23710968047236
203714.75300601203,-26.219093,10.375649,10.320613,30.026821054011346
203732.83533734136,42.07929,14.29284,-32.335365,54.959328160494515
203750.91766867068,10.0837145,-4.7547083,5.0968943,12.258339228499578
203769.0,-30.964231,2.2565124,-12.897775,33.61886448979709
203786.75300601203,-36.628242,-7.654913,-3.0342073,37.542405610023266
203804.83533734136,-39.01158,26.42967,12.849916,48.84210449614508
203822.91766867068,-7.733879,-2.6704855,5.0586076,9.619453624979384
203841.0,10.97627,-5.262005,-8.2028885,14.678371145203995
203859.75300601203,1.40703,-9.662563,-2.3330853,10.039329866427595
203877.83533734136,-35.754833,-5.9798775,16.475172,39.81957194901119
203895.91766867068,-39.853886,28.040096,8.176567,49.41088403272806
203914.0,1.2323477,21.502672,-28.466034,35.695919594295866
203931.75300601203,35.10157,-5.228504,-10.770479,37.08720383680006
203949.83533734136,-10.019106,-7.3845143,-10.734586,16.43608448133364
203967.91766867068,-22.069792,-3.9913707,-16.578068,27.889766897568478
203986.0,-25.424648,23.704147,3.4218585,34.92861901815667
204004.75300601203,-25.489258,18.344034,13.177745,34.05670007603122
204022.83533734136,32.021896,3.5103962,-14.553667,35.348747192265236
204040.91766867068,-0.8446966,14.280875,2.1296883,14.463487662622507
204059.0,-30.064497,-13.251925,-20.89966,38.93948233071716
204076.75300601203,-28.537823,9.172017,6.1378093,30.597482583225446
204094.83533734136,-3.43143,5.3242207,-1.5506045,6.521227815574973
204112.91766867068,12.577125,22.955168,-15.908053,30.62988673542
204131.0,19.538095,-10.203361,2.0985804,22.141584668234795
204149.75300601203,-37.525585,-22.060219,-4.343128,43.74569181924741
204167.83533734136,-50.44729,-2.677664,13.168173,52.20631889914214
204185.91766867068,-19.243767,36.46074,2.1249025,41.28224001107977
204204.0,20.277504,23.31171,2.6250203,31.008123502874668
204221.75300601203,-4.682921,-10.55751,6.5924616,13.298545651303964
204239.83533734136,-31.06234,-1.6463208,-17.836737,35.85705684045027
204257.91766867068,-38.643074,10.401972,5.7669086,40.43198516594274
204276.0,-17.12365,31.098234,-0.07896597,35.501067348259745
204293.75300601203,4.0416217,32.13197,3.1442811,32.53743545030291
204311.83533734136,33.034096,-11.785072,-10.550332,36.625795907974805
204329.91766867068,-28.52825,1.4596739,-5.5635114,29.102308414535973
204348.0,-38.406174,-14.364627,-1.6247846,41.03677174393476
204365.75300601203,-12.66327,29.865887,-0.75376606,32.44838634913726
204383.83533734136,23.414606,35.680653,-17.554375,46.146601763101366
204401.91766867068,26.408134,-6.4919596,2.8092742,27.339113049635934
204420.0,-27.166685,-22.098507,-3.5247536,35.19654348737937
204438.75300601203,-32.88813,-12.440729,-3.799938,35.36722157241341
204456.83533734136,-9.708028,23.682611,-15.709441,30.031623465250526
204474.91766867068,26.68332,20.52158,-6.882004,34.35835838591268
204493.0,27.920452,-13.16578,12.237332,33.206049108120766
204510.75300601203,-5.180646,-24.4627,-3.3644288,25.230579965937874
204528.83533734136,-32.986237,-20.626867,-24.950853,46.218010981472005
204546.91766867068,-25.027426,13.831009,-0.34936458,28.59704386389117
204565.0,-13.275854,25.939123,20.559866,35.66222779603653
204582.75300601203,30.77519,1.8640754,-2.2828343,30.915989860818648
204600.83533734136,-2.885847,-9.559668,5.549154,11.42403060628555
204618.91766867068,-35.024994,-12.526874,-35.68544,51.54729289599515
204637.0,-58.20749,15.087286,26.1162,65.55756244237499
204654.75300601203,24.690025,20.969053,-18.107136,37.11019930342506
204672.83533734136,43.787827,26.968075,-24.04394,56.76937478351469
204690.91766867068,-9.109801,-11.940612,-7.9013824,16.97051952726182
204709.0,-18.568966,2.5077677,-5.0921082,19.417130659982348
204727.75300601203,-43.984043,-8.277069,7.341442,45.354191432501295
204745.83533734136,-25.984589,31.8855,4.9341764,41.42740726252656
204763.91766867068,-12.455087,4.792995,13.905189,19.273200937397895
204782.0,41.421238,5.460616,11.540996,43.34434072891311
204799.75300601203,-43.656216,3.2376046,6.0181637,44.187844180324014
204817.83533734136,-21.292097,0.885376,5.309863,21.962056606737764
204835.91766867068,-34.175514,21.787428,-4.0799084,40.734548341325336
204854.0,20.320576,24.812063,-33.91708,46.67903806864645
204871.75300601203,32.27315,17.932453,-24.44595,44.28017110312706
204889.83533734136,9.870746,6.2789907,25.120749,27.711177909432205
204907.91766867068,-16.946575,-18.310534,0.87580436,24.96455673295194
204926.0,-42.593765,-3.359643,7.374943,43.35788050880627
204944.75300601203,14.42445,3.6850784,3.4984317,15.29325292330613
204962.83533734136,32.29469,-5.649656,-14.075086,35.678756438836714
204980.91766867068,27.559122,-1.823396,9.502238,29.208260910097746
204999.0,-38.39421,11.856859,17.901346,43.99043822788876
205016.75300601203,1.4979604,-14.302412,-19.191122,23.981285161487826
205034.83533734136,7.10933,28.616787,-8.363214,30.649737676888275
205052.91766867068,-3.6659353,6.831753,-0.9954498,7.816831262162126
205071.0,3.175389,0.33500713,-6.8891826,7.593165477889613
205089.75300601203,-32.7637,9.085872,-3.022243,34.134250547528254
205107.83533734136,-28.372711,-8.844189,-5.771694,30.274458875211593
205125.91766867068,-34.481804,0.38765112,18.98294,39.36365190793219
205144.0,-6.3053126,15.7908,3.254355,17.311763575376826
205161.75300601203,-9.045193,14.467523,-16.86043,23.9874725210406
205179.83533734136,-4.560883,-9.964069,2.553233,11.25181423276882
205197.91766867068,-28.375105,-5.206968,-3.5797906,29.070156522693466
205216.0,-24.491415,-9.346699,-2.1272953,26.30048623490121
205234.75300601203,4.8264956,25.7788,-15.171038,30.298547542980725
205252.83533734136,8.403893,10.701085,-8.6551485,16.126073089556748
205270.91766867068,-17.248081,-6.2670264,1.3400285,18.400206370083737
205289.0,-35.17575,-2.7398798,-4.218697,35.53361413871036
205306.75300601203,-26.436848,11.718071,-17.544802,33.82366327521827
205324.83533734136,-38.686146,16.71925,19.535702,46.452070626922755
205342.91766867068,-5.367293,24.66849,-3.720972,25.518382896506843
205361.0,29.739061,-21.68932,5.934412,37.283449371133365
205378.75300601203,-25.113571,4.7212076,-21.363884,33.30760857731751
205396.83533734136,-14.273697,-24.489021,-13.373963,31.34188031869848
205414.91766867068,-29.315517,6.4991384,16.47278,34.24895352924004
205433.0,23.586895,-3.0557437,-3.5343254,24.0451791703493
205450.75300601203,-19.483057,1.4046371,1.0887731,19.56394495778469
205468.83533734136,-6.558961,-3.306999,-0.16750357,7.347398807161944
205486.91766867068,-32.373653,15.518009,-15.845838,39.24222972526833
205505.0,-16.365099,-0.46661708,12.0243635,20.313038038641118
205523.75300601203,0.31825677,12.108115,-3.4984317,12.60740895602426
205541.83533734136,17.635733,12.715914,-15.518009,26.71183540355784
205559.91766867068,-12.634555,-9.643419,9.483095,18.50828465408426
205578.0,-25.522758,-5.1184306,6.7049284,26.88057984089456
205595.75300601203,-29.025974,-6.334028,6.929862,30.506557732600776
205613.83533734136,-12.423979,9.061943,4.42688,16.002228959182215
205631.91766867068,-2.2517266,22.22533,-17.169115,28.17470631920185
205650.0,-27.389227,-6.331635,3.462538,28.323992070896328
205667.75300601203,-25.331326,17.31269,-34.32148,46.03660827368559
205685.83533734136,-23.0796,-15.793194,9.633848,29.578775163429942
205703.91766867068,-5.5611186,-10.327791,1.1725249,11.788304443984595
205722.0,22.411978,11.53621,-17.288761,30.566029443676605
205739.75300601203,15.048999,4.757101,-6.11388,16.925776480876795
205757.83533734136,-4.2521977,-11.143773,-1.5194967,12.023881743294266
205775.91766867068,-16.657034,-16.891539,-6.125845,24.501160144566665
205794.0,-32.78284,-4.8815327,21.198772,39.34376563414785
205812.75300601203,9.028442,17.276796,-14.505809,24.298537810277
205830.83533734136,20.703442,11.548175,-16.324419,28.78332003375479
205848.91766867068,-2.5939124,-5.3960075,9.291662,11.053518046358544
205867.0,-24.156406,-11.797037,1.093559,26.905350845188508
205884.75300601203,-14.666134,5.072965,-2.5388756,15.725023043209074
205902.83533734136,-9.255769,-4.582419,6.4488873,12.176040862325623
205920.91766867068,6.5422106,2.2517266,-8.87051,11.249743991575981
205939.0,11.761144,4.338342,-9.504631,15.731615617725376
205956.75300601203,-34.77374,14.42445,-12.6082325,39.701955596219136
205974.83533734136,10.988234,-19.664919,-48.84643,53.790557251809695
205992.91766867068,-38.76272,9.5405245,24.637383,46.91024099940427
206011.0,7.872668,-4.8599963,-13.14903,16.07779386032604
206028.75300601203,0.37568656,4.7331724,-4.5680614,6.588721144020011
206046.83533734136,-21.493101,6.9657555,-12.892989,26.013540813124656
206064.91766867068,-23.378712,-13.799901,-5.7956233,27.75951533842491
206083.0,-27.370083,-0.9188767,-13.775971,30.655230464139933
206101.75300601203,-14.989177,9.188767,2.1368668,17.710874225699875
206119.83533734136,23.718506,12.1655445,-29.339447,39.64052408986699
206137.91766867068,22.763735,-9.334735,9.564454,26.39703939817051
206156.0,-18.34164,13.287819,-26.44642,34.81946327103221
206174.75300601203,-9.657777,-5.860232,-16.233488,19.777287688702337
206192.83533734136,-35.51554,6.917897,19.466307,41.08707812211107
206210.91766867068,-0.5910483,7.7147355,-4.5154176,8.958542182201459
206229.0,-3.7664373,9.530953,-0.22493336,10.250644371915415
206246.75300601203,-7.496981,-9.286877,4.288091,12.682213251312684
206264.83533734136,-28.090347,7.9061685,-14.553667,32.60957402478129
206282.91766867068,-17.394049,4.0153,-1.5171037,17.915835965451198
206301.0,-20.557474,9.703242,-1.2825987,22.768568290441134
206319.75300601203,25.2045,2.3259068,-10.198574,27.288964332230755
206337.83533734136,8.358428,-12.144009,9.523774,17.55114082976776
206355.91766867068,-24.608667,13.342855,-27.221722,39.04664415430855
206374.0,-9.894675,-5.123216,5.7812657,12.552886864473743
206391.75300601203,11.172488,5.21654,-15.360077,19.69692217397614
206409.83533734136,15.539545,12.634555,-31.478706,37.30976239926336
206427.91766867068,-6.2981343,-1.0768087,-15.1830015,16.472690951579054
206446.0,-20.775229,13.16578,-27.757734,37.086920872803624
206463.75300601203,-22.895344,-9.830067,9.80853,26.777495306016302
206481.83533734136,-18.698183,6.6666417,5.0586076,20.485499015363175
206499.91766867068,25.290646,13.261497,-34.23055,44.57818559655412
206518.0,-0.39961565,-15.759693,7.650127,17.522900993788184
206535.75300601203,-34.699562,-0.416366,1.1773108,34.72202506130074
206553.83533734136,-27.437084,2.9504557,3.4960387,27.815841778609112
206571.91766867068,-16.72882,12.239725,4.1971607,21.149005759364893
206590.0,6.353171,14.173195,-5.754944,16.563864848108427
206608.75300601203,-36.405704,5.941591,-7.733879,37.68939733842315
206626.83533734136,-18.032955,-11.615176,-10.131573,23.72232178766088
206644.91766867068,-13.065278,-16.221523,-30.425827,36.87235070199271
206663.0,-19.612274,17.997063,15.142323,30.623936943400565
206680.75300601203,31.124556,11.306491,-14.254554,36.052281962021944
206698.83533734136,26.424885,-15.175823,6.1306305,31.083191298804635
206716.91766867068,-18.96619,6.0373073,-33.232708,38.73729886768046
206735.0,-32.801983,3.0389934,-19.514166,38.2884870985142
206752.75300601203,-4.637456,10.270362,0.5527618,11.282370290436281
206770.83533734136,35.297787,-2.3019776,-4.1995535,35.6211891655463
206788.91766867068,4.082301,10.605369,10.665192,15.584779545364958
206807.0,-14.33352,-3.3141778,-0.677193,14.727259094606229
206824.75300601203,-21.677355,-3.8477962,-10.354114,24.329425231964592
206842.83533734136,0.040679436,2.5651975,3.4027152,4.261497830907645
206860.91766867068,26.747927,-5.8745894,-19.530916,33.63657353558738
206879.0,-0.22254045,-20.54551,1.4716384,20.599350110921964
206897.75300601203,-28.94701,13.967404,-4.4101295,32.4417478666931
206915.83533734136,-37.504047,-3.4146798,-3.0270288,37.78063634814489
206933.91766867068,2.5699832,9.17441,-6.7791085,11.693199927785143
206952.0,21.878359,21.758713,-34.98671,46.649480817832796
206969.75300601203,9.920997,-15.49408,1.2419193,18.44003958965711
206987.83533734136,-36.546886,-0.052643977,-27.604588,45.800555960982116
207005.91766867068,-30.241573,-5.5443683,-31.179592,43.78880809803845
207024.0,5.881768,16.113844,-7.5950904,18.75997231997777
207041.75300601203,44.163513,17.886988,-17.853487,50.883270514703376
207059.83533734136,15.171038,-11.557746,2.1512244,19.19295842274232
207077.91766867068,-36.348274,6.563747,-11.543388,38.69792764448284
207096.0,-43.550926,-2.555626,12.505338,45.38279253421495
207113.75300601203,0.07418015,32.64166,10.799194,34.38176931601819
207131.83533734136,43.720825,11.923861,-21.552923,50.18184422350254
207149.91766867068,19.33709,-12.814023,15.276325,27.775678940725356
207168.0,-40.68183,-1.61282,-32.96231,52.38440952265664
207186.75300601203,-24.814457,-19.942495,-26.1162,41.17664733158679
207204.83533734136,-21.182022,25.27868,22.474194,39.90963686254887
207222.91766867068,45.836155,10.258397,-21.299274,51.57370344585223
207241.0,2.5628045,6.2598476,-0.18903974,6.766786157678198
207258.75300601203,-38.638287,-4.326378,-29.085798,48.55531293473513
207276.83533734136,-40.93787,-3.7544727,10.97627,42.549779887854235
207294.91766867068,-32.23726,-0.6006199,3.1418884,32.395572834724355
207313.0,3.0677083,24.098978,-6.6546774,25.18841611051484
207331.75300601203,-4.7547083,6.5661397,7.4036574,10.978869908810275
207349.83533734136,-19.408878,-3.9530842,5.597012,20.582953219577547
207367.91766867068,-46.297985,10.459401,-9.868353,48.479757376369314
207386.0,-52.904804,3.7592585,17.997063,56.008433180854176
207403.75300601203,-20.878122,17.458658,11.483566,29.539346734215435
207421.83533734136,42.67991,-2.9504557,-22.469406,48.323432332964494
207439.91766867068,8.848974,-2.7733805,-5.62812,10.847659424265506
207458.0,-26.211916,-5.3002915,-10.050214,28.568591701759193
207476.75300601203,-30.167393,-6.843717,-16.929825,35.26367872646249
207494.83533734136,-49.631306,16.216738,17.618982,55.106058227227656
207512.91766867068,11.591247,7.7697725,-16.640284,21.716938626736074
207531.0,-3.1466742,12.041114,13.85733,18.62566991039092
207548.75300601203,-1.9191123,2.3522286,11.004984,11.416025764114465
207566.83533734136,-23.043705,-14.587168,-12.412014,29.96424372353564
207584.91766867068,-31.19395,-8.341678,-10.653227,34.00201985135167
207603.0,-6.1114874,-4.166053,1.7061435,7.590599546923814
207620.75300601203,35.788334,0.2368979,-26.156878,44.328808215622765
207638.83533734136,3.5558615,11.344777,19.011654,22.423003902301474
207656.91766867068,-2.2325833,-7.1906886,4.737958,8.895992173072818
207675.0,-32.8307,13.407464,-15.142323,38.560405848974476
207693.75300601203,-37.590195,-3.5845764,25.996553,45.844222274865466
207711.83533734136,-7.910954,14.986783,-4.245019,17.47017584884497
207729.91766867068,-9.389771,13.95544,0.57669085,16.830171637939845
207748.0,16.63789,-10.155502,1.0433079,19.52029958526012
207765.75300601203,-36.73114,-12.440729,-9.715207,39.97916495881186
207783.83533734136,-17.999454,-12.486195,-16.07795,27.17325681766249
207801.91766867068,-7.135652,6.24549,7.367764,12.008647765876889
207820.0,25.254751,16.91068,20.255966,36.52502846990755
207837.75300601203,18.193281,4.560883,-16.573282,25.029398784952345
207855.83533734136,-6.1928463,2.5651975,1.0313433,6.781979984627264
207873.91766867068,-34.934067,-7.5687685,-21.536173,41.731068057899144
207892.0,-15.09925,3.5750046,-9.423272,18.153954490372207
207909.75300601203,42.81391,-6.1425953,-21.167665,48.15425638570185
207927.83533734136,22.766129,-8.846581,18.722113,30.77460219432529
207945.91766867068,-16.0612,-8.341678,4.4675593,18.641481255380445
207964.0,-32.433475,-5.503689,-16.429707,36.77167612837624
207982.75300601203,-17.082972,4.3550925,3.484074,17.97035154563806
208000.83533734136,28.736433,5.2021823,-22.182259,36.672849583704334
208018.91766867068,32.95513,4.1253734,-8.868117,34.37590432457038
208037.0,-6.0732007,10.380435,-4.3550925,12.790779030819888
208054.75300601203,-16.61396,1.4716384,-4.276127,17.218439202845406
208072.83533734136,-37.047005,11.902325,-3.6061125,39.07876619391029
208090.91766867068,-13.565396,16.707285,-11.217953,24.269235880394955
208109.0,19.753456,11.174881,13.405071,26.35854544209786
208126.75300601203,2.0985804,-14.917389,1.0815945,15.103058661576316
208144.83533734136,-8.741293,4.5106316,-3.5223608,10.448111137815497
208162.91766867068,-29.724705,-0.7776951,-9.509417,31.21845461718882
208181.0,-10.6364765,7.6931996,-7.6884136,15.212877969179841
208198.75300601203,32.72541,13.496001,-9.858782,36.74629348905308
208216.83533734136,11.277776,-6.0684147,4.766673,13.66510373053498
208234.91766867068,-25.324146,-4.29527,-35.362396,43.70653001398111
208253.0,-41.75146,14.290447,3.5702188,44.27355587561589
208271.75300601203,-28.767542,22.830736,19.533308,41.59764537141885
208289.83533734136,29.12887,13.35482,11.780287,34.14114008804728
208307.91766867068,12.057864,-1.9430413,8.2028885,14.712405428054039
208326.0,-22.337797,-2.3378713,-6.0061994,23.24902682395831
208343.75300601203,-24.881458,-19.480665,-24.591917,40.041798695649
208361.83533734136,-35.427006,18.377535,13.070064,41.99563215102681
208379.91766867068,37.24083,21.710855,-27.630909,51.202614934065686
208398.0,34.00801,-10.332577,-5.4534373,35.95896091388154
208415.75300601203,-28.540215,9.301233,-36.537315,47.28670209451849
208433.83533734136,-44.113262,0.7418015,14.158837,46.335761771428935
208451.91766867068,-38.85365,10.842267,-1.5769265,40.36889358414708
208470.0,33.632324,12.230153,3.1107805,35.9219545036676
208488.75300601203,45.269035,-20.050177,-3.3357139,49.62279833690566
208506.83533734136,-34.23055,5.6448703,-20.136322,40.11317212205993
208524.91766867068,-41.13409,0.70112205,-3.0820656,41.255351902750746
208543.0,-39.557163,15.17343,29.097763,51.39729500837216
208561.75300601203,24.943674,8.801116,-17.719484,31.837503493364366
208579.83533734136,39.179085,-11.976505,5.6448703,41.355796862786626
208597.91766867068,-20.610117,-14.29284,-32.82352,41.309147451983186
208616.0,-24.797707,-18.552216,-7.032757,31.75800154275382
208633.75300601203,10.832695,-1.433352,-15.001141,18.558987316683258
208651.83533734136,33.16092,13.14903,-3.3859649,35.83306243528917
208669.91766867068,-4.2904844,-5.305077,1.9047549,7.083797681445057
208688.0,-25.087248,-2.1919038,-18.076027,30.998664593602857
208705.75300601203,-37.88452,5.8123736,13.285426,40.56504759639576
208723.83533734136,7.2289753,15.077714,1.3496002,16.775486999000837
208741.91766867068,39.88978,-0.14118157,-9.966462,41.11623578930289
208760.0,-5.8937325,-25.841015,-10.756122,28.603990971377844
208778.75300601203,-9.729565,-14.252161,-19.73192,26.213301874154386
208796.83533734136,-18.920725,21.720427,-2.916955,28.953055280228703
208814.91766867068,-10.926019,28.537823,-0.416366,30.560736139917278
208833.0,25.32654,0.92605543,17.4443,30.76678094180528
208850.75300601203,-22.048256,-8.920761,-17.276796,29.397163970122577
208868.83533734136,-38.33439,0.7657306,6.882004,38.95476580702151
208886.91766867068,19.7726,3.175389,-16.532602,25.968552808189465
208905.0,15.240432,5.472581,-8.389536,18.237440188893864
208922.75300601203,-6.544604,8.729329,22.301903,24.827563386858284
208940.83533734136,-24.93171,-2.031579,0.9571632,25.03265144064398
208958.91766867068,-8.758043,25.656761,-3.201711,27.29878487274646
208977.0,11.304098,23.998476,-27.793627,38.421285555422386
208994.75300601203,9.368236,-18.813044,-3.438609,21.295973848418228
209012.83533734136,-4.711636,1.9980782,-2.6992004,5.785975552071699
209030.91766867068,-37.937164,-7.310334,13.5941105,40.956919266964675
209049.0,16.867609,11.244275,-18.939867,27.74290027430793
209067.75300601203,28.195637,-22.084148,-0.96194905,35.827766951018155
209085.83533734136,-0.24407662,-1.2323477,-5.2883267,5.435499382398898
209103.91766867068,-26.154486,-5.9056973,-11.751572,29.275140358239227
209122.0,-22.467014,14.206696,17.994669,32.099922768321
209139.75300601203,43.747147,-5.4295087,-14.457951,46.3931544786662
209157.83533734136,-18.07842,16.61396,-8.052135,25.83969455384922
209175.91766867068,-26.310024,15.300254,-8.956655,31.72596419549951
209194.0,-23.457678,-5.199789,-4.656599,24.474157330600907
209211.75300601203,-20.897266,3.615684,6.826967,22.279505727948745
209229.83533734136,35.4964,-8.1622095,-2.2804415,36.494061028019516
209247.91766867068,-41.655743,12.565161,-4.7523155,43.768352704317195
209266.0,-33.503105,-10.54076,-6.3794928,35.6968289124381
209283.75300601203,-4.1612673,23.445713,-5.939198,24.541631496370048
209301.83533734136,-7.6118407,18.518715,-5.886554,20.86946195013943
209319.91766867068,23.60843,-3.7592585,-1.5984626,23.959237763716963
209338.0,-24.051119,9.140909,-24.051119,35.22029056737895
209356.75300601203,-35.058495,-1.720501,5.9822702,35.60682170738964
209374.83533734136,-25.527544,24.034369,10.0430355,36.471481433503044
209392.91766867068,41.055122,-14.737921,-17.307903,46.92859324649029
209411.0,12.007613,-1.9885067,6.695357,13.891174687950723
209428.75300601203,-21.0887,3.594148,-23.247103,31.592387776622914
209446.83533734136,-25.893658,18.655111,15.900874,35.65574967669536
209464.91766867068,3.3740003,31.538528,-12.852309,34.22344916957765
209483.0,23.819008,10.363685,-14.316769,29.660090753108797
209500.75300601203,-11.79943,2.5939124,2.759023,12.39222085738883
209518.83533734136,-28.975723,-6.5924616,5.4247227,30.207295305804834
209536.91766867068,-44.486553,28.071205,22.770914,57.31980872586047
209555.0,35.527508,14.426843,-38.990044,54.68602339500148
209573.75300601203,30.270287,-12.445515,1.8640754,32.78194466126863
209591.83533734136,-11.854466,-29.784527,-12.368942,34.36040073919757
209609.91766867068,-27.72184,9.60274,-4.424487,29.66966655873249
209628.0,-2.9839563,18.533073,-4.8958898,19.39970430077177
209646.75300601203,28.915901,1.5338541,-12.098543,31.382427913798143
209664.83533734136,15.872159,-3.256748,-7.4347653,17.82715832439004
209682.91766867068,-21.60796,9.195946,-4.000942,23.82177355034423
209701.0,-22.675198,10.918839,5.005964,25.660189496892283
209718.75300601203,12.677627,5.4510446,-6.5302463,15.266965327824055
209736.83533734136,25.680689,-3.854975,0.42833054,25.971948075122178
209754.91766867068,-17.24569,-7.604662,2.5316968,19.017207902251958
209773.0,1.0241647,-9.260554,-11.016949,14.428442015278126
209790.75300601203,-17.362942,2.7446656,-16.07077,23.817527003114478
209808.83533734136,-21.198772,20.421078,5.4821525,29.940981230135467
209826.91766867068,21.595995,-10.387614,8.884868,25.558372483991324
209845.0,1.3400285,-12.361763,4.132552,13.102932758801948
209862.75300601203,-21.770678,-14.290447,-19.7726,32.69762998750052
209880.83533734136,-48.032845,8.444572,29.337053,56.91333476244401
209898.91766867068,-1.4955676,21.81375,-17.1069,27.761888248436374
209917.0,19.808493,21.947754,13.862117,32.65330899460656
209935.75300601203,-11.792251,-4.4412374,20.342112,23.92871275080847
209953.83533734136,-38.74118,-7.394086,2.7949166,39.53938662104853
209971.91766867068,5.2189326,0.96194905,-20.040606,20.731340822662066
209990.0,15.441436,17.937239,-29.743847,38.01156301764801
210007.75300601203,12.026756,-5.443866,6.6163907,14.766690990351849
210025.83533734136,-7.8630958,9.530953,7.9827414,14.710251558265774
210043.91766867068,-34.144405,3.7640445,-8.982977,35.50636984520572
210062.0,-41.347057,11.768322,15.778836,45.79349507049914
210079.75300601203,31.945324,9.363449,-13.943476,36.09152844648108
210097.83533734136,-0.4498667,0.2656128,13.7329,13.742833500311816
210115.91766867068,-18.61204,7.9803486,-12.73745,23.92355803892101
210134.0,-25.912802,-0.23211208,4.3838077,26.282027194633695
210152.75300601203,-9.552489,0.19382556,5.4031863,10.97643096071478
210170.83533734136,21.715641,0.9404129,-24.639774,32.856839519869276
210188.91766867068,-3.5510757,-6.2885623,23.91233,24.979104877016947
210207.0,-23.180101,5.1758604,-5.9296265,24.479932264611996
210224.75300601203,-20.136322,8.255533,1.1055236,21.790995186818108
210242.83533734136,-11.217953,13.833402,-20.897266,27.457261456280904
210260.91766867068,7.4036574,-2.2038684,-10.634084,13.14362664336405
210279.0,8.119137,22.665625,-26.09945,35.50819951177325
210296.75300601203,7.310334,3.6324344,9.782208,12.740767489328238
210314.83533734136,6.396243,-0.41875893,9.743921,11.663244831981569
210332.91766867068,-1.5458187,-1.6582853,-9.009299,9.290152531625452
210351.0,-6.9848986,-3.0437791,-1.6056414,7.786622115350965
210368.75300601203,-24.410055,9.485488,15.549117,30.45653143712951
210386.83533734136,-2.3618002,1.0983448,-31.859179,31.965477441115254
210404.91766867068,-21.804178,7.518517,23.452892,32.89359237448286
210423.0,-12.364156,2.4551237,-3.1658175,12.997014519417293
210441.75300601203,0.2943277,-0.27997026,-33.8429,33.84533782593212
210459.83533734136,-0.2967206,-5.1638956,26.855608,27.349178085124016
210477.91766867068,-0.859054,15.001141,22.811592,27.315580437751294
210496.0,-2.4335876,1.7109293,-33.000595,33.13440655920213
210513.75300601203,-9.696064,-5.2213254,-19.44477,22.34669945154499
210531.83533734136,-3.8119025,-5.9870563,-12.814023,14.648366095008853
210549.91766867068,-8.277069,18.676647,7.444337,21.74270378225622
210568.0,-7.659699,-3.2112827,-13.053313,15.471661372518767
