IMF_1,IMF_2,IMF_3,IMF_4,IMF_5,IMF_6,IMF_7,IMF_8,IMF_9,IMF_10,timestamp
-0.03079833440569645,0.08296341059606382,-0.02132616170600528,-0.03230488923024772,-0.0195934697162929,-0.03591260116342518,-0.006941218593850007,0.010976258856497457,0.007437437752501522,0.009970761047955039,14201.768147684606
0.018006580773990463,0.1561884275301252,-0.025361211913009434,-0.03551467050824723,-0.020346691014035655,-0.0353200179657942,-0.006732206008345111,0.010986139708180985,0.007450163525264152,0.009973679309370266,14219.845431789738
-0.051404128262031584,0.1836519020962584,-0.025936494547777866,-0.03662074226384321,-0.020721506831775954,-0.0346262275485009,-0.006520526329974562,0.010996488464283484,0.007462847622758938,0.00997658103810231,14237.922715894869
0.1423943230441056,0.015365408569545054,-0.022544201124488787,-0.03547095224524699,-0.02070244901225478,-0.03383185923450473,-0.006306332762124601,0.011007300050673335,0.007475489936582193,0.009979466215214216,14256.0
-0.26283217191959396,-0.17712573255324365,-0.01571598440043186,-0.032369291166856475,-0.02031204360161703,-0.032940798985893846,-0.00608977850818143,0.011018569393218897,0.007488090358330231,0.009982334821769122,14274.768147684606
0.3851732197287524,-0.18065974614943292,-0.006339542800493046,-0.02773378548461586,-0.019582315196858702,-0.03195774692453852,-0.005871016771531355,0.011030291417788557,0.007500648779599382,0.009985186838829664,14292.845431789738
0.4871718781070594,-0.05483665563510611,0.0042016765531656805,-0.021982461654469408,-0.018545288394975743,-0.030887403172309126,-0.00565020075556058,0.011042461050250689,0.007513165091985969,0.00998802224745922,14310.922715894869
-0.5569916810909801,0.08500366943470411,0.013983937101551247,-0.01553334613236145,-0.01723298779296409,-0.029734467851075967,-0.0054274836636553445,0.011055073216473645,0.007525639187086322,0.009990841028720856,14329.0
-0.327795328528498,0.17166577313179765,0.020972475015667503,-0.008804465374236332,-0.015677437987819696,-0.028503641082709353,-0.005203018699201921,0.01106812284232584,0.007538070956496741,0.009993643163677353,14347.768147684606
0.5949593787531855,0.1697284492441444,0.023472963128532427,-0.0022138458360382958,-0.013910663576538529,-0.027199622989079637,-0.004976959065586519,0.011081604853675608,0.0075504602918135865,0.009996428633391459,14365.845431789738
-0.2669097433411531,0.06925781422967038,0.02137051022771064,0.003882354455688689,-0.011964689156116514,-0.025827113692057112,-0.004749457966195388,0.011095514176391331,0.007562807084633135,0.009999197418927323,14383.922715894869
-0.550228407123709,-0.0650681548422953,0.015761613934259084,0.009375256246480836,-0.009871539323549621,-0.024390813313512123,-0.0045206686044147815,0.011109845736341384,0.007575111226551759,0.010001949501346658,14402.0
0.44434899720689763,-0.15373836075189065,0.007961240957809545,0.01421706892918909,-0.007663238675833793,-0.022895421975314984,-0.004290744183630931,0.011124594459394134,0.007587372609165747,0.010004684861713338,14420.768147684606
0.4936070262445914,-0.1451584987708318,-0.0006815337327451136,0.018349739336436407,-0.0053718118099649785,-0.021345639799336,-0.004059837907230118,0.011139755271417986,0.007599591124071427,0.010007403481089978,14438.845431789738
-0.4785365230303134,-0.02681188735335587,-0.008681981913552997,0.021674943842019193,-0.003029283322939131,-0.019746166907445527,-0.0038281029785985467,0.011155323098281284,0.007611766662865139,0.01001010534053968,14456.922715894869
-0.23526800961446256,0.09519546532422388,-0.01456251257460796,0.02412534173261268,-0.0006676778117522088,-0.01810170342151387,-0.0035956926011224293,0.01117129286585237,0.007623899117143184,0.010012790421125704,14475.0
0.48360701483950336,0.13613574374159543,-0.017009736816245777,0.025797794405233988,0.0016809801265998457,-0.016416949463411372,-0.0033627599781880903,0.011187659499999725,0.007635988378501891,0.010015458703910652,14493.768147684606
-0.24054397922343668,0.056409682442831906,-0.015273508800884981,0.026810834156970994,0.003984665895121097,-0.014696605155008322,-0.0031294583131816997,0.01120441792659159,0.007648034338537589,0.01001811016995797,14511.845431789738
-0.516085293306759,-0.0649199234314842,-0.010692452828933977,0.02720547477485315,0.006211354896815547,-0.012945370618175056,-0.0028959408094895635,0.011221563071496422,0.007660036888846614,0.010020744800330368,14529.922715894869
0.5331923453886238,-0.12827078088132784,-0.005127385735298367,0.027003350418395015,0.008329022534687302,-0.011167945974781903,-0.0026623606704978754,0.011239089860582566,0.007671995921025266,0.010023362576090945,14548.0
0.3043785255815824,-0.08478707117349492,-0.00013696600783833217,0.026225424062772562,0.010306315396079187,-0.0093690313466992,-0.0024288710995928765,0.01125699321971841,0.007683911326669866,0.010025963478302724,14566.768147684606
-0.5560410056121503,0.017640232640166405,0.003928781253768331,0.024889050672074857,0.012115488079420842,-0.007553326855797254,-0.0021956253001608294,0.011275268074772325,0.007695782997376744,0.010028547488028804,14584.845431789738
-0.37390142897479023,0.1081549270587141,0.007021989296889414,0.02300601253427044,0.01373436785926252,-0.005725532623946364,-0.0019627764755880445,0.01129390935161269,0.007707610824742254,0.010031114586332133,14602.922715894869
0.5612782975839784,0.12697608570867797,0.009094791368892902,0.0205823350761748,0.01514653887130741,-0.003890348773016895,-0.0017304778292606283,0.011312911976107846,0.007719394700362658,0.010033664754275884,14621.0
-0.3830662142229471,0.04344609009603906,0.010077443215105453,0.017622835327748138,0.016336793648114138,-0.002052475424879163,-0.00149888256456489,0.011332270874126171,0.007731134515834333,0.010036197972922784,14639.768147684606
-0.5594388367290413,-0.07380768421867565,0.009802534914960862,0.014141446379287992,0.017290964319633367,-0.0002166127014034477,-0.0012681438848871354,0.011351980971536111,0.0077428301627535685,0.01003871422333608,14657.845431789738
0.5615038209060268,-0.12938424734671505,0.008022961778042027,0.010205760199333261,0.017999041405384286,0.001612539275539872,-0.001038414993613475,0.01137203719420592,0.007754481532716706,0.010041213486578795,14675.922715894869
0.28577799742416604,-0.07344937386830405,0.004590601476044756,0.005961263364326768,0.01845205502227802,0.0034302803840804857,-0.0008098490941302557,0.011392434468004056,0.0077660885173200635,0.010043695743713952,14694.0
-0.5740814279590144,0.03453535489299003,5.180331340854482e-05,0.0015706370876027392,0.018641035287225848,0.005231910502348079,-0.0005825993898236812,0.011413167718798878,0.007777651008159955,0.010046160975804427,14712.768147684606
-0.2607777088513629,0.11622057386964905,-0.004869166838018565,-0.002803437417504586,0.018556969932626302,0.007012771892985024,-0.00035681908407999164,0.01143423187245874,0.007789168896832713,0.010048609163913357,14730.845431789738
0.5847868488484244,0.12486997028500778,-0.009448043106388294,-0.006998278937660812,0.018190659666505734,0.008768393843005758,-0.00013266138028542764,0.011455621854852036,0.007800642074934662,0.010051040289103577,14748.922715894869
-0.2965769386937062,0.042980158893050714,-0.01279560921514985,-0.010851206259531626,0.017532792867092566,0.010494417969222887,8.972051817377041e-05,0.011477332591847094,0.0078120704340621195,0.010053454332438594,14767.0
-0.5756007173636065,-0.060328085119249995,-0.013362948761656878,-0.014199436677066959,0.01657410707616082,0.012186436724903224,0.0003101734079112697,0.011499359009312387,0.007823453865811405,0.010055851274981027,14785.768147684606
0.5605529599832801,-0.10720103000003212,-0.009471916115442085,-0.016844466307334872,0.015305606434953054,0.013839775963845094,0.0005285440855409452,0.01152169603311618,0.007834792261778854,0.010058231097793895,14803.845431789738
0.33623864226403843,-0.07718114707147487,-0.0004976266613112474,-0.01844642895061523,0.013718361734578922,0.015449694889979715,0.0007446793476765289,0.011544338589126905,0.007846085513560778,0.010060593781940335,14821.922715894869
-0.5175922022436044,-0.011757232222466678,0.010501894215972795,-0.018630143201169843,0.011803697078189474,0.017011199395196942,0.000958425990931748,0.011567281603212907,0.007857333512753516,0.010062939308483336,14840.0
-0.22380776670503016,0.043223478799702404,0.019556722433162334,-0.017035538166673227,0.009569060330513865,0.018518282123221312,0.0011696308119203756,0.011590520001242584,0.007868536150953367,0.010065267658485973,14858.768147684606
0.4797021627155233,0.06592534324660024,0.02269693390700967,-0.013362985008451164,0.007082594721973915,0.019964682405735835,0.0013781406072561717,0.011614048709084298,0.00787969331975666,0.010067578813011329,14876.845431789738
-0.3433090661653228,0.049754807636263165,0.017173408628361638,-0.007534992722670493,0.0044275539964041,0.02134413957442368,0.0015838021735528679,0.01163786265260643,0.00789080491075974,0.010069872753122076,14894.922715894869
-0.466148723369369,0.011104829314487774,0.005120242884442911,-0.0003021795912111701,0.0016871918976389107,0.022650392960967897,0.0017864623074242698,0.011661956757677325,0.007901870815558914,0.010072149459881623,14913.0
0.4706360555038228,-0.02190604554783112,-0.010107662963427256,0.007377808782618396,-0.001055237830487165,0.02387718189705167,0.0019859678054841004,0.011686325950165385,0.00791289092575048,0.010074408914352665,14931.768147684606
0.291649355773502,-0.027580491698615955,-0.025155408553929625,0.014547326795509753,-0.0037164814441395925,0.025018245714358064,0.0021821654643461143,0.011710965155938988,0.007923865132930807,0.010076651097598628,14949.845431789738
-0.49562686357961316,-0.011082670326168826,-0.0365564807468284,0.020248728844154646,-0.006213285199483883,0.026067323744570173,0.0023749020806240854,0.011735869300866475,0.007934793328696203,0.010078875990682318,14967.922715894869
-0.09463373310919247,0.010712895799924491,-0.04039791528622094,0.02352436932524462,-0.00846239535268554,0.027018155319371108,0.0025640244509317726,0.011761033310816255,0.007945675404642962,0.010081083574666637,14986.0
0.5253002761788289,0.02050591158343102,-0.03289869552168054,0.023672788138826548,-0.01039318327887285,0.02786447977044402,0.002749379371882908,0.011786452111656692,0.007956511252367434,0.01008327383061482,15004.768147684606
-0.4215322874138599,0.00550960859969095,-0.012976592319548808,0.0210172671983684,-0.011985520829025568,0.02860003642947195,0.0029308136400912513,0.011812120629256148,0.007967300763465959,0.010085446739589683,15022.845431789738
-0.5457044502487909,-0.020563445993617976,0.013343302150320414,0.016137273920693335,-0.01323190497308629,0.029218564628138065,0.00310817405217059,0.011838033789482975,0.007978043829534837,0.010087602282654512,15040.922715894869
0.5518261914596516,-0.042930261197463786,0.038449041729577534,0.009612275722624438,-0.014124832680997563,0.02971380369812544,0.0032813074047346414,0.011864186518205606,0.007988740342170376,0.010089740440872111,15059.0
0.04565092844936767,-0.05571130850613031,0.055265255800897355,0.0020217400209848573,-0.014657626006554798,0.03008031805497,0.0034500604943972254,0.01189057374129234,0.007999390192968917,0.010091861195305505,15077.768147684606
-0.5602301631614469,-0.056572138366110226,0.05965946777719998,-0.006093466225725532,-0.014827429152577282,0.030316494263231544,0.0036142801177720466,0.011917190384611623,0.008009993273526795,0.010093964527017791,15095.845431789738
0.10940493069040857,-0.04300764301289186,0.05178726198641877,-0.014298133130038556,-0.014634606664414147,0.030423939229999808,0.003773813071472831,0.0119440313740318,0.008020549475440291,0.010096050417072086,15113.922715894869
0.5608614748849993,-0.0024956217749120594,0.03340950044185289,-0.022000672213761632,-0.014081276917934848,0.030406013692884693,0.00392850615211346,0.0119710916354212,0.00803105869030578,0.010098118846531282,15132.0
-0.5510691125095358,0.06578684691890749,0.008239426306947083,-0.02856075023644024,-0.013169866293235605,0.03026637168215589,0.004078220867874702,0.011998366094648273,0.008041520809719557,0.010100169796458312,15150.768147684606
-0.5196460580598993,0.11836442722301843,-0.01953381520338257,-0.03333803395761975,-0.01190280117041272,0.030008599441149968,0.004222886513870537,0.012025849677581362,0.00805193572527796,0.010102203247916403,15168.845431789738
0.4960747627187585,0.10599244902169383,-0.045649095655598416,-0.035692190136845735,-0.010282507929562482,0.02963623273897919,0.004362482859439396,0.012053537310088819,0.00806230332857728,0.010104219181968506,15186.922715894869
0.02475662371816959,0.006192159917845277,-0.06555735374167627,-0.034968710663318026,-0.008325587821126692,0.029152798404091337,0.0044969986145839145,0.012081423918039022,0.008072623511213881,0.01010621757967761,15205.0
-0.4013908910947205,-0.10808148577945717,-0.07463754493497045,-0.03045638794485453,-0.0061053415769292095,0.02856182326493435,0.004626422489306812,0.012109504427300362,0.008082896164784057,0.01010819842210669,15223.768147684606
0.35256495839400637,-0.15424768990811616,-0.06788699254335959,-0.02181147168440299,-0.0037092447991395527,0.02786683414995609,0.004750743193610773,0.012137773763741198,0.00809312118088414,0.010110161690318913,15241.845431789738
0.24753215815603555,-0.11995931814192244,-0.0416940732346938,-0.010216740246813094,-0.0012247730899271549,0.027071357887604404,0.004869949437498505,0.012166226853229918,0.008103298451110455,0.010112107365377241,15259.922715894869
0.03549478942150821,-0.03478800332563512,-0.003735859598840855,0.0027633958375899285,0.0012605979485385316,0.02617892130632723,0.0049840299309726905,0.012194858621634878,0.008113427867059328,0.010114035428344607,15278.0
-0.1735026356701938,0.0656792728086226,0.03539299375245831,0.015564526038481071,0.0036593927140880084,0.02519305123457233,0.005092973384036079,0.012223663994824463,0.008123509320327078,0.01011594586028412,15296.768147684606
-0.2810140538815125,0.14549197743054745,0.06509783220746262,0.026622239825535007,0.0058841356045520364,0.024117274500787565,0.005196768506691299,0.012252637898667063,0.008133542702510014,0.010117838642258804,15314.845431789738
-0.30650495635798425,0.1448779846911656,0.07533414855620171,0.03437212666842666,0.007847351017760866,0.022955117933420904,0.005295404008941089,0.012281775259031022,0.008143527905204473,0.010119713755331628,15332.922715894869
0.36245630462894035,0.0009697437761547865,0.060971285625143444,0.03765321209164956,0.009461563351545178,0.021710108360920202,0.005388868600788129,0.012311071001784723,0.008153464820006786,0.010121571180565584,15351.0
-0.43149934538561924,-0.11922500727383527,0.02828177535994479,0.036902830196925696,0.010654390680230509,0.02038611457728498,0.005477150992235181,0.012340520052796535,0.008163353338513262,0.010123410899023955,15369.768147684606
-0.3001854780201021,-0.06365697638829684,-0.01290134322486413,0.032894935948472856,0.01141876547700493,0.01898850616997512,0.005560239893284888,0.01237011733793483,0.008173193352320226,0.01012523289176945,15387.845431789738
0.5460419569396986,0.05534852011256765,-0.04935604455667949,0.026367758171917936,0.011782313460368305,0.017523685619729633,0.0056381240139399096,0.01239985778306798,0.008182984753024026,0.010127037139865094,15405.922715894869
-0.167544998314122,0.09280692729114327,-0.06701305642337943,0.018054453068751742,0.011776927795003042,0.01599886058524114,0.005710792064203,0.01242973631406438,0.008192727432220943,0.010128823624374244,15424.0
-0.5723991333636729,0.04125724152286477,-0.05645641603485087,0.008667766723628574,0.011434200699528442,0.014421539671265334,0.005778232754076893,0.012459747856792394,0.008202421281507314,0.010130592326359588,15442.768147684606
0.2432659895617471,-0.047789890014258554,-0.026927502199407722,-0.0011170913357519557,0.010785688956727036,0.012799266918394787,0.005840434793564182,0.012489887337120396,0.008212066192479474,0.010132343226884227,15460.845431789738
0.5377997115378287,-0.08734100390836191,0.007502581211063662,-0.010468906056963202,0.009862949349381193,0.011139586367222053,0.00589738689266765,0.01252014968091674,0.008221662056733747,0.010134076307011256,15478.922715894869
-0.5234403284611806,-0.02112559721508648,0.034632288983231924,-0.01851235847718794,0.00869753866027356,0.009450042058339606,0.005949077761389968,0.012550529814049806,0.008231208765866449,0.010135791547803663,15497.0
-0.33242586609922664,0.07098005737233991,0.049914726179548195,-0.02437212963360869,0.0073210136721865,0.007738178032340023,0.005995496109733866,0.012581022662387987,0.008240706211473886,0.010137488930324474,15515.768147684606
0.5251266426563681,0.10639474489512123,0.05075428665146548,-0.027210526783464393,0.005764931167902496,0.006011538329815854,0.006036630647701991,0.012611623151799652,0.008250154285152408,0.010139168435636673,15533.845431789738
-0.09147749204044714,0.038851063454623636,0.03652346711179668,-0.02659458037942472,0.004061889082839721,0.004277666991359581,0.006072470085297088,0.012642326208153134,0.008259552878498331,0.010140830044803378,15551.922715894869
-0.5471689237073938,-0.06907410845037472,0.013902782417948551,-0.023147548922551647,0.0022503785304726896,0.002544108057563812,0.006103003132521816,0.012673126757316864,0.00826890188310798,0.01014247373888748,15570.0
0.3361070550845689,-0.13725317408641957,-0.008609654591537622,-0.01775582509930735,0.0003788476471064681,0.0008184055690209939,0.006128218499378892,0.01270401972515917,0.008278201190577665,0.010144099498952099,15588.768147684606
0.561915393977328,-0.11595552245291457,-0.024128987558112328,-0.011315536564224928,-0.0014945204628832162,-0.0008918964336762515,0.006148104895871019,0.012735000037548457,0.008287450692503705,0.010145707306060422,15606.845431789738
-0.5621700993394186,0.0080586253228931,-0.0322233860431934,-0.004724812571976816,-0.0033095410949810634,-0.0025792539099354682,0.006162651032000911,0.012766062620353067,0.008296650280482439,0.010147297141274885,15624.922715894869
-0.2699784210314987,0.13632810844927776,-0.03413756899569235,0.0011815105302665106,-0.005006029544671954,-0.004236122819164062,0.0061718456177712365,0.01279720239944141,0.0083057998461102,0.0101488689856591,15643.0
0.5477585179008395,0.17093568096893025,-0.0314614861037702,0.0059138271345840435,-0.006523801107440632,-0.005854959120769504,0.006175677363184681,0.012828414300681828,0.008314899280983295,0.01015042282027602,15661.768147684606
-0.16260700203017045,0.05919507900831428,-0.026025789996309064,0.009414060977522558,-0.007802671078771901,-0.0074282187741593,0.006174134978243986,0.01285969324994273,0.008323948476698033,0.010151958626188277,15679.845431789738
-0.5183728738566848,-0.09920909337670278,-0.018989886796445955,0.011723226004896807,-0.008789485854176923,-0.008948357738740876,0.006167206946804256,0.012891034399240001,0.008332947324850766,0.010153476384459396,15697.922715894869
0.5019498876617731,-0.18108793680663457,-0.011322356223570964,0.01291046056262659,-0.009459216229272111,-0.010407831973921743,0.006154880652061,0.01292243400124928,0.008341895717037801,0.010154976076151939,15716.0
0.4700484587805412,-0.1311433981595841,-0.0038761227543471044,0.013058071624307326,-0.00980000162734931,-0.011799097439109283,0.00613714246678453,0.012953889319071281,0.008350793544855463,0.010156457682329279,15734.768147684606
-0.4784127541431501,0.02293072461354773,0.002958510105472048,0.012275790598801656,-0.009827405906967642,-0.013114610093711069,0.006113978567675855,0.012985397811876109,0.008359640699900051,0.010157921184054257,15752.845431789738
-0.44485349708323957,0.1534771306502992,0.008906894092860135,0.010690983721305546,-0.009574443073477955,-0.014347010576676115,0.006085375131435943,0.013016956938833804,0.008368437073767946,0.01015936656238997,15770.922715894869
0.4799585466760254,0.17675545639851784,0.013694380944790863,0.008433891551685871,-0.009075827945502499,-0.015490113038353034,0.00605131833476573,0.013048564159114524,0.00837718255805543,0.010160793798399403,15789.0
-0.10993611345966793,0.058190539668712474,0.0169611953482747,0.005662487647175811,-0.008364351489190056,-0.016539655481564008,0.006011794354366216,0.01308021693188838,0.00838587704435882,0.010162202873145613,15807.768147684606
-0.5047073822590544,-0.09776579134379713,0.01799230910861568,0.0026604222363270525,-0.0074723698774563614,-0.017491810702364143,0.005966789503341051,0.013111912579922742,0.008394520424274469,0.010163593767691607,15825.845431789738
0.5206723056799903,-0.1660227845619557,0.015977077296036923,-0.00025043176982478943,-0.006431397122816413,-0.018343593657209393,0.005916290640404652,0.013143647880374315,0.008403112589398663,0.010164966463100385,15843.922715894869
0.45263787147722423,-0.09754051874079551,0.010632541582558091,-0.002927412947580563,-0.005269578596182033,-0.01909538794415879,0.005860284760674149,0.013175419473996993,0.00841165343132775,0.010166320940434908,15862.0
-0.5488836548679854,0.0326709180271958,0.0031181331403372287,-0.005276348915538681,-0.004014217508064266,-0.019748419321672272,0.005798758859266689,0.013207224001544771,0.00842014284165806,0.010167657180758419,15880.768147684606
-0.31045826938065363,0.13143698855945166,-0.00505824174400753,-0.00720306729229753,-0.00269261706897415,-0.020303913548209564,0.00573169993129931,0.013239058103771576,0.008428580711985892,0.010168975165133683,15898.845431789738
0.5633594904961718,0.14368669709144288,-0.012388676783858014,-0.008613395696455528,-0.0013320804894227465,-0.02076309638223062,0.005659094971889198,0.01327091842143138,0.00843696693390759,0.010170274874624057,15916.922715894869
-0.1761522136581592,0.05051202149175897,-0.017391938348116663,-0.009412571566550622,3.9498840018464564e-05,-0.02112719358219524,0.005580930976153422,0.013302801595278135,0.008445301399019462,0.010171556290291992,15935.0
-0.5593980306735529,-0.06839955933966711,-0.01869348342776814,-0.009506056833126759,0.0013944520207839683,-0.02139743090656335,0.005497194939209137,0.013334704266065835,0.008453583998917826,0.010172819393201195,15953.768147684606
0.5514202694327816,-0.119913772660084,-0.0149160795158878,-0.00883842624908797,0.002714860823238448,-0.021575034113794713,0.005407873856173465,0.013366623074548323,0.008461814625199038,0.01017406416441412,15971.845431789738
0.42305104715436764,-0.07531796712022816,-0.00542555460907668,-0.00747428839330551,0.003985392229994291,-0.021661228962349288,0.0053129547221635156,0.013398554661479678,0.008469993169459386,0.010175290584994098,15989.922715894869
-0.5337739078406142,0.009304115923494984,0.006999588980513131,-0.005507613998080517,0.005190713223663851,-0.021657241210686837,0.005212424532296353,0.01343049566761379,0.00847811952329521,0.010176498636003938,16008.0
-0.2819809194212028,0.07238335776913649,0.01872033982348436,-0.003032373795714182,0.006315490786859513,-0.021564334005539153,0.005106307669961032,0.013462442733704635,0.008486193578302827,0.010177688298507103,16026.768147684606
0.5299180338280053,0.08659629443030877,0.026097686490439666,-0.00014253851850764044,0.007344391902193646,-0.021383920046725364,0.004994778071633922,0.013494392500506183,0.00849421522607856,0.010178859553566028,16044.845431789738
-0.2809258935648048,0.04582439623767498,0.026305693855275113,0.003067777368114442,0.008262083552278582,-0.021117449422336537,0.004878047062063397,0.013526341608772356,0.008502184358218735,0.010180012382244254,16062.922715894869
-0.5412922776051271,-0.019599866225108,0.019798010091357992,0.00647660637993542,0.009053232719726736,-0.020766372220463705,0.004756325965997731,0.01355828669925712,0.008510100866319667,0.010181146765604507,16081.0
0.5464338638711783,-0.07090251311418186,0.007950472020539251,0.00985272495442493,0.009702506387150448,-0.020332138529197942,0.004629826108185225,0.013590224412714444,0.00851796464197769,0.010182262684709738,16099.768147684606
0.3308523384292474,-0.0732593899866865,-0.00783380544903268,0.012937631442754996,0.010194571537162125,-0.019816198436630277,0.004498758813374213,0.013622151389898265,0.008525775576789123,0.010183360120623267,16117.845431789738
-0.5448804241110763,-0.02823026351591881,-0.02518240854775952,0.015472824196097678,0.010514095152374097,-0.019220002030851776,0.004363335406313004,0.013654064271562539,0.008533533562350296,0.010184439054407897,16135.922715894869
-0.1615294621175125,0.04372837236659017,-0.03784572806024403,0.017199801565624995,0.010645744215398708,-0.01854499939995344,0.004223767211749884,0.01368595969846124,0.00854123849025752,0.01018549946712663,16154.0
0.5361025272232185,0.08741838368685828,-0.0386214112744275,0.017876617267297307,0.010574278613236999,-0.017792733536414956,0.004080265554433161,0.013717834311348293,0.008548890252107111,0.010186541339842549,16172.768147684606
-0.2799472148777828,0.05769990333558487,-0.02314599618163075,0.017395083600292023,0.010289938818367237,-0.01696530116053332,0.003933041759111156,0.01374968475097769,0.008556488739495414,0.010187564653618841,16190.845431789738
-0.5460108944131423,-0.02788866754279466,0.001836746885132019,0.01593371672483035,0.009803494079347592,-0.016065620338045455,0.00378230715053215,0.013781507658103388,0.00856403384401874,0.010188569389518254,16208.922715894869
0.5607387044113683,-0.1190781443281956,0.026810378348620146,0.013738569925197466,0.009131043387825685,-0.015097012020117751,0.0036282730534444928,0.013813299673479284,0.00857152545727341,0.010189555528604108,16227.0
0.2581276114891352,-0.11777236824004793,0.043575670371950356,0.011055696485678498,0.008289568836115766,-0.014063680258583235,0.0034711507925964565,0.01384505743785941,0.008578963470855747,0.010190523051939055,16245.768147684606
-0.5648434109622115,-0.027323491358062592,0.049203973654276104,0.00813114969055856,0.007296748929965636,-0.012970525518708528,0.0033111516927363614,0.01387677759199767,0.008586347776362078,0.010191471940586491,16263.845431789738
-0.26584869760896346,0.10018229308318309,0.04212795428751504,0.005173805470144243,0.00617216472819156,-0.011824350818828619,0.0031484870786125316,0.013908456776648006,0.008593678265388734,0.010192402175609143,16281.922715894869
0.45324860558427543,0.1471838715728192,0.020930719354106238,0.0022438303388281713,0.0049358729278767876,-0.010632434815545586,0.00298336827497325,0.013940091632564424,0.008600954829532024,0.010193313738070035,16300.0
-0.35138383067162016,0.03853503596305979,-0.0126671687480962,-0.0006357865429756299,0.003607930226104623,-0.009402056165461449,0.002816006606566814,0.01397167880050085,0.008608177360388273,0.010194206609032634,16318.768147684606
0.07727909760182776,-0.08956496700722819,-0.04454403577549221,-0.0034420560148530695,0.002208393319958275,-0.00814049352517827,0.0026466133981415604,0.014003214921211246,0.00861534574955381,0.010195080769559451,16336.845431789738
0.16374678318140565,-0.1385554573589276,-0.057477929523045215,-0.00615198891639012,0.0007573189065211056,-0.0068550255512981545,0.00247539997444581,0.014034696635449564,0.008622459888624947,0.010195936200713712,16354.922715894869
0.09023959635979442,-0.05093431333757969,-0.03995266520800424,-0.008762247956118,-0.000725236317123726,-0.005552930900423055,0.0023025776602278183,0.014066120583969768,0.008629519669198024,0.010196772883558417,16373.0
-0.16852122681751125,0.10226539822338065,-0.003275127736760439,-0.011348103318349406,-0.0022192156538928713,-0.004241488229155081,0.0021283577802359266,0.014097483407525774,0.008636524982869358,0.010197590799156574,16391.768147684605
0.21154495680534952,0.10749862267138653,0.03554203056200947,-0.014004477056342399,-0.0037045624067030426,-0.002927976194096292,0.00195295165921841,0.014128781746871624,0.008643475721235262,0.010198389928571227,16409.845431789738
0.3735317647297051,0.00022581895245938098,0.060508669415567894,-0.01682629122335488,-0.0051612198784710345,-0.0016196734518487276,0.0017765706219236707,0.014160012242761161,0.008650371775892065,0.01019917025286535,16427.922715894867
-0.4895037024002697,-0.08978508535397954,0.05961925892078566,-0.019803030018496256,-0.006569131372113531,-0.00032385865901441444,0.0015994259930998944,0.014191171535948434,0.00865721303843609,0.0101999317531022,16446.0
-0.1406359405809716,-0.023474860155560197,0.027814811885564606,-0.02250242622428123,-0.007908240190547216,0.0009521895278045285,0.001421729097495429,0.01422225626718739,0.008663999400463647,0.010200674410344482,16464.768147684605
0.6271329480071776,0.0836212025373608,-0.014685968449596439,-0.024386774769075855,-0.009158489636688907,0.0022011924520061303,0.001243691259858622,0.014253263077231895,0.008670730753571106,0.010201398205655356,16482.845431789738
-0.16569848951159993,0.08693939929787976,-0.04534261673229378,-0.024918370581246168,-0.010299823013455289,0.0034158714569882853,0.0010655238049377372,0.014284188606836008,0.008677406989354737,0.010202103120097804,16500.922715894867
-0.6157396249573117,0.005392652532766893,-0.058324374499563306,-0.023555480123734894,-0.011316816214538861,0.004589552011501365,0.0008874380574810995,0.01431502949675365,0.008684027999410867,0.010202789134734814,16519.0
0.47062302106820797,-0.0934734384083538,-0.05406727994189965,-0.019951987505366055,-0.012212575496735073,0.005717976085705271,0.0007096453422370329,0.014345782387738726,0.008690593675335876,0.010203456230629687,16537.768147684605
0.541176015620186,-0.11581083821579743,-0.03360796883661657,-0.01460467439983927,-0.012994839707615264,0.006797489775112404,0.0005323569839538344,0.014376443920545262,0.008697103908726009,0.010204104388845059,16555.845431789738
-0.5179854302177381,-0.00629563929172899,-0.0022528617700173763,-0.008222053988428986,-0.01367134769475065,0.007824439175235136,0.0003557843073797636,0.014407010735927187,0.008703558591177635,0.010204733590444175,16573.922715894867
-0.3466144887523092,0.11645706611625188,0.029274003907414293,-0.0015126394524095624,-0.014249838305712536,0.008795170381585766,0.00018013863726321877,0.014437479474638432,0.00870995761428707,0.010205343816489985,16592.0
0.5212560948943082,0.14820018862530973,0.04910266079585105,0.004815056026944615,-0.01473805038807216,0.009706029489676679,5.631298352408835e-06,0.014467846777432989,0.00871630086965064,0.010205935048045513,16610.768147684605
-0.23866143462809275,0.03898993772166476,0.04883730695838064,0.010062065164428303,-0.015144079709043442,0.01055371951466287,-0.00016752638460429102,0.014498109285064818,0.008722588248864653,0.010206507266173932,16628.845431789738
-0.5476168453229517,-0.10763330989116521,0.03384100498194351,0.013705401586921752,-0.015477449714411154,0.011336371150270138,-0.00033912308685857023,0.014528263638287827,0.008728819643525456,0.010207060451938116,16646.922715894867
0.5539372211879943,-0.16357801525035268,0.012399793605161259,0.015782814128608387,-0.015748040769602564,0.012052472009866942,-0.0005089474836621645,0.01455830647785601,0.008734994945229333,0.010207594586401015,16665.0
0.43459768195726944,-0.08675920928287957,-0.008281574545601295,0.016469848951480178,-0.01596573324004508,0.01270050970682172,-0.0006767882502667542,0.014588234444523318,0.008741114045572637,0.010208109650625801,16683.768147684605
-0.5472258331445596,0.04557531940401907,-0.024772301981772844,0.015934383928988233,-0.01613273920262524,0.013278971854502889,-0.0008424340619239961,0.0146180441790437,0.008747176836151695,0.01020860562567535,16701.845431789738
-0.3324710036219339,0.14107558036257037,-0.03458507999923023,0.01431362378042041,-0.016220793803149756,0.013786542289362387,-0.0010056735938856354,0.01464773232217111,0.00875318320856282,0.010209082492612834,16719.922715894867
0.5311975010383326,0.14891957312736612,-0.03523755601386825,0.01174206105654152,-0.01619489290943388,0.014222833858401503,-0.0011662955214033338,0.014677295514659499,0.008759133054402334,0.010209540232501202,16738.0
-0.3034088891311463,0.0531286013307311,-0.02559578946839401,0.008417196717776406,-0.016020805085238597,0.014588232104567184,-0.0013240885197287945,0.014706730397262849,0.008765026265266545,0.010209978826403478,16756.768147684605
-0.5193824367032802,-0.06891372432088275,-0.009845146112499016,0.004714223562924601,-0.015664443012540483,0.014883266689022052,-0.0014788412641137025,0.014736033610735064,0.008770862732751813,0.01021039825538276,16774.845431789738
0.5164837384612518,-0.12269453221609954,0.006500420757383652,0.0010515183203747922,-0.015091719373316121,0.015108467272928664,-0.001630342429809752,0.014765201795830143,0.008776642348454437,0.010210798500502,16792.922715894867
0.4000523811164869,-0.07359073028900262,0.01873687277556341,-0.0021525422814842876,-0.014268546849542051,0.015264363517449591,-0.0017783806920686135,0.014794231593302032,0.008782365003970727,0.010211179542824217,16811.0
-0.5159053133426897,0.018570663162508935,0.025399831299319664,-0.004479581514263936,-0.013160838123194822,0.015351497931875261,-0.00192275757426986,0.01482311964390468,0.008788030590897038,0.010211541363412438,16829.768147684605
-0.2503178430409397,0.08246140842933675,0.025835394973528707,-0.005504275149644557,-0.011742015733036133,0.015370475252941185,-0.0020633368272380817,0.014851862588392039,0.00879363900082967,0.010211883943329612,16847.845431789738
0.5187661278105886,0.08776870154315099,0.019834232762770562,-0.004949875594433813,-0.010018765556683849,0.015321966518822068,-0.002200048503237108,0.014880457067518098,0.008799190125364956,0.010212207263638763,16865.922715894867
-0.36933020375436026,0.025928391625687955,0.00910942383978543,-0.003238154294909705,-0.008018178975404654,0.015206694056930984,-0.0023328739437691224,0.014908899722036758,0.008804683856099206,0.010212511305403212,16884.0
-0.5204731913972478,-0.046601108980469416,-0.0035733746017622327,-0.0009672493322007078,-0.005770571282181221,0.015025390308257206,-0.0024618046039125156,0.01493718719270202,0.008810120084628758,0.010212796049685757,16902.768147684605
0.5202608840133155,-0.0701630250077472,-0.015295941086048866,0.001264701212564887,-0.0033062577699962343,0.014778787713790029,-0.0025868319387456554,0.014965316120267792,0.008815498702549935,0.010213061477549204,16920.845431789738
0.24173382502836685,-0.033787030718742804,-0.023461688026727132,0.00285955925825857,-0.000655553731832337,0.01446761871451866,-0.002707947403346914,0.0149932831454881,0.008820819601459045,0.010213307570057019,16938.922715894867
-0.5199377358254123,0.022567905206209448,-0.026760563395356,0.003219186723752023,0.0021512255393278715,0.014092615751432393,-0.002825142452794663,0.015021084909116798,0.00882608267295244,0.010213534308271856,16957.0
-0.09577754897816158,0.05674183093306941,-0.02439626665032848,0.0019513987273849496,0.0050699291483912775,0.013654511265520494,-0.0029384085421672846,0.015048718051907915,0.008831287808626407,0.010213741673256935,16975.768147684605
0.5220213570911189,0.06033207267665925,-0.016340986164384605,-0.0005090208230854503,0.007997926325194362,0.013154037697772214,-0.0030477371265432013,0.015076179214615428,0.008836434900077286,0.010213929646075207,16993.845431789738
-0.373432006457593,0.03661453319156297,-0.003255718186024681,-0.003508710854252297,0.010806200830945686,0.01259192748917685,-0.003153119661000735,0.015103465037993225,0.008841523838901402,0.010214098207789771,17011.922715894867
-0.52146903915635,0.002698990639347576,0.012212057796381282,-0.006391154301163467,0.013362598960224669,0.011968913080723616,-0.003254547600618294,0.015130572162795333,0.008846554516695068,0.010214247339463377,17030.0
0.517609343283397,-0.02384264446028414,0.026918246115724798,-0.00849983409886681,0.015534967007610591,0.011285726913401883,-0.0033520124004742325,0.015157497229775614,0.008851526825054619,0.010214377022159493,17048.768147684605
0.05726000891010337,-0.0458712453475336,0.0377187511048974,-0.009197823034874422,0.01721074112014721,0.010543101428200745,-0.003445505515646904,0.015184236879688097,0.008856440655576376,0.010214487236940887,17066.845431789738
-0.5054488438198189,-0.06037501567056005,0.04146947709679057,-0.007933751629694383,0.018362915177873983,0.009741769066109603,-0.003535018401214759,0.015210787753286735,0.008861295899856665,0.01021457796487054,17084.922715894867
-0.053032175608196425,-0.05818504835029906,0.035856477806678236,-0.004404734500222549,0.019012262009668716,0.008883066464298126,-0.0036205425122561243,0.015237146491325425,0.008866092449491794,0.010214649187011551,17103.0
0.4986001745199894,-0.031010557258694685,0.022064210029478115,0.0008845116080299588,0.019184116829633568,0.007970966197850135,-0.0037020693038493802,0.01526330973455818,0.008870830196078103,0.010214700884426954,17121.768147684605
-0.49802516619878967,0.02024850683937962,0.002818502142948881,0.00722916899818258,0.018902190181649733,0.007011065512070614,-0.0037795902310729184,0.015289274123738946,0.008875509031211894,0.010214733038179723,17139.845431789738
-0.49868622169024773,0.059303038791127825,-0.018977011925036442,0.013924419973355117,0.018189398011325957,0.006009756250536828,-0.0038530967490050965,0.015315036299621651,0.008880128846489513,0.010214745629332923,17157.922715894867
0.5011022561414423,0.06010084939191552,-0.04022288621631434,0.02026544683666707,0.01706851240300117,0.004973574118095962,-0.00392258031272432,0.01534059290296027,0.00888468953350728,0.010214738638949433,17176.0
0.11596879618326074,0.011678281301992348,-0.056815487428754495,0.025547431891238075,0.015562305441014253,0.003909054819595177,-0.003988032377308955,0.015365940574508768,0.008889190983861494,0.010214712048092512,17194.768147684605
-0.5013777261624742,-0.041944238255240476,-0.06357161333871618,0.029065557440187757,0.013693549209704137,0.0028227340598816248,-0.004049444397837401,0.015391075955021096,0.008893633089148511,0.010214665837825205,17212.845431789738
0.19228079712649232,-0.0574264538991249,-0.05521994642052181,0.030244851643511428,0.011487993857302162,0.001721147543802455,-0.004106807829387959,0.015415995685251186,0.008898015740964627,0.010214599989210111,17230.922715894867
0.5075533784944696,-0.02989302540183885,-0.02944945410078437,0.0290242571637399,0.008988770712576814,0.000610830976204895,-0.004160114127039073,0.015440696405953015,0.008902338830906176,0.01021451448331064,17249.0
-0.4830697531832733,0.027991128110354396,0.006202115196243624,0.02545068682041084,0.006263864868057804,-0.0005016799380639338,-0.004209354745869115,0.01546517475788054,0.008906602250569481,0.010214409301189782,17267.768147684605
-0.5236569420355836,0.05725664978451983,0.04176802377709159,0.019565584508094744,0.003386730341242187,-0.0016098494941568502,-0.0042545211409564495,0.015489427381787706,0.008910805891550867,0.010214284423910445,17285.845431789738
0.5295261141818366,0.018989052595890184,0.06802501774697926,0.011410394121362074,0.00043082114962690246,-0.0027071419872267185,-0.004295604767379414,0.01551345091842846,0.008914949645446653,0.010214139832535734,17303.922715894867
-0.07679627213454003,-0.048147095827236454,0.07873171595321748,0.0010186220074539754,-0.0025304086892910466,-0.0037870217124262983,-0.004332597080216489,0.015537242008556789,0.00891903340385317,0.010213975508128586,17322.0
-0.5149718643627781,-0.06883963588071731,0.06817683395765439,-0.011362838402235525,-0.00542350515801464,-0.004842952964908472,-0.004365489534545963,0.015560797292926613,0.008923057058366725,0.010213791431752118,17340.768147684605
0.2531722136926117,0.0038961841440288904,0.033886244097597475,-0.024514482129763475,-0.008175014239046905,-0.005868400039826077,-0.004394273585446241,0.015584113412291893,0.008927020500583659,0.010213587584469302,17358.845431789738
0.4559594384339698,0.08592944246069804,-0.010020245275082504,-0.03697166692371735,-0.010711481914890889,-0.006856827232331899,-0.0044189411910164345,0.015607187510427348,0.008930923622100278,0.010213363947343129,17376.922715894867
-0.419050589227106,0.07884520043614815,-0.04767493347093184,-0.04726975053268461,-0.012959454168049552,-0.007801698837578846,-0.0044394863214386555,0.01563001874319067,0.008934766314512914,0.010213120501436511,17395.0
-0.03964364838315649,-0.012086596620922829,-0.07305762373819787,-0.053944090705252745,-0.014845476981025922,-0.008696479150719656,-0.004455903449915813,0.015652606769460276,0.008938548469417896,0.010212857227812953,17413.768147684605
0.25785704056707404,-0.11191868611119218,-0.08260999530955276,-0.055530045190009196,-0.016296096336322997,-0.009534632466907233,-0.004468187049650692,0.015674951248114598,0.008942269978411539,0.010212574107534966,17431.845431789738
0.35390673564835623,-0.1301422838588491,-0.07227148980893841,-0.0510449998682277,-0.017258067692488225,-0.010309623081294402,-0.0044763315938461685,0.015697051838032078,0.008945930733090168,0.010212271121665747,17449.922715894867
-0.16557337467230115,-0.017899267420051188,-0.03957486713564465,-0.041434453151927106,-0.01775898441224681,-0.011014915289033953,-0.004480331555705105,0.015718908198091134,0.00894953062505011,0.010211948251268293,17468.0
-0.38627059620978704,0.12024405477202801,0.004040275578684472,-0.02812593158581243,-0.01784664933436837,-0.011643973385278747,-0.004480181408430395,0.015740519987170264,0.008953069545887675,0.010211605477405735,17486.768147684605
0.4214022551181368,0.1526881530973593,0.043532072492134026,-0.012546961714588736,-0.017568224668443263,-0.012190902294360855,-0.004475875883310568,0.015761887122233562,0.008956547387199185,0.010211242781140986,17504.845431789738
-0.0864235147434336,0.04408531357617457,0.06667672025966546,0.00387492991703889,-0.01696745405828511,-0.012653225506389119,-0.0044674107439772225,0.015783010552588187,0.008959964040580986,0.010210860143537049,17522.922715894867
-0.49316232777452457,-0.09783969983367397,0.07252266552374645,0.019712216764365402,-0.016084016322289327,-0.013032531336890597,-0.004454782012147597,0.015803891485626994,0.00896331939762939,0.010210457545657086,17541.0
0.13656408842450204,-0.1559828800508743,0.06276323274711486,0.03371055695929206,-0.014956734229791557,-0.013331264150452082,-0.004437985709538987,0.015824531128742828,0.008966613349940712,0.010210034968563899,17559.768147684605
0.5274803119682876,-0.11286410567068285,0.03950696374728626,0.0453199712405041,-0.013624430550127457,-0.013551868311660368,-0.0044170178578686855,0.015844930689328567,0.008969845789111282,0.01020959239332071,17577.845431789738
-0.5277601554409228,0.0029155012777962496,0.009121039909981768,0.05421016062472801,-0.012125928052632684,-0.013696788185102268,-0.0043918744788539275,0.01586509137477704,0.008973016606737409,0.010209129800990438,17595.922715894867
-0.3739936211661126,0.10623504786912533,-0.020919401317874307,0.060062450029048774,-0.010500049506642883,-0.013768468135364578,-0.004362551594212049,0.01588501439248113,0.00897612569441545,0.010208647172636157,17614.0
0.5110957978557663,0.13883445075183093,-0.043139222489357906,0.06255816437055162,-0.008785617681493716,-0.013769334017028838,-0.004329063735665557,0.01590470094983369,0.008979172943741688,0.010208144489320925,17632.768147684605
-0.2025260798418026,0.07789438932272166,-0.051769984376253686,0.061375316634278046,-0.007018143414477245,-0.013701737644655418,-0.0042914994749581655,0.01592415225422757,0.008982158246312474,0.010207621732107581,17650.845431789738
-0.4963358756072336,-0.02621722426467002,-0.0480236523753348,0.05633251693490236,-0.005220122922364936,-0.01356801232279947,-0.004249965893838818,0.015943369513055642,0.008985081493724121,0.01020707888205941,17668.922715894867
0.3663522495787487,-0.10782924000578646,-0.03550862662900906,0.04793573241259614,-0.003411672920499755,-0.013370491356016144,-0.00420457007405644,0.015962353933710774,0.008987942577572941,0.0102065159202391,17687.0
0.49537959777987145,-0.11846634119765187,-0.018412706877960004,0.0371459331705873,-0.0016131432318784917,-0.013111508048860536,-0.004155419097360013,0.01598110672358579,0.008990741389455286,0.010205932827710082,17705.768147684605
-0.4990547862276992,-0.038246865559286136,-0.0011230706796239315,0.024999378838416183,0.00015511632050210327,-0.012793395705887814,-0.004102620045498426,0.015999629090073568,0.00899347782096744,0.010205329585535123,17723.845431789738
-0.36058888672687384,0.06319178526803002,0.01334619738989963,0.012532329045623118,0.0018727559136452532,-0.012418487631653147,-0.004046280000220631,0.016017922240566963,0.008996151763705761,0.01020470617477721,17741.922715894867
0.5092385272625447,0.11043456369885048,0.02236041956570027,0.00077606729161174,0.003519425724554207,-0.011989117130711595,-0.00398650604327562,0.016035987382458827,0.00899876310926656,0.010204062576499511,17760.0
-0.21370396886992862,0.05953095947568523,0.0240744377080916,-0.009298524286703793,0.005074775930232186,-0.0115076175076183,-0.00392340525641235,0.016053825723142047,0.009001311749246142,0.010203398771764996,17778.768147684605
-0.5188754158109979,-0.037001394633678734,0.019915543955911837,-0.017076540779996208,0.006518456707682433,-0.010976322066928456,-0.0038570847213796828,0.01607143847000943,0.009003797575240858,0.010202714741636563,17796.845431789738
0.4523386345542063,-0.10968447292576491,0.012836700471384693,-0.022739629039589246,0.007830118233908176,-0.010397564113197129,-0.003787651519926668,0.016088826830453883,0.009006220478847018,0.010202010467177433,17814.922715894867
0.5277814226675777,-0.10882164201116609,0.005577483133461313,-0.026658449646483576,0.008989410685912642,-0.009773676950979504,-0.003715212733802154,0.016105992011868235,0.009008580351660939,0.010201285929450542,17833.0
-0.5322115450224371,-0.018059745260492543,-0.0007003214254472631,-0.029203663181679818,0.00997598424069907,-0.009106993884830668,-0.0036398754447551666,0.016122935221645335,0.009010877085278956,0.010200541109518986,17851.768147684605
-0.27043762408814903,0.08345739276832424,-0.00511008336484821,-0.03074962451902118,0.010773183368113204,-0.00839984821930579,-0.0035617467345346234,0.016139657667178096,0.009013110571297374,0.010199775988445715,17869.845431789738
0.5382602680282642,0.11817269858196089,-0.006705645483673574,-0.03171318225903799,0.011379129709370654,-0.007654573258959994,-0.0034809336848894775,0.016156160555859344,0.009015280701312538,0.010198990547293679,17887.922715894867
-0.1403968829210715,0.04325763559879806,-0.0049818612197348525,-0.03253630876223364,0.011795639198529596,-0.006873502308348414,-0.0033975433775686546,0.016172445095081905,0.00901738736692076,0.010198184767125846,17906.0
-0.5367061876674059,-0.06905747585536326,-0.0016133748961210293,-0.033330945927873876,0.012024527769648139,-0.006058968672026214,-0.0033116828943210897,0.016188512492238676,0.009019430459718371,0.010197358629005554,17924.768147684605
0.5163132971873636,-0.13201192947806836,0.001173292303930233,-0.0341195989010857,0.012067611356784413,-0.005213305654548448,-0.0032234593168958283,0.016204363954722512,0.009021409871301692,0.010196512113995514,17942.845431789738
0.5320074596111749,-0.10047025187493273,0.001692326109029976,-0.034857191400609486,0.011926777162410106,-0.004338917828883913,-0.0031329797270416527,0.01622000068992625,0.009023325493267023,0.010195645203158804,17960.922715894867
-0.5320237799609334,0.024103844528387985,0.0004826749157901995,-0.035290256460245216,0.011604236048324952,-0.003438533427329179,-0.003040351206507642,0.016235423905242772,0.009025177217210714,0.010194757877558669,17979.0
-0.2659828129675969,0.13727667084167322,-0.001128265884903837,-0.0353454857698306,0.011102479073472178,-0.0025151608793246055,-0.0029456808370427164,0.016250634808064903,0.009026964934729084,0.010193850118258003,17997.768147684605
0.5374995942712503,0.1568659130560078,-0.0017776961601461958,-0.034987606483051346,0.010426999015556864,-0.0015721796112450994,-0.002849075700395784,0.016265634605785544,0.009028688537418445,0.01019292190631985,18015.845431789738
-0.19262061596953844,0.049519217979385334,-0.0005569010718818958,-0.03410646094664728,0.009594330582980466,-0.0006134799039632729,-0.0027506428783157645,0.016280424505797513,0.009030347916875129,0.010191973222806992,18033.922715894867
-0.5397822454928959,-0.09562434585557718,0.0020244472173228684,-0.03265084563095011,0.008623786028647194,0.0003569338945330342,-0.0026504894525517606,0.016295005715493742,0.009031942964695441,0.010191004048782657,18052.0
0.5360986294111738,-0.17163476601749555,0.005108712364393013,-0.03059027042637917,0.007534692693798153,0.0013350505368089505,-0.0025487225048525584,0.016309379442266993,0.009033473572475739,0.010190014365309943,18070.768147684605
0.5130398368227097,-0.13467939993394112,0.007748223515173466,-0.02789424522335371,0.0063466297213456745,0.002316606973758467,-0.002445449116967135,0.016323546893510163,0.009034939631812332,0.010189004153451578,18088.845431789738
-0.5223869755773878,-0.0006742865890312728,0.008635171771189335,-0.024532279912293092,0.005080079969186358,0.0032964364412914025,-0.0023407763706444896,0.016337509276616122,0.009036341034301522,0.010187973394271028,18106.922715894867
-0.298182134786235,0.1277075442222165,0.006421847953060306,-0.020524018613791162,0.0037557504991009697,0.00426914797143332,-0.0022348113476335207,0.016351267798977703,0.009037677671539643,0.01018692206883106,18125.0
0.5156366596768207,0.16807143522701132,-2.6152606711621504e-05,-0.016102409960324006,0.002394348372870334,0.005229350596209676,-0.002127661129683223,0.016364823667987822,0.009038949435123022,0.010185850158194733,18143.768147684605
-0.3036687430247596,0.0795719599827263,-0.010499309493678903,-0.011601607179279081,0.001016580652275278,0.0061716533476460335,-0.002019432798542494,0.016378178091039277,0.00904015621664799,0.010184757643424925,18161.845431789738
-0.5264001304142931,-0.05840755321463232,-0.019804452754072294,-0.007368531089228014,-0.00035684560090329506,0.0070906652577678395,-0.0019102334359602834,0.016391332275524906,0.009041297907663412,0.010183644505632243,18179.922715894867
0.5363124395321317,-0.1416097261033146,-0.021503139265468756,-0.0037526551903619525,-0.0017052233248846702,0.007980995358600702,-0.0018001701236855857,0.01640428742883765,0.009042374394829166,0.010182510730816172,18198.0
0.3815757614203167,-0.11191866934074457,-0.01133663727344095,-0.0010171052775977,-0.0030078454578879384,0.00883725268217,-0.001689349943467285,0.01641704475837032,0.009043385545961036,0.010181356323820223,18216.768147684605
-0.5511845868694624,-0.016746822207931486,0.006196649280161498,0.0009586738995392286,-0.00424400493813233,0.009654046260501405,-0.0015778799770544086,0.016429605471515774,0.009044331224175665,0.010180181294187178,18234.845431789738
-0.27689405412859597,0.07243576634850032,0.02440839435901512,0.0023917960232758824,-0.00539299470383695,0.010425985125620334,-0.0014658673061958363,0.016441970775666868,0.009045211292589662,0.010178985651459692,18252.922715894867
0.5485573268423348,0.09531713139112133,0.03661027192679634,0.0034993747758394356,-0.0064341076932210774,0.011147678309552307,-0.0013534190126404657,0.016454141878216467,0.009046025614319641,0.010177769405180495,18271.0
-0.32719863982403374,0.021923614516942826,0.03729852684780738,0.00449180947116991,-0.007346636844503797,0.01181373484432284,-0.0012406421781373615,0.016466119986557413,0.009046774052482267,0.010176532564892241,18289.768147684605
-0.5453117354668722,-0.07005028333457239,0.02575129459362721,0.005509034945285252,-0.008109875095904336,0.012418763761957543,-0.0011276438844354583,0.016477906308082626,0.009047456470194119,0.010175275140137809,18307.845431789738
0.5539480803867158,-0.08478273956836704,0.0026057095555545085,0.0065098436468225915,-0.008703495944798028,0.012957754653638026,-0.0010145312132836405,0.016489502050184887,0.009048072730571868,0.010173997140459794,18325.922715894867
0.19588916054882657,0.008651346043399332,-0.028185076842316074,0.0074094210196455545,-0.009108695125185452,0.013427219347171152,-0.0009014112464308566,0.016500908420257105,0.009048622696732083,0.010172698575401021,18344.0
-0.579622728200693,0.1010060196487165,-0.049578273063800145,0.008122952507617588,-0.00930704893022319,0.013824050229520005,-0.0007883910656260972,0.016512126625692077,0.009049106231791457,0.010171379454504125,18362.768147684605
-0.24806743924275423,0.0835844970632857,-0.04635916865038745,0.008556155125333777,-0.009280952531556882,0.014145958566136381,-0.0006755777526182417,0.016523157873882716,0.009049523197211794,0.010170039788966613,18380.845431789738
0.553621716658035,-0.025924710373642246,-0.023715017566354312,0.00857687217031462,-0.009016237512929924,0.014394092034570123,-0.0005630783891563175,0.016534003372221884,0.009049873447091437,0.010168679597349475,18398.922715894867
-0.21460042560074294,-0.16078427745003715,0.008066435118326373,0.008048981118064716,-0.0085057005363967,0.014571060783429207,-0.0004510000569892409,0.016544664328102428,0.009050156830896033,0.010167298902846436,18417.0
-0.4327436005442616,-0.1720571763644951,0.039091311167063804,0.006860112095340931,-0.007766051813405971,0.014679635859463778,-0.00033944983786594706,0.016555141948917163,0.009050373197346803,0.01016589772939559,18435.768147684605
0.3504068035453492,0.024330313682055873,0.060635693102552984,0.004910366725117554,-0.006826473051624007,0.014722588309424056,-0.00022853481353536157,0.01656543744205901,0.009050522395164845,0.010164476100935283,18453.845431789738
-0.27719978510878,0.20634525644701895,0.06274750398389914,0.0021015888526099242,-0.005717888180958198,0.014702685548764713,-0.00011835843445082333,0.0165755520149208,0.009050604273071375,0.010163034041403573,18471.922715894867
-0.22508623027070465,0.18009680242434276,0.03922187058898925,-0.0015223761451083012,-0.004471221131315903,0.014622677015201601,-9.00617332693355e-06,0.016585486874895382,0.009050618679787579,0.010161571574738655,18490.0
-0.04291891999202253,0.017645779095985647,0.00046476086780933675,-0.005349676763529848,-0.003117395832604486,0.014485291479847083,9.945716372522998e-05,0.01659524322937565,0.0090505654640346,0.010160088724878667,18508.768147684605
0.1338355570704303,-0.15843549727573872,-0.03896514693662967,-0.008626459966289244,-0.0016873362147313403,0.01429324136092174,0.00020698312348639214,0.016604822285754384,0.009050444474533618,0.010158585515761827,18526.845431789738
0.24747891697077604,-0.23155101513947454,-0.06450917458131686,-0.010598872717021082,-0.00021196620760387778,0.014049235851562487,0.0003135264778209461,0.016614225251424537,0.009050255560005816,0.010157061971326231,18544.922715894867
-0.1836773088597588,-0.11180147719409624,-0.06554924368069794,-0.010541324768616918,0.001279551778708526,0.01375598414490605,0.00041904199859339134,0.016623453333778914,0.00904999856917238,0.010155518115510262,18563.0
-0.37276826527923806,0.09569249465831677,-0.04699865936607438,-0.008072292943967425,0.002765101413488593,0.013416195434089163,0.0005234844576683011,0.016632507740210384,0.009049673350754451,0.01015395397225171,18581.768147684605
0.4412232644679426,0.21033601802889182,-0.016787262974323952,-0.003762580507100512,0.004224327885856841,0.013032578912248715,0.0006268086269101426,0.016641389678111795,0.009049279753473234,0.010152369565489058,18599.845431789738
-0.18449272591443197,0.11609896854341425,0.017134585107806043,0.0015859933649858126,0.005636876384934018,0.012607843772521474,0.0007289692781833644,0.016650100354876036,0.009048817626049872,0.010150764919160431,18617.922715894867
-0.5285998155841938,-0.06319906545935379,0.045810384642210725,0.007171609495293491,0.006982392099840744,0.012144699208044146,0.0008299211833525767,0.01665864097789593,0.009048286817205571,0.010149140057203862,18636.0
0.1391244915626784,-0.16955403593966664,0.060032100427945684,0.012192448706824652,0.008240520219697666,0.01164585441195359,0.0009296191142822189,0.01666701275456433,0.009047687175661494,0.010147495003557779,18654.768147684605
0.5320559788481254,-0.15134300652522953,0.05355571127978703,0.01599150225639479,0.00939090593362543,0.011114018577386565,0.0010280178428367628,0.016675216892274147,0.009047018550138794,0.010145829782160035,18672.845431789738
-0.517022121780634,-0.02657128726716375,0.03199325207539281,0.018491003136073558,0.010413194430744722,0.010551900897479847,0.001125072140880768,0.01668325459841821,0.009046280789358664,0.010144144416949184,18690.922715894867
-0.41741291208676423,0.08449332104425872,0.003920771708141823,0.019757994771744357,0.01128703090017614,0.00996221056537021,0.001220736780278743,0.01669112708038934,0.009045473742042282,0.010142438931862934,18709.0
0.4920048178702218,0.11966870591511378,-0.022085680928587204,0.01985952058929029,0.011992060531040353,0.009347656774194461,0.0013149665328952055,0.016698835545580437,0.009044597256910807,0.01014071335083974,18727.768147684605
-0.17323927754024235,0.05859722424681941,-0.038944970765701144,0.018857363370910027,0.012513212396357422,0.008710925476874748,0.0014077161705945535,0.016706381201384353,0.009043651182685426,0.010138967697817828,18745.845431789738
-0.4922838659629012,-0.0394032897478909,-0.0455556180312484,0.016792263324063025,0.012856601487220705,0.008054559282998771,0.0014989404652413837,0.016713765255193944,0.009042635368087307,0.010137201996735267,18763.922715894867
0.3529484610643868,-0.10190416413888186,-0.04234252732926504,0.013731170564226299,0.013033903475349976,0.007380800765212552,0.0015885941887001397,0.016720988914402088,0.009041549661837626,0.010135416271530058,18782.0
0.5112979595747367,-0.0954182597941417,-0.03047047323337463,0.00988659040361685,0.013057182730413085,0.006691503798214191,0.0016766321128353903,0.016728053386401587,0.00904039391265756,0.010133610546140719,18800.768147684605
-0.5225548782987243,-0.013819414590287498,-0.01359165192002209,0.005581190665883504,0.012938727881609668,0.0059882979971698615,0.0017630090095115704,0.01673495987858537,0.009039167969268265,0.0101317848445053,18818.845431789738
-0.35373097171950335,0.07304125966555058,0.004027752671567841,0.001157312164607747,0.012690864806316253,0.005272775729068761,0.0018476796505932302,0.016741709598346248,0.009037871680390932,0.01012993919056175,18836.922715894867
0.5417406468604606,0.10430776445467141,0.0181215566021705,-0.0030427042866292826,0.012325919381909769,0.00454652936089996,0.0019305988079448735,0.01674830375307708,0.009036504894746741,0.010128073608248599,18855.0
-0.23993618458555982,0.045989636491940954,0.025353170273782553,-0.006676517874246188,0.011856217485766714,0.003811151259652674,0.0020117212534310003,0.016754743550170748,0.009035067461056845,0.010126188121503664,18873.768147684605
-0.552809953025369,-0.04951963993157978,0.026096039651017415,-0.009393445982392331,0.01129408499526385,0.003068233792316086,0.002091001758916086,0.016761030197020074,0.00903355922804243,0.010124282754265277,18891.845431789738
0.37936380932661,-0.11543512961943907,0.021763468235609325,-0.010953069191116544,0.010651847787777757,0.002319369325879365,0.0021683950962646218,0.016767164901017984,0.009031980044424662,0.010122357530471733,18909.922715894867
0.5528973826481336,-0.11165836761682012,0.014069597196393278,-0.011681147898108002,0.009941831740685256,0.0015661502273316193,0.002243856037341185,0.016773148869557247,0.009030329758924729,0.010120412474061176,18928.0
-0.5488376846134742,-0.022389254021969552,0.0041822948906754575,-0.012047072906033155,0.009176362731362927,0.0008101688636620506,0.0023173393540102337,0.016778983310030783,0.009028608220263773,0.010118447608971478,18946.768147684605
-0.26208452196445486,0.08298846962836268,-0.005510050932168317,-0.012520235017558477,0.008367766637187515,5.301760185978573e-05,0.0023887998181362628,0.0167846694298314,0.009026815277163033,0.010116462959141046,18964.845431789738
0.536692834075377,0.13104150342534537,-0.012247587137109864,-0.013570025035350389,0.007528369335535604,-0.0007037111910859647,0.0024581922015837533,0.01679020843635205,0.009024950778343607,0.010114458548508096,18982.922715894867
-0.23181340265527878,0.07447996624547439,-0.013880129732958544,-0.01566583376207538,0.006670496703783958,-0.0014584251481860736,0.002525471276217232,0.016795601536985515,0.009023014572526711,0.010112434401010817,19001.0
-0.5279223136916741,-0.03662205108545592,-0.010892539918348333,-0.019080683385925522,0.005806474619309218,-0.0022095319024513812,0.0025905918139012304,0.016800849939124653,0.009021006508433519,0.010110390540587317,19019.768147684605
0.4393250064896406,-0.130424775656516,-0.005162572684565345,-0.023304371446278362,0.004948628959488088,-0.0029554390868927003,0.002653508586500235,0.01680595485016233,0.009018926434785184,0.010108326991175502,19037.845431789738
0.5291766029150807,-0.14186507405973744,0.0012502390840684367,-0.027644917589475477,0.004109285601697226,-0.003694554334520899,0.0027141763658787258,0.016810917477491402,0.00901677420030291,0.010106243776713944,19055.922715894867
-0.533390655278759,-0.03875452012153198,0.006445448896756396,-0.03145854473118741,0.0033007704233133078,-0.0044252852783467946,0.002772549923901235,0.01681573902850476,0.00901454965370782,0.01010414092114077,19074.0
-0.24967355104695996,0.09066043192658219,0.009106426006640564,-0.034241759034237214,0.002535409301713048,-0.005146039551381245,0.002828584032432244,0.01682042071059523,0.009012252643721142,0.010102018448393781,19092.768147684605
0.5432240792442876,0.14375949813999453,0.008259593527366629,-0.0357232373977551,0.0018255281142730859,-0.005855224786635065,0.0028822334633362193,0.01682496372313295,0.009009883027086786,0.010099876382411433,19110.845431789738
-0.24752670770677127,0.06226679830538706,0.0037312854012521096,-0.035860864345265864,0.0011834527383701348,-0.006551248617119149,0.0029334529884778035,0.01682936921051577,0.009007440715520851,0.010097714747132116,19128.922715894867
-0.5469460248586422,-0.07016919095092028,-0.0023221351268703392,-0.03465599584136769,0.0006177640070482795,-0.007232518675844222,0.0029821973797213024,0.016833638217594166,0.009004925720287002,0.010095533566493549,19147.0
0.5459460648577654,-0.13788424623447965,-0.007173601607890802,-0.03209501553695871,0.00012207043965160354,-0.007897442595821263,0.0030284214089314043,0.01683777176633728,0.00900233807553003,0.01009333286443416,19165.768147684605
0.4422312792645831,-0.08573702299075203,-0.0087570763018122,-0.02815546669714387,-0.00031373303428818136,-0.00854442801006097,0.003072079847972452,0.016841770878714385,0.008999677815394761,0.01009111266489222,19183.845431789738
-0.5424668232316232,0.022449090402895083,-0.00758605933608295,-0.022858970235740465,-0.0006997436216092586,-0.009171882551574325,0.0031131274687090467,0.016845636576694724,0.008996944974025985,0.010088872991805642,19201.922715894867
-0.21508571999038054,0.10535464324831732,-0.0045767716712414325,-0.016480328146607902,-0.0010460585291498625,-0.009778213853372018,0.0031515190430057103,0.016849369882247393,0.008994139585568547,0.010086613869112622,19220.0
0.5419651497683302,0.11814064670782619,-0.0005808572988202529,-0.009358919392611265,-0.001362774963748098,-0.01036182954846503,0.0031872093427268502,0.016852971817341755,0.008991261684167242,0.010084335320751515,19238.768147684605
-0.24277036544357372,0.04250504483536494,0.0036078191661193253,-0.0018341229366156371,-0.001659990132242264,-0.010921137269864094,0.003220153139737063,0.016856443403946913,0.008988311303966885,0.010082037370660336,19256.845431789738
-0.5428610231365584,-0.055668729798630204,0.007426510614401801,0.005754682258513843,-0.0019478012414705162,-0.01145454465058012,0.0032503052059008066,0.016859785664032168,0.0089852884791123,0.010079720042777325,19274.922715894867
0.5420257642328823,-0.09955736905416049,0.010370249313322942,0.013068117229912097,-0.002236305498271066,-0.011960459323623888,0.0032776203130825475,0.016862999619566728,0.008982193243748294,0.010077383361040797,19293.0
0.2711548028650649,-0.0613045817121893,0.012110865794324053,0.019766803014714007,-0.002535600109482097,-0.012437288922006268,0.0033020532331468734,0.016866086292519757,0.008979025632019673,0.01007502734938858,19311.768147684605
-0.5376689852492281,0.01416161459927639,0.013027383645427984,0.02551136065005449,-0.002855782281941833,-0.012883441078738064,0.003323558737958205,0.016869046704860533,0.008975785678071255,0.010072652031759067,19329.845431789738
-0.23420408639339502,0.07246181226226317,0.013675624718803101,0.029962411173068415,-0.00320694922248839,-0.01329732342683019,0.003342091599381134,0.016871881878558204,0.00897247341604787,0.010070257432090494,19347.922715894867
0.5339868373455465,0.08136477946242088,0.014611410866617797,0.032780575620890665,-0.003599198137960061,-0.013677343599293432,0.0033576065892800865,0.016874592835582077,0.008969088880094313,0.0100678435743211,19366.0
-0.3212236253076024,0.030522027910960772,0.016077569603654338,0.03362647503065618,-0.004042626235195012,-0.0140219092291386,0.003370058479519598,0.01687718059790129,0.0089656321043554,0.01006541048238846,19384.768147684605
-0.5321599556553935,-0.039619883304005836,0.01702413178765275,0.03219982945511955,-0.004545610429153053,-0.014329427949376593,0.003379402041964118,0.016879646187485133,0.008962103122975948,0.010062958180231478,19402.845431789738
0.5304716525720902,-0.07949268832945079,0.01582108252694378,0.02846052919154552,-0.0051096464672808935,-0.014598307393018217,0.0033855920484782745,0.016881990626302735,0.008958501970100778,0.010060486691787876,19420.922715894867
0.2849022342099536,-0.061918454206090774,0.011018595222794473,0.022822660280943634,-0.005734509805146703,-0.014826955193074315,0.003388583118233264,0.016884215087815697,0.008954828681075567,0.01005799604099608,19439.0
-0.5229392518774383,-0.006894589318146798,0.003607486408679017,0.015804082946354665,-0.0064199758983188,-0.015013778982555731,0.0033883297553826937,0.016886320837251664,0.008951083314497649,0.010055486251794178,19457.768147684605
-0.0937060343996627,0.05483958119554833,-0.0047853230533690385,0.007922657410819507,-0.007165820202365414,-0.015157186394473283,0.003384788297255167,0.01688830723126829,0.008947266004359257,0.010052957348120254,19475.845431789738
0.511774856504159,0.0931905336257029,-0.012532912301315889,-0.0003037561026210538,-0.007971818172854826,-0.015255585061837862,0.003377915588329822,0.016890173099317656,0.008943376904707763,0.010050409353912649,19493.922715894867
-0.4162356192706006,0.08834029571001784,-0.01827790195461308,-0.008357297370926149,-0.008837745265355293,-0.01530738261766024,0.0033676684759345547,0.01689191726760114,0.008939416169992345,0.010047842293109243,19512.0
-0.5027850238178159,0.04787558310138146,-0.021741078558652583,-0.01572010617105499,-0.00976337693543509,-0.015310986694951298,0.003354003807397446,0.0168935385623201,0.008935383954662176,0.01004525618964854,19530.768147684605
0.019572816144333604,-0.011543082441529042,-0.02291277014031155,-0.02187432227996673,-0.010748488638662495,-0.015264819462083171,0.003336892965407734,0.016895035809675968,0.0089312804131664,0.010042651067468562,19548.845431789738
0.1207024401470501,-0.07250754540941506,-0.021756988211732012,-0.02632840198935574,-0.0117928558306057,-0.015167361228873424,0.0033163654741000907,0.016896407835870108,0.00892710569995419,0.010040026950507494,19566.922715894867
0.22916880247171975,-0.11664006504316643,-0.0180461335826147,-0.028782412293357526,-0.012896253966833082,-0.015017106840500774,0.003292465392970475,0.016897653467103903,0.008922859969474738,0.01003738386270347,19585.0
0.32866175893812827,-0.12576580212206945,-0.011180911973924009,-0.02930811527484409,-0.01405845850291282,-0.014812551142144125,0.003265236781514845,0.01689877152957875,0.008918543376177188,0.010034721827994688,19603.768147684605
0.5070597544424907,-0.08244094424693559,-0.0010392467180271021,-0.028067970889446046,-0.01527489166515492,-0.014552188978982248,0.0032347236992291725,0.01689976084949602,0.008914156074510696,0.010032040870319364,19621.845431789738
-0.5118117270768495,0.018770530958903606,0.01024668983309618,-0.02524185200982713,-0.016523562762836227,-0.014234515196193988,0.0032009702056093933,0.016900620253057132,0.008909698218924431,0.01002934101361559,19639.922715894867
-0.25708685283012805,0.11472685927560272,0.019981163072562765,-0.021013984737909375,-0.01777812787597534,-0.01385802463895813,0.0031640203601515067,0.016901348566463456,0.008905169963867558,0.010026622281821605,19658.0
0.5219557556427624,0.13679173081297388,0.02546843839348962,-0.015568595175614815,-0.019012243084590767,-0.013421212152453513,0.0031239182223514574,0.016901944615916348,0.00890057146378927,0.010023884698875427,19676.768147684605
-0.2503286493339054,0.045038408244271154,0.024715682600800242,-0.009092757264283154,-0.02019956446870106,-0.012922572581859032,0.0030807078517052734,0.016902407227617225,0.008895902873138689,0.010021128288715589,19694.845431789738
-0.530661264993272,-0.07955861048939167,0.01859484816032669,-0.0018381163166070222,-0.02131374810832484,-0.012360600772353368,0.0030344333077087877,0.016902735227767512,0.008891164346364997,0.010018353075280036,19712.922715894867
0.5356800631212304,-0.13351423270899576,0.008901792784993284,0.0057198306800174915,-0.02232845008348063,-0.011733791569115436,0.00298513864985806,0.016902927442568532,0.008886356037917376,0.010015559082506748,19731.0
0.42370957739038584,-0.06989530388706992,-0.0024334604490392924,0.01301927160228486,-0.023217326474186964,-0.011040639817324078,0.0029328679376490587,0.016902982698221703,0.00888147810224498,0.010012746334334077,19749.768147684605
-0.5495602130310616,0.043950162820590735,-0.013281203775745988,0.019490110546332783,-0.023954033360462472,-0.010279640362158013,0.0028776652305776995,0.01690289982092841,0.008876530693796963,0.010009914854700371,19767.845431789738
-0.33650519203605544,0.12094869707855721,-0.02146387920177487,0.02456225160829894,-0.02451151088776788,-0.009450003983353926,0.002819574588140006,0.016902677636890018,0.008871513967022501,0.010007064667543464,19785.922715894867
0.5639928780396498,0.12032325763576865,-0.02518547937533995,0.02766559888432104,-0.024859316881656483,-0.008554323780555862,0.0027586400698318488,0.016902314972307958,0.008866428076370749,0.010004195796801856,19804.0
-0.22919277083794437,0.03295906155682328,-0.024329282562180265,0.028383089470653128,-0.0249640378581076,-0.007598164162981919,0.002694905735149278,0.016901810653383573,0.008861273176290888,0.010001308266413449,19822.768147684605
-0.5663681487818456,-0.06717268116852873,-0.01977244987464529,0.02691734240986409,-0.02479844801211173,-0.006588451806688483,0.0026284156435882338,0.016901163506318283,0.008856049421232085,0.009998402100316373,19840.845431789738
0.5595025472627687,-0.097681523667222,-0.012545225476345692,0.02365420952803714,-0.024364862306060952,-0.005532772403728226,0.002559213854644684,0.016900372357313436,0.008850756965643492,0.009995477322449276,19858.922715894867
0.3657728879643489,-0.04619712381025998,-0.0037325164004526554,0.018987092597104984,-0.023673026156275277,-0.004438831138075442,0.0024873444278145675,0.016899436032570464,0.00884539596397427,0.009992533956749768,19877.0
-0.5346614858854517,0.03285744188639516,0.0053621188416205405,0.013309393389000293,-0.02273268497907471,-0.0033143331937044085,0.0024128514225938663,0.016898353358290735,0.008839966570673588,0.009989572027156198,19895.768147684605
-0.1892737403983776,0.08072956667973862,0.013380458868900085,0.007014513675655702,-0.02155358419077924,-0.0021669837545894143,0.0023357788984785573,0.016897123160675636,0.008834468940190616,0.009986591557606962,19913.845431789738
0.5141059124392366,0.07927173571825727,0.0190112362835095,0.000495855229003963,-0.02014546920770892,-0.0010044880047047314,0.002256170914964617,0.016895744265926535,0.008828903226974537,0.009983592572040052,19931.922715894867
-0.2713711013785057,0.028573189956165684,0.02135194816883704,-0.005892338446449573,-0.018518085446183698,0.000165448871975392,0.0021740715315479485,0.016894215500244857,0.008823269585474474,0.009980575094393512,19950.0
-0.5138361821378267,-0.0335771184808899,0.02040923769815263,-0.0119308548271915,-0.016681178322523638,0.0013351216914766844,0.0020895248077245467,0.016892535689831956,0.008817568170139624,0.00997753914860587,19968.768147684605
0.5219436733111635,-0.0651084311848193,0.016324288238733452,-0.017353231302267673,-0.014644493253048708,0.002496825269824796,0.0020025748029904164,0.016890703660889236,0.008811799135419147,0.009974484758614807,19986.845431789738
0.2050395647950939,-0.04161933822904405,0.009478932873909812,-0.021871403172006972,-0.012417775654078924,0.003642854423045547,0.0019132655768414556,0.016888718239618107,0.008805962635762186,0.009971411948359007,20004.922715894867
-0.5443504297262716,0.009937584960799408,0.0013040119060923905,-0.02519507363477088,-0.010013003043901608,0.0047655039671645975,0.0018216411887736874,0.01688657825221989,0.008800058825617947,0.009968320741776266,20023.0
-0.06862325695150703,0.052385535812642464,-0.006507382557538048,-0.02702501748105192,-0.007451081348673122,0.005857068718207717,0.0017277456982830238,0.016884282524896058,0.008794087859435558,0.009965211162804955,20041.768147684605
0.5556072105350142,0.059637637640217366,-0.012262158409800706,-0.027053278235927597,-0.004761647759964764,0.006909843492200583,0.0016316231648654598,0.016881829883847906,0.00878804989166422,0.009962083235383145,20059.845431789738
-0.23959384308371945,0.01887644541164574,-0.014767045459422833,-0.024975569276529858,-0.002000336123138835,0.00791612310516893,0.0015333176480169773,0.016879219155276893,0.00878194507675306,0.00995893698344902,20077.922715894867
-0.544054217000383,-0.03395254884227192,-0.014710896718148432,-0.020716935300539793,0.0007707205529947962,0.00886820237313852,0.0014328732072334972,0.016876449165384364,0.00877577356915126,0.009955772430940762,20096.0
0.5313658678923346,-0.060721942968970016,-0.01279312237668661,-0.01472135224842677,0.0034893892596262223,0.009758376112135037,0.0013303339020109828,0.01687351874037176,0.008769535523307986,0.009952589601796761,20114.768147684605
0.13189754474648438,-0.05538874127520898,-0.009526488172614391,-0.007632388099205042,0.006093536987945636,0.010578939138184217,0.0012257437918454705,0.016870426706440372,0.008763231093672408,0.009949388519954758,20132.845431789738
-0.5045176728162635,-0.03662753819571479,-0.005454943290677086,-0.00011421772637091706,0.008521030729142945,0.011322186267311796,0.0011191469362328448,0.016867171889791692,0.008756860434693675,0.009946169209353192,20150.922715894867
-0.049941424980476684,-0.02216482677356938,-0.001135384501032868,0.0071689839965790435,0.010709737474408388,0.011980412315543497,0.001010587394669101,0.016863753116627026,0.008750423700820974,0.009942931693930252,20169.0
0.49024991153316266,-0.0031753635157335323,0.0028752914261603473,0.013553042196148297,0.012597524214932,0.012545912098905057,0.0009001092266501792,0.016860169213147834,0.00874392104650345,0.009939675997623965,20187.768147684605
-0.41148766131947234,0.02967871639427074,0.006020187720744429,0.01837378199884056,0.014122257941903827,0.013010980433422161,0.000787756491672111,0.01685641900555544,0.00873735262619028,0.009936402144372651,20205.845431789738
-0.4910157701709213,0.06049090636133857,0.007742407612561322,0.020967028531159098,0.015221805646514118,0.01336791213512056,0.0006735732492307951,0.016852501320051255,0.008730718594330614,0.009933110158114551,20223.922715894867
0.4946939808261721,0.06767067731046827,0.0074131247526317764,0.020736046632144234,0.015838524186237428,0.013609002020025926,0.0005576035588222126,0.016848414982836676,0.008724019105373659,0.009929800062787384,20242.0
0.020830105206312528,0.0354132536136983,0.004544220078153522,0.01754928187442045,0.01594801126459758,0.013726533909669889,0.00043990247443653454,0.016844158820113073,0.008717254313768531,0.009926471882329887,20260.768147684605
-0.5067851061227592,-0.017836433193410987,0.0002893473533493721,0.012124307076901139,0.01558907720522097,0.013715141629406362,0.0003205778160664477,0.01683973165808187,0.008710424373964418,0.009923125640679802,20278.845431789738
0.004881314980140403,-0.06298675767455138,-0.003769414056095787,0.005374116941937635,0.014806197791876658,0.013579028778760134,0.00019978355030198183,0.016835132322944407,0.008703529440410475,0.009919761361775713,20296.922715894867
0.5240742328960404,-0.06866949063326017,-0.0060499847844974015,-0.0017882938281185768,0.013641426672636538,0.013324812304927183,7.768243175894791e-05,0.016830359640902088,0.008696569667555887,0.009916379069555342,20315.0
-0.43714590488073846,-0.018321183067065348,-0.005413925631342787,-0.008420093285047192,0.01213681265410474,0.0129591139965715,-4.556278494681995e-05,0.016825412438156277,0.008689545209849802,0.009912978787957317,20333.768147684605
-0.5326749296336879,0.04584910448153529,-0.0024852410332634797,-0.013471217520695782,0.010334404542885069,0.012488555642357135,-0.00016978934519959384,0.016820289540908424,0.008682456221741375,0.0099095605409194,20351.845431789738
0.526738904076757,0.06903503766628334,0.001828465510970679,-0.016021806484076972,0.0082762511455817,0.01191975903094809,-0.00029483449438354425,0.016814989775359845,0.008675302857679812,0.009906124352379947,20369.922715894867
0.016830417181110228,0.01928208199321443,0.006622059839815885,-0.015630146251212892,0.006006702715342838,0.011259345951008434,-0.00042053547788287404,0.01680951196771199,0.00866808527211422,0.00990267024627721,20388.0
-0.4997757830700681,-0.048514581978723666,0.009278221913595239,-0.012057879312949334,0.003592150425316181,0.010513938191202069,-0.0005467295410818045,0.016803854944166224,0.008660803619493816,0.009899198246549152,20406.768147684605
0.13706898381751245,-0.07134047159107772,0.006931292201989066,-0.0053453259945589705,0.0011526274304795876,0.009690157540193058,-0.000673253929364483,0.016798017530923883,0.008653458054267737,0.0098957083771342,20424.845431789738
0.48942966924229503,-0.033227861267728545,-0.001212463590123232,0.0033464191878521217,-0.0011789979803675105,0.008794625786645414,-0.0007999458881151308,0.016791998554186425,0.008646048730885154,0.009892200661970333,20442.922715894867
-0.5016206054462132,0.04590285990362224,-0.010773082283638075,0.011538508956703305,-0.003269857518425631,0.007833964719223199,-0.0009266426627179924,0.016785796840155204,0.00863857580379524,0.009888675124995697,20461.0
-0.4678236846039109,0.07283628236249635,-0.016129076388672028,0.016474557901821427,-0.004987082894895264,0.006814796126590334,-0.0010531814985572337,0.016779411215031625,0.00863103942744715,0.009885131790148662,20479.768147684605
0.5383073200898763,0.03796548281307212,-0.013075217755311353,0.016134504991843466,-0.006226089801048473,0.00574374179741087,-0.0011793996410170528,0.016772840505017046,0.00862343975629006,0.009881570681367208,20497.845431789738
-0.0010428631583641746,-0.03137342616136131,-0.003071315593520278,0.01144358671064674,-0.006995429848443508,0.004627423520348822,-0.0013051343354816434,0.016766083536312888,0.008615776944773113,0.009877991822589603,20515.922715894867
-0.5185455426833234,-0.0645160764951054,0.01100656154676747,0.004063363920918628,-0.007331938628710122,0.003472463084068229,-0.0014302228273352453,0.016759139135120504,0.008608051147345499,0.009874395237753925,20534.0
0.11595658284640252,-0.011559530686599874,0.024776166013661276,-0.004344602514653476,-0.007272502602019019,0.00228553314577399,-0.0015545023619620334,0.016752006127641293,0.008600262518456374,0.009870780950798576,20552.768147684605
0.3993149346054438,0.0505307453303178,0.027931917209724277,-0.012220135195663041,-0.006854752465917856,0.0010740506000480544,-0.0016778101847462015,0.01674468334007666,0.008592411212554907,0.009867148985661397,20570.845431789738
-0.31612584633302027,0.041046640378079244,0.013094005313523433,-0.018413902152528642,-0.006118988182392113,-0.0001518983940898495,-0.0017999835410719845,0.016737169598627998,0.008584497384090246,0.009863499366280845,20588.922715894867
-0.24602687646481472,-0.010776616940416234,-0.010910331918743634,-0.021899201204758207,-0.0051078718488141725,-0.0013798655422330695,-0.001920859676323558,0.016729463729496664,0.008576521187511574,0.009859832116594979,20607.0
0.1973345530174567,-0.029551727772631,-0.031227440702041816,-0.021646465542324415,-0.0038726971168371077,-0.0025969472069316646,-0.002040275835885092,0.01672156455888401,0.008568482777268066,0.009856147260541926,20625.768147684605
-0.20461427985505662,0.01816862111932574,-0.03619629462044971,-0.016643379750240907,-0.0024982270001722333,-0.0037894752336267126,-0.0021580692651408263,0.016713470912991524,0.008560382307808862,0.009852444822059813,20643.845431789738
0.03568021835952961,0.01778429164061191,-0.02055031750974385,-0.00671686602858687,-0.0010804587922042174,-0.004940723399323257,-0.002274077209474955,0.0167051816180205,0.008552219933583134,0.009848724825087064,20661.922715894867
0.33942268318217966,-0.024695060649583298,0.009566542766544221,0.005665841717200712,0.0002838456965733226,-0.006033200963917418,-0.002388136914271722,0.016696695500172394,0.008543995809040054,0.009844987293561626,20680.0
-0.417158924640401,-0.041151888645287286,0.03379971043869911,0.01738992071534302,0.0014979246556667517,-0.007049417187305384,-0.0025000856249152476,0.016688011385648568,0.008535710088628776,0.009841232251421809,20698.768147684605
-0.35025300955501265,0.02369187254948585,0.04015245714050143,0.025340548194061174,0.0024660870069963215,-0.007972952061797068,-0.0026097605867897796,0.016679128100650375,0.008527362926798477,0.009837459722605559,20716.845431789738
0.5131143568184356,0.0810087376552578,0.02963360288737101,0.027189570348505703,0.003096924602137478,-0.008791668509357711,-0.0027169990452795174,0.016670044471379247,0.008518954477998324,0.009833669731051075,20734.922715894867
-0.32742571826930356,0.038332855788117834,0.005211478560785186,0.023731500578167232,0.003324801509780441,-0.00949519300568985,-0.0028216382457686264,0.016660759324036555,0.00851048489667746,0.009829862300696931,20753.0
-0.5363643000846274,-0.05957832810496745,-0.021997877238438414,0.01645148659595601,0.003184682252815419,-0.010077717827186151,-0.002923515433641425,0.016651271484823704,0.008501954337285083,0.00982603745548096,20771.768147684605
0.5390427033504825,-0.12658012049301526,-0.0386448317379144,0.006810667451404863,0.002743410900419404,-0.010541306133148822,-0.0030224678542819638,0.016641579779942038,0.008493362954270334,0.009822195219341216,20789.845431789738
0.4267162547145673,-0.08258977655900382,-0.03514761197208128,-0.0037818799856892383,0.0020696260371659233,-0.010889815598276474,-0.003118332753074519,0.016631683035592978,0.00848471090208238,0.009818335616216235,20807.922715894867
-0.5504216461387117,0.026482099285207398,-0.017054948963611365,-0.014066262803533826,0.0012319662476284862,-0.011127103897267752,-0.0032109473754032844,0.01662158007797792,0.008475998335170385,0.009814458670043885,20826.0
-0.22150793329060797,0.1244357585492296,0.006080307414243935,-0.02259839122631701,0.00029907011638061795,-0.011257028704821277,-0.0033001489666524587,0.016611269733298215,0.008467225407983548,0.009810564404762518,20844.768147684605
0.561995165058941,0.147112746861361,0.024646242527294426,-0.02787511071728804,-0.0006604237720041836,-0.01128344769563564,-0.003385774772206253,0.016600750827755268,0.008458392274970987,0.00980665284431026,20862.845431789738
-0.293884227063402,0.060149933746419505,0.030936265618230884,-0.02839326673969619,-0.0015778768329523583,-0.011210214621030614,-0.0034676659608277698,0.016590022187550454,0.00844949909058189,0.009802724012625167,20880.922715894867
-0.5591022560377135,-0.061215836371564726,0.02546427963918519,-0.02324197101797625,-0.0023915824226218873,-0.011041148227517575,-0.0035456987060884806,0.016579082638885193,0.008440546009265427,0.009798777933645517,20899.0
0.5522186305442358,-0.12326724173374559,0.013046304226838246,-0.013879400321305269,-0.003067561660096479,-0.010779986093059387,-0.0036198303501083174,0.016567931007960855,0.008431533185470743,0.009794814631309545,20917.768147684605
0.3593358567436292,-0.08769543110544095,-0.0012348439090062123,-0.0023559976800458654,-0.003578767605191272,-0.010430446484326474,-0.0036900375462997127,0.016556566120978822,0.00842246077364702,0.009790834129555273,20935.845431789738
-0.5379830798204844,-0.008018022294652982,-0.013625952573720845,0.00927779387543939,-0.0038973408474122814,-0.009997060138298456,-0.0037562969480750617,0.016544986804140474,0.00841332892824342,0.009786836452321047,20953.922715894867
-0.1765310133807747,0.05113409987112459,-0.02077409199226628,0.01903941260558165,-0.003992338835148059,-0.00948744093307235,-0.003818585208846783,0.016533191883647193,0.008404137803709119,0.009782821623544777,20972.0
0.5345926880984244,0.06423158429606812,-0.019861896310498395,0.025481860691707367,-0.0038327739657076773,-0.008909247797824683,-0.0038768789820272996,0.01652118018570041,0.008394887554493248,0.009778789667164813,20990.768147684605
-0.2931959070109253,0.027012792412710648,-0.010534184860609298,0.028282176636818177,-0.0033882272115321847,-0.008269571086600038,-0.003931154921028988,0.01650895053650148,0.008385578335045,0.009774740607119428,21008.845431789738
-0.5405286016039952,-0.018583447620627126,0.0019475888088444989,0.027392729720463253,-0.0026396720226429782,-0.007575400694689833,-0.003981389679264313,0.016496501762251786,0.008376210299813532,0.00977067446734668,21026.922715894867
0.5438351235925563,-0.029895480949487154,0.010983822284645381,0.02281507187117253,-0.0016172644980422333,-0.006833726517385576,-0.004027559910145597,0.01648383268915271,0.008366783603248022,0.00976659127178455,21045.0
0.22366086818728856,-0.006058516969759838,0.011854918391275589,0.014821884008429457,-0.00037851105024486436,-0.00605153844997864,-0.004069642267085336,0.016470942143405675,0.008357298399797616,0.009762491044371569,21063.768147684605
-0.5493376866788959,0.020894017729751812,0.00739035752076716,0.004635919718401222,0.0010150673345628897,-0.005235826387760521,-0.004107613403495873,0.016457828951212016,0.008347754843911493,0.009758373809045756,21081.845431789738
-0.17008673076394076,0.019713333221165273,0.001802302092641866,-0.006392515202306704,0.0025019496701946635,-0.004393580226022599,-0.0041414499727896814,0.016444491938773165,0.008338153090038805,0.009754239589745096,21099.922715894867
0.5560743652600036,-0.001743877623101679,-0.0031253307429180235,-0.016942171573839586,0.0040206149704642355,-0.003531789860056421,-0.004171128628379116,0.016430929932290513,0.008328493292628724,0.009750088410407934,21118.0
-0.31362129097022395,-0.024625437853456503,-0.00623458622190113,-0.02569180021634265,0.005509542249185276,-0.002657445185153354,-0.004196626023676592,0.016417141757965385,0.008318775606130422,0.009745920294972657,21136.768147684605
-0.560173057420905,-0.03057860173993997,-0.006368683987632344,-0.03132208071986437,0.006907210520171498,-0.0017775360966048712,-0.0042179188120945324,0.01640312624199923,0.00830900018499305,0.009741735267376843,21154.845431789738
0.5577676661308422,-0.00858498033619199,-0.003015085442001937,-0.032883559701735,0.008157106177515404,-0.0008990524897024081,-0.004234983647045369,0.016388882210593415,0.008299167183665787,0.009737533351559356,21172.922715894867
0.1923178399331652,0.022781860901157004,0.0017328494302897316,-0.03088330151308459,0.009228726309645833,-2.8984259737419543e-05,-0.004247797181941461,0.01637440848994933,0.008289276756597797,0.009733314571457919,21191.0
-0.5420754959236312,0.043885378078887836,0.005129803806363974,-0.026214447145597147,0.010120500078155566,0.0008256786979986909,-0.004256336070195273,0.016359703906268355,0.008279329058238234,0.009729078951010847,21209.768147684605
-0.1070115419399185,0.04361105692660694,0.005099386054350924,-0.0198008329873374,0.010836837817858625,0.001657946488214427,-0.004260576965219181,0.016344767285751904,0.008269324243036263,0.009724826514156312,21227.845431789738
0.520380470070738,0.025497302498277457,0.0022983608270275807,-0.012619839722179818,0.011382149863569157,0.002460829215618339,-0.004260496702547279,0.01632959763672303,0.008259262465441062,0.009720557284832307,21245.922715894867
-0.41797891345491334,-0.0023245418400584064,-0.0017294264480447186,-0.005480645371173983,0.01176084655010117,0.0032273369849190416,-0.004256072997699974,0.016314194847491085,0.008249143879901798,0.009716271286977501,21264.0
-0.505183312861169,-0.02879173405875508,-0.0054293408173777475,0.0008995506361435408,0.011977338212268679,0.003950479900825062,-0.004247284354316283,0.0162985595944841,0.008238968640867615,0.00971196854452935,21282.768147684605
0.5028995252964019,-0.04522640591689561,-0.007249616479597161,0.00580641802235003,0.012036035184885847,0.004623268068044904,-0.004234109427534449,0.0162826927056293,0.008228736902787697,0.009707649081426723,21300.845431789738
0.19621967252998945,-0.04483473018088229,-0.005813906325732662,0.008645268141991371,0.011940577413205797,0.005239481980848041,-0.004216526872492794,0.016266595008853933,0.008218448820111206,0.009703312921607305,21318.922715894867
-0.5085315723690762,-0.03530734761126037,-0.0010110921384283318,0.009610881956226372,0.011691185845445384,0.005796321130540226,-0.004194515344329572,0.016250267332085302,0.008208104547287305,0.00969896008900937,21337.0
-0.042820836780243905,-0.021846591564320495,0.00533296052648178,0.009768642965930286,0.011285961285087529,0.006293105153161193,-0.004168053498183075,0.01623371050325066,0.008197704238765147,0.009694590607571286,21355.768147684605
0.5190336404601819,-0.008318532896240835,0.01096299450889211,0.010360675232990474,0.01072221981113373,0.006729938409232032,-0.004137119989191583,0.01621692535027723,0.008187248048993912,0.009690204501230983,21373.845431789738
-0.42436675234820664,0.004442130400907563,0.013697210368627503,0.012555645099363834,0.009995488359832772,0.007108714402026559,-0.0041016936121760494,0.01619991284077495,0.008176736132422768,0.00968580179392679,21391.922715894867
-0.519377442589908,0.01364151601914146,0.011859295149201567,0.01701673242331844,0.00910084658174527,0.007431773920506763,-0.004061753720688066,0.016182674501084432,0.008166168643500869,0.009681382509596888,21410.0
0.5110763312175663,0.01592597666754057,0.0049536963494714245,0.02331243272373014,0.008033374127431906,0.007701457753634641,-0.0040172798079618315,0.01616521199722881,0.008155545736677391,0.00967694667217941,21428.768147684605
0.06022493977153223,0.004855087089788238,-0.005979182110568651,0.03056145384890908,0.006788150647453186,0.007920106690372209,-0.0039682513672316365,0.016147526995231372,0.008144867566401487,0.009672494305612388,21446.845431789738
-0.48416431335436744,-0.008306044109785353,-0.016794128728882286,0.037831229328142965,0.005360255792369829,0.008090061519681464,-0.003914647891731726,0.016129621161115316,0.00813413428712232,0.009668025433834156,21464.922715894867
-0.007138434157550466,-0.008255385081819255,-0.022573545677396497,0.04418919269071971,0.0037447692127424172,0.008213663030524345,-0.003856448874696293,0.01611149616090386,0.008123346053289076,0.00966354008078288,21483.0
0.4766710550754039,0.0018525969701605493,-0.019246418437632855,0.04876187611756607,0.0019367705591315175,0.008293252011862963,-0.0037936338093596308,0.016093153660620207,0.00811250301935091,0.009659038270396724,21501.768147684605
-0.49213891644208063,0.012587752563488298,-0.006585896318531159,0.05091220639616305,-6.866051790219376e-05,0.008331169252659235,-0.0037261821889559674,0.016074595326287636,0.00810160533975698,0.009654520026613725,21519.845431789738
-0.4102849321976984,-0.00659421722305391,0.012728434859005103,0.050052724404861935,-0.002266959807029252,0.00832975619182678,-0.003654074156671115,0.01605582282392931,0.008090653168956448,0.009649985373372251,21537.922715894867
0.5460279086571914,-0.026406035465859606,0.028265929092908808,0.0455580327789382,-0.0046156248538445485,0.008291366058374945,-0.003577301645786711,0.016036837819568474,0.008079646661398496,0.00964543433461032,21556.0
-0.052976214622538556,-0.014447172392396847,0.030597016523023112,0.03691164219583062,-0.007062668643174127,0.008218404682528622,-0.0034959091907998292,0.01601764197922832,0.008068585971532278,0.009640866934266155,21574.768147684605
-0.5570529076223328,0.023021751449650612,0.021782791089489488,0.024335334693214267,-0.009556104159843962,0.00811334784522732,-0.0034100112769223615,0.01599823696893213,0.008057471253806958,0.009636283196277892,21592.845431789738
0.008861676275019789,0.06031142951980966,0.005764384125620965,0.009228088705726336,-0.012043944388680216,0.00797868651751724,-0.003319737579472595,0.015978624454703078,0.008046302662671713,0.009631683144583932,21610.922715894867
0.4541683270209302,0.04258301092557056,-0.01326167296594105,-0.006746416383488604,-0.014474202314508853,0.007816911670444297,-0.0032252177737687204,0.0159588061025644,0.008035080352575682,0.009627066803122138,21629.0
-0.3596071749242757,-0.050674749805835216,-0.029018444711211656,-0.021924501191285955,-0.016794890922155872,0.0076305142750544485,-0.0031265815351290203,0.01593878357853932,0.00802380447796806,0.009622434195830844,21647.768147684605
-0.15890100099080087,-0.0942762472744803,-0.03470889461837004,-0.03464248633452111,-0.018954023196447352,0.007421985302393771,-0.00302395853887176,0.015918558548651044,0.008012475193298,0.009617785346648233,21665.845431789738
0.16361168080302183,-0.04601466870114068,-0.025993128262933384,-0.04351976115388223,-0.020899612122209324,0.007193815723508243,-0.0029174784603151474,0.01589813267892281,0.008001092653014666,0.009613120279512312,21683.922715894867
-0.04996508149022587,0.07520992578717958,-0.00827862860598327,-0.04838918076917553,-0.02257967068426781,0.00694849650944391,-0.0028072709747774937,0.015877507635377843,0.007989657011567213,0.009608439018361425,21702.0
-0.09561292432788629,0.11410337136456629,0.010894742859209732,-0.04969143255918915,-0.02394221186744882,0.006688518631246728,-0.002693465757576998,0.01585668508403932,0.00797816842340483,0.0096037415871337,21720.768147684605
0.033779994506423265,0.041638807965918824,0.02519653208862862,-0.04793751516574647,-0.024946128277330393,0.006416373059962721,-0.0025761924840319254,0.0158356666909305,0.007966627042976673,0.009599028009767283,21738.845431789738
0.2041659624251151,-0.06567693593175883,0.032809151300120985,-0.043594908747663065,-0.02559383100249841,0.006134550766637894,-0.002455580829460531,0.015814454122074606,0.007955033024731887,0.009594298310200335,21756.922715894867
-0.2966114575719388,-0.11668252400439093,0.03303326681383789,-0.03711025137983981,-0.025898610752290777,0.005845542722318294,-0.002331760469181074,0.01579304904349483,0.007943386523119664,0.009589552512371051,21775.0
0.057895011974476975,-0.07231143635646915,0.02571759358016274,-0.02887712779818521,-0.025873667180233328,0.005551748842237884,-0.0022048610785118244,0.015771453121214436,0.007931687692589163,0.009584790640217654,21793.768147684605
0.4654456068564531,0.003990480697744816,0.01313025980621257,-0.019304128118442485,-0.0255315810949836,0.005254950196762326,-0.0020750123327710175,0.01574966802125663,0.007919936687589536,0.009580012717678358,21811.845431789738
-0.47807501352453974,0.044640855265377616,-0.0015615806645480643,-0.009097766123477706,-0.024883823762905856,0.004955818313964,-0.001942343907276859,0.015727695409644606,0.007908133662569952,0.009575218768691149,21829.922715894867
-0.5376437804756612,0.06628890616219399,-0.015112992200288241,0.0009576626154767352,-0.02394161182874406,0.004654770100295047,-0.0018069854773476817,0.015705536952401625,0.007896278771979577,0.0095704088171942,21848.0
0.5354853211918479,0.09292190570803255,-0.02431503420177505,0.010113857559786424,-0.022716161937242123,0.0043522224622074696,-0.0016690667183016903,0.015683194315550875,0.007884372170267596,0.009565582887125793,21866.768147684605
-0.009646536554146276,0.0972749694436297,-0.02610274620016738,0.017766498301208737,-0.02121869073314401,0.004048592306153392,-0.0015287173054571216,0.015660669165115573,0.007872414011883168,0.009560741002424088,21884.845431789738
-0.4986354601961424,0.05480045749213993,-0.018794525988095816,0.023496656560916995,-0.0194604148611937,0.0037442965385848957,-0.0013860669141322673,0.015637963167118983,0.007860404451275421,0.009555883187027254,21902.922715894867
-0.016363353063391123,-0.03198960864830431,-0.006098224273686162,0.02748299244735631,-0.01745255096613507,0.0034397520659540234,-0.001241245219645355,0.015615077987584295,0.007848343642893557,0.00955100946487354,21921.0
0.4778461971784684,-0.09158755701112821,0.006930945006062006,0.03005356316578975,-0.015206315692712141,0.003135375794712918,-0.001094381897314654,0.01559201529253473,0.007836231741186741,0.009546119859900929,21939.768147684605
-0.3965090398720117,-0.06037249466862959,0.015971189688829147,0.03153642592148041,-0.012732925685668802,0.0028315846313135885,-0.0009456066224583868,0.015568776747993514,0.007824068900604119,0.009541214396047732,21957.845431789738
-0.4882944613876992,0.024529950979597478,0.019634404711015324,0.03225963791969136,-0.010043597589749072,0.0025287954822082286,-0.0007950490703948641,0.015545364019983871,0.007811855275594867,0.009536293097252214,21975.922715894867
0.495534448873673,0.09295281734414072,0.017399625690590063,0.0324175374587962,-0.0071495480496967904,0.0022274252538487366,-0.0006428389164422488,0.015521778774529012,0.00779959102060815,0.009531355987452209,21994.0
-0.05154963851036692,0.07827964829971058,0.009813027689924465,0.031743859865626986,-0.004064190982495966,0.0019278908526873296,-0.000489105835918865,0.015498022677652162,0.007787276290093138,0.00952640309058623,22012.768147684605
-0.4992957241758834,0.0058603021321266624,-0.000316440054346447,0.03013821327545646,-0.0008122304853545415,0.0016306091851761,-0.0003339795041429405,0.015474097395376528,0.007774911238498988,0.009521434430592206,22030.845431789738
0.09646263316824773,-0.0715261440006008,-0.009647564488744164,0.027584482844630033,0.0025694277072235185,0.0013359971577670338,-0.00017758959643267945,0.015450004593725355,0.007762496020274861,0.009516450031408587,22048.922715894867
0.4973313718243018,-0.09847610995161019,-0.01483913255979003,0.024072219770286653,0.006038211819940582,0.0010444716769122738,-2.006578810644792e-05,0.01542574593872189,0.007750030789869923,0.009511449916973344,22067.0
-0.500512070940864,-0.04120462875053789,-0.013586575881981651,0.01964939392757435,0.00953889027938083,0.0007564496490638846,0.00013846224551760516,0.015401323096389287,0.007737515701733358,0.009506434111224598,22085.768147684605
-0.4087536840165297,0.04722823588145574,-0.00773190474172025,0.014550175660733843,0.013013066562598973,0.0004723479806739449,0.00029786482912116463,0.015376737732750823,0.007724950910314314,0.009501402638100613,22103.845431789738
0.5165015288119231,0.10014832090740144,-0.00015377409338337977,0.009054494193896973,0.01640234414664951,0.00019258357819454205,0.00045801228738604453,0.015351991513829679,0.007712336570061953,0.009496355521539558,22121.922715894867
-0.19809758096806562,0.07113080828435589,0.006577960841801735,0.0034422787511951113,0.019648326508587294,-8.242665192222699e-05,0.000618774944993902,0.01532708610564911,0.007699672835425443,0.009491292785479603,22140.0
-0.5301940103587667,-0.005562470473515875,0.011128643775207668,-0.0020065414432398616,0.022692617125466823,-0.00035226580322434385,0.0007800231266265928,0.015302023174232291,0.007686959860853979,0.009486214453858964,22158.768147684605
0.18025835243983748,-0.07847759238748228,0.012520957973915088,-0.0070605769878344824,0.02547681947434278,-0.0006165169692596562,0.0009416271569657739,0.015276804385602492,0.007674197800796679,0.009481120550615741,22176.845431789738
0.5282848068763861,-0.10100982212743731,0.009921666036440034,-0.01163251781245031,0.02794253703226978,-0.0008747632435761457,0.001103457360693264,0.015251431405782907,0.007661386809702731,0.00947601109968807,22194.922715894867
-0.5214305655780052,-0.0452064472509516,0.0031009914138701044,-0.015483273834317687,0.030031373276302478,-0.0011265877197216647,0.001265384062490739,0.015225905900796753,0.007648527042021313,0.009470886125014281,22213.0
-0.2866179680872525,0.04545956585862066,-0.0051999589406920245,-0.018323675011869784,0.031684931683495565,-0.0013715734912442131,0.0014272775870399989,0.015200229536667307,0.0076356186522015595,0.009465745650532266,22231.768147684605
0.5043937137116223,0.10592969242583204,-0.01148483720894077,-0.019864551303539587,0.03284481573090367,-0.001609303651691639,0.0015890082590227746,0.015174403979417717,0.007622661794692652,0.00946058970018067,22249.845431789738
-0.23315532137231829,0.08361877108916593,-0.013111743432590544,-0.0198303570828854,0.03346625331070672,-0.0018393612946118684,0.001750446403120811,0.015148430895071226,0.007609656623943766,0.009455418297897122,22267.922715894867
-0.49516572628459005,0.004155283681768297,-0.010761317238542914,-0.01809529623885994,0.03355902764997598,-0.002061387187942834,0.0019114623440158807,0.015122311949651046,0.007596603294404062,0.009450231467620139,22286.0
0.26962833044575846,-0.086489324519665,-0.005587638694147334,-0.014928204495113373,0.03314679442484304,-0.002275270133557421,0.0020719264063897196,0.015096048809180432,0.007583501960522686,0.009445029233287754,22304.768147684605
0.4967800447061062,-0.12043397265486126,0.00135046398813974,-0.010693169430188887,0.032253336331331144,-0.002481025953220125,0.0022317089149240534,0.01506964313968259,0.007570352776748817,0.009439811618838154,22322.845431789738
-0.4988446979076861,-0.0522086883311506,0.008762081354976206,-0.005754278622629615,0.030902453401838715,-0.00267868780507077,0.002390680194300632,0.015043096607180747,0.007557155897531611,0.009434578648209615,22340.922715894867
-0.30953576444805664,0.06526257845598242,0.014427978989477437,-0.0004756196509787844,0.02911794566876438,-0.0028682888472492344,0.002548710569201256,0.015016410877698089,0.0075439114773202705,0.009429330345340228,22359.0
0.5002484155512034,0.13400252143329308,0.01589684123387313,0.004778719906220419,0.026923613164506602,-0.003049862237895283,0.002705670364307591,0.014989587617257863,0.00753061967056391,0.009424066734168231,22377.768147684605
-0.2997305963249409,0.08658836689796888,0.011569771093657285,0.009660710117970457,0.024343255921463886,-0.003223441135148859,0.0028614299043014657,0.014962628491883321,0.007517280631711712,0.009418787838631553,22395.845431789738
-0.50042041363125,-0.02867788895631574,0.003257546227380795,0.013886551643455763,0.021400673972034823,-0.0033890586971496994,0.003015859513864601,0.014935535167597606,0.007503894515212855,0.009413493682668705,22413.922715894867
0.4342570815602062,-0.1353169577293882,-0.006376637043141007,0.017184431720001968,0.018123738418022516,-0.00354674808203772,0.0031688295176787286,0.014908309310424007,0.007490461475516491,0.009408184290217543,22432.0
0.5068799309886355,-0.15265247483235403,-0.014669582396092912,0.019266169261837447,0.014556688684327149,-0.0036965424479527406,0.003320210240425607,0.014880952586385726,0.007476981667071795,0.009402859685216506,22450.768147684605
-0.5124655914634014,-0.03954129571129086,-0.01925110561803704,0.019837499000169605,0.010749848378870006,-0.0038384749530345702,0.003469872006786958,0.01485346666150599,0.00746345524432792,0.009397519891603725,22468.845431789738
-0.24939908450877826,0.1067276452166648,-0.018987619023125096,0.01866177222950237,0.006760472640355824,-0.003972578755423085,0.003617685141444581,0.014825853201807992,0.007449882361734047,0.009392164933317087,22486.922715894867
0.5179584044899604,0.16866837429242457,-0.013325458920357712,0.015787016165108577,0.002648052573191938,-0.004098887013258108,0.003763519969080204,0.014798113873314962,0.007436263173739332,0.009386794834295146,22505.0
-0.2892093873194344,0.07391054681914054,-0.0026349707101258678,0.011486713882618313,-0.0015277809597137773,-0.004217432884679472,0.0039072468143755475,0.014770250342050166,0.007422597834792918,0.00938140961847579,22523.768147684605
-0.5069807621358039,-0.08451848866331595,0.009706448870202718,0.006247745904507423,-0.005707397095453539,-0.004328249527827067,0.004048736002012385,0.014742264274036767,0.007408886499344012,0.00937600930979735,22541.845431789738
0.3352079486030269,-0.18738994090355693,0.01957790575526642,0.0006020766087130717,-0.009831164971119619,-0.004431370100840646,0.004187857856672464,0.01471415733529801,0.007395129321841761,0.00937059393219792,22559.922715894867
0.49738824574896956,-0.1670836705759025,0.02372937909346641,-0.004945383204616021,-0.013839453723804138,-0.00452682776186014,0.004324482703037547,0.014685931191857102,0.007381326456735326,0.009365163509615809,22578.0
-0.5024895105451439,-0.013644676199491413,0.022414998865201513,-0.010018595023431054,-0.017672632490599333,-0.004614656675195059,0.004458481871959074,0.014657587509737299,0.007367478058473851,0.009359718065988926,22596.768147684605
-0.22316996212484283,0.14168822606892004,0.016903195380297834,-0.014412001029136047,-0.021271070408597433,-0.004694906508349044,0.0045897421974825875,0.014629127954961798,0.007353584281506557,0.009354257625255743,22614.845431789738
0.5185133403821561,0.20969512885476826,0.00849934135620968,-0.017956985810763264,-0.024575136614890625,-0.004767673849055674,0.004718197433883609,0.01460055419355381,0.007339645280282559,0.009348782211354172,22632.922715894867
-0.3061257677067712,0.15003720240456916,-0.0014706540557817682,-0.020484933957344974,-0.027525200246571107,-0.004833066763563606,0.004843792813952661,0.014571867891536572,0.007325661209251043,0.009343291848222631,22651.0
-0.48939110634597865,0.043394126501258734,-0.011598735969088043,-0.021827230057913448,-0.03006163044073109,-0.004891193318121498,0.004966473570480337,0.014543070714933295,0.00731163222286118,0.009337786559799128,22669.768147684605
0.3906653247288636,-0.026543775724736714,-0.02045631306329386,-0.021813557667639257,-0.03212649736832449,-0.004942161578977994,0.005086184936257192,0.014514164329767206,0.00729755847556211,0.009332266370021863,22687.845431789738
0.39665672306253646,-0.06947637842343962,-0.026614794017984018,-0.020254923993758285,-0.03368054754823983,-0.004986079612381778,0.005202872144073758,0.014485150402061527,0.007283440121803031,0.009326731302828893,22705.922715894867
-0.3410540751827753,-0.1312831943622796,-0.02857533038845805,-0.01698325181911788,-0.03473386904803936,-0.005023055484581472,0.00531648042672066,0.014456030597839484,0.007269277316033074,0.009321181382158641,22724.0
0.17515200634267455,-0.19401597649624536,-0.024486176397780827,-0.012170882386869376,-0.03530902880721611,-0.005053200497397882,0.005426958252560527,0.014426806583124287,0.007255070212701434,0.00931561663194907,22742.768147684605
0.269545711276076,-0.19799134356098405,-0.012961655311139549,-0.006347737739967825,-0.03542874543012399,-0.005076640080326924,0.005534268217631217,0.014397480023939167,0.0072408189662572665,0.009310037076138472,22760.845431789738
0.06981680114570453,-0.1003818864448588,0.003608732703006551,-0.00011560875646316481,-0.035115779108212015,-0.005093466052888723,0.005638380895089949,0.01436805258630735,0.007226523731149719,0.009304442738664948,22778.922715894867
-0.10153551290783305,0.04557901470309506,0.01980432712453475,0.005923713685594674,-0.034393056381309975,-0.005103605071609448,0.005739268043480744,0.014338525936251997,0.007212184661827981,0.009298833643466724,22797.0
-0.3274934046591783,0.15957320436031472,0.02965262772210318,0.011168438708155775,-0.03328354537634278,-0.005106944597009793,0.005836903812437175,0.014308901739796426,0.007197801912741204,0.009293209814481911,22815.768147684605
0.3842779713698251,0.14909255037483826,0.028841251629523813,0.01507561544461485,-0.03181021422023539,-0.005103381653969459,0.005931271915952021,0.01427918166296377,0.0071833756383385666,0.009287571275648738,22833.845431789738
-0.2862239419713835,0.025377493717026495,0.019635041936049005,0.017400896579319508,-0.029996031039912757,-0.005092815658457794,0.006022358459107576,0.014249367371777335,0.007168905993069209,0.009281918050905369,22851.922715894867
-0.5041850479723623,-0.09030863588035899,0.005705985075387441,0.018211748828759283,-0.027863963962299794,-0.005075146026444188,0.006110149546986217,0.014219460532260265,0.007154393131382323,0.009276250164189967,22870.0
0.5437280373764137,-0.09136316892037986,-0.009329803087186865,0.017637452237126813,-0.025435550936850203,-0.005050272173897945,0.006194631284670236,0.014189462810435843,0.007139837207727071,0.009270567639440548,22888.768147684605
0.22226345873516493,-0.021570127247888385,-0.021814275995303656,0.01580156613872957,-0.022726609203132502,-0.005018093516788507,0.006275789777242099,0.014159375872327237,0.007125238376552587,0.009264870500595577,22906.845431789738
-0.5682441571552221,0.04285985649830585,-0.028032258379300748,0.012826219690403826,-0.01975152582324401,-0.0049785094710852705,0.006353611129784148,0.014129201383957709,0.007110596792308067,0.00925915877159318,22924.922715894867
0.020354227372745715,0.04462129980864188,-0.024303966777008613,0.008887804798681918,-0.01653111985734729,-0.0049314194527575765,0.006428081447378734,0.01409894101135044,0.007095912609442677,0.009253432476371198,22943.0
0.5556581740082986,0.007547228056974704,-0.009437972637923524,0.004379764368880892,-0.013111938357866204,-0.004876722877774796,0.006499186835108195,0.014068596420528674,0.007081185982405562,0.009247691638868103,22961.768147684605
-0.2689534789087969,-0.02233248241281804,0.008521194216258052,-0.00025019594398614526,-0.009546960375289997,-0.004814319162106286,0.006566913398054907,0.014038169277515652,0.007066417065645897,0.009241936283022051,22979.845431789738
-0.5399205982576558,-0.023781787142619516,0.02067354106849097,-0.004554370484905976,-0.0058891649601078,-0.004744107721721455,0.006631247241301234,0.014007661248334559,0.007051606013612854,0.009236166432771089,22997.922715894867
0.53454021946081,0.0034108709684360456,0.024288292180770693,-0.008087301701145879,-0.002189283060528426,-0.0046659879725896485,0.006692174469929528,0.013977073999008618,0.007036752980755605,0.009230382112053563,23016.0
0.033762873197954096,0.02395422079969713,0.019768247274544463,-0.010492767139291492,0.0015109467843609093,-0.004579859330680291,0.00674968118902219,0.01394640919556106,0.0070218581215233,0.009224583344807455,23034.768147684605
-0.5274611402675048,0.01929786656991738,0.008837703665280113,-0.011737763208996197,0.005172034137753331,-0.0044856212119627125,0.006803753503661526,0.01391566850401515,0.0070069215903650825,0.00921877015497097,23052.845431789738
-0.017645120849714546,-0.01430713438276194,-0.004308455067886228,-0.011870534892032162,0.008755494444763923,-0.004383173032406306,0.006854377650321187,0.01388485345900279,0.00699194354173015,0.009212942566482472,23070.922715894867
0.5220232422467365,-0.040614421323119904,-0.014877759452450522,-0.010945242452255177,0.012228758432591344,-0.00427241420798042,0.0069015403910397954,0.01385396506959094,0.006976924130067666,0.009207100603279967,23089.0
-0.32164663348452893,-0.028305281571502038,-0.019217211308551255,-0.00903360640303435,0.015567829727940278,-0.004153244154654469,0.00694522861924736,0.013823004213455241,0.006961863509826792,0.009201244289301596,23107.768147684605
-0.5144085971415586,0.016202098714018176,-0.018201234769995443,-0.00627565126906537,0.018750603711911406,-0.004025562288397804,0.006985429228373627,0.013791971768271443,0.006946761835456684,0.009195373648485581,23125.845431789738
0.5089357636345937,0.06590673056102436,-0.013721873835627394,-0.002942240352656511,0.021754975765605356,-0.003889268025179807,0.007022129111848602,0.01376086861171515,0.006931619261406517,0.009189488704770161,23143.922715894867
-0.07105187318766462,0.0660066446254111,-0.007489494885165625,0.0006653001869826071,0.024558841270122752,-0.0037442607809698367,0.00705531516310217,0.013729695621462083,0.006916435942125454,0.009183589482093305,23162.0
-0.4991963957040035,0.01917290256376155,-0.0006359292349357438,0.004245644190642545,0.027140095606564243,-0.0035904399717373216,0.007084974275564251,0.013698453675187914,0.006901212032062657,0.009177676004393514,23180.768147684605
0.09350724454370735,-0.052025289341349625,0.005752910618940716,0.007497465499113625,0.029476634156030503,-0.0034277050134515425,0.007111093342664715,0.01366714365056829,0.00688594768566729,0.00917174829560856,23198.845431789738
0.5003802067844453,-0.08807151159268763,0.010564788194837048,0.010119437953186202,0.03154635229962224,-0.0032559553220819736,0.0071336592578335,0.013635766425278934,0.006870643057388531,0.009165806379676865,23216.922715894867
-0.4669996021937451,-0.04310536724182154,0.012875742000865916,0.011810235393650748,0.03332714541844004,-0.003075090313597914,0.007152658914500518,0.01360432287699547,0.006855298301675525,0.009159850280536683,23235.0
-0.5108434153102206,0.04209158040811714,0.012532016206858424,0.012251425958536608,0.034796908893584555,-0.0028850094039687972,0.007168079206095653,0.013572813883393623,0.006839913572977441,0.009153880022125907,23253.768147684605
0.5149147895836482,0.09833023799627627,0.009523328963117063,0.011173874159165584,0.03592904274213196,-0.0026856120091639543,0.0071799070260488,0.01354124032214905,0.006824489025743461,0.009147895628383104,23271.845431789738
-0.16668630220093555,0.06926022047708957,0.0038202373635969323,0.008754803574455947,0.036686377492049435,-0.002476797545152777,0.007188129267789896,0.01350960307093742,0.006809024814422743,0.00914189712324604,23289.922715894867
-0.5161998239450586,-0.011693552691281512,-0.0030534112294990715,0.005259509099706702,0.03705689617523594,-0.0022584654279046283,0.007192732824748831,0.013477903007434433,0.006793521093464436,0.009135884530653126,23308.0
0.12513415672899206,-0.08760985623161516,-0.00915714093182776,0.0009458736632276395,0.03703612030395218,-0.0020306415867615006,0.007193704579902413,0.013446141019768862,0.006777978017317724,0.009129857874542336,23326.768147684605
0.5158234163993086,-0.10368130906706592,-0.012550475859046067,-0.003928219806671363,0.036620119045149335,-0.0017938996057558735,0.007191031374414881,0.013414318037882,0.006762395740431766,0.009123817178851999,23344.845431789738
-0.518203560946149,-0.03137955916514688,-0.011811506392961447,-0.009047000481043073,0.03580525448395161,-0.0015491059870934077,0.0071847000389975105,0.013382435002168213,0.006746774417255734,0.009117762467520333,23362.922715894867
-0.3760986301269028,0.06264779777616591,-0.007578818028644879,-0.01387691587973026,0.03458793030668352,-0.0012971688341798422,0.007174697404361452,0.013350492853021942,0.006731114202238776,0.009111693764485377,23381.0
0.5255835680483266,0.10497663041361062,-0.0009387658888627608,-0.017897322260393318,0.032964550199669554,-0.0010389962504210213,0.0071610103012178655,0.013318492530837556,0.00671541524983007,0.009105611093685368,23399.768147684605
-0.12215718130540863,0.05076354125354961,0.006893772413939346,-0.020664213164416,0.030931517849234074,-0.0007754963392227063,0.0071436255602779644,0.013286434976009452,0.0066996777144787785,0.009099514479058483,23417.845431789738
-0.5258743534163698,-0.04451896776072688,0.013898997006801719,-0.021749298966278034,0.028485236941701624,-0.0005075772039906776,0.007122530012252957,0.01325432112893203,0.006683901750634062,0.009093403944542784,23435.922715894867
0.2409180630962636,-0.10771072152160897,0.01785194824336194,-0.020727959671973568,0.025625780794911283,-0.00023614694813076095,0.007097710487853971,0.013222151929999704,0.006668087512745099,0.00908727951407665,23454.0
0.5160195352342729,-0.09764492590569289,0.01707616243107937,-0.017302461293941855,0.022374538142572717,3.788632495131432e-05,0.007069153817792253,0.013189928319606832,0.006652235155261044,0.009081141211598273,23472.768147684605
-0.5094178316133952,-0.005120126629732952,0.012157985034784661,-0.011696394739768065,0.018783114909158145,0.0003136145118497221,0.007036846832778961,0.01315765123814785,0.006636344832631052,0.009074989061045263,23490.845431789738
-0.2969448746610491,0.09046814782952817,0.0045075588414731065,-0.004520859765766641,0.0149097539089516,0.0005901295091587055,0.0070007763635252535,0.013125321626017135,0.006620416699304309,0.009068823086356509,23508.922715894867
0.49682598726439003,0.1198249506079606,-0.004396148019774298,0.003544218529662044,0.010812697956237308,0.0008665232134724663,0.006960929240742383,0.013092940423609062,0.006604450909729977,0.009062643311469788,23527.0
-0.15398008795155538,0.04543508272489697,-0.013225492015785281,0.01181891504811773,0.006550189865299348,0.0011418875213851966,0.0069172922951414965,0.013060508571318059,0.006588447618357213,0.009056449760323474,23545.768147684605
-0.48849959254551056,-0.06787870629454314,-0.021258127997022577,0.019623304691200112,0.002180472450421838,0.0014153143294911394,0.006869852357433774,0.013028027009538508,0.006572406979635177,0.009050242456855618,23563.845431789738
0.4211627684665915,-0.13815112955002926,-0.027923035409857716,0.026277462360508905,-0.0022382114741110624,0.0016858955343844921,0.006818596258330442,0.01299549667866481,0.006556329148013048,0.009044021425004333,23581.922715894867
0.4930838678780882,-0.11753074688284043,-0.0324989247683178,0.03110146295764391,-0.006647619094015212,0.0019527230326594652,0.0067635108285426255,0.012962918519091385,0.006540214277939974,0.00903778668870778,23600.0
-0.5032833123445848,0.003683696963264253,-0.03378320942236265,0.03353896814406914,-0.010993315789560053,0.002214888720910274,0.006704582898781551,0.012930293471212596,0.006524062523865151,0.009031538271904529,23618.768147684605
-0.25635023475144647,0.12649263282863837,-0.03092043486006102,0.03354285570445299,-0.015232681993765998,0.002471484495731153,0.006641799299758413,0.01289762247542285,0.006507874040237703,0.009025276198532266,23636.845431789738
0.5320439372285408,0.16940419243257715,-0.023285501147254313,0.03128649529393759,-0.019313235432354376,0.002721602253716308,0.006575146862184358,0.01286490647211653,0.0064916489815068255,0.009019000492529265,23654.922715894867
-0.2489031968983187,0.08921924879479283,-0.010886814497186386,0.027107840753921066,-0.02317907610558351,0.002964333891459936,0.0065046124167706465,0.012832146401688033,0.006475387502121672,0.00901271117783388,23673.0
-0.5443619868731453,-0.04969035887484224,0.004367773158538649,0.021382274701429026,-0.026774304013711607,0.0031987713055562244,0.006430182794228388,0.012799343204531787,0.006459089756531425,0.009006408278384235,23691.768147684605
0.47107998542576907,-0.16149105499360716,0.020104905652633398,0.014485179753487055,-0.030043019156996996,0.0034240063925994628,0.006351844825268824,0.012766497821042149,0.006442755899185208,0.009000091818118311,23709.845431789738
0.5132039256436529,-0.1902080515022931,0.03395122681781062,0.006791938527120718,-0.03292932153569785,0.0036391310491837928,0.006269585340603107,0.012733611191613545,0.006426386084532225,0.008993761820974389,23727.922715894867
-0.47855690854750815,-0.10459709756105454,0.043696687264971126,-0.001329887946234401,-0.0353773111500725,0.003843237171903462,0.006183391170942411,0.012700684256640381,0.006409980467021634,0.00898741831089074,23746.0
-0.16123521967469268,0.043553077098529194,0.04778469602713099,-0.009544256286865154,-0.037331088000379174,0.004035416657352709,0.006093249146997941,0.01266771795651702,0.006393539201102591,0.008981061311805375,23764.768147684605
0.38789792659082806,0.16239262069657687,0.04478842678895992,-0.01748940257411379,-0.038734752086876136,0.004214761402125712,0.00599914609948091,0.012634713231637854,0.0063770624412242665,0.00897469084765656,23782.845431789738
-0.34492351048962744,0.18017106456059598,0.03317100704856571,-0.02466592474074805,-0.03953240340982162,0.004380363302816664,0.005901068859102501,0.0126016710223973,0.00636055034183581,0.008968306942382508,23800.922715894867
-0.25173265156868235,0.12066005982130798,0.012687057050808762,-0.030539953355551555,-0.03966814196947393,0.004531301036854763,0.005799017475738904,0.012568592269189757,0.006344003057386425,0.008961909619921393,23819.0
0.059335054766394134,0.03399962450131576,-0.012018841916693022,-0.03457761898730783,-0.03908623615920794,0.004666768798125558,0.00569304487592664,0.012535477912409618,0.0063274207423252415,0.00895549890421124,23837.768147684605
0.13721731255719985,-0.041992968276326224,-0.03508651629563544,-0.036245052204800426,-0.037731627944865016,0.004786621133815999,0.005583217205367267,0.012502328892451267,0.006310803551101435,0.00894907481919031,23855.845431789738
0.24604282844374292,-0.10510194798697498,-0.0506557925277143,-0.0349835863827607,-0.03557422487945555,0.004890880984229849,0.0054696006097622926,0.012469146149709105,0.006294151638164171,0.00894263738879681,23873.922715894867
0.30892564523525456,-0.11839088027521351,-0.05272821681859109,-0.030273646355745382,-0.032683123292198704,0.004979571289670659,0.00535226123481325,0.012435930624577547,0.006277465157962611,0.008936186636968844,23892.0
-0.35088817402762196,-0.054836839716271894,-0.03736077492161117,-0.022319931517335044,-0.029152216706365967,0.005052714990442065,0.005231265226221703,0.01240268325745097,0.006260744264945922,0.008929722587644653,23910.768147684605
0.007235313932294185,0.02992826408111939,-0.010906414321373238,-0.012249224732897301,-0.02507539864522892,0.005110335026847766,0.005106678729689204,0.012369404988723765,0.006243989113563276,0.008923245264762325,23928.845431789738
0.4556314532096557,0.068927131991515,0.01767335700570224,-0.0013842596767379845,-0.020546562632059003,0.005152454339191408,0.004978567890917228,0.012336096758790344,0.006227199858263834,0.008916754692260146,23946.922715894867
-0.4921469448120935,0.02694326887628072,0.039995759807600846,0.008952229976837037,-0.015659602190127703,0.00517909285631054,0.004847001867073382,0.012302759508045118,0.006210376653496759,0.008910250894076033,23965.0
-0.4243788266296266,-0.01881297742073183,0.04999292972993217,0.01743751055352196,-0.010508410842706576,0.005190258399195017,0.004712061923173107,0.012269394176882427,0.006193519653711216,0.00890373389414853,23983.768147684605
0.5114494892004213,-0.031201615720111733,0.04192408620099758,0.02300049332072521,-0.005186882113067092,0.005185954509012446,0.004573833604053894,0.012236001705696706,0.006176629013356382,0.008897203716415692,24001.845431789738
-0.09805294632534423,-0.001804864628072839,0.013636515634372888,0.02559386279296125,0.000211090475519304,0.005166180583260318,0.004432406598223402,0.012202583034882367,0.006159704886881397,0.008890660384815455,24019.922715894867
-0.4969641716787146,0.022791525026924355,-0.019097292728428052,0.02549071563760275,0.005591620109633481,0.0051309349990145015,0.0042878716146110205,0.012169139104833788,0.006142747428735444,0.008884103923286151,24038.0
0.0839010073090628,0.0007262736896146778,-0.039604747039881164,0.02297794659949862,0.010864215378629288,0.005080216133350995,0.004140319362145928,0.012135670855945352,0.006125756793367695,0.008877534355766057,24056.768147684605
0.48849341448716393,-0.029770439874308448,-0.04296534345384978,0.018328969460192978,0.015951865835165422,0.005014022363345634,0.003989840549757433,0.012102179228611471,0.006108733135227297,0.008870951706193179,24074.845431789738
-0.4884867265317397,-0.02190264577694862,-0.029146841130855007,0.011924430157564048,0.020779400996533966,0.004932352066074327,0.0038365258863748398,0.012068665163226522,0.006091676608763436,0.008864355998505736,24092.922715894867
-0.3687478089832794,0.025139657498134616,-0.0061197024955350204,0.004587377508279244,0.025265535985108247,0.004835203618613003,0.0036804660809273927,0.012035129600184944,0.006074587368425248,0.008857747256641986,24111.0
0.4861797030571314,0.058462146002226135,0.01614493421144277,-0.0027485389512970602,0.029327457324532204,0.004722575398037539,0.0035217518423444048,0.012001573479881091,0.006057465568661924,0.008851125504540022,24129.768147684605
-0.18155531062838162,0.031516669539653035,0.029646413138829163,-0.009149669684800035,0.0328823515384494,0.004594465781423863,0.003360473879555106,0.011967997742709374,0.006040311363922612,0.008844490766138018,24147.845431789738
-0.47528163653372996,-0.0339871853668878,0.03426600799304815,-0.013682365155865163,0.03584740515050365,0.004450873145847859,0.0031967229014888336,0.011934403329064189,0.0060231249086564916,0.008837843065374109,24165.922715894867
0.29526609579340984,-0.09639547153036272,0.032075115647416136,-0.015632746612954645,0.0381399346916914,0.004291795868385489,0.003030589617074789,0.011900791179339959,0.00600590635731271,0.008831182426186603,24184.0
0.4698898590589892,-0.1014618440173572,0.02602369608514514,-0.015188561826606163,0.039700320105188966,0.004117232326112589,0.002862164735242305,0.011867162233931031,0.00598865586434046,0.008824508872513542,24202.768147684605
-0.47515016982002456,-0.018231928707998078,0.018820116669441722,-0.01284750288326014,0.04055924487260122,0.003927180896105062,0.0026915389649207083,0.01183351743323181,0.0059713735841888825,0.008817822428292984,24220.845431789738
-0.31787749442470425,0.08214326260554715,0.011327811173595315,-0.00912980525212585,0.04076988764573949,0.0037216881680014278,0.0025188030150391553,0.01179985771763675,0.005954059671307134,0.00881112311746348,24238.922715894867
0.4963875571515595,0.12339577604090723,0.0039489799734159295,-0.004555704402412848,0.04038510841640174,0.0035011193914535063,0.002344047594527019,0.011766184027540162,0.005936714280144424,0.008804410963962696,24257.0
-0.23426301749558318,0.05818982846015387,-0.002938672988769928,0.00035456419666978807,0.03945721572476996,0.003266391267728926,0.0021673634123135672,0.011732497303336498,0.005919337565149874,0.008797685991729446,24275.768147684605
-0.5085238604967881,-0.05429973781440068,-0.009055429504568618,0.005080765075912647,0.038038392301263206,0.0030185463078585073,0.0019888411773280527,0.01169879848542014,0.005901929680772677,0.008790948224701358,24293.845431789738
0.370313906415908,-0.1352671044255822,-0.014146067799069744,0.009102662766106363,0.036180820876300354,0.0027586270228731322,0.001808571598499752,0.011665088514185488,0.005884490781461967,0.008784197686816783,24311.922715894867
0.4981490972722867,-0.1372973887780354,-0.01795536609736278,0.011899973405344388,0.03393673257299754,0.002487675923803594,0.0016266453847579878,0.011631368330026929,0.005867021021666934,0.00877743440201385,24330.0
-0.48690652511339283,-0.04302136692000913,-0.02007439276540872,0.012947297883266035,0.03136347376292505,0.0022067355216808015,0.0014431532450319578,0.011597638873338879,0.005849520555836747,0.00877065839423076,24348.768147684605
-0.26482989973439747,0.07631204747125751,-0.01960084580808606,0.011828909020715896,0.028530187961880678,0.0019168483275355485,0.0012581858882509986,0.011563901084515712,0.005831989538420561,0.008763869687405751,24366.845431789738
0.4650934747168375,0.1415857905585672,-0.01601725495342353,0.008694451379684892,0.025479188526794705,0.0016190568523986885,0.0010718340233444095,0.011530155903951825,0.005814428123867529,0.008757068305476918,24384.922715894867
-0.26150519939598704,0.09952094667118608,-0.009438095670407792,0.004047603999650335,0.022244850855464498,0.0013144036073010428,0.0008841883592414302,0.011496404272041636,0.0057968364666268445,0.00875025427238248,24403.0
-0.4594236060245503,-0.007574116655816331,-0.001229770881916112,-0.0014994235164377783,0.01886155034568718,0.0010039311032735156,0.000695339604871369,0.01146264712917952,0.00577921472114764,0.00874342761206051,24421.768147684605
0.3981077715868674,-0.11202038337216669,0.006941500945838458,-0.007320455244898397,0.015363662395259997,0.0006886818513469374,0.0005053784691634426,0.011428885415759888,0.005761563041879109,0.008736588348449375,24439.845431789738
0.4765845863597559,-0.14188497359336266,0.013425661387356456,-0.012805475302763943,0.011785562401980126,0.00036969836255214343,0.0003143956610469965,0.011395120072177111,0.005743881583270396,0.008729736505487152,24457.922715894867
-0.4910833128128123,-0.05415432261391012,0.01680351294677725,-0.017426209529280114,0.008161625763644804,4.802314791995022e-05,0.00012248188945128405,0.011361352038825625,0.005726170499770674,0.008722872107111817,24476.0
-0.161437861319456,0.0716634417236774,0.016378629416385,-0.02078067822213487,0.004526227878051234,-0.00027530128151876553,-7.027213669439992e-05,0.011327582256099783,0.005708429945829117,0.00871599517726177,24494.768147684605
0.5170823141122602,0.13602276370839952,0.011790126076225113,-0.02265332395935187,0.000913744142996593,-0.0005992324147331272,-0.0002637757084608298,0.011293811664394015,0.0056906600758948826,0.008709105739875074,24512.845431789738
-0.2178810940381116,0.07502377166548957,0.0033064751425125223,-0.02287961808023841,-0.0026417814619515228,-0.0009227277406923597,-0.0004579381169186508,0.011260041204102691,0.005672861044417141,0.00870220381889005,24530.922715894867
-0.5229821552961487,-0.04313013110131638,-0.00648945614210811,-0.02129493349585585,-0.0061088113852765585,-0.001244744748365568,-0.0006526686531386418,0.011226271815620232,0.0056550330058450305,0.008695289438244836,24549.0
0.46249420148179116,-0.12535167871416125,-0.014436803778335906,-0.017729588678506974,-0.009460862514220555,-0.001564240926721926,-0.0008478766081914988,0.011192504439341033,0.005637176114627755,0.008688362621877284,24567.768147684605
0.5141291763238274,-0.12278927503646675,-0.017901103933105372,-0.012035344639711393,-0.01267506817376636,-0.001880173764730599,-0.0010434712731479362,0.011158740015659462,0.0056192905252144595,0.008681423393726132,24585.845431789738
-0.5120487568123543,-0.023367242969732468,-0.016508616343564292,-0.004311850981831323,-0.015738304419331203,-0.0021915007513607096,-0.001239361939078719,0.011124979484969964,0.005601376392054309,0.008674471777729066,24603.922715894867
-0.10908142688574458,0.07951892991927917,-0.011032492534183334,0.00468903774463731,-0.018639882988940856,-0.002497179375581447,-0.0014354578970544834,0.01109122378766686,0.005583433869596479,0.008667507797824337,24622.0
0.5198782188310245,0.11303439269617184,-0.002401006934705005,0.014058071575752486,-0.0213691156206211,-0.0027961671263619287,-0.0016316684381460546,0.011057473864144629,0.005565463112290119,0.008660531477950291,24640.768147684605
-0.234470462275831,0.04004981482433917,0.008001740968485849,0.022886000547572127,-0.023915314052397718,-0.003087421492671325,-0.0018279028534240818,0.011023730654797613,0.005547464274584403,0.008653542842045062,24658.845431789738
-0.5343787525403255,-0.06593319428602543,0.0169683514624349,0.030263574696154212,-0.026267790022296487,-0.003369899963478796,-0.0020240704339592984,0.010989995100020213,0.005529437510928504,0.008646541914046653,24676.922715894867
0.541024961885797,-0.11381059635035179,0.020835599777545448,0.03528154405755669,-0.028415855268343178,-0.003642560027753504,-0.0022200804708224554,0.010956268140206862,0.005511382975771569,0.00863952871789349,24695.0
0.3150071422121698,-0.06780595182365239,0.017107592655066384,0.03722136455587372,-0.03035310754924709,-0.0039043591744645748,-0.00241584225508424,0.010922550715751912,0.00549330082356278,0.008632503277523587,24713.768147684605
-0.5544500405220097,0.02208446349670869,0.0079240822181445,0.03615676821506513,-0.0320860605926883,-0.004154254892581201,-0.002611265077815384,0.010888843767049792,0.005475191208751287,0.008625465616875187,24731.845431789738
-0.15128202108962283,0.09552172824724485,-0.003542570545163295,0.032470003138010184,-0.03360860169197814,-0.004391204671072511,-0.0028062582300866167,0.010855148234494875,0.00545705428578627,0.008618415759886304,24749.922715894867
0.5617270152575384,0.13063667154338346,-0.014153685308284033,0.026572769975308844,-0.034910390026664774,-0.004614165998907655,-0.0030007310029686748,0.010821465058481586,0.005438890209116883,0.008611353730495402,24768.0
-0.3803434842764657,0.11752152978792609,-0.021261621487873677,0.018876769377561196,-0.03598108477629644,-0.004822096365055813,-0.0031945926875322226,0.010787795179404291,0.005420699133192286,0.008604279552640275,24786.768147684605
-0.519453849732268,0.06411947560128184,-0.024182897473503974,0.009793701995367252,-0.03681034512042133,-0.005013953258486119,-0.0033877525748480155,0.010754139537657371,0.005402481212461673,0.008597193250259386,24804.845431789738
0.4596902300623419,-0.022437419865751946,-0.022721284755537485,-0.00026851816311111807,-0.03738783023858763,-0.005188694168167733,-0.003580119955986787,0.010720499073635268,0.005384236601374183,0.008590094847290897,24822.922715894867
0.30659795719394667,-0.12485697637674907,-0.01671550362613443,-0.010867028287914235,-0.03770319931034357,-0.005345276583069809,-0.0037716041220192506,0.010686874727732354,0.005365965454378996,0.008582984367672606,24841.0
-0.27727124660562064,-0.15794773334053774,-0.006223412655397076,-0.021339827291140586,-0.03774611151523733,-0.005482657992161512,-0.003962114364016132,0.010653267440343053,0.005347667925925257,0.008575861835343085,24859.768147684605
0.045496847496033097,-0.05667755149127266,0.007715731652093362,-0.030861001925641018,-0.037506082435994445,-0.005599939481234644,-0.004151559973048143,0.01061967815186173,0.005329344170462136,0.008568727274240528,24877.845431789738
0.12908750631926014,0.09589261354985909,0.020675614052728386,-0.03848752330616531,-0.03697193225863952,-0.005696917532781995,-0.004339850240186002,0.010586107802682787,0.0053109943424388155,0.008561580708302905,24895.922715894867
-0.11932020260860975,0.16475999122992552,0.027388790476687703,-0.04325271949648286,-0.03613185353473316,-0.005774016263760288,-0.004526894456500408,0.010552557333200598,0.005292618596304447,0.008554422161468454,24914.0
0.016183172547095174,0.035233237503173795,0.02414602887401853,-0.04444944139475689,-0.03497391780642576,-0.005831780800536508,-0.004712601913062154,0.010519027683809625,0.0052742170865082046,0.008547251657675366,24932.768147684605
0.24969078640107634,-0.13820045119806712,0.013470945274238198,-0.04240134593872054,-0.03349348191387307,-0.005870756269477686,-0.004896881900941892,0.010485519794904188,0.005255789967499246,0.008540069220861764,24950.845431789738
-0.3559673093758498,-0.1612854646830609,-0.0005546322732681438,-0.03766247170847918,-0.03171504388925269,-0.005891487796950871,-0.005079643711210356,0.010452034606878734,0.005237337393726733,0.008532874874965835,24968.922715894867
0.45583528908110765,-0.042116473677538464,-0.014155446996621706,-0.030779571986132563,-0.02967038706274764,-0.005894520509323013,-0.00526079663493829,0.010418573060127636,0.005218859519639839,0.00852566864392589,24987.0
0.351557945568895,0.05746817627063844,-0.024781466188745577,-0.02230046109900297,-0.027391294764540962,-0.0058803970152619366,-0.005440252480895646,0.010385136095045319,0.00520035649968772,0.008518450551679817,25005.768147684605
-0.5706302398518693,0.1165999746274431,-0.030143455810620775,-0.012818725983860996,-0.024909550324815677,-0.0058496468342868375,-0.005617936147000958,0.010351724652026155,0.005181828488319547,0.008511220622166112,25023.845431789738
-0.20662876081892922,0.14963200455720654,-0.027843247995975217,-0.003036887404730102,-0.022256937073754843,-0.005802784894811153,-0.005793787122278481,0.010318339671464512,0.0051632756399845004,0.008503978879322608,25041.922715894867
0.5663572937992974,0.13585776369952807,-0.016765929423384552,0.0065339691746268466,-0.019465238341541482,-0.0057403231068967435,-0.00596774791410415,0.01028498209375485,0.005144698109131724,0.008496725347087878,25060.0
-0.2650590764995727,0.0610055885792837,-0.00034775495494580747,0.015440999222651691,-0.016566237458358602,-0.0056627733806054485,-0.006139761029853838,0.010251652859291527,0.005126096050210382,0.00848946004939957,25078.768147684605
-0.5080202687964275,-0.0488243673636837,0.01638060021078161,0.023231358207786355,-0.013591717754389249,-0.005570647625999092,-0.006309768976903452,0.010218352908468935,0.005107469617669649,0.008482183010196293,25096.845431789738
0.485536553855067,-0.14211253444378,0.028262810602269327,0.029452201598472706,-0.010573462559816477,-0.005464457753139496,-0.006477714262628918,0.010185083181681506,0.005088818965958675,0.008474894253416212,25114.922715894867
0.34533697760035637,-0.13426123760207972,0.031449696175540054,0.033650684863152654,-0.007543255204823284,-0.005344715672088512,-0.006643539394406117,0.010151844619323573,0.005070144249526673,0.008467593802997084,25133.0
-0.4709082145141619,-0.04358158039080444,0.027197223238101333,0.03549739882898673,-0.004532879019592726,-0.005211933292907976,-0.006807186879610947,0.010118638161789602,0.005051445622822743,0.008460281682877595,25151.768147684605
-0.22954242038490522,0.07628236915307815,0.01753015680272479,0.03520041534516998,-0.0015732516340554153,-0.005066622525659696,-0.006968599225619315,0.01008546474947393,0.005032723240296092,0.008452957916995539,25169.845431789738
0.4735305332455643,0.13944797183875407,0.004171405373814065,0.03326506843594513,0.0013093036551783935,-0.004909295280405542,-0.007127718939807132,0.010052325322771007,0.005013977256395858,0.008445622529289156,25187.922715894867
-0.3457019407315563,0.08375772494218885,-0.010775103932183517,0.03023384747989178,0.00409591348457383,-0.0047404634672073365,-0.007284488529550282,0.010019220822075186,0.004995207825571238,0.008438275543696907,25206.0
-0.4773795034025955,-0.03650329588095073,-0.02350294840099656,0.026639877908957416,0.006777068437228254,-0.004560638996126892,-0.007438850502224696,0.009986152187780869,0.00497641510227139,0.008430916984156808,25224.768147684605
0.4816349089708059,-0.1338943636991396,-0.02978008141889743,0.023014227051508927,0.00934531719981948,-0.004370333777226079,-0.007590747365206265,0.0099531203602825,0.004957599240945437,0.008423546874606804,25242.845431789738
0.28618803603929505,-0.1273914175115912,-0.026691559085180935,0.019783054967386127,0.011793208459025286,-0.004170059720566706,-0.00774012162587088,0.009920126279974411,0.004938760396042605,0.008416165238985172,25260.922715894867
-0.4965940452546987,-0.043361693683102144,-0.016590848351230404,0.016952892642319507,0.014113290901523447,-0.0039603255108264,-0.007886919016978668,0.009887170887251027,0.004919898722012025,0.008408772101230224,25279.0
-0.15197685583533577,0.06073817926966537,-0.0031485188814515254,0.014425363793512285,0.016298113213991754,-0.0037416269311459213,-0.008031098172826589,0.00985425512250674,0.004901014373302865,0.008401367485280035,25297.768147684605
0.5089873013686851,0.11435935483459314,0.009964859659750157,0.012102092138167705,0.01834022408310801,-0.0035144565392817915,-0.008172620953095889,0.009821379926135956,0.004882107504364293,0.00839395141507297,25315.845431789738
-0.3199311665904016,0.0677261122678389,0.019571881858756898,0.009884701393489024,0.020232172195549937,-0.003279306892990534,-0.008311449217467761,0.009788546238533065,0.004863178269645476,0.008386523914546733,25333.922715894867
-0.5080890358793008,-0.026160742958653064,0.02446779930510242,0.007674815276679419,0.021966506237995377,-0.0030366705500287014,-0.008447544825623404,0.00975575500009248,0.004844226823595569,0.008379085007639918,25352.0
0.5037225989375055,-0.09157225122594448,0.02391359934739085,0.005401485996659722,0.023535774897122115,-0.002787040068152818,-0.008580869637244002,0.009723007151208564,0.004825253320663749,0.008371634718290577,25370.768147684605
0.08068613988020727,-0.08021690227635639,0.017669641675109034,0.0031038461980502246,0.024932526859607933,-0.0025309080051194232,-0.00871138551201077,0.009690303632275715,0.004806257915299185,0.008364173070436848,25388.845431789738
-0.496581565678677,-0.023448442310864254,0.007905202717037556,0.000849922892506739,0.026149310812130577,-0.002268766918685069,-0.008839054309604924,0.009657645383688391,0.0047872407619510265,0.008356700088016904,25406.922715894867
-0.10799602561848551,0.03261728494482899,-0.002601354790290115,-0.0012918904394856948,0.027178675441367865,-0.0020011093666062597,-0.008963837889707622,0.00962503334584089,0.004768202015068447,0.008349215794969007,25425.0
0.4995030193560488,0.05917266859041617,-0.011071668110340568,-0.003253200317441846,0.028013169433997585,-0.0017284279066395298,-0.009085698112000133,0.009592468459127675,0.0047491418291006225,0.00834172021523119,25443.768147684605
-0.43723937565490506,0.041625472307372804,-0.01535604489326515,-0.004965613260876541,0.028645341476697495,-0.0014512150965414312,-0.009204596836163623,0.009559951663943128,0.0047300603584967,0.008334213372741737,25461.845431789738
-0.5070560061508111,0.0026974919235465593,-0.0158207747662234,-0.006359435359035436,0.029067740256145405,-0.001169963494068494,-0.009320495921879283,0.009527483900681656,0.004710957757705842,0.00832669529143875,25479.922715894867
0.5078775749766709,-0.02803054895433588,-0.01345946878992896,-0.0073663216542948955,0.029272914459019108,-0.000885165656977245,-0.009433357228828336,0.009495066109737623,0.004691834181177237,0.008319165995260435,25498.0
0.16656767789997534,-0.03504078978364007,-0.009240835758534663,-0.007942829455592,0.02925340901885757,-0.0005973103898854317,-0.009543142616691988,0.009462699231505455,0.0046726897833600355,0.008311625508145026,25516.768147684605
-0.4993124955314948,-0.02253315468865612,-0.0041101408020284575,-0.008052066746071417,0.02900178261951966,-0.00030690024773065514,-0.009649813945151419,0.009430384206379533,0.004653524718703402,0.008304073854030616,25534.845431789738
-0.041215367451164796,-6.9015770681472e-05,0.0010549229094314497,-0.007662987644834126,0.028516551379181652,-1.4549083811554104e-05,-0.009753333073887852,0.009398121974754255,0.004634339141656507,0.008296511056855273,25552.922715894867
0.4830817659440487,0.01893873594252738,0.005393555195644245,-0.006769105722281343,0.027820819630194938,0.00027910048569823153,-0.009853661862582484,0.009365913477024033,0.004615133206668506,0.008288937140557385,25571.0
-0.4445982979741806,0.024431115854619923,0.008044955876409084,-0.005374480314669226,0.02694823747076599,0.0005734058446250525,-0.009950762170916509,0.00933375965358324,0.004595907068188573,0.00828135212907493,25589.768147684605
-0.4710568568911277,0.01605382971426991,0.008364725631706994,-0.003486341813988303,0.025933629906575925,0.0008677243767953015,-0.010044595858571148,0.009301661444826293,0.00457666088066587,0.00827375604634621,25607.845431789738
0.47033211292322186,-0.0012713569928210237,0.006635459897395026,-0.0011812965204163225,0.024811821943305775,0.001161413466035357,-0.010135124785227613,0.00926961979114759,0.004557394798549553,0.00826614891630928,25625.922715894867
0.09894104511046108,-0.01584749340445685,0.0035930344644740883,0.0012251736226472213,0.0236176385866367,0.001453830496171549,-0.010222310810567048,0.009237635632941485,0.004538108976288814,0.008258530762902528,25644.0
-0.48025686760032377,-0.02518638774593383,-2.6623436078295017e-08,0.0033909384191840443,0.022385904842249782,0.0017443328510302954,-0.010306115794270725,0.009205709910602428,0.004518803568332787,0.008250901610063968,25662.768147684605
0.06957450823165692,-0.028943788954248623,-0.003389885088348228,0.004982553438808397,0.021151445715826098,0.002032277914437936,-0.010386501596019804,0.009173843564524784,0.0044994787291306616,0.008243261481731675,25680.845431789738
0.49603945754472767,-0.021857149937812476,-0.005848150178400851,0.005667603209616913,0.019948057254564396,0.0023170230702208414,-0.010463430075495491,0.009142037535102947,0.004480134613131589,0.008235610401844019,25698.922715894867
-0.5027837867577777,0.0007099185344615018,-0.006748221246235283,0.005124377060198261,0.01879883070517134,0.0025979257022053746,-0.010536863092379013,0.009110292762731348,0.004460771374784733,0.008227948394339,25717.0
-0.5009273400313721,0.029326601478630452,-0.005624445220743455,0.0031940491939992355,0.017699472489620453,0.0028743431942179327,-0.01060676250635155,0.00907861018780434,0.004441389168539266,0.00822027548315498,25735.768147684605
0.5077791317635753,0.04316263451560893,-0.0025596968475162926,0.0002729105977280408,0.016639100063322778,0.003145632930084869,-0.010673090177094306,0.009046990750716332,0.004421988148844349,0.008212591692230022,25753.845431789738
0.018926061330638316,0.02202779413586831,0.00196838023024838,-0.003069118377802196,0.015606830881689153,0.00341115229363256,-0.0107358079642885,0.00901543539186174,0.004402568470149146,0.008204897045502202,25771.922715894867
-0.5143092661681449,-0.019597437494570283,0.006542981222404928,-0.0062075143688396965,0.014591782400130567,0.0036702586686873716,-0.010794877727615336,0.00898394505163495,0.0043831302869028295,0.008197191566909939,25790.0
0.14100645755274352,-0.059738461799670066,0.009533386537661418,-0.008524978743988566,0.01358307207405794,0.003922309439075661,-0.010850261326755994,0.008952520670430356,0.004363673753554554,0.00818947528039109,25808.768147684605
0.5260070001934622,-0.062292217713421145,0.009497580539280008,-0.00958383873101512,0.012569817358882192,0.004166661988623803,-0.010901920621391689,0.008921163188642344,0.004344199024553499,0.008181748209884147,25826.845431789738
-0.5291171572629503,-0.0054733792758553095,0.005876836776356138,-0.009387038900514394,0.01154148569016702,0.00440267370115819,-0.010949817471203632,0.008889873546665327,0.004324706254348814,0.008174010379326848,25844.922715894867
-0.33311383693669033,0.06017276671448555,-0.00010733321069463781,-0.008083524128691356,0.010489222679517633,0.0046297019605051675,-0.010993913735873013,0.008858652684893688,0.004305195597389679,0.008166261812657932,25863.0
0.5085029810074818,0.07585538206202422,-0.006816290790724131,-0.005834119942768687,0.009405636940414387,0.004847104150491112,-0.011034171275081035,0.00882750154372183,0.004285667208125252,0.00815850253381512,25881.768147684605
-0.01241268220657652,0.011880221893554012,-0.012605492043565066,-0.0027999301253996372,0.00828361534176823,0.005054237654942387,-0.011070551948508898,0.008796421063544141,0.004266121241004687,0.008150732566736908,25899.845431789738
-0.43633285579899733,-0.0661045293762239,-0.015805225115859745,0.0008563947636487058,0.007116044752490105,0.005250459857685392,-0.011103017615837842,0.008765412184755053,0.004246557850477159,0.008142951935361213,25917.922715894867
0.2821364006919853,-0.08511756230351875,-0.014696918090803845,0.004929249390181879,0.005895812041490964,0.005435128142546452,-0.011131530136749015,0.008734475847748918,0.004226977190991831,0.0081351606636263,25936.0
0.34023213515461026,-0.04253634865038135,-0.00824470783123075,0.009064410979002577,0.004615804077681729,0.00560759989335196,-0.011156051370923629,0.008703612992920119,0.0042073794169978865,0.008127358775470338,25954.768147684605
-0.07463050947925676,0.03719934966008015,0.0012987315834366287,0.01287088908894115,0.003268907729973359,0.0057672324939282765,-0.011176543178042923,0.00867282456066311,0.004187764682944472,0.008119546294831519,25972.845431789738
-0.28555746172931273,0.08847716837695799,0.010849399853134703,0.01595769327882805,0.001848009867276774,0.005913383328101803,-0.01119296741778807,0.008642111491372253,0.004168133143280739,0.008111723245647968,25990.922715894867
-0.14024040962964063,0.057683186470168124,0.01782961297136197,0.017933833107493594,0.000345997358502958,0.00604540977969887,-0.01120528594984028,0.008611474725441937,0.00414848495245589,0.008103889651857939,26009.0
0.320171067433737,-0.01308389091268299,0.021686952105864275,0.01840749489841817,-0.0012434196920870872,0.0061626692325458645,-0.011213460633880781,0.008580915203266608,0.004128820264919061,0.008096045537399496,26027.768147684605
-0.09770303645072367,-0.06663024839202521,0.022356839157449838,0.016995565428485997,-0.0029167560731367466,0.006264519070469148,-0.011217453128277826,0.008550433663927695,0.00410913923511943,0.008088190926210844,26045.845431789738
-0.4239454354441554,-0.08654936233870303,0.0195425230174864,0.013520352585890965,-0.004643774675158537,0.006350316677295106,-0.011217224110661745,0.008520029865768717,0.004089442017506151,0.008080325842230174,26063.922715894867
0.4762375917711672,-0.0733223045974792,0.01266485394213659,0.008449240723400713,-0.006387756222969736,0.0064194194368500926,-0.011212733355403823,0.008489702663874178,0.0040697287665284,0.008072450309395686,26082.0
0.4522082567336032,-0.04829253335893012,0.0026773075452947814,0.0024078849612251953,-0.008111981441387608,0.006471184732960475,-0.01120394046138892,0.008459450737842112,0.004049999636635324,0.00806456435164551,26100.768147684605
-0.5348121425524504,-0.006631777854403096,-0.008240455984407013,-0.0039780595804256025,-0.009779731055229458,0.006504982976910658,-0.011190818054959861,0.008429272767270516,0.004030254782276117,0.00805666799291792,26118.845431789738
-0.1007149674173238,0.05261763587456285,-0.017694520313418276,-0.010082937781341708,-0.011354285789312555,0.006520236689817079,-0.011173390872291572,0.008399167431757443,0.004010494357899924,0.008048761257150927,26136.922715894867
0.5219261017490494,0.08355670084602848,-0.02329096910818849,-0.01528109452131315,-0.01279892636845418,0.006516381420254206,-0.01115169667701695,0.008369133410900877,0.0039907185179559185,0.008040844168282721,26155.0
-0.0721739440426166,0.0486298737554593,-0.023370386874469014,-0.01896250891887312,-0.01407693351747164,0.006492854005722365,-0.011125774521694784,0.008339169384298857,0.003970927416893263,0.008032916750251638,26173.768147684605
-0.47610058808930966,-0.025028374081805527,-0.019068367041192844,-0.02072269148155349,-0.015151587961182166,0.006449096439425189,-0.011095668614587188,0.008309274031549397,0.0039511212091611235,0.008024979026995562,26191.845431789738
0.4602627225941628,-0.08484947255455802,-0.011683026140491269,-0.020744764691732837,-0.015986170424403093,0.006384552003492235,-0.011061424452882159,0.008279446032250547,0.003931300049208655,0.008017031022453132,26209.922715894867
0.3530099062644827,-0.06649443405820753,-0.002478269035340067,-0.01934678587801433,-0.016552021219752976,0.006298663980052967,-0.01102308753376759,0.008249684066000264,0.003911464091485041,0.008009072760561986,26228.0
-0.4589133892221565,0.0017651304718018022,0.006846868351803464,-0.016814574017795937,-0.016852719011055603,0.006190875651236936,-0.010980703354431557,0.008219986812396652,0.003891613490439428,0.008001104265260621,26246.768147684605
-0.1652798715388209,0.06819474839416136,0.01448456733361163,-0.013425888500674332,-0.016899902049936057,0.006060630299173628,-0.010934317412061929,0.008190352951037653,0.0038717484005209944,0.007993125560487094,26264.845431789738
0.48128204027615956,0.08828865843282395,0.01862700922275675,-0.009458488716246183,-0.016705468313879254,0.0059076309318523935,-0.01088397520384675,0.00816078116152134,0.003851868976178899,0.007985136670179532,26282.922715894867
-0.1537417930678307,0.03258486616745079,0.018041563442226013,-0.00515536876784985,-0.016282354683809484,0.005732619460701945,-0.010829722226973936,0.008131270123445706,0.0038319753718623097,0.007977137618276358,26301.0
-0.5027605816652699,-0.04745936560471865,0.013819955184268885,-0.0006440649417933261,-0.015643757766510818,0.005536597523010785,-0.010771603868622377,0.008101818406399678,0.0038120677420203928,0.00796912842871548,26319.768147684605
0.5082130431486819,-0.0883713062423437,0.007741447658235621,0.003870301855087804,-0.014802874168767388,0.005320566756067469,-0.010709665075934622,0.008072424139935854,0.0037921462411023257,0.007961109125435174,26337.845431789738
0.33532282193306645,-0.05782485209889869,0.0014909088811931254,0.008087261008856882,-0.013772900497363277,0.005085528797160507,-0.010643950686044061,0.008043085343597708,0.003772211023557236,0.007953079732373568,26355.922715894867
-0.5069913782063866,0.010099953522994587,-0.003987836132554704,0.011688405310802721,-0.012567033359082594,0.00483248528357844,-0.01057450553608415,0.008013800036928708,0.00375226224383432,0.007945040273468939,26374.0
-0.18318602725667626,0.06933114931282433,-0.00794070726808835,0.014355327552214118,-0.011198469360709453,0.0045624378526098,-0.010501374463188327,0.00798456623947237,0.0037323000563827327,0.007936990772659287,26392.768147684605
0.4940280476108137,0.0826751311444618,-0.0096383397592782,0.015794335873169772,-0.00968040510902795,0.004276388141543118,-0.010424602304489992,0.007955381970772129,0.00371232461565165,0.007928931253882977,26410.845431789738
-0.2203293282785047,0.03134408625156709,-0.008746502394128528,0.01587642811130409,-0.008026037210822169,0.003975337787666904,-0.01034423389712259,0.007926245250371505,0.003692336076090218,0.007920861741077865,26428.922715894867
-0.4774719771277294,-0.039928375177383985,-0.006140767945331311,0.014763463455847952,-0.006251395066097697,0.003660288428269704,-0.010260314078219566,0.007897154097813965,0.0036723345921476263,0.007912782258182463,26447.0
0.47139098017385134,-0.07495590041114306,-0.002992981344552863,0.012695512268172024,-0.004384890944603695,0.0033322417006400656,-0.010172887684914332,0.007868106532643004,0.003652320318273017,0.007904692829135014,26465.768147684605
0.25238010676332817,-0.0441228098493599,-0.00030199841894406763,0.009919684490299658,-0.0024619766967419114,0.0029921992420664863,-0.010081999554340321,0.007839100574402106,0.003632293408915556,0.007896593477873238,26483.845431789738
-0.46789340974424776,0.015385995212299015,0.0016252814224063607,0.006684141761111959,-0.0005191558697719334,0.002641162689837526,-0.009987694523630977,0.007810134242634728,0.003612254018524429,0.007888484228335558,26501.922715894867
-0.1485456817416425,0.05817892438146542,0.0026308804905745965,0.003261113103840659,0.0014070679890466925,0.002280133681241685,-0.009890017429919715,0.007781205556884385,0.0035922023015487873,0.007880365104460317,26520.0
0.4733271065758055,0.06272145906834009,0.002478090797136334,1.5578412179910038e-06,0.003280191332454405,0.0019101138535675124,-0.00978901311033997,0.007752312536694531,0.003572138412437799,0.00787223613018545,26538.768147684605
-0.2518517164611542,0.02248383246237208,0.0011691358061861573,-0.0028487604618721656,0.00506371061319163,0.0015321048441035421,-0.009684726402025182,0.0077234532016086785,0.003552062505640625,0.007864097329449166,26556.845431789738
-0.4792910254913961,-0.029640462056054407,-0.0005048542392317795,-0.005298042240813239,0.006721122283998816,0.0011471082901382953,-0.009577202142108776,0.007694625571170296,0.003531974735606429,0.007855948726189714,26574.922715894867
0.47987229980025525,-0.05355666175526906,-0.0015599072108113958,-0.007413594121580033,0.008215922797616406,0.0007561258289603014,-0.009466485167724173,0.007665827664922858,0.0035118752567843935,0.007847790344345114,26593.0
0.16263558890919827,-0.039649790804518775,-0.0012961520086605845,-0.009203043981044002,0.009511608606784815,0.0003601590978580963,-0.00935262031600481,0.00763705750240986,0.003491764223623652,0.00783962220785377,26611.768147684605
-0.47600287471959457,-0.004658138205381762,-0.00011826661719296726,-0.010467159729013523,0.0105716761642445,-3.9790265879791454e-05,-0.009235652424084122,0.007608313103174778,0.0034716417905734072,0.007831444340653606,26629.845431789738
-0.039986322901094044,0.026963944579821732,0.0014123900681645804,-0.011074450643594318,0.011359621922735902,-0.0004427206249648411,-0.009115626329095542,0.007579592486761115,0.0034515081120827904,0.007823256766683028,26647.922715894867
0.4696827061123567,0.044484412526137634,0.0027663141813352465,-0.010934544035059888,0.011848205337817117,-0.000847630342108509,-0.008992586868172486,0.007550893672712318,0.0034313633426009955,0.00781505950988,26666.0
-0.31967466444622034,0.040291445005913744,0.003467236142094231,-0.0099992393934667,0.01204724496904808,-0.0012535248727533618,-0.008866578878448415,0.007522214680571905,0.003411207636577161,0.007806852594182908,26684.768147684605
-0.4642227828372779,0.018600236415609622,0.003275533136320648,-0.008273789508433884,0.01197581357825246,-0.0016594008717880652,-0.008737647197056716,0.007493553529883327,0.00339104114846047,0.007798636043529769,26702.845431789738
0.46252682403303846,-0.01139095431996247,0.0021069308594986362,-0.005870681561845859,0.011652842334071703,-0.0020641134009190772,-0.008605836661130852,0.007464908240190099,0.0033708640327000826,0.007790409881858601,26720.922715894867
0.10325274544596184,-0.03723298446336708,-5.4167419891464295e-05,-0.0029710803085832853,0.011097225233669017,-0.002466480350374522,-0.008471192107804242,0.007436276831035681,0.0033506764437451634,0.0077821741331079945,26739.0
-0.46252030322753335,-0.04710883736691068,-0.0031526226267078166,0.00017311368981175516,0.010327856274207507,-0.0028653196103825503,-0.008333758374210304,0.007407657321963554,0.003330478536044879,0.0077739288212159115,26757.768147684605
-0.007581146448942132,-0.031149847082836496,-0.0068865401349782925,0.003294134853374062,0.00936362945285036,-0.0032594490711712752,-0.008193580297482517,0.007379047732517246,0.0033102704640483854,0.007765673970120305,26775.845431789738
0.4655056408626462,0.00481584066457457,-0.01003046318910165,0.006124217602138454,0.008223438766760696,-0.003647686622968853,-0.00805070271475425,0.007350446082240175,0.003290052382204869,0.007757409603759609,26793.922715894867
-0.3956615928693222,0.04802526627610068,-0.011128044501069455,0.008395596356139753,0.006926178213101696,-0.004028850156003393,-0.007905170463158974,0.007321850390675854,0.0032698244449634747,0.007749135746072033,26812.0
-0.46542855832771657,0.06780102925883623,-0.008774951390105793,0.009890977225210084,0.005492284706471747,-0.0044017575605030555,-0.007757028379830102,0.007293258677367768,0.00324958680677338,0.007740852420995606,26830.768147684605
0.46362768832421714,0.03560352686239655,-0.0023973618665106148,0.010594953078371024,0.0039483668312101546,-0.0047652267266959656,-0.007606321301901073,0.00726466896185941,0.0032293396220837334,0.007732559652468381,26848.845431789738
0.12019122904993533,-0.039039172741721084,0.0060367224036015,0.010541445575797682,0.0023237189877352207,-0.005118075544810253,-0.007453094066505311,0.007236079263694239,0.0032090830453437216,0.00772425746442882,26866.922715894867
-0.4647244722814182,-0.10301993102556542,0.013936847491970465,0.009759804783090187,0.0006522071710402622,-0.005459121905074067,-0.0072973915107762514,0.007207487602415756,0.0031888172310024993,0.00771594588081494,26885.0
0.15996279514455142,-0.10458257065694541,0.01875327372084818,0.00827823786720488,-0.0010311597252376692,-0.005787183697715523,-0.0071392584718473285,0.007178891997567448,0.0031685423335092197,0.007707624925564962,26903.768147684605
0.4754012788961378,-0.033146936007065704,0.01876024772890475,0.006132950628175633,-0.002691372807461493,-0.006101078812962773,-0.006978739786851967,0.007150290468692778,0.0031482585073130784,0.007699294622617107,26921.845431789738
-0.47322199964452516,0.08394412869872926,0.014887434396259903,0.0034219566648901033,-0.004293423181994162,-0.006399625141043936,-0.006815880292923588,0.007121681035335236,0.003127965906863205,0.007690954995909299,26939.922715894867
-0.45522225882140177,0.13678289101373883,0.00860637485122809,0.00037052127548903497,-0.005802301955198603,-0.006681640572187167,-0.00665072482719564,0.007093061717038315,0.003107664686608793,0.007682606069379909,26958.0
0.4108381274843646,0.07480047443450287,0.0012520965495235303,-0.0027662769753429408,-0.0071830002334377545,-0.0069459429966205735,-0.006483318226801544,0.007064430533345477,0.00308735500099899,0.007674247866967211,26976.768147684605
0.1835245109565868,-0.08805692148317194,-0.006267174677364929,-0.005733359522921166,-0.008400509123074553,-0.007191350304572312,-0.006313705328874742,0.007035785503800238,0.003067037004482972,0.007665880412609122,26994.845431789738
-0.25797330862847057,-0.15765784486987292,-0.013149913404004728,-0.008275647802560997,-0.009419819730471943,-0.007416680386270516,-0.006141930970548642,0.007007124647946058,0.0030467108515098915,0.007657503730243891,27012.922715894867
0.1778676890393586,0.00844191050104682,-0.018913569096099994,-0.010138063249577813,-0.010205923161992848,-0.0076207511319433055,-0.005968039988956702,0.006978445985326419,0.0030263766965289325,0.0076491178438098575,27031.0
-0.1320065369627671,0.1577595116537876,-0.024351490783901256,-0.011065527299286946,-0.01072381052400022,-0.007802380431818828,-0.0057920772212323186,0.00694974753548481,0.003006034693989237,0.007640722777245033,27049.768147684605
0.00036595466320310884,0.03274918938395601,-0.0293310734899569,-0.010794871034669019,-0.01094656327519171,-0.00796038617612522,-0.005614087504508954,0.006921027317964713,0.002985684998339995,0.007632318554487631,27067.845431789738
0.20112970044830472,-0.14410413634118027,-0.028618517412871882,-0.009150273094056565,-0.010881311493160293,-0.008093669309431404,-0.0054341156759200385,0.006892283352309623,0.0029653277640303566,0.007623905199475808,27085.922715894867
-0.29758122676241827,-0.09513215248884146,-0.017461035216423074,-0.0064266576222105475,-0.010549903662822584,-0.008201577124752115,-0.005252213224752868,0.006863513658062983,0.0029449631455094917,0.007615482736147628,27104.0
0.4002506049567586,0.0779555280065253,0.00016820655075076583,-0.003038657728582768,-0.009975392345705499,-0.008283996493773375,-0.005068458248910437,0.00683471625476834,0.0029245912972265475,0.007607051188441613,27122.768147684605
0.04834670513473475,0.1059340728856586,0.018084183061648273,0.0005990934773749776,-0.009180709320099397,-0.008340928419263819,-0.004882935498449574,0.0068058891619691185,0.002904212373630727,0.007598610580295559,27140.845431789738
-0.5331429217624076,0.02661045456430157,0.0306425698770808,0.004071962886210906,-0.008188786364294652,-0.00837237390399211,-0.004695729723427127,0.006777030399208841,0.002883826529171153,0.007590160935647925,27158.922715894867
0.063426566697538,-0.04903099405917837,0.03436184410911015,0.006965317388473222,-0.007022555256581631,-0.008378335481788079,-0.0045069241428387485,0.006748137986030969,0.002863433918297019,0.007581702278436544,27177.0
0.5430024983999509,-0.06686962592739529,0.02622813016510494,0.008937576967215912,-0.0057049477752507075,-0.00835882448185484,-0.004316593180306821,0.006719209941978991,0.002843034695457484,0.007573234632599914,27195.768147684605
-0.3161776326284783,-0.010482894231939358,0.005627274190068748,0.00993937397551614,-0.004258895698592241,-0.00831386444897061,-0.004124799043878632,0.006690244286596391,0.0028226290151017043,0.0075647580220759795,27213.845431789738
-0.4898707861097292,0.05038246515364403,-0.01736019433286865,0.00999439385895682,-0.002707330804896615,-0.008243481599042046,-0.003931601270472994,0.006661239039426632,0.002802217031678862,0.0075562724708031275,27231.922715894867
0.4670644489342851,0.04284191833208597,-0.032126318596923574,0.00912641800155562,-0.0010732808108889467,-0.00814770214797582,-0.0037370593970087553,0.006632192220013234,0.0027817988996381143,0.0075477780027191155,27250.0
0.1283540647709932,-0.006475122747208744,-0.036721168931328915,0.0073596115410692895,0.0006198428129666141,-0.0080265523116786,-0.003541232960404729,0.00660310184789966,0.002761374773428608,0.007539274641762776,27268.768147684605
-0.44673440813355636,-0.043919277549446176,-0.03141177837764942,0.004773022530398082,0.0023462016093902054,-0.007880058306057062,-0.003344181497579745,0.0065739659426294035,0.002740944807499529,0.007530762411871829,27286.845431789738
0.16663808520379322,-0.028938608776651605,-0.01739408497105684,0.0016648469292774937,0.004070632927578103,-0.007708246347017897,-0.003145964545452596,0.006544782523745926,0.0027205091563000483,0.007522241336984386,27304.922715894867
0.4398008718977614,0.015557873858772407,0.0012071922037671379,-0.0016119323258481759,0.00575564306834563,-0.007511142650467751,-0.0029466416409421364,0.006515549610792738,0.002700067974279307,0.007513711441038778,27323.0
-0.3711946301024761,0.05317315109026393,0.019548252781845268,-0.004704332298534609,0.007363738332508087,-0.007288773432313279,-0.0027462723209671974,0.0064862652233133,0.002679621415886488,0.007505172747973337,27341.768147684605
-0.43614555371096486,0.05530675451448107,0.03278529639820026,-0.007259370052337472,0.008857425020880797,-0.007041164908461197,-0.002544916122446557,0.006456927380851096,0.002659169635570763,0.007496625281725877,27359.845431789738
0.4391394117086597,0.010547128910326357,0.03729116595519823,-0.00892787298500951,0.010203019768476103,-0.006768343294818141,-0.0023426325822990843,0.006427534102949615,0.0026387127877812787,0.007488069066234895,27377.922715894867
0.019042209470840493,-0.04133948669074584,0.034390141422986006,-0.009460773829499187,0.011382080547094392,-0.006470334807290809,-0.0021394812374435756,0.006398083409152363,0.002618251026967196,0.007479504125438332,27396.0
-0.4562977957240636,-0.0654509179105421,0.026962602032684784,-0.008954962617791318,0.012382666633941497,-0.006147165661785849,-0.00193552162479886,0.006368573319002775,0.002597784507577711,0.007470930483274514,27414.768147684605
0.10972247466573669,-0.04092478306184833,0.017618869863371536,-0.007602957265112183,0.013203601191057035,-0.0057988620742099395,-0.0017308132812837804,0.006339001852044381,0.002577313384061956,0.007462348163681463,27432.845431789738
0.4717515929243493,0.008351490402041514,0.007549582392316183,-0.0055999666578965485,0.013846398351689064,-0.005425450260469775,-0.0015254157438171175,0.006309367027820637,0.0025568378108691133,0.007453757190597515,27450.922715894867
-0.47262270503683484,0.049908232550996204,-0.0024095440536630918,-0.0031411996825791563,0.014312572249085645,-0.00502695643647198,-0.001319388549317728,0.006279666865875019,0.002536357942448349,0.007445157587960708,27469.0
-0.34545796448830884,0.07175005463677483,-0.011422793147748262,-0.0004218652255947204,0.01460363701649483,-0.00460340681812327,-0.0011127912347044385,0.00624989938575105,0.0025158739332488216,0.007436549379709224,27487.768147684605
0.46469148695223483,0.0717556282794029,-0.018666726584192394,0.0023628278266220326,0.014721106787164649,-0.004154827621330291,-0.0009056833368960484,0.0062200626069921685,0.0024953859377196963,0.007427932589781339,27505.845431789738
-0.10042724126404914,0.04752066065181652,-0.02358337867900295,0.00501767058763636,0.014666692621211804,-0.0036814419888683693,-0.000698124392811398,0.006190154549141887,0.0024748941103101404,0.007419307242115109,27523.922715894867
-0.46360868465500454,0.004064224066892889,-0.026516060934182715,0.007371011186060985,0.01444299573088677,-0.00318436321564656,-0.0004901739393693029,0.006160173231743671,0.0024543986054693214,0.007410673360648736,27542.0
0.27467975604456335,-0.04810938340805329,-0.02814139424998992,0.00936814661129497,0.014053255310583228,-0.0026653425787172315,-0.0002818915134885896,0.006130116674341007,0.0024338995776463945,0.007402030969320569,27560.768147684605
0.4764792499813465,-0.07356143358721247,-0.029248646845634788,0.011067021171689237,0.01350093810590609,-0.0021263589063438546,-7.333665208807794e-05,0.006099982896477387,0.0024133971812905423,0.007393380092068441,27578.845431789738
-0.48362629107053356,-0.042243144280841013,-0.030375940369311686,0.012538635973224053,0.01278956372532401,-0.0015694438896537092,0.00013543110791340985,0.006069769917696279,0.0023928915708509193,0.007384720752830704,27596.922715894867
-0.23737277386794658,0.02682527175720831,-0.030983063735343805,0.013832472862588858,0.011922739400764866,-0.0009967168432333288,0.00034435222959704474,0.006039475757541189,0.0023723829007766847,0.00737605297554578,27615.0
0.48973645205231675,0.07581084118436439,-0.030203093933212435,0.014935505130276248,0.010904099064604716,-0.00041032378211735534,0.0005533671760440092,0.006009098435555569,0.002351871325517013,0.007367376784151429,27633.768147684605
-0.16326302722049088,0.05788138799159887,-0.027282127192775434,0.015740992347561735,0.009737277927775173,0.00018758800010395816,0.000762416410335481,0.005978635971282934,0.002331356999521061,0.007358692202585926,27651.845431789738
-0.4866638118371379,-0.004025145751711174,-0.022272202333617524,0.016118019065579817,0.008429096972701045,0.0007948712098403913,0.0009714403955526219,0.005948086384266757,0.0023108400772380105,0.007349999254787474,27669.922715894867
0.3155898735436407,-0.06806346050863626,-0.015432091134917059,0.015924179618039918,0.006997867399232231,0.0014093785535017052,0.0011803795947766306,0.005917447694050494,0.0022903207131170084,0.007341297964694462,27688.0
0.48718411544577145,-0.08367656792490531,-0.0070205653758524675,0.015018894041349417,0.005460074704520611,0.0020289627374976654,0.0013891744710886847,0.005886717920177654,0.0022697990616072357,0.007332588356244757,27706.768147684605
-0.4922845978972214,-0.022780015846045557,0.0024687376545984457,0.01326283524046337,0.0038309515171704345,0.002651476468238054,0.0015977654875699277,0.005855895082191734,0.0022492752771578416,0.007323870453376746,27724.845431789738
-0.3512960016119003,0.058103333281700156,0.011602718628259763,0.010516676120337012,0.0021257304657858076,0.003274772452132641,0.001806093107301565,0.005824977199636194,0.0022287495142179928,0.0073151442800283755,27742.922715894867
0.5065571425236554,0.09295850917340615,0.018713412707156225,0.006641089585925421,0.0003596441789709192,0.0038967033955911593,0.002014097793364791,0.005793962292054511,0.002208221927236865,0.00730640986013792,27761.0
-0.14402995550344197,0.04249096881759535,0.02242978078757631,0.0015104237692786496,-0.0014520747146700517,0.004515122005023433,0.002221720008840732,0.00576284837899019,0.0021876926706636186,0.007297667217643692,27779.768147684605
-0.508649492742419,-0.04492682760630691,0.02245626776695335,-0.004834053353262657,-0.0032941935865329315,0.005127880986839175,0.0024289002168106054,0.005731633479986689,0.002167161898947422,0.00728891637648371,27797.845431789738
0.41142150416793993,-0.10324419129067318,0.018301475276940586,-0.011844629578219046,-0.005151479808013549,0.005732833047448167,0.002635578880355566,0.005700315614587523,0.0021466297665374344,0.007280157360596212,27815.922715894867
0.4887318647972682,-0.09705460063146809,0.009761023982850663,-0.018685800740598717,-0.007008700750507778,0.006327830893260224,0.002841696462556804,0.005668892802336147,0.0021260964278828265,0.007271390193919218,27834.0
-0.4725601480956631,-0.017771500445522188,-0.0010568254746747313,-0.024478169419009498,-0.008850623785411396,0.006910727230685043,0.0030471934264955027,0.005637363062776062,0.0021055620374327514,0.007262614900391151,27852.768147684605
-0.21660285133119508,0.07403227603010429,-0.011239844455651942,-0.02834233819205919,-0.010662016284120288,0.007479374766132458,0.0032520102352528043,0.005605724415450754,0.0020850267496363845,0.007253831503949917,27870.845431789738
0.4450928956553069,0.11019914892233111,-0.017818515069054852,-0.02939890963835564,-0.012427645618030196,0.008031626206012155,0.0034560873519099366,0.005573974879903673,0.0020644907189428957,0.007245040028533867,27888.922715894867
-0.15873453192162693,0.052841359765404404,-0.01860450991650764,-0.026843553707671112,-0.014130577351942642,0.008565334256734019,0.0036593652395480406,0.00554211247567833,0.002043954099801437,0.007236240498081202,27907.0
-0.4575520514138532,-0.04577033311115909,-0.014275686943421826,-0.020430786461249788,-0.015747069824281354,0.009078351624707716,0.0038617843612482926,0.005510135222318208,0.002023417046661188,0.0072274329365299775,27925.768147684605
0.48856218925798844,-0.10252438475184511,-0.005256788080602117,-0.011024497838757606,-0.017251679566875743,0.009568531016343054,0.004063285180091883,0.005478041139366788,0.002002879713971305,0.007218617367818396,27943.845431789738
0.3655241118865029,-0.05509223135033422,0.007191932803917854,0.00025284559332520106,-0.018618963111555187,0.010033725138049803,0.00426380815916,0.0054458282463675425,0.0019823422561809534,0.007209793815884659,27961.922715894867
-0.5771745623824754,0.03323424580263318,0.017433867585931503,0.012278777268518424,-0.019823476990149032,0.010471786696237696,0.004463293761533787,0.005413494562863968,0.001961804827739297,0.007200962304666896,27980.0
-0.24477158221911635,0.0807827237963625,0.0187383195771889,0.023930830620341844,-0.02083977773448674,0.01088056839731656,0.004661682450294439,0.0053810381083995535,0.0019412675830954998,0.0071921228581033085,27998.768147684605
0.6090811015355202,0.06388003219822715,0.00723725017278179,0.03389693069179991,-0.021642421876397613,0.011257922947696118,0.004858914688523142,0.005348456902517742,0.001920730676698744,0.007183275500132396,28016.845431789738
-0.1613194045448937,-0.014173255610439117,-0.00948674689883198,0.04010656896383589,-0.022205965947711095,0.011601703053786166,0.005054930939301069,0.005315748964762061,0.0019001942629981617,0.0071744202546913235,28034.922715894867
-0.477736245859513,-0.05270436396829939,-0.02098841982585304,0.04029966264375128,-0.022505173500322773,0.011909934325189248,0.005249671665709386,0.005282912314675975,0.0018796584964429503,0.0071655571457192565,28053.0
0.34071016595199244,0.012106195549030162,-0.01899796354996892,0.03286293998866822,-0.02252047991019211,0.012181503376700863,0.005443077330829277,0.005249944971802964,0.0018591235314822643,0.0071566861971541,28071.768147684605
0.2590023084287587,0.039578808277281524,-0.004213427285905326,0.01903592896098078,-0.02225190254854086,0.01241614729599682,0.005635088397741894,0.005216844955686524,0.0018385895225652693,0.00714780743293391,28089.845431789738
-0.05624380627839709,0.0009478244763860961,0.01669337094841889,0.0017691011417702049,-0.021704302530389744,0.012613772563174662,0.005825645329528481,0.005183610285870128,0.0018180566241411164,0.007138920876996906,28107.922715894867
0.006397547912405083,-0.037716907471404416,0.025922027490149626,-0.015794698296330883,-0.020882540970759516,0.012774285658332099,0.00601468858927015,0.005150238981897259,0.00179752499065899,0.0071300265532813,28126.0
-0.055615914073296524,0.04160439141783203,0.010467538396555676,-0.030951943346140088,-0.01979147898467091,0.012897593061566735,0.006202158640048092,0.005116729063311405,0.0017769947765680434,0.007121124485725226,28144.768147684605
0.17494083571633604,0.027007667013286826,-0.014495708537943037,-0.0416509796491949,-0.018435977687144587,0.012983601252976111,0.006387995944943505,0.005083078549656048,0.0017564661363174447,0.007112214698266871,28162.845431789738
-0.30664475285328047,-0.054939633562876185,-0.0298907041901859,-0.04598469734232803,-0.01682089819320137,0.013032216712657934,0.006572140967037546,0.005049285460474661,0.0017359392243563691,0.007103297214844452,28180.922715894867
0.1047846426956908,-0.014416184040250314,-0.022877961027533318,-0.04272053057613936,-0.014956787774229178,0.013043345920709777,0.006754534169411396,0.005015347815310745,0.0017154141951339573,0.007094372059395991,28199.0
0.47421538544261677,0.06731225155807825,-0.002236021144856694,-0.03332408955629647,-0.012876938327085119,0.013016901536977625,0.006935109835397863,0.004981263633707769,0.0016948912030994028,0.007085439255859728,28217.768147684605
-0.422832141309518,0.06640096158269794,0.01857923093582582,-0.01993552850223412,-0.010620327904993536,0.012952820940300994,0.007113777529336244,0.004947030935209217,0.0016743704027018566,0.007076498828173957,28235.845431789738
-0.4917477214104321,0.004811897251588449,0.030935914977798233,-0.004695001633387019,-0.008225934561178753,0.012851047689267748,0.007290440635817464,0.004912647739358579,0.0016538519483904823,0.00706755080027675,28253.922715894867
0.47038556219236544,-0.06190923356471928,0.03459069318959036,0.010257336830810117,-0.0057327363488651195,0.012711520195149732,0.007465007686748482,0.0048781120656993335,0.0016333359946144503,0.007058595196106237,28272.0
0.12160241066450789,-0.0740795780042238,0.0308868132196114,0.023066818126428107,-0.0031797113212769937,0.01253415627995469,0.007637407803300342,0.0048434219337749745,0.001612822695822912,0.00704963203960075,28290.768147684605
-0.4305931739477146,-0.05544494955078244,0.020729633456708915,0.033094528214300124,-0.0006058375316386639,0.012318868618374309,0.0078075752539601235,0.004808575363128972,0.0015923122064650569,0.007040661354698323,28308.845431789738
0.01878732436652467,-0.04463369255870345,0.007954372126908414,0.040317710123997375,0.0019499069668254872,0.012065569885100354,0.007975444307214904,0.004773570373304809,0.0015718046809900306,0.007031683165337031,28326.922715894867
0.4272941792924733,-0.033737491335359776,-0.0043946631769414745,0.04492909979691286,0.004448544120891127,0.011774172754824492,0.008140949231551778,0.004738404983845966,0.0015513002738470037,0.007022697495455094,28345.0
-0.4439024989345555,-0.004871611686992955,-0.015944839915463176,0.0471568531767098,0.006851095877333892,0.011444589902238475,0.008304024295457806,0.004703077214295941,0.0015307991394851465,0.007013704368991083,28363.768147684605
-0.4467187813817234,0.036888924682407356,-0.025848588349053365,0.04722912620705149,0.009118584182929514,0.011076734002034008,0.008464603767420077,0.004667585084198199,0.0015103014323536216,0.0070047038098826845,28381.845431789738
0.4528489937979968,0.06766107739810409,-0.03245155298154987,0.045367480297090236,0.011218625518964607,0.010670517728902809,0.008622621915925666,0.0046319266130962385,0.0014898073069015867,0.006995695842068174,28399.922715894867
-0.044124021060691125,0.051699541631138164,-0.03435760435024813,0.04176709871793397,0.013145214504770162,0.010225853757536587,0.00877801300946164,0.004596099820533542,0.0014693169175782116,0.006986680489485745,28418.0
-0.44903500557223286,0.0007609864581123479,-0.03170264243164936,0.03655995768897871,0.014898940294188047,0.009742654762627052,0.00893071131651511,0.004560102726053578,0.001448830418832663,0.006977657776073701,28436.768147684605
0.0978563016066569,-0.054336199513005154,-0.0249000151146684,0.029758320852932084,0.016480392041060273,0.009220833418865966,0.009080651105573113,0.004523933349199836,0.0014283479651141082,0.0069686277257700316,28454.845431789738
0.4385244509376867,-0.07265391679266524,-0.014733407739483922,0.021744789303765465,0.017890158899228775,0.008660302400944987,0.009227766645122766,0.004487589709515799,0.0014078697108717106,0.006959590362513059,28472.922715894867
-0.43628238567522826,-0.02777001785037038,-0.0023449126215513987,0.013008701627566245,0.019128830022535452,0.008060974383555845,0.009371992203651125,0.004451069826544959,0.001387395810554634,0.006950545710240803,28491.0
-0.435175705426903,0.04369999187575959,0.010116699991029184,0.004039396410421697,0.02019699456482236,0.007422762041390283,0.00951326204964527,0.004414371719830792,0.0013669264186120444,0.006941493792891612,28509.768147684605
0.4434100772936124,0.08466919362499499,0.0202509903669965,-0.004673787761580495,0.021095241679931303,0.006745578049140023,0.009651510451592274,0.004377493408916785,0.001346461689493103,0.006932434634403502,28527.845431789738
-0.14093041425418645,0.056131582768315064,0.0260366435924173,-0.0126405888999347,0.021824160521704376,0.006029335081496717,0.00978667167797925,0.004340432913346412,0.0013260017776469874,0.006923368258714757,28545.922715894867
-0.45605148543833113,-0.017652109574754646,0.026968844022668925,-0.01936705140646141,0.022384287718620745,0.005273998338514857,0.009918679997293232,0.004303188252663167,0.001305546837522838,0.006914294689763416,28564.0
0.27866631793210106,-0.08972696006339266,0.023054768143897487,-0.024491163594003846,0.022775717562579074,0.0044799753568294355,0.010047469678021339,0.004265757446410516,0.001285097023569845,0.006905213951487843,28582.768147684605
0.4662465724350817,-0.10930416774382562,0.014833061696012907,-0.02818238302916897,0.022997562879596097,0.003648655138957399,0.010172974988650605,0.004228138514131966,0.0012646524902371686,0.006896126067826088,28600.845431789738
-0.4691029937016944,-0.042194154196146076,0.0034113086165115584,-0.0307430345920047,0.023048365967048574,0.002781997216055588,0.010295130197668168,0.004190329475370972,0.0012442133919739644,0.006887031062716243,28618.922715894867
-0.1713896571807099,0.06460938039314448,-0.008358623620528426,-0.03247544316255906,0.022925218252305552,0.001883411989288718,0.010413869573561052,0.00415232834967105,0.0012237798832293995,0.0068779289600966395,28637.0
0.47118975198607116,0.12958221826288474,-0.017188796656883408,-0.033681933620879956,0.022624482085357358,0.0009570389372000817,0.01052912738481634,0.004114133156575665,0.0012033521184526396,0.006868819783905424,28655.768147684605
-0.1424598331747855,0.0932258953942021,-0.02046878891515116,-0.03466483084701531,0.02214242212022729,7.115234300003023e-06,0.010640837899921157,0.0040757419156282945,0.0011829302520928542,0.006859703558080586,28673.845431789738
-0.4724967932298059,-0.009365671515397855,-0.018423885431482687,-0.03560082023074553,0.021475303010938668,-0.0009621219449010923,0.010748935387362539,0.004037152646372422,0.001162514438599213,0.0068505803065605966,28691.922715894867
0.43802947965185196,-0.11468603738495632,-0.012412705445768014,-0.03621076973893328,0.020619389411514717,-0.001946435425892857,0.01085335411562759,0.003998363368351546,0.001142104832420869,0.006841450053283298,28710.0
0.4768113795422483,-0.1481055433747308,-0.003732545535553341,-0.036276870000785166,0.019570945975978773,-0.002941588034164831,0.010954028353203348,0.003959372101109138,0.0011217015880069972,0.006832312822187159,28728.768147684605
-0.4801291951327228,-0.0607823287220935,0.0060063319830471135,-0.03562966895830249,0.01832785413299609,-0.003943342595206713,0.011050892368576938,0.003920176864188676,0.001101304859806758,0.006823168637210235,28746.845431789738
-0.2894566410551188,0.0743015875504156,0.013754839687036023,-0.03410747770229582,0.01689575846004113,-0.004947461934508084,0.01114388043023542,0.0038807756771336546,0.0010809148022693218,0.006814017522290582,28764.922715894867
0.48624103177227973,0.14816800601770713,0.016087398573987874,-0.0315387717503808,0.015287253264100832,-0.005949708877558563,0.011232926806665863,0.0038411665594875553,0.0010605315698438444,0.006804859501366473,28783.0
-0.23143289099622238,0.08517400991761061,0.010853677865223654,-0.027762145999592987,0.013519725687822986,-0.0069458462498477955,0.011317965766355378,0.003801347530793845,0.001040155316979494,0.006795694598376114,28801.768147684605
-0.48875234894953445,-0.044727778988771276,0.001256119217660993,-0.022901036895697554,0.011622318706938056,-0.007931636876865333,0.011398931577790976,0.003761316610596043,0.001019786198125435,0.006786522837257631,28819.845431789738
0.48920563056533906,-0.1354675728622383,-0.008160446277206412,-0.017154250408842386,0.00962707706697065,-0.008902843584100855,0.011475758509459835,0.0037210718184375836,0.0009994243677308385,0.0067773442419492265,28837.922715894867
0.45968964839768095,-0.1158196476170049,-0.013679251970746778,-0.010720592509175252,0.007566045513445303,-0.009855229197043971,0.01154838082984896,0.0036806111738619976,0.0009790699802448583,0.006768158836389104,28856.0
-0.4904478094175492,-0.022630406581523828,-0.014913857255603609,-0.0037808008970160443,0.005471268791886585,-0.010784556541184253,0.011616732420136123,0.0036399330837220472,0.0009587231901166793,0.0067589666445154635,28874.768147684605
-0.22363477133468038,0.07458932584790814,-0.01231033716170955,0.0034888379217426387,0.0033747916478190604,-0.011686588442011371,0.0116807456122619,0.0035990375041077606,0.0009383841517954534,0.006749767690266159,28892.845431789738
0.4914023353741495,0.11242012409280115,-0.00606154744928657,0.010658818171497525,0.0013086588267672875,-0.01255708772501492,0.011740352350857497,0.003557924778418484,0.0009180530197303419,0.006740561997579706,28910.922715894867
-0.1725744198654263,0.052870948439347,0.0030505954438737807,0.017231812191760655,-0.0006950849257441599,-0.013391817215684516,0.011795484580554136,0.0035165952500535434,0.0008977299483705177,0.0067313495903941764,28929.0
-0.49119463342343145,-0.04662304478078401,0.011616644830162809,0.022710492322044085,-0.0026043948641907236,-0.014186539739509752,0.01184607424598302,0.003475049262412283,0.000877415092165141,0.006722130492647719,28947.768147684605
0.4926321245206845,-0.10489084286404513,0.015570271459517613,0.02659753090185989,-0.004387226243047841,-0.014937018121980292,0.011892053291775428,0.0034332871588940283,0.0008571086055633799,0.006712904728278645,28965.845431789738
0.27212453724363656,-0.07431577065331633,0.012125090301870794,0.02850817379826779,-0.006013967974072474,-0.015639015188585712,0.01193335366256255,0.003391309282898119,0.0008368106430143959,0.0067036723212248635,28983.922715894867
-0.5066527774313122,0.006807576100927175,0.0036144932071377075,0.02851056137820637,-0.007467343987835694,-0.016288293764815658,0.01196990730297562,0.003349115977823894,0.0008165213589673594,0.0066944332954246115,29002.0
-0.20637848027996966,0.08144779615702288,-0.006348183754770805,0.026795809094914143,-0.008742913430942342,-0.01688061667615974,0.012001646157645872,0.0033067075870706858,0.0007962409078714364,0.006685187674816333,29020.768147684605
0.5326941456602474,0.11842511053491532,-0.014149604513943755,0.023557632791317607,-0.009838835839685324,-0.017411746748107578,0.012028502171204526,0.003264084454037837,0.0007759694441757894,0.006675935483337804,29038.845431789738
-0.31338465260186354,0.0974921887762585,-0.01694441156839667,0.018989748310343366,-0.010753270750357532,-0.017877446806148764,0.012050407288282801,0.0032212469221246692,0.0007557071223295728,0.006666676744927652,29056.922715894867
-0.5290304255730977,0.02849841221000713,-0.014991842927218075,0.013318552734285602,-0.011484377699251872,-0.018273479675772943,0.012067293453511948,0.0031781953347305185,0.0007354540967819674,0.00665741148352362,29075.0
0.493484334371416,-0.06854991739862429,-0.00945624424873823,0.006907572226753831,-0.012030316222661241,-0.018595608182469723,0.012079092611523172,0.003134930035254727,0.0007152105219821336,0.006648139723064166,29093.768147684605
0.4057219211300257,-0.1511812845579003,-0.0015748274162714164,0.00019319917634161437,-0.012389245856878537,-0.01883959515172871,0.012085736706947698,0.003091451367096632,0.0006949765523792372,0.00663886148748716,29111.845431789738
-0.34572155026223383,-0.15054818896234332,0.007174711651652245,-0.006323495943564458,-0.01255932613819666,-0.01900120340903954,0.012087157684416764,0.003047759673655563,0.0006747523424224418,0.006629576800731028,29129.922715894867
-0.06826744316796601,-0.025091242977643476,0.014600699615062811,-0.012126874169340779,-0.012538716602908503,-0.019076195779891825,0.012083287079410608,0.0030038557074818515,0.0006545380465609122,0.006620285686733934,29148.0
0.17136421245752262,0.12360615409168876,0.018400566749686622,-0.01675094662152939,-0.012324441662750532,-0.0190614731914561,0.012074057753087838,0.002959741872571922,0.0006343338192438063,0.006610988169433932,29166.768147684605
-0.06139024882736448,0.17678042355694185,0.016522046535986077,-0.019976212754920016,-0.01190898523123342,-0.018958505795364115,0.012059430824323028,0.0029154210414416657,0.0006141398149203074,0.006601684272769318,29184.845431789738
-0.10906403363322156,0.08795125908613419,0.008185843341194455,-0.021824374098807952,-0.011283696097311386,-0.018769969115878853,0.012039437645223406,0.0028708961014491195,0.000593956188039564,0.006592374020678127,29202.922715894867
0.15654280272481502,-0.10930187219722946,-0.003212375220808361,-0.022359744067439638,-0.010445199162572454,-0.018498555495000804,0.01201412638563371,0.0028261699399523142,0.000573783093050749,0.0065830574370986305,29221.0
-0.07823591694942966,-0.17997615010087656,-0.013245172723877196,-0.021623281432946184,-0.009413473970720024,-0.018146957274730514,0.011983545215398744,0.0027812454443092776,0.0005536206844030249,0.00657373454596901,29239.768147684605
-0.3591240114402383,-0.08880926589980347,-0.01844795968648782,-0.019641668088503286,-0.008222776944412856,-0.017717866797068473,0.011947742304363232,0.0027361255018780394,0.0005334691165455553,0.006564405371227323,29257.845431789738
0.4527099440908779,0.09066273328670557,-0.019173751258385753,-0.01647311888292049,-0.00690961469789007,-0.01721397640401522,0.011906765822371976,0.0026908130000166193,0.0005133285439275166,0.0065550699368118305,29275.922715894867
-0.030824827256729064,0.1659948490231243,-0.016583181028806356,-0.012331077170138463,-0.005510493845390799,-0.016637978437571265,0.011860663939269721,0.002645310826083067,0.0004931991209980584,0.006545728266660681,29294.0
-0.5354356144863647,0.14208827556950704,-0.011689396367596631,-0.007543153116410127,-0.004061921001154179,-0.015992565239737116,0.011809484824901238,0.0025996218674353977,0.0004730810022063526,0.0065363803847119486,29312.768147684605
0.02777170582357577,0.07989051713269593,-0.005352171100024565,-0.0024570528042628832,-0.002600402779419325,-0.01528042915251332,0.01175327664911131,0.0025537490114316405,0.00045297434200156387,0.006527026314904129,29330.845431789738
0.5021562509176055,0.02694776468954308,0.0016020403557180378,0.00257951768377584,-0.001162445794425388,-0.014504262517900341,0.011692087581744663,0.0025076951454298295,0.0004328792948328628,0.0065176660811750555,29348.922715894867
-0.40887764447758546,0.010432991734731254,0.00834678358143936,0.007218852265178627,0.000215443339588516,-0.013666757677898737,0.01162596579264609,0.0024614631567879915,0.00041279601514940614,0.00650829970746306,29367.0
-0.44184002928409666,-0.004132444588274984,0.014055604158947577,0.011113244857418067,0.001496758008383256,-0.012770606974509024,0.01155495945166037,0.002415055932864152,0.00039272465740035627,0.006498927217706328,29384.768147684605
0.42917647088483357,-0.04622761044486497,0.017902047670050856,0.01391498937796672,0.002644991597719688,-0.01181850274973171,0.011479116728632263,0.0023684763610163453,0.0003726653760348942,0.006489548635842763,29402.845431789738
0.1319097947165064,-0.08592213630097463,0.019059659696557374,0.015276379744297176,0.0036236374933587153,-0.01081313734556732,0.011398485793406516,0.0023217273286026013,0.0003526183255021685,0.006480163985810884,29420.922715894867
-0.4441243229412044,-0.09742544878310787,0.016578539433208358,0.014970386266555821,0.004398959075454403,-0.009757203104016359,0.011313114815827904,0.0022748117229809423,0.00033258366025135436,0.006470773291548837,29439.0
0.12729077178180082,-0.06828723468391061,0.00969734167039384,0.013247483302932232,0.004953501224385586,-0.008653392367079337,0.011223051965741191,0.0022277324315094042,0.0003125615347316131,0.006461376576994418,29456.768147684605
0.4667155105043122,-0.018723323120389983,0.00026063938710474296,0.010458015513682748,0.00529338490553138,-0.0075043974767567915,0.011128345412991156,0.0021804923415460146,0.000292552103392113,0.006451973866086162,29474.845431789738
-0.4673209836137266,0.027403424105376075,-0.00920465329375122,0.00694712603641195,0.0054299326069227015,-0.006312910775049238,0.011029043327422564,0.0021330943404487992,0.00027255552068200837,0.00644256518276229,29492.922715894867
-0.4537633956799058,0.06677795345884631,-0.016171622249266205,0.003059958008724373,0.0053745624167492205,-0.005081720204116005,0.01092519387888016,0.0020855413155757905,0.00025257194105048026,0.006433150550960578,29511.0
0.45209129646763035,0.08481350413603239,-0.018113353356532462,-0.0008583454317754362,0.005139232901860481,-0.0038141541847762543,0.01081684523720875,0.0020378361542850126,0.00023260151894668646,0.006423729994619747,29528.768147684605
-0.08266768787689185,0.06506848874260246,-0.01346143767465102,-0.0044755065075016065,0.004736866642073855,-0.002514505150816973,0.010704045572253063,0.001989981743934504,0.00021264440881978483,0.0064143035376774404,29546.845431789738
-0.4450795358958337,0.009379208528921174,-0.004481486990758329,-0.007510708880943052,0.004181488698075558,-0.0011881680168939945,0.010586843053857873,0.0019419809718822878,0.0001927007651189494,0.0064048712040722065,29564.922715894867
0.136554648654055,-0.06852574813822605,0.005602381726000373,-0.009696001574607349,0.00348736023126287,0.00015922620162574417,0.010465285851867949,0.0018938367254863963,0.00017277074229334494,0.006395433017741893,29583.0
0.4577583887744965,-0.10742441965053337,0.013566051506479833,-0.010763433611002182,0.002668742403033187,0.001522046489375252,0.010339422136128075,0.001845551892104848,0.00015285449479213853,0.006385989002624991,29600.768147684605
-0.46559676021071333,-0.054070308833052895,0.016779837492827233,-0.010447313839062939,0.001742487765025468,0.0028943302671737663,0.010209300076483002,0.0017971293590956772,0.00013295217706449152,0.006376539182659382,29618.845431789738
-0.31725211891872435,0.05808822898493225,0.015083102923106509,-0.008584981662462347,0.0007386734132160047,0.004268601315493336,0.010074967842777487,0.0017485720138169303,0.00011306394355955715,0.006367083581783572,29636.922715894867
0.47071701885640843,0.13645937953975812,0.009306694041403607,-0.00542377359914583,-0.00029859623269438127,0.005636302310624664,0.00993647360485631,0.001699882743626615,9.318994872652325e-05,0.006357622223935467,29655.0
-0.28327228158195994,0.1028160946014833,0.0007877407783777849,-0.0014321065830489655,-0.001322357769634253,0.006988688543766694,0.009793865532564231,0.0016510644358827683,7.333034701454539e-05,0.006348155133053215,29672.768147684605
-0.46244927951141795,-0.008055848954335601,-0.007953355168122374,0.0028898301601516458,-0.002285647794532062,0.008317015306118267,0.009647191795746015,0.0016021199779434178,5.348529287278604e-05,0.006338682333075185,29690.845431789738
0.28832286393844875,-0.12769964726900715,-0.014108317231386253,0.007041847404779513,-0.0031419887741989372,0.00961302375876081,0.009496500564246448,0.001553052257166596,3.365494075040999e-05,0.006329203847939411,29708.922715894867
0.4584067055831136,-0.16921471442890026,-0.014947208013864377,0.010602095094319185,-0.003846866259739737,0.010870418147069615,0.009341840007910277,0.0015038641609103243,1.3839445096582015e-05,0.006319719701584116,29727.0
-0.46411220288649374,-0.0741546831213328,-0.009147797048311307,0.013420653828054666,-0.00435633009119648,0.012083467005357057,0.009183258296582253,0.0014545585765326375,-5.961039639525022e-06,0.006310229917947538,29744.768147684605
-0.3148168875329672,0.07822549681791556,0.0001564059487210714,0.01526023929104874,-0.004626449713374833,0.013246458472699119,0.009020803600107182,0.0014051383913915737,-2.5746359008749802e-05,0.0063007345209676584,29762.845431789738
0.48723650803159524,0.17543776937707595,0.008737541007021836,0.015842141147518626,-0.004614019935386134,0.014354406052477573,0.008854524088329794,0.0013556064928451428,-4.551635856193216e-05,0.006291233534582902,29780.922715894867
-0.23480026408375554,0.13657084019877846,0.01330009078083482,0.014897736094335786,-0.004288824056218525,0.015405224705296696,0.00868446793109488,0.0013059657682513868,-6.527088384990501e-05,0.006281726982731034,29799.0
-0.5036648901696614,0.013352982827522984,0.01425695639296067,0.012224547978661755,-0.003666565860193406,0.016397554756066548,0.0085106832982472,0.0012562191049683286,-8.500978042350472e-05,0.006272214889350602,29816.768147684605
0.28852148115357973,-0.11166840948699032,0.012777540932180023,0.00782541630043095,-0.0027924241259302427,0.017330036529697113,0.008333218359631514,0.0012063693903540105,-0.00010473289383356305,0.006262697278379796,29834.845431789738
0.49593883076000195,-0.1587640729893887,0.009642165292313412,0.00209710974494894,-0.0017164246224594234,0.0182013103510984,0.008152121285092604,0.001156419511766434,-0.000124440069630906,0.006253174173756553,29852.922715894867
-0.4835010968657838,-0.07976359818919923,0.0055737084800772324,-0.004471570461054402,-0.0004885931188113541,0.019010016545180454,0.007967440244475205,0.0011063723565636634,-0.0001441311533663872,0.006243645599419147,29871.0
-0.17791298615487314,0.05701799070247274,0.0014334121194687548,-0.011391823090849141,0.0008410446159835398,0.01975479543685328,0.007779223407624104,0.0010562308121037066,-0.00016380599059082345,0.006234111579305801,29888.768147684605
0.4571225075477514,0.1409850497340981,-0.0018828915111943757,-0.01817484691770532,0.002222462812894889,0.02043428735102684,0.007587518944384081,0.0010059977657445869,-0.00018346442685506265,0.006224572137354586,29906.845431789738
-0.21672361144326088,0.09143727133900285,-0.003889366178091349,-0.024331840714893062,0.00360563570289225,0.021047132612611215,0.007392375024599888,0.0009556761048443455,-0.00020310630770993077,0.006215027297503781,29924.922715894867
-0.45306516560709476,-0.03304584107765944,-0.005740159825388304,-0.029374003255682367,0.004940537516945202,0.02159197154651636,0.007193839818116281,0.0009052687167610184,-0.00022273147870627692,0.006205477083691511,29943.0
0.4620836123076422,-0.13173137779681804,-0.008999416441748152,-0.03281253331334337,0.006177142486023399,0.02206744447765229,0.006991961494778044,0.0008547784888526191,-0.0002423397853949155,0.0061959215198558884,29960.768147684605
0.4267220375010265,-0.10991465123124158,-0.014459605832679572,-0.03415862966114613,0.007265424841096379,0.022472191730929077,0.006786788224429924,0.0008042083084771835,-0.00026193107332669793,0.006186360629935133,29978.845431789738
-0.4826039472212539,-0.003801298131927062,-0.01982650107107434,-0.0329297224547392,0.00816159019551222,0.02280485363125668,0.0065783681769167116,0.0007535610629927381,-0.00028150518805245244,0.00617679443786741,29996.922715894867
-0.11545872965868423,0.10971370117215291,-0.021950387362737623,-0.028751981063217434,0.008846769692132949,0.02306406534174401,0.0063667546838842405,0.000702839639757315,-0.00030106197512301086,0.006167222967590917,30015.0
0.4777920792808188,0.13607758946044904,-0.01725096123686551,-0.021688394914663227,0.009308325856198979,0.023248441378295678,0.0061520217241827135,0.0006520469261289452,-0.00032060128008921295,0.006157646243043872,30032.768147684605
-0.23345022530459783,0.020201247345337438,-0.003606813614188303,-0.012267102884609164,0.009533621212950769,0.02335659109501517,0.005934248438463442,0.0006011858094656578,-0.00034012294850189746,0.00614806428816424,30050.845431789738
-0.4683088085028655,-0.11988380901878952,0.013502623169505752,-0.0011115777894673568,0.009509305775177898,0.02338783146161424,0.005713518864220322,0.0005502591771254719,-0.0003596268259118811,0.006138477126890376,30068.922715894867
0.48555084637465906,-0.1394219875796849,0.027109159103996864,0.0111547075543503,0.009219197057014943,0.023344287209444464,0.0054899417759624244,0.0004992699164664226,-0.0003791127578700314,0.006128884783160519,30087.0
0.21993003359220376,-0.002764210968061517,0.03184634128644085,0.023908280330431613,0.008646470264740438,0.023228699882292,0.005263651443620343,0.00044822091484654513,-0.00039858058992714435,0.00611928728091265,30104.768147684605
-0.5808275958425276,0.13352808548068928,0.02249485970879189,0.03625618078877126,0.00777431815578137,0.023043788323149697,0.005034787286769436,0.0003971150596238627,-0.00041803016763408403,0.006109684644085009,30122.845431789738
-0.5422476501463727,0.12064961147990785,-0.0019037220245484278,0.046275689742721955,0.006585933487564803,0.022792271375010387,0.004803488724985044,0.0003459552381564111,-0.00043746133654167646,0.006100076896615835,30140.922715894867
0.6797708410626653,0.005922411237534773,-0.028749019659940686,0.05196735426296861,0.005064509017517908,0.022476867880866818,0.004569895177842519,0.00029474433780220623,-0.000456873942200751,0.006090464062443145,30159.0
-0.10152235400995109,-0.110353790588601,-0.04211831551483471,0.05136436137072658,0.003208785850268823,0.022100296683711832,0.004334146064917184,0.00024348524591928737,-0.0004762678301621464,0.006080846165505326,30176.768147684605
-0.6294013123080758,-0.1043142516686596,-0.030849397701803727,0.0431630379708372,0.0010796984792501524,0.02166527662653821,0.0040963808057844124,0.0001921808498656798,-0.0004956428459766967,0.006071223229740469,30194.845431789738
0.5098973972725378,0.05941995236987036,-0.0028241735775892613,0.028947591774336482,-0.0012462702549043971,0.02117452655233878,0.0038567388200195308,0.00014083403699941346,-0.000514998835195244,0.006061595279086668,30212.922715894867
-0.3455692972754517,0.08560442153378274,0.02930655945124595,0.011035948019388538,-0.0036926375115611523,0.020630765304106312,0.0036153595271978833,8.944769467852176e-05,-0.0005343356433686143,0.006051962337482012,30231.0
-0.038755710564164415,-0.03932314575944552,0.05203168730835395,-0.008306507191964236,-0.006182920450086463,0.020036711724833664,0.0033723823468948186,3.802471026102886e-05,-0.0005536531160476452,0.006042324428864868,30248.768147684605
0.09040958049391501,-0.08049736556834325,0.04837821195160749,-0.02700392701552765,-0.008640636229846576,0.019395084657513585,0.003127946698685675,-1.343202889503071e-05,-0.0005729510987831731,0.006032681577173353,30266.845431789738
-0.09227029324864981,0.08294298246030109,0.010321220196542719,-0.042919093641559186,-0.010989302010207858,0.01870860294513892,0.0028821920021458087,-6.491963543163855e-05,-0.0005922294371260284,0.00602303380634563,30284.922715894867
0.18237354848255713,0.06755182898096884,-0.03374166240576523,-0.05388578771898023,-0.01315243495053661,0.017979985430702446,0.002635257676850563,-0.00011643522199076124,-0.0006114879766270523,0.006013381140319889,30303.0
-0.30245442466837763,-0.09326397139224443,-0.0584413236335218,-0.05773778989671221,-0.015053552210199092,0.01721195095719697,0.0023872831423752644,-0.0001679759012143608,-0.0006307265628370765,0.006003723603034182,30320.768147684605
0.17285385534497058,-0.08039873792508047,-0.048464633527462726,-0.0530601355410899,-0.016629358491123167,0.01640721836761532,0.0021384078182952715,-0.0002195387857444165,-0.0006499450413069338,0.005994061218426866,30338.845431789738
0.47139362755164155,0.038598912265726086,-0.015771566220045302,-0.04144287888810158,-0.017869308665482496,0.015568506504950286,0.0018887711241859287,-0.0002711209882228961,-0.0006691432575874653,0.005984394010435901,30356.922715894867
-0.5003089702719272,0.10290018159895,0.02085962813334261,-0.025227328891148818,-0.01877604514801225,0.014698534212194664,0.001638512479622575,-0.00032271962129177433,-0.0006883210572294935,0.005974722002999694,30375.0
-0.4507635856423542,0.06427651168738949,0.04591624547634437,-0.006754794503633279,-0.01935221035344761,0.013800020332341269,0.0013877713041805613,-0.0003743317975930177,-0.0007074782857838663,0.005965045220056455,30392.768147684605
0.488617316702073,-0.013299254145596755,0.05738799726371127,0.011633415321043433,-0.019600446696523756,0.01287568370838291,0.0011366870174352231,-0.000425954629768601,-0.0007266147888014108,0.005955363685543942,30410.845431789738
0.11606064028174302,-0.06320011139428926,0.058285261019918384,0.027601796118721763,-0.01952318055505744,0.01192802714639397,0.0008853990389619173,-0.000477585230460489,-0.0007457304118329704,0.005945677423400651,30428.922715894867
-0.46950143463498445,-0.08234556341592697,0.051633349370727125,0.039240139438939496,-0.019121770562103502,0.010958485707686927,0.0006340467883359714,-0.0005292207123106559,-0.0007648250004293711,0.005935986457564861,30447.0
0.07647697707242017,-0.08353755056408597,0.03877653677003403,0.04631300714726999,-0.01839659081231028,0.009967509915167741,0.0003827696851327433,-0.0005808581879610826,-0.0007838984001414485,0.005926290811974284,30464.768147684605
0.4765230123650768,-0.06813233749006663,0.020319477672625406,0.04922965356552693,-0.017347995350697237,0.008955530242113513,0.0001317071489275732,-0.0006324947700537216,-0.0008029504565200455,0.005916590510567481,30482.845431789738
-0.48235333086157406,-0.03562424044925154,-0.0025346363968258164,0.048465221183715664,-0.01598192446332817,0.007923328834531628,-0.00011900140070419599,-0.0006841275712305529,-0.0008219810151159869,0.005906885577282591,30500.922715894867
-0.3686669091666946,0.008311602861908522,-0.02487293801797464,0.044515790765097873,-0.014326535269676416,0.006872966398582911,-0.0003692165441872173,-0.0007357537041335514,-0.0008409899214801073,0.005897176036057789,30519.0
0.4829811118051999,0.04258648082850499,-0.040837676766669516,0.03788267764124915,-0.012415746910161602,0.005807031093060403,-0.0006187988619461489,-0.0007873702814046792,-0.0008599770211632591,0.005887461910831055,30536.768147684605
-0.0012210254546572339,0.04619979407392535,-0.04509662259279937,0.029067197143745088,-0.010283533941895058,0.004728166493448883,-0.0008676089344056468,-0.0008389744156859113,-0.0008789421597162542,0.005877743225540605,30554.845431789738
-0.47070747641534677,0.02072663171625703,-0.03590063971642152,0.01859646833994025,-0.007963870921988117,0.0036390161752331246,-0.0011155073419903668,-0.000890563219619225,-0.0008978851826899419,0.005868020004124822,30572.922715894867
0.2774467560188262,-0.01705971316423289,-0.01803142426211882,0.007182085674763914,-0.005490732407552121,0.002542223713897898,-0.0013623546651249613,-0.0009421338058465791,-0.0009168059356351554,0.00585829227052169,30591.0
0.45750158694154974,-0.03943465644704555,0.0019232731336817194,-0.004113510933238051,-0.0028980929556984,0.0014404326849279732,-0.0016080114842340868,-0.0009936832870099538,-0.0009357042641027234,0.005848560048669363,30608.768147684605
-0.45412369284029847,-0.022987945278360858,0.018116396953580534,-0.014146621131060404,-0.00021992712353829355,0.00033628666380812743,-0.0018523383797424012,-0.0010452087757513147,-0.0009545800136434828,0.005838823362506152,30626.845431789738
-0.1698598357632423,0.01702789422509979,0.027988713894125543,-0.02177354456569792,0.0025097905318168722,-0.0007675707739768737,-0.00209519593207456,-0.001096707384712639,-0.0009734330298082712,0.005829082235970167,30644.922715894867
0.45611583114372173,0.0500399549855973,0.029848250336539296,-0.025895885015333155,0.005257085453255754,-0.0018684960529422605,-0.0023364447216552165,-0.0011481762265358872,-0.0009922631581479268,0.005819336692999556,30663.0
-0.07184960853523326,0.047456092191276375,0.023101519688225734,-0.025930882301280544,0.007990959221567454,-0.002963845597603256,-0.00257594532890903,-0.00119961241386304,-0.0010110702442132744,0.005809586757532526,30680.768147684605
-0.4655969224808722,0.010985703811416378,0.010869421493496664,-0.022677019402968263,0.010690578922546774,-0.004050975832475093,-0.0028135583342606546,-0.001251013059336062,-0.001029854133555153,0.0057998324535071906,30698.845431789738
0.3583873285061525,-0.04504084618576325,-0.0028098742019060383,-0.017260242631821042,0.013331131593504972,-0.005127243182072996,-0.0030491443181347427,-0.0013023752755969308,-0.0010486146717244027,0.005790073804861822,30716.922715894867
0.4714907514779631,-0.07811636168482024,-0.013898197352240554,-0.010804759252667597,0.015886065225157325,-0.006190004070912194,-0.0032825638609559568,-0.0013536961752876084,-0.0010673517042718529,0.005780310835534451,30735.0
-0.4689045459032935,-0.049171857647437714,-0.01918822016963899,-0.004455223805357079,0.018328827808219098,-0.007236614923507924,-0.0035136775431489453,-0.0014049728710500704,-0.0010860650767483416,0.0057705435694633544,30752.768147684605
-0.1727355606649952,0.03114791378579734,-0.019007860181562183,0.000773796354012366,0.02063286733340553,-0.0082644321643754,-0.003742345945138368,-0.0014562024755262915,-0.0011047546347047043,0.005760772030586698,30770.845431789738
0.4542083963613954,0.09454030381128102,-0.01536597552096472,0.004697384941941942,0.022771631791431934,-0.009270812218029868,-0.003968429647348879,-0.001507382101358237,-0.0011234202236917712,0.005750996242842647,30788.922715894867
-0.1372483594731089,0.08170915596867251,-0.010228791979527228,0.007352874807920706,0.024718569173013537,-0.010253111508986537,-0.004191789230205139,-0.0015585088611878748,-0.0011420616892603797,0.005741216230169264,30807.0
-0.4432785389153558,0.009214813998441745,-0.004505602664171822,0.008780192013726413,0.026447127468865617,-0.01120868646176065,-0.004412285274131798,-0.0016095798676571845,-0.001160678876961362,0.005731432016504873,30824.768147684605
0.4447756324001939,-0.07620074494558891,0.0011591807924411475,0.009019262621136831,0.02793075466970343,-0.012134893500867426,-0.004629778359553511,-0.0016605922334081327,-0.0011792716323455641,0.005721643625787592,30842.845431789738
0.4241594165967858,-0.09794853146730227,0.006121146757651366,0.008112905011288063,0.02914000644688393,-0.013029089050822095,-0.0048441290668949375,-0.0017115430710826914,-0.0011978398009638014,0.005711851081955578,30860.922715894867
-0.459062628673258,-0.05366216564619372,0.009726594332804954,0.006179868583500404,0.030035308142899547,-0.013888827012930162,-0.00505519797658073,-0.0017624294933228286,-0.0012163832283669286,0.005702054408947107,30879.0
-0.13509414316772037,0.030752674062201075,0.011264968283340233,0.0036189392913899667,0.030579948575159246,-0.014712451195658097,-0.005262845669035551,-0.0018132486127705174,-0.0012349017601057666,0.005692253630700076,30896.768147684605
0.47235857257515196,0.08862665603627413,0.009986597871658327,0.0009230910663674081,0.030738691451203597,-0.0154985388258254,-0.005466932724684047,-0.0018639975420677284,-0.001253395241731155,0.005682448771152936,30914.845431789738
-0.20325978593673066,0.06643987658977356,0.0056865425094823775,-0.0015908562909901138,0.03047651370027911,-0.016245880351957554,-0.0056673197239508755,-0.0019146733938564314,-0.0012718635187939304,0.005672639854243679,30932.922715894867
-0.47570625560198104,-0.005494139630982377,-0.0003168714668184694,-0.0036550458307971724,0.029758706015015155,-0.01695357998596291,-0.005863867247260698,-0.001965273280778596,-0.0012903064368449363,0.005662826903910627,30951.0
0.47500493921603865,-0.07088875653341799,-0.006336741702386573,-0.005001620603168359,0.02855062854349621,-0.017620811395204893,-0.0060564358750381676,-0.0020157943154762016,-0.001308723841434982,0.005653009944091944,30968.768147684605
0.42222009411030237,-0.07298285798129231,-0.010686165842364226,-0.005362723658218287,0.02681764143380669,-0.018246748247046897,-0.006244886187707938,-0.0020662336105912067,-0.0013271155781149305,0.005643188998725612,30986.845431789738
-0.47174299026536537,-0.02491931797675513,-0.012021756454351912,-0.0044796938293878465,0.024534300617357382,-0.018830564208852384,-0.0064290787656946635,-0.002116588278765593,-0.001345481492435591,0.005633364091749943,31004.922715894867
-0.11807844533730644,0.03979948124804151,-0.010258584812186916,-0.002256534693148497,0.02172222578499382,-0.01937143294798473,-0.006608874189423006,-0.002166855432641325,-0.0013638214299478205,0.005623535247103122,31023.0
0.4648755233737063,0.07002324647783248,-0.005192833177781706,0.0008900279518006084,0.018453354915406315,-0.019868528131807336,-0.0067841330393176155,-0.0022170321848603717,-0.0013821352362024459,0.005613702488723331,31040.768147684605
-0.14761409046269752,0.03161000594805243,0.002834396529447296,0.004417386697034958,0.0148099066134148,-0.020321023427683632,-0.006954715895803148,-0.0022671156480647122,-0.0014004227567502975,0.005603865840548627,31058.845431789738
-0.45836712710146477,-0.03771429561688673,0.010839919825685055,0.007782934134130057,0.010874099483839167,-0.020728092502977018,-0.007120483339304264,-0.002317102934896313,-0.001418683837142215,0.005594025326517211,31076.922715894867
0.46053560023413737,-0.08067571988315936,0.015180031586016845,0.010445289958140987,0.006726925028019798,-0.021088909025050947,-0.0072812959502456176,-0.0023669911579971394,-0.0014369183229290328,0.0055841809705675614,31095.0
0.32889601320239065,-0.05385299874850481,0.013241717354365808,0.011957226959224248,0.0024444663333787232,-0.02140264666126879,-0.007437014309051858,-0.002416777430009171,-0.001455126059661583,0.00557433279663731,31112.768147684605
-0.4850134337200185,0.012774861670846198,0.006526743090274166,0.012238460288828447,-0.001899174889489133,-0.02166847907899396,-0.00758749899614765,-0.002466458863574374,-0.0014733068928907014,0.005564480828665065,31130.845431789738
-0.09688754030437452,0.07482917415661709,-0.002464363616807316,0.011332895911904789,-0.006232914023378988,-0.021885579945589883,-0.007732610591957643,-0.002516032571334719,-0.0014914606681672255,0.005554625090588741,31148.922715894867
0.521806777081441,0.11527936808712246,-0.011239057437160058,0.009293176326484288,-0.01048642072443362,-0.02205312292841998,-0.007872209676906498,-0.002565495665932181,-0.0015095872310419893,0.005544765606346662,31167.0
-0.23062168526099994,0.12045689205883836,-0.017379524928676823,0.006171944030598019,-0.014589364648795757,-0.02217028169484765,-0.008006156831418861,-0.002614845260008726,-0.0015276864270658281,0.005534902399876928,31184.768147684605
-0.5100739035438008,0.0821554117327981,-0.01915139720013202,0.0020218415222770245,-0.018471415452608247,-0.022236229912236293,-0.0081343126359194,-0.0026640784662063264,-0.0015457581017895756,0.005525035495117676,31202.845431789738
0.45945819955288636,-0.005360660872558502,-0.01649850905899874,-0.0030390848911105947,-0.02206224279201373,-0.022250141247949357,-0.008256537670832762,-0.002713192397166956,-0.0015638021007640629,0.005515164916007203,31220.922715894867
0.36202167883879405,-0.12079737422823258,-0.01002391957785555,-0.008618081637528719,-0.025291516323155124,-0.02221117638630408,-0.008372705499629724,-0.0027621841655325833,-0.0015818182695401303,0.0055052906864836715,31239.0
-0.27385167213971934,-0.14885751554185694,-0.0004524443133199976,-0.014200638660902308,-0.028088905702175006,-0.02211844407943337,-0.008482741617965502,-0.0028110508839451764,-0.0015998064536686145,0.0054954128304850825,31256.768147684605
0.1739616664546783,-0.009455744938425143,0.010752217515367682,-0.019243215616143193,-0.030384080585216255,-0.021971040096423918,-0.008586584504541448,-0.0028597896650467127,-0.0016177664987003424,0.005485531371949785,31274.845431789738
-0.0036623509133494403,0.15332125632417615,0.019282968629104412,-0.02319828759273985,-0.032106710628421624,-0.021768039820162677,-0.008684193024258699,-0.0029083976214791594,-0.001635698250186151,0.005475646334815816,31292.922715894867
-0.08798360505469438,0.1533224115174128,0.020850770072564372,-0.025603157257753674,-0.033186465487933886,-0.021508437088737325,-0.008775607586817604,-0.0029568718658844846,-0.0016536015536768858,0.005465757743021495,31311.0
0.145669676496981,-0.0662663437665927,0.014945099852009622,-0.026372309837725483,-0.03355301481989579,-0.021191205354035812,-0.008860888988118303,-0.0030052095109046606,-0.0016714762547233712,0.005455865620504826,31328.768147684605
-0.260235778806272,-0.14495910473264642,0.0052508283592485935,-0.02562921632838701,-0.03316274282234514,-0.020815934331183488,-0.008940098024060959,-0.0030534076691816603,-0.0016893221988764418,0.005445969991203993,31346.845431789738
0.3839888959630595,-0.01509233940607303,-0.00428706841967186,-0.023425896754128178,-0.03207889186089968,-0.020384678788255377,-0.009013295490545718,-0.0031014634533574545,-0.001707139231686934,0.005436070879057434,31364.922715894867
0.375809072118734,0.07903503811276813,-0.01215067280991094,-0.019787040334206255,-0.030391418843072282,-0.019900109756563984,-0.009080542183472724,-0.0031493739760740133,-0.0017249271987056847,0.005426168308002974,31383.0
-0.5347520071066686,0.10424200638249367,-0.017403860132512706,-0.014762307869795065,-0.02819028067637585,-0.019364898267421767,-0.009141898898742128,-0.003197136349973309,-0.0017426859454835293,0.005416262301979075,31400.768147684605
-0.16122327763379696,0.11302572311494971,-0.018975775829147914,-0.008536090041441973,-0.025565434268323164,-0.018781715352141213,-0.009197426432254087,-0.0032447476876973124,-0.0017604153175712958,0.005406352884923662,31418.845431789738
0.5354448628983935,0.11098201541438797,-0.015784555054094086,-0.001512995491184179,-0.022606836526427004,-0.018153232042034794,-0.009247185579908742,-0.0032922051018879905,-0.0017781151605198299,0.00539644008077514,31436.922715894867
-0.1609003501555142,0.08982424052051839,-0.007923163847942963,0.00564403489625508,-0.01940444435820036,-0.017482119368414983,-0.009291237137606241,-0.0033395057051873174,-0.0017957853198799583,0.005386523913471361,31455.0
-0.47409526952732006,0.03562188116398853,0.001976766516908622,0.012216188063407692,-0.016048214671155907,-0.016771048362594288,-0.009329641901246737,-0.003386646610237262,-0.0018134256412025219,0.005376604406950767,31472.768147684605
0.45620596486032583,-0.04648696030109399,0.010687272335450781,0.017484650952805655,-0.012628104372806584,-0.016022690055885132,-0.009362460666730382,-0.003433624929679797,-0.001831035970038346,0.005366681585151485,31490.845431789738
0.3752246957059705,-0.08001466414181908,0.014980389902673554,0.020730610506980916,-0.0092340703706652,-0.01523971547960002,-0.00938975422995732,-0.003480437776156893,-0.0018486161519382768,0.005356755472011647,31508.922715894867
-0.46349082263383484,-0.05015898191860913,0.012739210396854626,0.021424658420507555,-0.005956069572244547,-0.01442479566505146,-0.009411583386827705,-0.003527082262310522,-0.0018661660324531387,0.0053468260914694525,31527.0
-0.07050144250550082,0.022934602969755198,0.006248155077490879,0.01982499563899266,-0.0028711596759906266,-0.013580601643551876,-0.009428008933241677,-0.00357355550078265,-0.0018836854571337778,0.005336893467463012,31544.768147684605
0.48623568450439,0.0740079467293356,-0.0012688577203580733,0.01649918883154276,-4.801544081744398e-06,-0.012709804446413772,-0.0094390916650994,-0.0036198546042152547,-0.0019011742715310197,0.0053269576239305845,31562.845431789738
-0.19376865537635268,0.05010987680564586,-0.007056708167406724,0.012044452589867733,0.0026307854906316296,-0.011815075104949627,-0.00944489237830101,-0.003665976685250302,-0.0019186323211957022,0.005317018584810242,31580.922715894867
-0.4899624266872586,-0.01983739237308949,-0.010063912649741096,0.007056632224633786,0.005024751376342703,-0.010899084650471898,-0.009445471868746669,-0.0037119188565297658,-0.0019360594516786595,0.005307076374040205,31599.0
0.4843823083484597,-0.07857363964112377,-0.00968120698711821,0.002147541106074354,0.0071665883815055864,-0.009964504114293093,-0.009440890886467459,-0.00375767827656467,-0.001953455508530727,0.005297131015558602,31616.768147684605
0.3281752024641233,-0.07552609272539561,-0.005814869652301124,-0.0020787308064154062,0.009045788774574452,-0.009014004527725676,-0.009431210017492368,-0.00380325226786815,-0.0019708203373027503,0.005287182533303784,31634.845431789738
-0.46891682558210374,-0.02276618112231162,-0.00018869403265559198,-0.005293642894214524,0.010651844824003415,-0.008050256922082128,-0.009416489879877771,-0.003848638120925955,-0.001988153783545542,0.005277230951213656,31652.922715894867
-0.125998199559631,0.04756727426313929,0.0050232253507590564,-0.0072456754968386805,0.011978304826232546,-0.0070759323286749025,-0.00939679111115415,-0.003893833106749725,-0.00200545569280995,0.005267276293226681,31671.0
0.4584293642842469,0.08831274500385597,0.007646793976883442,-0.007699533065747447,0.01303494118964592,-0.006093701778816499,-0.009372174348851996,-0.003938834496351085,-0.0020227259106468153,0.005257318583280729,31688.768147684605
-0.1878840471915485,0.06316732819243996,0.006152624902374358,-0.006517590412986146,0.013847060479574992,-0.005106236303819383,-0.009342700230501787,-0.003983639560741676,-0.0020399642826069617,0.005247357845314258,31706.845431789738
-0.4584334045985049,-0.005686107104408212,0.0016711343718372206,-0.004017652558083237,0.014485881777197196,-0.004116206934996055,-0.009308429393634009,-0.0040282455709331364,-0.0020571706542412247,0.005237394103265141,31724.922715894867
0.4627327151341602,-0.07419565687633405,-0.0036986622840704405,-0.0009350303615029315,0.015034102292651405,-0.0031262847036589696,-0.009269422475779153,-0.004072649797937093,-0.002074344871100446,0.005227427381071947,31743.0
0.2939613341038182,-0.08755601613957861,-0.007753594061838599,0.0018908096434380715,0.015574419236076517,-0.002139140641120611,-0.009225740114467694,-0.004116849512765189,-0.002091486778735459,0.0052174577026723274,31760.768147684605
-0.47609819431485484,-0.04733069701983763,-0.008596282283427015,0.003549679081051702,0.01618952981761141,-0.0011574457786934498,-0.009177442947230123,-0.004160841986429059,-0.0021085962226970894,0.005207485092004814,31778.845431789738
-0.05890411696878661,0.024343445250158,-0.006120101711194555,0.0034338309362935897,0.016944386655785775,-0.00018387114768996855,-0.00912459161159693,-0.004204624489940332,-0.0021256730485361844,0.005197509573007578,31796.922715894867
0.4875202293282393,0.07599615957236944,-0.001496319424014754,0.0019078747092297775,0.01783296400269236,0.0007789122205773534,-0.009067246745098586,-0.004248194294310648,-0.002142717101803572,0.0051875311696185505,31815.0
-0.2883894047106049,0.06676788323325901,0.003948179385797965,-0.00042177892664053827,0.018827277138983526,0.0017282332947960413,-0.009005468985265585,-0.004291548670551645,-0.0021597282280500867,0.005177549905776278,31832.768147684605
-0.49310867749134835,0.0155625662842755,0.00914340588013666,-0.0029318617784934256,0.019882483825986907,0.002661421043653614,-0.008939318969628409,-0.004334684889674952,-0.0021767062728265713,0.0051675658054186275,31850.845431789738
0.4947372464569385,-0.038122559188638334,0.013113294609781844,-0.005024590574009365,0.020949527445198953,0.0035758044358375897,-0.00886885729101127,-0.004377600267398481,-0.0021936510816838515,0.005157578892483763,31868.922715894867
0.15076343067406947,-0.050918489168425535,0.015052683000171409,-0.006275401924529898,0.02198166838711979,0.004468712440035522,-0.008794144363413291,-0.004420292298265241,-0.0022105625001727644,0.005147589190910109,31887.0
-0.49667640823433756,-0.029086931156924435,0.014543549314532226,-0.006545464290801239,0.022941816506956,0.005337474024934892,-0.008715240556127293,-0.004462758521524509,-0.0022274403738441447,0.005137596724635609,31904.768147684605
-0.01974544868022302,0.00883306854922286,0.011818590900816344,-0.005907454703912701,0.023797904957894998,0.006179418159223249,-0.00863220623844614,-0.004504996476425562,-0.00224428454824883,0.005127601517598496,31922.845431789738
0.49359947033237944,0.03307156579237568,0.0072696760897169406,-0.004487266450136318,0.02452297061865659,0.0069918738115881006,-0.008545101779662648,-0.004547003702217678,-0.0022610948689376566,0.0051176035937369555,31940.922715894867
-0.32978267582576754,0.021448395186821217,0.0013136180998407684,-0.0024145114245912396,0.02509123094217074,0.0077721699507169876,-0.00845398754906968,-0.0045887777381501465,-0.002277871181461452,0.00510760297698917,31959.0
-0.48302024020424045,-0.006464907645919204,-0.005543142437098882,0.00018119847760345625,0.025476903381367367,0.008517635545297414,-0.008358923915960062,-0.0046303161234722365,-0.0022946133313710595,0.005097599691293274,31976.768147684605
0.4757105067615085,-0.02385229655172928,-0.012771758036112009,0.0031702513613285736,0.02565420538917645,0.009225599564016916,-0.008259971249626642,-0.004671616397433233,-0.0023113211642173024,0.005087593760587469,31994.845431789738
0.1099672852357094,-0.014027806213412656,-0.01968829097496799,0.006423035331465067,0.025597102429325023,0.009893642964765926,-0.008157189919362259,-0.004712676099282412,-0.002327994525551031,0.00507758520880996,32012.922715894867
-0.4599734884758729,0.009503471595729758,-0.02498844258247324,0.009809938492893727,0.025278437910788664,0.010520468760186313,-0.00805064029445975,-0.0047534927682690575,-0.0023446332609230675,0.0050675740598987995,32031.0
0.011383432846988794,0.02750552395069219,-0.027221144012780623,0.013209669013082457,0.024670346861580997,0.01110548834388198,-0.007940382744211962,-0.004794063943642444,-0.0023612372158842527,0.005057560337792291,32048.768147684605
0.44484426949153166,0.031491364859460046,-0.024924016073043724,0.016489624712499963,0.023744655185770427,0.011648422233401939,-0.007826477637911741,-0.004834387164651853,-0.0023778062359854205,0.005047544066428629,32066.845431789738
-0.40513113749158153,0.017278159648634463,-0.017140909325657087,0.019347161084814102,0.02247240868340411,0.012149771050316553,-0.007708985344851909,-0.004874459970546566,-0.0023943401667774035,0.0050375252697457285,32084.922715894867
-0.43375067802815526,-0.004909107050550652,-0.005576172063834837,0.02143504302634566,0.020824458128523755,0.012610230442201555,-0.00758796623432532,-0.00491427990057586,-0.0024108388538110416,0.00502750397168206,32103.0
0.43261884192899613,-0.02219426249780691,0.0073895753371670874,0.022399019495392806,0.01877867023319373,0.013030496056632666,-0.007463480675624819,-0.004953844493989014,-0.0024273021426371635,0.005017480196175679,32120.768147684605
0.01644738912095832,-0.03662390664674924,0.019375712502092593,0.021844861068231837,0.016352890091500424,0.013411263541185593,-0.0073355890380432266,-0.004993151290035308,-0.0024437298788066108,0.005007453967164685,32138.845431789738
-0.44426252472615396,-0.053489184436017856,0.028001619055685937,0.01932366386338969,0.013619637255279348,0.013753228543436073,-0.0072043516908734066,-0.005032197827964026,-0.002460121907870213,0.004997425308587364,32156.922715894867
0.055653924375059706,-0.07017555306554121,0.03085660778725752,0.01440467620489555,0.010663345906297597,0.014057086710959807,-0.007069829003408179,-0.0050709816470244405,-0.0024764780753788068,0.004987394244381844,32175.0
0.4650343843481408,-0.05547142760528989,0.026082156443758227,0.007037115393039597,0.007568450226322307,0.01432353369133255,-0.006932081344940413,-0.005109500286465834,-0.002492798226883228,0.0049773607984863275,32192.768147684605
-0.46786928340827955,0.010167235109597921,0.014825697688674531,-0.0017609278983477398,0.00441938439712057,0.01455326513212999,-0.006791169084762925,-0.005147751285537486,-0.0025090822079343127,0.004967324994838823,32210.845431789738
-0.41475332484152544,0.07909728143816569,0.0002922667027440222,-0.010711661360909506,0.0013005826004595293,0.014746976680927849,-0.0066471525921685546,-0.005185732183488676,-0.0025253298640828883,0.004957286857377671,32228.922715894867
0.4303664346498705,0.08681671593059546,-0.014011680073228165,-0.01853729268628867,-0.001703520981893718,0.014905363985301857,-0.006500092236450149,-0.005223440519568684,-0.0025415410408797974,0.004947246410041148,32247.0
0.051023425238147846,0.0012110338566276185,-0.024413432488767577,-0.023960029566128246,-0.004508492168172041,0.015029122692827735,-0.006350048386900559,-0.005260873833026788,-0.002557715583875871,0.004937203676767224,32264.768147684605
-0.32053330432490357,-0.08349047234824429,-0.025902196138701813,-0.025702079692071236,-0.007029896776608329,0.0151189484510812,-0.006197081412812614,-0.0052980296631122675,-0.0025738533386219465,0.004927158681493986,32282.845431789738
0.245343100620513,-0.06954731246657721,-0.015420707313521508,-0.022935959790332024,-0.009198464585157882,0.015175536907637977,-0.006041251683479154,-0.005334905549074408,-0.002589954150668857,0.004917111448159955,32300.922715894867
0.056560233832540815,0.012165234929650368,0.000891219364531067,-0.01663542272541067,-0.011005581210665652,0.015199583710073773,-0.005882619568193022,-0.00537149903016248,-0.00260601786556744,0.004907062000703012,32319.0
-0.0015962685984664926,0.06153259151348275,0.014594499690275736,-0.008224530396378594,-0.012457796229699019,0.015191784505964326,-0.0057212454362470695,-0.005407807645625766,-0.0026220443288685266,0.004897010363061413,32336.768147684605
-0.04063213815343405,0.04730508907026794,0.019122506917510388,0.0008726552976927746,-0.01356165921882537,0.015152836135850173,-0.0055571908498989455,-0.005443828934713549,-0.0026380333861229523,0.004886956559173324,32354.845431789738
-0.002237305016085575,-0.011748571747765649,0.015329380485506815,0.009301136108170389,-0.014323719754612076,0.01508344187357334,-0.005390523804707806,-0.005479560436675104,-0.0026539848828815563,0.004876900612976914,32372.922715894867
-0.009564769491114795,-0.029735077626393696,0.005681656837499114,0.01596597424143699,-0.014750527413626507,0.014984312847900211,-0.005221320151157159,-0.00551499969075971,-0.0026698986646951687,0.004866842548410359,32391.0
0.012656643386477743,0.004089786318452155,-0.006201491486304463,0.019776518967362742,-0.014848631772436047,0.014856168656557693,-0.005049664208691016,-0.005550144236216651,-0.0026857745771146236,0.0048567823894118504,32408.768147684605
-0.018696361023561432,0.012553011934247387,-0.012057005157111417,0.019626310780052992,-0.014625084446829147,0.014699872552731254,-0.0048756672839638665,-0.005584991612295206,-0.0027016124656907598,0.004846720159919533,32426.845431789738
0.020733530623987605,-0.0022524217580209313,-0.006181687587619613,0.014988064141744016,-0.014097310111212503,0.014516761205353737,-0.004699447426385102,-0.0056195393582446525,-0.0027174121759744106,0.004836655883871592,32444.922715894867
-0.02098112910424237,-0.0039711143701139755,0.003223926890786986,0.007645408822601228,-0.013316695086149681,0.014308287951606102,-0.004521122685364115,-0.005653785013314265,-0.0027331735535164126,0.004826589585206187,32463.0
0.01933531515699837,0.0027211862778618646,0.008503486082392122,-3.8797231414727145e-05,-0.01234299059393819,0.014075906128669297,-0.004340811110310289,-0.005687726116753335,-0.002748896443867593,0.004816521287861504,32480.768147684605
0.02029408143631907,0.0019784399158538604,0.006196002930714059,-0.006100331426989143,-0.011235947856875542,0.013821069073724277,-0.0041586307506330175,-0.005721360207811129,-0.0027645806925788003,0.004806451015775708,32498.845431789738
-0.023569224633947814,-0.006773244468820227,-0.00034156969789875545,-0.01019344795473349,-0.010055318097259236,0.013545230123951986,-0.003974699655741689,-0.005754684825736936,-0.0027802261452008568,0.004796378792886972,32516.922715894867
0.005760713812454564,-0.007599402978983016,-0.006151326962012127,-0.01237741912412986,-0.008860852537386792,0.013249842616533385,-0.003789135875045693,-0.005787697509780031,-0.0027958326472846042,0.004786304643133468,32535.0
0.0037210057293035914,-9.390786685312706e-05,-0.0073964886169371555,-0.012781326536140261,-0.007706824449450486,0.01293635988864943,-0.003602057457954425,-0.005820395799189696,-0.0028114000443808717,0.004776228590453363,32552.768147684605
0.03177776024631187,0.005594418928995653,-0.004709494610180926,-0.011813701365882877,-0.006620887828876915,0.012606235277481073,-0.0034135824538772735,-0.005852777233215205,-0.002826928182040503,0.004766150658784838,32570.845431789738
0.022102867335990525,0.012541165072585545,0.00014337573430114276,-0.009953733712901407,-0.005606388815608302,0.012260922120209268,-0.003223828912223629,-0.005884839351105843,-0.0028424169058143237,0.004756070872066048,32588.922715894867
-0.024355357597165894,0.01965149279595481,0.005391348024445222,-0.007680826084975909,-0.004661966073242098,0.011901873754014969,-0.0030329148824028793,-0.00591657969211089,-0.0028578660612531754,0.004745989254235183,32607.0
-0.04160570147663525,0.020612193015201747,0.009264121512098121,-0.005474380989886463,-0.003786258265375749,0.011530543516079123,-0.002840958413824415,-0.0059479957954796225,-0.00287327549390789,0.004735905829230403,32624.768147684605
0.03614400728042975,0.0065100429092533,0.01035457412175678,-0.0037739243772180187,-0.002977904055606704,0.011148384743582686,-0.0026480775558976257,-0.0059790852004613215,-0.0028886450493293032,0.004725820620989887,32642.845431789738
-0.026379373000029384,-0.02164698335077574,0.008615059080994547,-0.002773341234910017,-0.0022355421075324084,0.010756850773706625,-0.0024543903580319134,-0.006009845446305266,-0.002903974573068246,0.004715733653451796,32660.922715894867
0.018039741284707533,-0.01946720126282991,0.004181078536005538,-0.0022821010772464097,-0.0015578110847503121,0.010357394943631875,-0.00226001486963665,-0.006040274072260733,-0.0029192639106755554,0.004705644950554317,32679.0
-0.01656319744541108,0.011219308336827091,-0.002081103574787455,-0.002023538689646053,-0.0009433496508578572,0.009951470590539399,-0.0020650691401212424,-0.006070368617577005,-0.0029345129077020765,0.004695554536235617,32696.768147684605
-0.006848040932705872,0.017038105645440844,-0.008627560184201922,-0.001720988857527805,-0.000390796469452493,0.009540531051610145,-0.001869671218895062,-0.006100126621503364,-0.002949721409698625,0.004685462434433848,32714.845431789738
0.030139996487431573,0.0011471457178877109,-0.013816396489616987,-0.001097786366310519,0.00010120979586833043,0.009126029664025072,-0.0016739391553675198,-0.00612954562328908,-0.0029648892622160536,0.004675368669087214,32732.922715894867
-0.036077181323946335,-0.011985482730654204,-0.014844438563031687,0.000156203016463004,0.0005340304815071702,0.00870941976496513,-0.0014779909989479953,-0.006158623162183442,-0.002980016310805183,0.004665273264133853,32751.0
0.006698250751288115,-0.0022831924952074365,-0.009725622749532755,0.0022828040494607773,0.0009090269238665737,0.008292154691611278,-0.001281944799045879,-0.006187356777435727,-0.002995102401016857,0.004655176243511958,32768.768147684605
0.032640082544227275,0.007925932946520178,-0.0005289062611864124,0.00474856832805316,0.0012275604593491027,0.00787568778114446,-0.001085918605070559,-0.006215744008295211,-0.0030101473784019104,0.0046450776311596975,32786.845431789734
-0.024816370162563273,-0.0016608410276175462,0.009416064428198652,0.006817861902317107,0.0014910827475082859,0.007461382047594655,-0.000890030466431435,-0.006243782394011177,-0.0030251510885111743,0.004634977451015241,32804.92271589487
0.007583096710865151,-0.007613006998677741,0.01559051250634351,0.00775505082232955,0.001701407593434283,0.007050238359455211,-0.0006943984325378871,-0.006271469473832908,-0.0030401133768954854,0.0046248757270167685,32823.0
-0.00983080537964208,0.009634077381937762,0.01419473442964805,0.007029330764301605,0.0018608973367282091,0.006643163850337707,-0.0004991405527993078,-0.006298802787009676,-0.0030550340891056767,0.004614772483102439,32840.768147684605
0.020751480591605916,0.01173143921897007,0.007690658625479061,0.004929215908981061,0.0019737343684406634,0.006241064800921039,-0.00030437487662509434,-0.006325779872790759,-0.0030699130706925864,0.004604667743210435,32858.845431789734
-0.02971128636484678,-0.007706124322209019,-0.0006035429500519379,0.001948050063249879,0.0020445558792514377,0.005844847491884096,-0.00011021945342463083,-0.006352398270425447,-0.003084750167207046,0.004594561531278899,32876.92271589487
0.03874202436327169,-0.021901012430756824,-0.008207873588027425,-0.001420822966009982,0.00207799905984033,0.0054554182039057665,8.320766739268604e-05,-0.006378655519163007,-0.0030995452241998913,0.004584453871246035,32895.0
0.020580563038527414,-0.02673978598699543,-0.012813194538660602,-0.004684059371916561,0.002078702854283436,0.005073681464268629,0.00027578843641747633,-0.006404549158252729,-0.0031142980872219577,0.0045743447870500095,32912.768147684605
0.019141725254888813,-0.02728519541636872,-0.012678362967428986,-0.007360375218604948,0.0020513959233832957,0.004700452083528835,0.00046740480424034385,-0.006430076726943889,-0.00312900860182408,0.004564234302628981,32930.845431789734
-0.010507457440586905,-0.021370936914938986,-0.008488402791036418,-0.009077510001452523,0.002001195136135109,0.004336156664049861,0.0006579387214518983,-0.006455235764485765,-0.0031436766135570933,0.004554122441921134,32948.92271589487
-0.059990377550925435,-0.006054358693033689,-0.0021130662021277037,-0.0097183988755501,0.0019335226336015623,0.003980916536127712,0.0008472721386427486,-0.006480023810127637,-0.003158301967971837,0.004544009228864646,32967.0
-0.011961358049533851,0.018141088546745912,0.0044237115164832514,-0.00922576085107713,0.001852856851501164,0.0036347966433170962,0.001035287006403505,-0.006504438403118786,-0.0031728845106191355,0.004533894687397669,32984.768147684605
0.023238672457955092,0.03908755973402453,0.009097995081982524,-0.007538314569871227,0.0017596883896509367,0.0032978493967323786,0.001221865275324781,-0.006528477082708491,-0.003187424087049831,0.004523778841458388,33002.845431789734
0.044883092303644706,0.04272190286069181,0.00988584921155618,-0.0045937785816845475,0.001653597534269545,0.0029700374290008214,0.001406888895997181,-0.006552137388146027,-0.003201920542814756,0.00451366171498494,33020.92271589487
0.00497486068524632,0.02083612313725165,0.005655888659285854,-0.0004821595573908889,0.0015343890103327188,0.0026510989339926256,0.0015902398190113212,-0.006575416858680685,-0.003216373723464749,0.004503543331915577,33039.0
-0.020978737798181362,-0.012888147290231014,-0.001153071673164607,0.004097383347649347,0.0014019773153761289,0.0023406623330180457,0.0017717999949577957,-0.006598313033561727,-0.003230783474550637,0.0044934237161883914,33056.768147684605
0.009177672131499242,-0.03847562887054744,-0.007209666847235795,0.008293402856954105,0.0012564139647780624,0.002038219029544719,0.0019514513744272315,-0.006620823452038448,-0.003245149641623264,0.004483302891741587,33074.845431789734
-0.004202869276966169,-0.037382982570880595,-0.009552131279451431,0.011281326596911114,0.0010981278844731668,0.0017428830164839296,0.002129075908010229,-0.006642945653360119,-0.0032594720702334573,0.004473180882513335,33092.92271589487
0.004278984003203305,-0.013233683878811039,-0.00720877421975008,0.012531165769682634,0.0009278763243934188,0.0014534399627496206,0.002304555546297408,-0.006664677176776026,-0.0032737506059320612,0.0044630577124418,33111.0
-0.011850931842819002,0.017037399807053467,-0.0016242139254828505,0.012287453376522121,0.0007471715070680333,0.001168609525618751,0.00247777223987936,-0.006686015561535438,-0.003287985094269897,0.004452933405465155,33128.768147684605
0.021356865784911697,0.021682848122115357,0.005245253932916782,0.010979050539137506,0.0005602822454459648,0.0008871106157894842,0.0026486079393467127,-0.006706958346887647,-0.0033021753807978096,0.004442807985521571,33146.845431789734
-0.027934556246183323,0.0003175370335135256,0.01118945308580588,0.009034129418276476,0.0003721663134363962,0.0006076621439599939,0.0028169445952900616,-0.00672750307208192,-0.0033163213110666357,0.004432681476549239,33164.92271589487
0.016394618243375313,-0.012201884406834665,0.012940985989833693,0.00692256105155649,0.0001877814849485179,0.00032898302082844685,0.0029826641583000357,-0.006747647276367554,-0.0033304227306272,0.004422553902486303,33183.0
0.032844737843937655,-0.007015079239246289,0.0077917706465060535,0.005128680613103063,1.2085533891519245e-05,4.979215709301738e-05,0.003145648578967222,-0.006767388498993808,-0.0033444794850303484,0.004412425287270948,33200.768147684605
-0.034302288459059256,0.005348042238865637,-0.0025404614736465854,0.0035691966700273975,-0.0001499637658254142,-0.00023119153654812286,0.003305779807882241,-0.006786724279209973,-0.0033584914198269097,0.004402295654841346,33218.845431789734
0.03576115678826701,0.002735086990267649,-0.013079873257753739,0.0020084864184696937,-0.0002934086402930969,-0.0005152491493968054,0.0034629397956357044,-0.006805652156265327,-0.0033724583805677176,0.004392165029135661,33236.92271589487
-0.03516077617439711,-0.0031291406755414035,-0.01795135772547165,0.0002109270545701379,-0.0004132913156023349,-0.0008036617707548579,0.0036170104928182167,-0.006824169669409147,-0.003386380212803609,0.004382033434092069,33255.0
0.030898520426616023,0.004815877077329774,-0.012897845000231169,-0.001996238182140232,-0.0005046578208007278,-0.0010977066869673276,0.003767873850020395,-0.006842274357890717,-0.003400256762085419,0.0043719008936487416,33272.768147684605
0.003055607071634186,0.006287113747415511,-0.0004861377483209034,-0.0045343018785670135,-0.0005627283335018482,-0.0013984870358132809,0.003915411817832838,-0.00685996376095931,-0.0034140878739639838,0.004361767431743854,33290.845431789734
-0.011332296321566578,-0.0030748345553833663,0.01425181327175862,-0.007261690578224965,-0.0005835992349184898,-0.0017062297514725652,0.004059506346846165,-0.006877235417864214,-0.003427873393990135,0.004351633072315573,33308.92271589487
0.0005530444775540508,-0.013787593728761639,0.02322826499634023,-0.010036830824628829,-0.0005645158985441332,-0.00202001277584434,0.004200039387650981,-0.006894086867854702,-0.003441613167714707,0.004341497839302071,33327.0
-0.01619402486262214,0.004286257197428969,0.019905330534839873,-0.012666163640057805,-0.0005031925753264792,-0.0023384451733735484,0.0043368928908378976,-0.006910515650180055,-0.003455307040688544,0.004331361756641524,33344.768147684605
0.018639005975714912,0.02258280075298946,0.00726735470264529,-0.014748187961848801,-0.00039762079937859354,-0.0026598587253397667,0.004469948806997523,-0.006926519304089552,-0.0034689548584624697,0.004321224848272099,33362.845431789734
-0.006950431520679425,0.008280681754791495,-0.0091087866621054,-0.015829417206103192,-0.00024585056540646084,-0.0029825267524296447,0.004599089086720464,-0.006942095368832473,-0.0034825564665873225,0.0043110871381319615,33380.92271589487
-0.02530960783850091,-0.019811572912694104,-0.02281739781542106,-0.015455454368564131,-4.6842288474296835e-05,-0.0033047225753298245,0.004724195680597342,-0.006957241383658102,-0.0034961117106139363,0.004300948650159292,33399.0
0.031242876573266767,-0.031156311379173594,-0.02724557803684738,-0.013168260763541908,0.00019688338059733183,-0.003624800960403418,0.004845150539218753,-0.006971954887815711,-0.003509620436093153,0.0042908094082922685,33416.768147684605
0.009779164763111404,-0.013605873571608137,-0.018229821928987384,-0.008746243662145652,0.0004822235897409194,-0.003941444893124811,0.004961835613175311,-0.00698623342055458,-0.003523082488575795,0.00428066943646904,33434.845431789734
-0.0485495107334771,0.019587317896893868,-0.0014042053866739838,-0.0029172358441124408,0.0008061666781869603,-0.00425342855026639,0.0050741328530576274,-0.007000074521123994,-0.0035364977136127097,0.004270528758627811,33452.92271589487
0.054574297764920114,0.029912376967512398,0.015147800372202534,0.003353573533663624,0.001165703421571327,-0.004559528545005919,0.005181924209456316,-0.007013475728773233,-0.003549865956754723,0.004260387398706715,33471.0
0.06087673016042268,0.005731366014908356,0.024727083475568856,0.009100995314288455,0.0015578245955298895,-0.004858521490521161,0.005285091632961978,-0.00702643458275157,-0.0035631870635526738,0.004250245380643941,33488.768147684605
-0.05873454752158779,-0.0241296160927856,0.026171969434619868,0.013359840340867964,0.0019795209756985287,-0.0051491839999898825,0.005383517074165223,-0.007038948622308283,-0.0035764608795573975,0.004240102728377688,33506.845431789734
0.04948726584716442,-0.022740657316930965,0.01958686370723323,0.015396391236419307,0.002427783337713116,-0.005430292686589852,0.005477082483656664,-0.007051015386692655,-0.0035896872503197257,0.004229959465846092,33524.92271589487
0.028935740144786108,0.001595326788029581,0.005969343474898976,0.015402064624380447,0.002900355576433735,-0.005700624163498829,0.00556566981202692,-0.007062632415153976,-0.003602866021390497,0.004219815616987318,33543.0
-0.022446003935707906,0.01834852019136867,-0.008336136199430957,0.013797389402043832,0.003397341092777248,-0.005958955043894587,0.005649161009866582,-0.007073797246941508,-0.003615997038320545,0.004209671205739572,33560.768147684605
0.013585209293454087,0.007906905895873811,-0.017093974281077392,0.01100475323083801,0.003916984523524385,-0.006204061940954876,0.005727438027766275,-0.007084507421304542,-0.0036290801466607025,0.004199526256040997,33578.845431789734
-0.00580356105684658,-0.0096933431250869,-0.019969143129048354,0.007447196743031605,0.004456877534615841,-0.006434721467857478,0.0058003828163166,-0.007094760477492352,-0.0036421151919618067,0.004189380791829778,33596.92271589487
-0.012313609576113568,-0.018278556849341206,-0.01806932096265936,0.0035153230827789893,0.005014611791992265,-0.006649710237780151,0.005867877326108166,-0.007104553954754216,-0.003655102019774694,0.004179234837044102,33615.0
0.01570170989869256,-0.012306911653169297,-0.012536699502392562,-0.000515845458688398,0.005587778961594338,-0.006847804863900658,0.005929803507731598,-0.007113885392339429,-0.003668040475650194,0.004169088415622092,33632.768147684605
-0.018243335920332067,0.0008901729544505095,-0.005138086795110938,-0.004347047680116508,0.006173970709362722,-0.007027781959396769,0.005986043311777486,-0.007122752329497248,-0.0036809304051391464,0.0041589415515019615,33650.845431789734
0.005841243031787273,0.017800648465749518,0.0021954456586988284,-0.007664853280717088,0.00677077870123809,-0.007188418137446247,0.006036478688836444,-0.007131152305476962,-0.003693771653792383,0.004148794268621871,33668.92271589487
0.018137010082690603,0.028500893110297,0.007532826358550027,-0.010155831959701885,0.00737579460316111,-0.007328490011226856,0.00608099158949909,-0.007139082859527852,-0.00370656406716074,0.004138646590919983,33687.0
-0.01726289798838268,0.024620070604886128,0.009377624865126185,-0.011506553416282652,0.00798661008107245,-0.007446774193916359,0.00611946396435603,-0.007146541530899201,-0.0037193074907950524,0.004128498542334493,33704.768147684605
-0.009404668748734983,0.005578104768178497,0.008086576392255301,-0.011516195363301167,0.008598823406079236,-0.007542047298692536,0.006151777763997873,-0.0071535258588402845,-0.003732001770246154,0.004118350146803553,33722.845431789734
0.01920253609769506,-0.021460747505702864,0.004909462848789974,-0.010433690583380428,0.009199382285215425,-0.007613085938733131,0.006177815494560241,-0.007160033938145392,-0.0037446467510648834,0.004108201428265336,33740.92271589487
-0.022993842331493,-0.04250683214417101,0.0012106675520463877,-0.00861787193381782,0.009770533091725793,-0.007658666727215923,0.006197461884358828,-0.007166066085788891,-0.0037572422788020683,0.004098052410658017,33759.0
0.028045042246900662,-0.045510900240243186,-0.0016454261806592677,-0.00642689528717181,0.010293845214116184,-0.007677566277318674,0.006210602217254329,-0.007171623174290145,-0.003769788199008552,0.00408790311791976,33776.768147684605
-0.021269765542835065,-0.029010326520377022,-0.0026050386630502866,-0.0042058875926038256,0.010750888040892439,-0.007668564080874329,0.0062171246557626335,-0.0071767060761685295,-0.003782284357235163,0.004077753573988763,33794.845431789734
-0.03715961226931153,-0.0018527956875646707,-0.0019024302488154755,-0.0022022345898795133,0.011123230960560407,-0.007630490446899291,0.0062169684212983614,-0.007181315905658701,-0.0037947305990327397,0.004067603802803156,33812.92271589487
-0.038276455404977254,0.029089193166681383,-0.00028747208470751996,-0.0004452859333430896,0.01139244336162594,-0.007562335773315967,0.006210233822482131,-0.007185454775295309,-0.003807126769952115,0.004057453828301139,33831.0
0.022844446606831045,0.053040441921739505,0.0013543187715381278,0.0011712546336440047,0.011540094632594878,-0.007463129760609458,0.006197060837967891,-0.007189125165083633,-0.0038194727155441244,0.004047303674420884,33848.768147684605
0.03465305082973289,0.05308035664883359,0.0021651004645884104,0.002776188466514096,0.01154800180832023,-0.007332149755612036,0.006177589477848454,-0.007192329586467806,-0.003831768281359604,0.004037153365100531,33866.845431789734
0.01685534445431737,0.021943362109371416,0.001657617300639816,0.0043966819420185686,0.011399123967816052,-0.007169815149317026,0.0061519597522166364,-0.0071950705508919705,-0.003844013312949387,0.004027002924278301,33884.92271589487
-0.022370058030145863,-0.022069844447374726,7.211775187065815e-06,0.005720403461062158,0.011077273671533069,-0.006977398814154409,0.006120311671165246,-0.007197350569800264,-0.0038562076558643077,0.004016852375892352,33903.0
0.0159712908148072,-0.05104662869938931,-0.002712971757918365,0.006605449544256753,0.010566414938694367,-0.0067563250813265354,0.0060827852447870815,-0.00719917215463681,-0.0038683511556552043,0.004006701743880834,33920.768147684605
-0.011383834164912133,-0.043798914119000484,-0.00638718186832222,0.006989345035755038,0.009853706775376607,-0.006508018282035772,0.00603952048317497,-0.0072005378168457585,-0.0038804436578729054,0.003996551052181929,33938.845431789734
0.009425068488443667,-0.01661927233796017,-0.010402640920960795,0.006800897432431369,0.008938920877814081,-0.006233902747484467,0.005990657396421709,-0.007201450067871234,-0.0038924850080682524,0.003986400324733783,33956.92271589487
-0.011614236888817768,0.004981231746519153,-0.014021340893873219,0.005964459796967905,0.007826283376433292,-0.005935402808874984,0.005936335994620106,-0.007201911419157372,-0.003904475051792077,0.003976249585474615,33975.0
-0.007825420283224723,0.020659967560063504,-0.016505273765098614,0.0043968385438432405,0.006527567049864305,-0.005613942797409683,0.005876696287862975,-0.00720192438214831,-0.003916413634595214,0.003966098858342565,33992.768147684605
-0.016994511631502018,0.03643166447849332,-0.017116431512676094,0.002012911611170923,0.005056473153102212,-0.005270947044290914,0.005811878286243123,-0.0072014914682881825,-0.003928300602028501,0.003955948167275824,34010.845431789734
0.020759011612831453,0.03734315683998178,-0.015343073655367174,-0.0011748329677697433,0.0034267029411421193,-0.004907839880721031,0.005742021999853363,-0.007200615189021126,-0.003940135799642772,0.003945797536212546,34028.92271589487
-0.021590851305665824,0.013882277243841317,-0.011459282502068492,-0.004760559328781024,0.0016519576689791424,-0.004526045637902403,0.005667267438786499,-0.007199298055791273,-0.003951919072988856,0.003935646989090915,34047.0
0.019923707832910278,-0.014169912532446502,-0.005453228641185084,-0.008264381481674125,-0.0002540614083916309,-0.0041269886470373775,0.005587754613135344,-0.007197542580042762,-0.003963650267617597,0.003925496549849108,34064.768147684605
0.005910830921343756,-0.030087839207286346,0.002946923792417649,-0.011344265066790095,-0.0022776530359750733,-0.003712093239328323,0.005503623532992701,-0.007195351273219721,-0.003975329229079822,0.003915346242425273,34082.845431789734
-0.017722616211434943,-0.03243147304264201,0.013936020041480937,-0.013693365494666302,-0.004405115958776107,-0.003282783745977583,0.005415014208451387,-0.0071927266467662915,-0.003986955802926372,0.003905196090757591,34100.92271589487
0.02160350294096662,-0.016954854389128905,0.026940704759935083,-0.015004838175840095,-0.006622748921799603,-0.002840484498187529,0.005322066649604213,-0.0071896712121266105,-0.003998529834708078,0.0038950461187842456,34119.0
-0.028764378853426798,0.017492776607407515,0.03999752613531238,-0.014971838520848862,-0.00891685067005047,-0.0023866198271605093,0.005224920866543974,-0.007186187480744804,-0.004010051169975774,0.0038848963504434005,34136.768147684605
0.035142127049493106,0.038804702943483683,0.050823553336693035,-0.013295810231680824,-0.011265431657082756,-0.0019226140640988773,0.005123716869363494,-0.007182277964065019,-0.004021519654280299,0.003874746809673237,34154.845431789734
-0.03693209912566153,0.0193430863051337,0.05702048526314398,-0.009711058892374065,-0.013613640454400633,-0.0014498915402050008,0.005018594668155577,-0.00717794517353138,-0.004032935133172486,0.003864597520411885,34172.92271589487
0.036685943942241464,-0.013731551638083215,0.05583021693506094,-0.0040606904447852065,-0.015899502477071663,-0.0009698765866812345,0.004909694273013025,-0.007173191620588022,-0.004044297452203173,0.003854448506597596,34191.0
-0.04544357035564655,-0.04825749101661156,0.044867757657554345,0.0033239958982546995,-0.01806133442391699,-0.00048399353472993286,0.004797155694028665,-0.007168019816679092,-0.004055606456923186,0.0038442997921684426,34208.768147684605
0.009247890361854418,-0.06307087095091926,0.022176896933916487,0.011682920725732737,-0.02003745299375772,6.33328444654749e-06,0.004681118941295288,-0.0071624322732487125,-0.004066861992883366,0.0038341514010626736,34226.845431789734
0.1332518542445369,-0.025905795489415986,-0.012110830824036158,0.02017422887743609,-0.02176617488541503,0.0004996795396458493,0.004561724024905706,-0.007156431501741021,-0.004078063905634549,0.003824003357218436,34244.92271589487
-0.2193016132612682,0.05854421738565204,-0.04984001456719013,0.027956065193151833,-0.023185816797709997,0.0009946208996656077,0.004439110954952739,-0.007150020002846998,-0.0040892120514807225,0.0038138556845738764,34263.0
-0.10899885247276014,0.08395249939551354,-0.08101368718637396,0.03418657451266713,-0.024234695429463795,0.001489733033303477,0.004313419741529182,-0.00714320023424499,-0.004100306329738513,0.0038037084070672252,34280.768147684605
0.4234203557846316,0.040606133745947744,-0.09746969254873565,0.0380239016757691,-0.024851127479497543,0.001983591609357092,0.004184790394727861,-0.007135974642860201,-0.004111346650477693,0.0037935615486366847,34298.845431789734
0.46538947981480283,-0.04202699807030968,-0.09610260821819719,0.03880987780273667,-0.024973460548363212,0.0024748031983549404,0.0040533629246415695,-0.007128345675617805,-0.004122332923768042,0.0037834151332201984,34316.92271589487
-0.4619546638026305,-0.09081420425699384,-0.07571891545990238,0.03663897853150003,-0.024557880877034484,0.0029619136155632116,0.003919277341363125,-0.00712031577944301,-0.004133265059679332,0.00377326918475619,34335.0
-0.01350401330162177,-0.005323919374773039,-0.039020900648976224,0.031860963363217344,-0.02363146574220924,0.003442762129236143,0.0037826736549853306,-0.007111887401260999,-0.004144142968281348,0.0037631237271826775,34352.768147684605
0.30860731110401995,0.08270207931349485,-0.003559325478502605,0.024843491194730748,-0.022239007454083668,0.003915003645442274,0.0036436918756010037,-0.007103062987996969,-0.004154966559643865,0.0037529787844380485,34370.845431789734
-0.22027432369570787,0.029583864401303537,0.015695711398275507,0.015954220922882383,-0.020425298322853943,0.004376293070250156,0.0035024720133029486,-0.007093844986576114,-0.004165735743836659,0.0037428343804601348,34388.92271589487
0.16934117745115165,-0.07343634725713499,0.02894523880543746,0.005560811444514398,-0.018235130658716257,0.004824285309728337,0.003359154078183969,-0.007084235843923618,-0.004176450430929506,0.0037326905391873977,34407.0
-0.00743117256126886,-0.009863115200820144,0.05037414421810368,-0.0059690783435310535,-0.0157132967718668,0.005256635269945355,0.00321387808033689,-0.0070742380069646876,-0.004187110530992187,0.003722547284557862,34424.768147684605
-0.19070714276527093,0.08347947583083175,0.084931622238237,-0.01826778954441185,-0.012904588972501765,0.005670997856969764,0.003066784029854504,-0.007063853922624503,-0.0041977159540944765,0.0037124046405097554,34442.845431789734
0.22170445225386817,0.01981987637511882,0.12845837774406949,-0.03096766326128578,-0.009853799570817327,0.006065027976870102,0.0029180119368296307,-0.007053086037828266,-0.0042082666103061515,0.00370226263098131,34460.92271589487
-0.23839957103233037,-0.1277738280657007,0.14959684959206832,-0.04370104059731073,-0.006605720877009682,0.00643638053571492,0.0027677018113550695,-0.0070419367995011575,-0.004218762409696992,0.0036921212799105275,34479.0
0.18046880409551277,-0.09347128512243086,0.11905049656460745,-0.05593974969634097,-0.003205145201275021,0.006782710439572763,0.0026159936635236428,-0.007030408654568384,-0.004229203262336772,0.0036819806112357114,34496.768147684605
0.2430447013912694,0.07988936089522067,0.04556111525125,-0.06651356686501594,0.00030313514619047997,0.007101672594512173,0.0024630275034281477,-0.007018504049955128,-0.0042395890782952715,0.0036718406488950276,34514.845431789734
-0.20222307859777092,0.24179622116629448,-0.04288494299990282,-0.07409175545067183,0.0038743278551906187,0.0073909219066016964,0.0023089433411614,-0.007006225432586583,-0.004249919767642267,0.003661701416826549,34532.92271589487
-0.3040872502570511,0.2225808833028021,-0.11845528834099467,-0.07734576494689756,0.00746582676178231,0.007648113281909882,0.0021538811868162065,-0.006993575249387948,-0.004260195240447534,0.00365156293896857,34551.0
0.34440718864023906,-0.0486789673673296,-0.16431734525233518,-0.07494966651910236,0.011037647373842616,0.007870901626505273,0.0019979810504853774,-0.00698055594728441,-0.004270415406780852,0.003641425239259164,34568.768147684605
0.4461587072474919,-0.30962615886071193,-0.16623274430342885,-0.0657109733190267,0.014527499692732855,0.008056941846456413,0.0018413829422617189,-0.00696716997320116,-0.004280580176712,0.0036312883416366156,34586.845431789734
0.2036813782130958,-0.3708823958709496,-0.11174423845709507,-0.04950768000990843,0.017866970806622157,0.008203885455296893,0.0016842302647730061,-0.0069534197740634,-0.004290689460310753,0.0036211522700389715,34604.92271589487
-0.5322382566345863,-0.13515527504370015,-0.006834952598024814,-0.028187986561037295,0.020987647803679642,0.008309370396420473,0.001526679990786821,-0.00693930779679631,-0.004300743167646887,0.003611017048404368,34623.0
0.4872350264958627,0.3298728316539575,0.10418919620076253,-0.004053707395004327,0.023821117772074407,0.008371034670301874,0.001368889035989808,-0.006924836488325094,-0.00431074120879018,0.0036008827006710916,34640.768147684605
-0.3768444760060554,0.3732851496127623,0.16804262091034095,0.02059334306559933,0.026298967799975585,0.008386534635311667,0.001210995958172742,-0.006910008295574934,-0.0043206834938104115,0.003590749250777603,34658.845431789734
0.2444101743806846,-0.06964685867109016,0.14672634418908176,0.043589861473910516,0.028352784975552284,0.008353548337165033,0.0010531176277818024,-0.006894825665471027,-0.004330569932777358,0.0035806167226615495,34676.92271589487
-0.14055722841723822,-0.32590806915915915,0.06336668596065297,0.0633477302698681,0.029914156386973628,0.008269758381009308,0.0008953663558310074,-0.006879291044938571,-0.004340400435760796,0.0035704851402613195,34695.0
-0.007347997338033858,-0.16747703218134333,-0.0431258296293452,0.07850190890470449,0.030914669122408752,0.008132847371991842,0.0007378544533343559,-0.006863406880902749,-0.0043501749128305005,0.0035603545275149666,34712.768147684605
0.06180344107061353,0.12731117366113498,-0.13153317803840067,0.08770849831354327,0.03128591027002676,0.00794049791525998,0.0005806942313058691,-0.006847175620288765,-0.0043598932740562535,0.003550224908360878,34730.845431789734
-0.058573075655371495,0.2343510452132388,-0.16005517425380078,0.08962359943150817,0.030958489126951608,0.007691370407006237,0.0004239980007595504,-0.006830599710021802,-0.00436955542950783,0.0035400963067371083,34748.92271589487
0.05982935397369549,0.0833857101500056,-0.10303216059820426,0.08344846856160781,0.029885781009781908,0.007388036407603833,0.00026787807270940397,-0.006813681597027056,-0.0043791612892550074,0.0035299687465818602,34767.0
-0.034398350640547894,-0.128651942630156,0.0006334112642441059,0.0705649834783906,0.028126892178692853,0.007034045268471147,0.00011244675816945029,-0.006796423728229716,-0.004388710763367565,0.0035198422518332986,34784.768147684605
-0.0903196112827131,-0.19430216152044513,0.09732073559571273,0.05290017732429012,0.02576760607751495,0.006632946341026581,-4.218363184631331e-05,-0.00677882855055498,-0.004398203761915278,0.003509716846429589,34802.845431789734
0.1482318598272396,-0.006560345249098628,0.14728044742876292,0.03238108324173972,0.02289370615007875,0.006188288976688511,-0.0001959007863238698,-0.006760898510928042,-0.00440764019496792,0.00349959255430886,34820.92271589487
-0.25220361407509106,0.21344390784378015,0.1450431162128028,0.010807964112627163,0.01959097584021481,0.005703622526875324,-0.0003485923942492138,-0.0067426360562740815,-0.0044170199725952755,0.0034894693994093322,34839.0
0.40034174896477154,0.20393889030216494,0.09716804283647157,-0.010525998223342985,0.015945198591753654,0.0051824963430054105,-0.0005001461446083295,-0.006724043633518305,-0.004426343004867116,0.003479347405668931,34856.768147684605
0.22482529653434288,0.034774718343414106,0.02369690914253077,-0.030454392187011892,0.012042157848525832,0.00462845977649716,-0.0006504497263872135,-0.006705123689585899,-0.004435609201853223,0.0034692265970265052,34874.845431789734
0.19486479087946385,-0.17481480914683165,-0.05198970035286441,-0.04781080619922072,0.007967637054361904,0.004045062178768952,-0.0007993908285718434,-0.006685878670369596,-0.004444818474655843,0.0034591069974196195,34892.92271589487
-0.8857910263849185,-0.3156658726520426,-0.10651120113355869,-0.061428828680810656,0.003807419653092397,0.003435852901239181,-0.0009468571401482251,-0.006666311007167961,-0.004453970748971365,0.0034489886307864123,34911.0
-0.3267544358523702,-0.30993267302734295,-0.12161996610322526,-0.07014204805262285,-0.0003527109114521429,0.002804381295326243,-0.0010927363501023499,-0.006646423088389988,-0.004463065993385771,0.0034388715210654456,34928.768147684605
0.5311821169603741,-0.1999114670940531,-0.1006132006812969,-0.07314599933037638,-0.004426971195441173,0.002154196712448498,-0.0012369161474201924,-0.0066262172919803915,-0.004472104186949316,0.0034287556921947836,34946.845431789734
0.9070325621983821,-0.05542213219017709,-0.05597307905281357,-0.07108331938265504,-0.008330262281690613,0.0014888485040243618,-0.00137928422108776,-0.006605695995883883,-0.004481085308712259,0.0034186411681123878,34964.92271589487
-0.730289662561795,0.11125089634612194,-0.0011947782392584783,-0.06494674626386415,-0.01198933066207296,0.0008118860214722113,-0.0015197282600910359,-0.00658486157804517,-0.004490009337724861,0.0034085279727568488,34983.0
0.4894623016106044,0.37844876182246634,0.050226524737884734,-0.055691904291879944,-0.015368036564989734,0.00012685861621041994,-0.0016581359534160063,-0.006563716416408976,-0.0044988762530373755,0.003398416130065501,35000.768147684605
-0.26519969313280156,0.41620961432562437,0.08479565285713205,-0.04426531048210776,-0.01843934752131316,-0.0005626843603425937,-0.0017943949900486671,-0.006542262888920011,-0.004507686033700055,0.003388305663977396,35018.845431789734
0.12628208257018655,0.05087962652438526,0.09262252930439663,-0.03161348184995324,-0.021176231061915417,-0.0012531935567684708,-0.0019283930589750115,-0.006520503373522979,-0.0045164386587631675,0.0033781965984302563,35036.92271589487
-0.02374216712583211,-0.28260290453444853,0.078168223380705,-0.018613680696348753,-0.023551654717668725,-0.0019411196216488136,-0.0020600178491810136,-0.006498440248162601,-0.004525134107276963,0.0033680889573624315,35055.0
-0.10315438079479129,-0.3852026392829364,0.04922188573658815,-0.005866150464334452,-0.025538586019445277,-0.002622913203565232,-0.002189157049652693,-0.006476075890783581,-0.0045337723582916985,0.0033579827647119767,35072.768147684605
0.18141854715478542,-0.21521146583148054,0.013390595821035892,0.006098120117522579,-0.027109992498117283,-0.003295024951099348,-0.002315698349376012,-0.006453412679330639,-0.004542353390857635,0.0033478780444171677,35090.845431789734
0.16944995423741152,0.048507761734751194,-0.022169832865234246,0.016748142320655288,-0.028238841684556922,-0.003953905512832755,-0.0024395294373369867,-0.006430452991748483,-0.004550877184025028,0.0033377748204160593,35108.92271589487
0.023631372884829062,0.22236581090043087,-0.0504164033085728,0.0255529274164966,-0.028898101109636434,-0.004596005537347077,-0.0025605380025215782,-0.006407199205981836,-0.004559343716844138,0.003327673116646927,35127.0
-0.1259711166500071,0.2726449013290175,-0.06430611849533029,0.03198148667647943,-0.029060738304227993,-0.00521777567322394,-0.0026786117339157953,-0.0063836536999753975,-0.004567752968365216,0.0033175729570479283,35144.768147684605
-0.2296784029893855,0.22907369007998826,-0.0591575513099529,0.03566993274935889,-0.028699594367628586,-0.0058157930006201355,-0.0027936383205056318,-0.0063598188516738865,-0.004576104917638525,0.0033074743655571908,35162.845431789734
-0.2953420211115917,0.13264535465191093,-0.03973555422926942,0.03692278379317882,-0.0277866707891926,-0.006387474209635127,-0.002905505451277063,-0.006335697039022015,-0.004584399543714317,0.003297377366112935,35180.92271589487
-0.057459301593421754,0.023596336662633232,-0.013166549628204117,0.03622253720542288,-0.026303384954249696,-0.0069316979565107115,-0.0030141008152160926,-0.006311290639964493,-0.004592636825642855,0.0032872819826532157,35199.0
0.133120994923022,-0.06842949220468511,0.013423040118318528,0.034108571591581885,-0.024287701572494918,-0.007447676781130469,-0.003119312101308712,-0.0062866020324460325,-0.004600816742474394,0.0032771882391163373,35216.768147684605
0.21350611016038168,-0.11698726263162994,0.03290679263537419,0.031184622457411194,-0.021841942253887785,-0.007934623223378052,-0.003221026998540897,-0.006261633594411354,-0.00460893927325919,0.003267096159440428,35234.845431789734
0.10140039841649677,-0.1066671141188883,0.03988118179193695,0.028067795068202752,-0.01908179836792446,-0.00839174982313702,-0.0033191331958986564,-0.006236387703805158,-0.004617004397047503,0.003257005767563639,35252.92271589487
0.005254622602708402,-0.058871179756234335,0.03594734085207952,0.025262120269744132,-0.016122961284101175,-0.008818269120291006,-0.003413518382367958,-0.0062108667385721685,-0.004625012092889587,0.003246917087424182,35271.0
-0.09292109878656152,-0.007179844460430123,0.024881597001790857,0.022808450893490876,-0.013070242035599934,-0.009213393654723592,-0.0035040702469348204,-0.006185073076657087,-0.004632962339835701,0.003236830142960204,35288.768147684605
-0.06761264189055126,0.02207250148542993,0.010573351846564433,0.020591044006137437,-0.009984930310346113,-0.009576335966318374,-0.0035906764785852176,-0.006159009096004636,-0.004640855116936106,0.003226744958109852,35306.845431789734
0.008125735608843566,0.02893352628832238,-0.003187669955526784,0.018483276338064167,-0.006917435459950978,-0.009906308594958958,-0.0036732247663051427,-0.006132677174559524,-0.004648690403241053,0.0032166615568113466,35324.92271589487
0.031993067006667826,0.01959730959711004,-0.013441446165229427,0.016358524619651392,-0.003918166836025758,-0.010202524080528968,-0.003751602799080581,-0.006106079690266461,-0.004656468177800802,0.00320657996300283,35343.0
0.006718198506440367,0.004731773616146502,-0.01905161000726178,0.014090165581279417,-0.0010375337901816933,-0.01046419496291199,-0.003825698265897523,-0.006079219021070165,-0.004664188419665612,0.0031965002006224845,35360.768147684605
-0.02435403917618257,-0.006894149333209443,-0.019334151024891676,0.01156519060082597,0.0016818013678842273,-0.01069053378199162,-0.003895398855741971,-0.006052097544915343,-0.004671851107885739,0.003186422293608472,35378.845431789734
-0.0332767968591451,-0.009795721090434579,-0.01418629260912702,0.008763012430684123,0.004228164496131974,-0.010880753077651467,-0.0039605922575999,-0.006024717639746714,-0.0046794562215114405,0.0031763462658989747,35396.92271589487
0.011975235674262452,-0.000563724194803883,-0.005686411313340532,0.005828509608847405,0.006597628494435796,-0.011034065389775135,-0.004021166160457321,-0.00599708168350898,-0.0046870037395929705,0.0031662721414321524,35415.0
0.03688953335718855,0.009879290853847046,0.002884756768686468,0.0029445234578351527,0.00878626626266992,-0.011149683258246236,-0.004077008253300196,-0.005969192054146869,-0.004694493641180595,0.0031561999441461854,35432.768147684605
0.005267450420440446,0.007892136942715587,0.00854323285848142,0.000293895300166665,0.010790150700708559,-0.011226819222948353,-0.004128006225114545,-0.005941051129605078,-0.00470192590532456,0.003146129697979234,35450.845431789734
-0.028628095704644824,-0.0026912142817584585,0.010441213282035523,-0.001938930605873336,0.01260535470842595,-0.011264685823765094,-0.00417404776488634,-0.0059126612878283285,-0.004709300511075134,0.0031360614268694867,35468.92271589487
-0.01845577613036256,-0.013960308372107669,0.009211009717951827,-0.0036018108837003802,0.014230242457389509,-0.011262481620916812,-0.004215034541264811,-0.005884024906761332,-0.004716617437482563,0.0031259951547551084,35487.0
0.019116047228401382,-0.015060760150105523,0.005872776393171461,-0.0046906813091943675,0.015667174795122203,-0.011219329298012724,-0.004250944099510387,-0.005855144364348793,-0.004723876663597115,0.003115930905574267,35504.768147684605
-0.01908190615528226,0.0027657225083935824,0.0015451005538300196,-0.00522127715364343,0.016901890711486515,-0.011134257727165624,-0.004281847796379816,-0.005826022038535436,-0.004731078168469039,0.003105868703265134,35522.845431789734
0.02215291394521401,0.019367810456725074,-0.002399140036681404,-0.005213069607002663,0.01792386511501195,-0.011006275822530089,-0.004307836946588106,-0.00579666030726597,-0.004738221931148599,0.003095808571765887,35540.92271589487
-0.011129219964199088,0.020031110179314207,-0.004770725525349561,-0.004694739468427534,0.018731782523428418,-0.010834392498260714,-0.004329002864850291,-0.005767061548485101,-0.004745307930686051,0.003085750535014695,35559.0
-0.028379099435417762,0.012226352775235202,-0.00545348377937572,-0.0036938426475157512,0.01932618972828696,-0.010617616668512075,-0.004345436865881378,-0.005737228140137549,-0.004752336146131647,0.003075694616949729,35576.768147684605
0.012050235069131304,0.005037241422864687,-0.004883085480008389,-0.0022563154085963166,0.01970763352113861,-0.010354957247438748,-0.004357230051054862,-0.005707162673509543,-0.004759306556535648,0.0030656408415091524,35594.845431789734
0.026887537129137416,-0.003847592600315575,-0.0034575945801056853,-0.0005464228856071811,0.019876660693534384,-0.010045423149195296,-0.004364472668378177,-0.005676868593253376,-0.004766219140948312,0.0030555892326311505,35612.92271589487
-0.02390340588464285,-0.019298551807888076,-0.001544746024278759,0.0012412407792667343,0.019833958118738795,-0.009688163369649758,-0.004367254752517264,-0.0056463495573628505,-0.004773073878419898,0.0030455398142538847,35631.0
0.011651474717470927,-0.03240232003236355,0.00048772524286124695,0.0029120814438405055,0.019581054714591397,-0.009283168949245245,-0.0043656665429612825,-0.0056156090190085176,-0.004779870748000658,0.0030354926103155324,35648.768147684605
0.018222609238946155,-0.030195946515002518,0.0023035880716665226,0.004271504965929212,0.01912074635153014,-0.008831697881023219,-0.00435979909849259,-0.0055846496120677686,-0.004786609728740853,0.003025447644754257,35666.845431789734
-0.016325994505698226,-0.004924073187966485,0.0036926264923426515,0.0051249172033479345,0.01845642193697363,-0.008335601195005846,-0.004349743682716764,-0.005553473765594751,-0.004793290799690738,0.0030154049415082374,35684.92271589487
-0.012751513741534406,0.02675533926120617,0.004476128330058565,0.005274634172498022,0.017595805496792002,-0.007797975198253068,-0.004335591559239384,-0.005522083908643605,-0.004799913939900578,0.0030053645245156596,35703.0
0.015621003289988668,0.04264820116135629,0.00441269094671561,0.004573294824165127,0.016559299904998118,-0.00722222751708427,-0.004317433991666055,-0.00549048247026846,-0.004806479128420619,0.0029953264177146736,35720.768147684605
-0.007092678010048733,0.027893681553554563,0.0031892685787938847,0.003125986385469594,0.015370430529932071,-0.006611765777818842,-0.004295362243602372,-0.005458671879523455,-0.004812986344301125,0.002985290645043437,35738.845431789734
-0.017297308070738558,-0.005076245271919036,0.001146599910102402,0.0011197140539371858,0.01405273090316235,-0.005969997606776205,-0.004269467578653928,-0.005426654565462721,-0.004819435566592353,0.0029752572304401594,35756.92271589487
0.008947791530888852,-0.03786196152208645,-0.0011954576479006988,-0.0012537080553147704,0.012629734556257384,-0.005300330630275705,-0.004239841260426339,-0.005394432957140388,-0.004825826774344558,0.0029652261978429973,35775.0
0.023241429071515975,-0.04911797925768533,-0.003317046683757281,-0.0038024658271689537,0.011124975020785658,-0.004606172474636759,-0.004206574552525156,-0.005362009483610611,-0.004832159946608002,0.0029551975711901014,35792.768147684605
-0.02802495292302753,-0.024149661752664905,-0.00479909282194042,-0.006334745146508049,0.009561985828315633,-0.003890930766178745,-0.004169758718556006,-0.005329386573927509,-0.004838435062432936,0.0029451713744196744,35810.845431789734
0.03250280894063325,0.01499703899520464,-0.005625653830647974,-0.008658731898214743,0.007964300510415797,-0.003158013131221095,-0.004129485022124462,-0.005296566657145221,-0.004844652100869623,0.0029351476314698824,35828.92271589487
-0.03402333555527497,0.039039167635228064,-0.005880674322018566,-0.01058350815916214,0.006355452598654582,-0.002410827196083144,-0.004085844726836136,-0.005263552162317889,-0.0048508110409683156,0.002925126366278876,35847.0
0.03095197159351155,0.04772736059467628,-0.00562737680707516,-0.011938878107339066,0.00475897562460047,-0.0016527805870843152,-0.0040389290962966114,-0.005230345518499641,-0.004856911861779273,0.002915107602784839,35864.768147684605
-0.024325984468408033,0.04146160471970568,-0.0048762352674462965,-0.012634672009346702,0.0031984031198219374,-0.0008872809305439984,-0.003988829394111488,-0.005196949154744611,-0.004862954542352752,0.0029050913649259513,35882.845431789734
0.017104377296593407,0.023438701200310795,-0.003672157696694686,-0.012655396356723735,0.0016972686158874496,-0.00011773585278158524,-0.003935636883886362,-0.005163365500106941,-0.004868939061739015,0.002895077676640369,35900.92271589487
-0.011987688092265514,-0.004187945195883875,-0.0020158825405675366,-0.01205476733293262,0.0002768682292556216,0.0006524470198835336,-0.0038794428292268112,-0.005129596983640765,-0.004874865398988314,0.0028850665618662843,35919.0
0.009958686588839392,-0.03132904190586187,0.00010706839094472607,-0.010891382150998365,-0.001051837529809041,0.001419860061131984,-0.0038203384937384602,-0.005095646034400217,-0.004880733533150905,0.0028750580445418453,35936.768147684605
-0.010288462610791258,-0.03411723378377657,0.0027159418795485485,-0.009216056825816962,-0.002285669349171099,0.0021810956446443436,-0.003758415141026869,-0.005061515081439437,-0.004886543443277051,0.0028650521486052395,35954.845431789734
-0.01212156554029409,-0.013107969282598374,0.00563325420420296,-0.007078221426529635,-0.003422833862449887,0.0029327461441012352,-0.0036937640346976454,-0.005027206553812549,-0.0048922951084170024,0.0028550488979946285,35972.92271589487
0.016949532513217895,0.01311716946911891,0.007823070757424524,-0.004527306022277538,-0.004461537703264759,0.003671403933183269,-0.0036264764383563885,-0.004992722880573702,-0.004897988507621025,0.0028450483166481883,35991.0
-0.023864459748431353,0.02221835122342258,0.008032963004029163,-0.0016120516240360524,-0.005399987505235072,0.004393661385571061,-0.003556643615608696,-0.0049580664907770255,-0.0049036236199393665,0.002835050428504098,36008.768147684605
-0.023594714605829396,0.011796033779676356,0.005432106327434628,0.0016127887737119424,-0.006236389901980154,0.005096110874945205,-0.003484356830060151,-0.004923239813476656,-0.00490920042442229,0.002825055257500521,36026.845431789734
0.034928136115183805,-0.009774233257883016,0.0009041833474121022,0.005040322680507408,-0.006969175028851218,0.005775568276718159,-0.0034097073453163537,-0.004888245277726724,-0.004914718900120055,0.002815062827575622,36044.92271589487
-0.04065511985157704,-0.011646911779764367,-0.004171740407165836,0.008483866631884203,-0.00759766702812678,0.006429743473229719,-0.0033327864249828947,-0.004853085312581373,-0.004920179026082913,0.0028050731626675946,36063.0
0.04219290117393892,0.004272834782175574,-0.008287738122859866,0.011738981473917163,-0.008121413543817261,0.00705656984855154,-0.0032536853326653706,-0.004817762347094734,-0.004925580781361125,0.0027950862867145935,36080.768147684605
-0.03725641570763213,0.00760441919506954,-0.009498871454024563,0.01460863890090572,-0.008539962219933028,0.0076539807867552654,-0.003172495331969367,-0.004782278810320948,-0.0049309241450049505,0.0027851022236547816,36098.84543178973
-0.0297400708907852,0.001594474939043069,-0.006528896369241348,0.01695366970350835,-0.00885297427992306,0.00822002325135112,-0.0030893076865004874,-0.004746637131314141,-0.004936209096064642,0.0027751209974263467,36116.92271589487
-0.0010575858522063487,-0.006055643521918707,-0.0010790424008220363,0.018755178334449906,-0.00906056526499066,0.00875319852360368,-0.003004213659864331,-0.004710839739128454,-0.004941435613590457,0.0027651426319674557,36135.0
0.007811364749173969,-0.008010650005400827,0.004593466679273393,0.02002248494991566,-0.00916303004771692,0.009252187216155306,-0.002917304515666484,-0.004674889062818023,-0.004946603676632657,0.002755167151216285,36152.768147684605
-0.00735770556469465,-0.0007607514974959224,0.008801712086714342,0.02076490970609091,-0.00916103698362542,0.009716043424590816,-0.0028286715175125376,-0.004638787531436986,-0.004951713264241495,0.0027451945791109934,36170.84543178973
0.016371032288179183,0.006002196043627817,0.010939108449201153,0.020991772759160945,-0.009055762080921214,0.010144328897176537,-0.0027384059290080955,-0.004602537574039467,-0.004956764355467231,0.0027352249395897637,36188.92271589487
-0.031203479712570214,0.015143617628114659,0.010662538908179092,0.02070113314075053,-0.008848593078130474,0.010536715857364376,-0.002646599013758744,-0.004566141619679617,-0.004961756929360122,0.002725258256590763,36207.0
0.04361639835848082,0.005350017666054129,0.00790911481743184,0.019866714678669416,-0.008542588068043408,0.010892876528606215,-0.002553342035370078,-0.00452960209741156,-0.004966690964970426,0.0027152945540521753,36224.768147684605
-0.04739537153858453,-0.02322631208415408,0.003566424684655887,0.01853381725387529,-0.008145967733473536,0.011212483134353963,-0.0024587262574476904,-0.004492921436289443,-0.0049715664413483955,0.0027053338559121475,36242.84543178973
-0.017991683775900418,-0.02539694618615824,-0.0012431642888979845,0.016768450041752935,-0.007668218090956357,0.011495207898059514,-0.0023628429435971826,-0.0044561020653673886,-0.0049763833375442955,0.0026953761861088755,36260.92271589487
-0.01686587552943032,-0.0018484775578752437,-0.005556323743877766,0.014636622217687122,-0.007118825157027352,0.01174072304317477,-0.002265783357424143,-0.0044191464136995404,-0.004981141632608379,0.0026854215685805016,36279.0
0.025872862661401454,0.025002509613831967,-0.009045880688526372,0.012204342957062641,-0.0065072749482220065,0.011948700793151622,-0.0021676387625341625,-0.004382056910340031,-0.004985841305590903,0.0026754700272652236,36296.768147684605
-0.01790689310651841,0.03470470334769023,-0.011543700972985438,0.009537621435264262,-0.005843053481075804,0.012118813371441975,-0.0020685004225328494,-0.004344835984342994,-0.004990482335542125,0.002665521586101207,36314.84543178973
0.01346467765982731,0.013701875741602582,-0.012861478922706381,0.006702466827676771,-0.005135646772124235,0.012250733001497722,-0.001968459601025781,-0.004307486064762571,-0.004995064701512305,0.0026555762690266263,36332.92271589487
-0.012758587607502352,-0.018049904144327354,-0.012732175553501708,0.0037668410988069413,-0.00439454083790278,0.012344131906770759,-0.0018676075616185508,-0.004270009580652899,-0.004999588382551695,0.002645634099979642,36351.0
-0.01643602106496073,-0.04053356918617735,-0.010872812801832606,0.0008029386585004603,-0.003629221694946925,0.012398682310712991,-0.001766035567916778,-0.004232408961068098,-0.005004053357710558,0.002635695102898434,36368.768147684605
-0.009000205085994445,-0.03768590998925496,-0.007179338039727271,-0.002131012701601552,-0.002849175359792157,0.012414056436776311,-0.0016638348835260254,-0.0041946866350623235,-0.0050084596060391475,0.0026257593017211763,36386.84543178973
0.029229105625952715,-0.011814976613789906,-0.002309269892229867,-0.004986782151928245,-0.0020638878489739596,0.012389919794977637,-0.0015610900586169292,-0.004156845031689695,-0.005012807106587724,0.0026158267203860233,36404.92271589487
-0.03131158913335553,0.026270818434553533,0.0028885855245741545,-0.007717743425639066,-0.001282845179027816,0.012325905970126137,-0.0014578537181523408,-0.00411888658000436,-0.005017095838406546,0.00260589738283117,36423.0
0.028773157743931462,0.042244115338026314,0.007565422094599364,-0.010277270255893473,-0.000515533366489213,0.01222162154772464,-0.0013541514877887886,-0.004080813709060453,-0.0050213257805458615,0.00259597131299477,36440.768147684605
-0.023006829463826966,0.010862353994757734,0.010982256815373327,-0.01261873637585091,0.00022856157210635847,0.01207667385529134,-0.001250009735198167,-0.0040426288479120985,-0.005025496912055937,0.00258604853481501,36458.84543178973
0.01734216613571483,-0.03231421076556475,0.01283939913887573,-0.01469551551867083,0.0009399536202234242,0.011890693474277311,-0.0011454780819852468,-0.004004334425613434,-0.00502960921198703,0.0025761290722300435,36476.92271589487
-0.014336874705771925,-0.04022741108619077,0.012956476470207283,-0.01647047625702072,0.0016091567613264876,0.011663316799616817,-0.001040611963237982,-0.003965932871218609,-0.005033662659389393,0.0025662129491780565,36495.0
0.013890442156144702,-0.020364707896436438,0.011314927730144171,-0.01793208328593515,0.0022266849788800717,0.011394180226244149,-0.0009354668140443577,-0.003927426613781749,-0.005037657233313287,0.002556300189597222,36512.768147684605
-0.014064206398435098,0.006439293565478124,0.008401015309543907,-0.019028763197296544,0.0027830522563486878,0.011082920149093572,-0.0008300980694923519,-0.0038888180823569876,-0.005041592912808965,0.0025463908174257,36530.84543178973
-0.00039883565609576116,0.027863464834707644,0.004824833756907325,-0.019696559347322284,0.0032687725771968473,0.01072917296309936,-0.0007245611646699107,-0.0038501097059984685,-0.0050454696769266895,0.0025364848566016775,36548.92271589487
0.012282012611343497,0.03559720393164392,0.0011964776207352193,-0.01987250965806772,0.0036753544907270823,0.010332575063195798,-0.0006189115346650351,-0.0038113039137603164,-0.005049287504716712,0.002526582331063303,36567.0
-0.0016857198714699201,0.026023285634420232,-0.001973818804678864,-0.01949851461494093,0.0039991691095945985,0.009892762844317157,-0.0005132046145656862,-0.003772403134696673,-0.005053046375229296,0.0025166832647487624,36584.768147684605
-0.010648578533435227,0.008006412891543744,-0.00457526224187053,-0.018521006469190453,0.004240760826855569,0.009409731186837246,-0.00040749583945984193,-0.003733409797861679,-0.005056746267514695,0.002506787681596231,36602.84543178973
0.012412437983085505,-0.007254397880809725,-0.006596919667582687,-0.016887301772065454,0.004399961939100282,0.008885071367596345,-0.0003018406444354691,-0.00369432633230946,-0.00506038716062317,0.0024968956055438766,36620.92271589487
-0.01639131626771498,-0.017291482963016767,-0.008027013092739399,-0.014545562040633953,0.0044755174764917844,0.008321461929862006,-0.00019629446458053893,-0.0036551551670941556,-0.005063969033604976,0.0024870070605298713,36639.0
0.02090098250857048,-0.0276666483756661,-0.00884359249336709,-0.01145412082686158,0.004465636020331461,0.007722117865763445,-9.091273498302607e-05,-0.0036158987312699064,-0.005067491865510367,0.0024771220704923685,36656.768147684605
-0.023407561286977203,-0.02230642104935773,-0.009016083852452646,-0.007628495372421246,0.0043682146076193746,0.007090565711731182,1.4249109269093585e-05,-0.0035765594538908416,-0.005070955635389604,0.002467240659369564,36674.84543178973
0.02250936621126615,0.0066067014074382025,-0.008542832314186505,-0.0032495225444532515,0.004181092129818799,0.006430390149732536,0.0001191356330878511,-0.003537139764011097,-0.005074360322292943,0.0024573628510996394,36692.92271589487
-0.018732782792077744,0.021322642743924133,-0.007274066993219069,0.0013052850636943395,0.0039021074783930063,0.005745175861734834,0.00022369140138526713,-0.0034976420906848125,-0.005077705905270644,0.002447488669620737,36711.0
0.013732437254928108,0.0024346751044204418,-0.005070045555116164,0.0056161016671513585,0.003529099544805272,0.0050385075297053805,0.0003278609790733774,-0.003458068862966115,-0.005080992363372963,0.0024376181388710374,36728.768147684605
-0.00924061012019134,-0.01613848037258651,-0.0020002761633750935,0.009262985009228966,0.0030599072205188616,0.004313969835611507,0.00043158893106420366,-0.0034184225099091504,-0.0050842196756501565,0.0024277512827887166,36746.84543178973
0.0005172238187556783,-0.011722846569280175,0.0015826918305070945,0.01182599283323832,0.002492369396997054,0.0035751474614205267,0.0005348198222697736,-0.0033787054605680486,-0.005087387821152482,0.0024178881253119483,36764.92271589487
0.006809554225268715,0.0033218849970998937,0.004403511292784535,0.012885011489182988,0.001824496359010683,0.0028256250890997567,0.0006374982176021194,-0.0033389201439969437,-0.005090496778930195,0.0024080286903788964,36783.0
-0.01072614759695947,0.008210866104679259,0.00490349725573909,0.012066040605083032,0.0010608235017241492,0.00206898740061652,0.0007395686819732628,-0.003299068989249976,-0.005093546528033557,0.002398173001927743,36800.768147684605
0.017378885382938688,-0.003347744879081438,0.002117825301102492,0.009339387401041132,0.00022941576226259195,0.0013088190779381396,0.0008409757802952367,-0.003259154425381281,-0.005096537047512824,0.0023883210838966454,36818.84543178973
-0.024412951933219497,-0.004843208191643167,-0.00175331096544441,0.0053512922700204475,-0.0006358223850855446,0.0005487048030319264,0.0009416640774800572,-0.0032191788814449848,-0.00509946831641825,0.002378472960223775,36836.92271589487
0.029017691891833734,0.004526280543383515,-0.0035760226679309114,0.0009052791853875623,-0.0015009864660318316,-0.0002077707421348011,0.0010415781384397738,-0.003179144786495239,-0.005102340313800098,0.002368628654847326,36855.0
-0.030342371359977825,-0.002418873058659443,-0.0011005769093503355,-0.003205033484126956,-0.002332172006287823,-0.0009570228755947118,0.0011406625280863838,-0.0031390545695861626,-0.005105153018708618,0.0023587881917054494,36872.768147684605
-0.0008774193900393373,-0.0071067100567285945,0.002439414124713676,-0.006218146129602751,-0.0030954745315650875,-0.0016954669153805,0.001238861811331943,-0.003098910659771904,-0.005107906410194076,0.0023489515947363207,36890.84543178973
-0.014102866066805294,0.007796978025955012,0.003210113863532478,-0.007406448125635749,-0.003756989567575182,-0.0024195181795248367,0.0013361205530884597,-0.003058715486106592,-0.005110600467306723,0.0023391188878781094,36908.92271589487
0.0288740232757025,0.012753959596779798,0.000943805424052415,-0.006499185952125498,-0.004283783687445562,-0.0031255919860604165,0.001432383318267973,-0.0030184714776443655,-0.005113235169096817,0.0023292900950689947,36927.0
0.01642728866451993,-0.0036947473280915587,-0.0025704260080261225,-0.004269585922044514,-0.00465030066981417,-0.003810103653019905,0.0015275946717825028,-0.0029781810634393587,-0.00511581049461462,0.00231946524024715,36944.768147684605
-0.023202154577014536,-0.01910348861452907,-0.004379731556500384,-0.0017262063423376707,-0.004845927404122189,-0.004469468498435986,0.0016216991785440726,-0.002937846672545701,-0.005118326422910383,0.0023096443473507398,36962.84543178973
0.010405665463427813,-0.010868959586899008,-0.0022558056191615667,0.0003007236394010062,-0.0048635437956576315,-0.00510010184034135,0.0017146414034647241,-0.0028974707340175395,-0.0051207829330343685,0.0022998274403179257,36980.92271589487
0.014081368691812632,0.01102081354447672,0.002203965495743565,0.0016943496783464408,-0.004695972968655887,-0.005698475777821313,0.0018063659114564694,-0.002857055676908999,-0.005123180004036829,0.0022900145430868957,36999.0
-0.012096129678833372,0.025039088539142107,0.006445538665208494,0.0025163949675116666,-0.004335708884122851,-0.006261391573190715,0.0018968172674313497,-0.002816603930274225,-0.00512551761496803,0.00228020567959582,37016.768147684605
0.013242414134345572,0.009197677379043995,0.008446987973990568,0.002828582699909663,-0.0037746012744637237,-0.006786294717365025,0.0019859400363013793,-0.0027761179231673453,-0.005127795744878216,0.0022704008737828682,37034.84543178973
-0.016692995061536,-0.016036837809181,0.008318472543436543,0.0026928159682523315,-0.003007476772408934,-0.007271449906167263,0.0020736787829785963,-0.002735600084642504,-0.005130014372817653,0.0022606001495862065,37052.92271589487
-0.021152561471940737,-0.024446783094088223,0.006710341083712302,0.0021841359227955984,-0.002050193157815996,-0.007715301126892658,0.0021599780723750156,-0.002695052843753822,-0.005132173477836599,0.0022508035309440175,37071.0
0.025142475676082694,-0.005997023865733889,0.004122063089291464,0.0014275611421276477,-0.0009466320800878457,-0.008116292366836387,0.002244782469402679,-0.0026544786295554512,-0.005134273038985311,0.0022410110417944436,37088.768147684605
0.006621277734672069,0.016026876534252523,0.0005310129859459164,0.0005610234381384092,0.00025280401915104276,-0.008472867613293656,0.0023280365389736057,-0.0026138798711015133,-0.005136313035314043,0.0022312227060756976,37106.84543178973
-0.031600545935568256,0.020484840731891687,-0.004198368776664663,-0.0002778544634646342,0.0014980217844586562,-0.00878347085355968,0.002409684845999822,-0.0025732589974461545,-0.005138293445873054,0.0022214385477259276,37124.92271589487
0.0345813277113388,0.00024437589196712843,-0.009872939973016095,-0.0009531809562565716,0.0027406589796755165,-0.009046546074929645,0.002489671955393361,-0.0025326184376435034,-0.005140214249712601,0.0022116585906833026,37143.0
0.03550302222648546,-0.017571743217415104,-0.01522462648602356,-0.0013294972136331884,0.003932786148462861,-0.009260537264698743,0.002567942432066242,-0.0024919606207476964,-0.005142075425882942,0.0022018828588860084,37160.768147684605
0.019106032671507883,-0.02030884839138249,-0.018720619145910364,-0.00127362961682675,0.005028759042318422,-0.009423888410162189,0.002644440840930499,-0.002451287975812874,-0.005143876953434335,0.0021921113762722023,37178.84543178973
-0.03502001602649137,-0.0012337362399000797,-0.018692925758736628,-0.0007073934532118618,0.005992074244085993,-0.009535043498615184,0.002719111746898158,-0.0024106029318931676,-0.005145618811417036,0.0021823441667800625,37196.92271589487
0.0263254130013736,0.02556754488782212,-0.012907853532857939,0.00023674998176365273,0.006788513544445871,-0.009592452338470982,0.0027919055359993104,-0.0023699079180427157,-0.005147300978881299,0.002172581254347772,37215.0
-0.017469660500665788,0.0001934546307143653,-0.0005139784611180246,0.0012806173136491403,0.007383858734078367,-0.009594588105703418,0.0028627959618246065,-0.002329205363315653,-0.005148923434877388,0.0021628226629134767,37232.768147684605
0.01968543004740721,-0.034973890956646186,0.012895788713259792,0.0021210566669423,0.007743891603663779,-0.009539926920291177,0.0029317597219695652,-0.0022884976967661114,-0.00515048615845556,0.002153068416415372,37250.84543178973
-0.04070508214638298,0.004598860090657158,0.021115734708708516,0.002454916166140825,0.00783439394388241,-0.009426932147436012,0.002998760759252761,-0.002247787347448225,-0.005151989128666067,0.002143318538791615,37268.92271589487
0.07576679268487668,0.04563721008058971,0.021949657087170556,0.001977508095609646,0.007631806185122534,-0.009254604487901058,0.00306375980702646,-0.0022070767444161412,-0.0051534323245591715,0.00213357305398036,37287.0
-0.11179413373430518,0.031120508161785628,0.015049541489908405,0.0005338154834126799,0.007155619351448892,-0.009024522857404878,0.003126717598642925,-0.002166368316723984,-0.005154815725185125,0.002123831985919846,37304.768147684605
-0.10817331932347807,-0.001807858581967566,0.0035707665956208477,-0.0014094580655986764,0.00643764724601243,-0.008740470856071964,0.0031875948674544184,-0.002125664493425893,-0.0051561393095941885,0.002114095358548168,37322.84543178973
-0.009337399955001666,-0.03604313304130046,-0.00845329509399746,-0.0032297948423429296,0.005510119706808697,-0.008406648118871412,0.0032463523468132024,-0.0020849677035759974,-0.005157403056836623,0.00210436319580353,37340.92271589487
0.1582471762930553,-0.05937474590113154,-0.01698927107725184,-0.004304677137738607,0.0044052665718332246,-0.008027254280772299,0.0033029507700715493,-0.0020442803762284493,-0.005158606945962678,0.0020946355216241047,37359.0
0.1267679018588783,-0.059551886976434716,-0.018381970238647547,-0.00400800378885013,0.0031517342252274376,-0.007606488976743716,0.003357350870581714,-0.0020036049404373647,-0.005159750956022617,0.0020849123599480726,37376.768147684605
-0.12787314370077862,-0.025812909795735053,-0.01165338463125958,-0.001958734043753661,0.0017679892256950672,-0.007148551841754739,0.0034095133816959677,-0.001962943825256895,-0.005160835066066693,0.0020751937347136128,37394.84543178973
0.10183869168904244,0.03534523242131807,-0.0008615181894428877,0.0011901793976160373,0.00028553063800058155,-0.006657642510774449,0.003459399036766566,-0.0019222994597411656,-0.005161859255145167,0.00206547966985883,37412.92271589487
-0.07727120876252531,0.05168055318112107,0.008771167528677539,0.0045263896088960165,-0.00125998848311283,-0.006137960618771938,0.003506968569145778,-0.0018816742729443154,-0.005162823502308294,0.002055770189321978,37431.0
0.05972134123687685,-0.0026275596857003886,0.012968033557518712,0.007137549663723365,-0.0028329150829019874,-0.005593705800716283,0.003552182712185868,-0.0018410706939204792,-0.005163727786606332,0.0020460653170411664,37448.768147684605
-0.04916989950869827,-0.040411581230383534,0.011191853961634019,0.008155189975766867,-0.004397596106623697,-0.005029077691576563,0.003595002199239097,-0.001800491151723793,-0.00516457208708954,0.0020363650769546163,37466.84543178973
0.019180704633781045,-0.0234045470295432,0.004381247457970943,0.0070543562592001105,-0.005922054756029688,-0.004448275926321867,0.0036353877636577333,-0.0017599380754083958,-0.005165356382808172,0.002026669493000471,37484.92271589487
0.03772606290062001,0.010692789321480442,-0.003746918896638631,0.004025995329739726,-0.007389019258851272,-0.0038555001399212764,0.0036733001387940353,-0.0017194138940284155,-0.0051660806528124915,0.0020169785891169154,37503.0
0.022375711526900613,0.022035186124709297,-0.008770246625383785,-0.0005709400565197686,-0.008784894099314728,-0.0032549499673438747,0.0037087000580002696,-0.0016789210366379961,-0.005166744876152744,0.0020072923892421,37520.768147684605
-0.0072598884891850535,0.011303678476500179,-0.0075175997973615785,-0.006277436155021681,-0.010096083761646283,-0.0026508250435587394,0.0037415482546287017,-0.0016384619322912656,-0.005167349031879202,0.001997610917314221,37538.84543178973
-0.024925001613781285,-0.006114166832668631,-0.0018876384884867086,-0.012169489444174461,-0.01130899273007219,-0.002047325003534958,0.0037718054620315914,-0.0015980390100423629,-0.005167893099042112,0.001987934197271426,37556.92271589487
0.0011738975460493762,-0.012036371313959154,0.004798418048090303,-0.017051738782596547,-0.01241002548881868,-0.0014486494822416134,0.0037994324135612037,-0.0015576546989454234,-0.005168377056691734,0.0019782622530519077,37575.0
-0.01542169050377559,0.0003079370327824102,0.009953234083906169,-0.020017575177883933,-0.013385586522112003,-0.0008589981146477863,0.0038243898425698065,-0.0015173114280545843,-0.005168800883878327,0.001968595108593845,37592.768147684605
0.010984825171784045,0.012115014275744782,0.012879224738668068,-0.020269614982964784,-0.01422208031417841,-0.00028257053572255903,0.0038466384824096637,-0.0014770116264239826,-0.005169164559652146,0.001958932787835374,37610.84543178973
0.027608905679003152,0.011204620559111774,0.013289742499002576,-0.017178228210131413,-0.014903469304027864,0.0002764336195649834,0.003866139066433031,-0.0014367577231077472,-0.005169468063063452,0.0019492753147146984,37628.92271589487
0.019136882572555847,-0.0035187252919550117,0.01083709003565703,-0.010757132366037994,-0.015404146023886619,0.0008140129903271643,0.003882852327992178,-0.0013965521471600193,-0.005169711373162495,0.0019396227131699695,37647.0
-0.0312965155672399,-0.017457969304506864,0.0060901877665333155,-0.0017250369231421564,-0.015696854057090287,0.0013269593120019292,0.0038967390004393714,-0.001356397327634932,-0.005169894468999543,0.0019299750071393696,37664.768147684605
0.030103259379632957,-0.016667157653574283,-0.00027380007973679474,0.008980885443649122,-0.01575488437693092,0.0018126117099836892,0.0039077598171268725,-0.0013162956935866233,-0.005170017329624845,0.0019203322205610743,37682.84543178973
0.022433536148510836,-0.003395633886158185,-0.008353100451512649,0.02033336999307081,-0.015553024780316001,0.0022698061332822365,0.003915875511406943,-0.0012762496740692283,-0.005170079934088657,0.0019106943773732434,37700.92271589487
-0.009107128090964502,0.01201577167839796,-0.01832456472872255,0.031126034753466595,-0.015066813620488588,0.0026981290872429985,0.003921046816631846,-0.0012362616981368754,-0.0051700822614412474,0.0019010615015140522,37719.0
-0.020681440819507218,0.018209525598068297,-0.03020278749648346,0.03997920873140275,-0.014271889610806898,0.0030972674373265455,0.003923234466153849,-0.0011963341948437079,-0.005170024290732862,0.0018914336169216792,37736.768147684605
0.01953496418567928,0.007748753754526767,-0.04307913849428257,0.04550176306061013,-0.013143891464629194,0.003466908048993452,0.003922399275829796,-0.0011564696757484414,-0.005169906001013763,0.0018818107475342813,37754.84543178973
-0.0008753417638652092,-0.005854690950477953,-0.05240420928227047,0.04630885858666015,-0.011658457895313697,0.003806737787704291,0.003918502394086137,-0.0011166709849793986,-0.005169727371334207,0.0018721929172900355,37772.92271589487
-0.019552612149607934,-0.010092897794980685,-0.052778729101870085,0.041091780870989754,-0.009805447678017488,0.004116443518919635,0.003911505139578986,-0.0010769411368945605,-0.005169488380744454,0.0018625801501271483,37791.0
0.017540382669510593,-5.934820295056106e-05,-0.04038439837893611,0.02934857593006731,-0.0076315998350931155,0.0043957121081000545,0.00390136914359565,-0.0010372834584831082,-0.005169189008294762,0.0018529724699837425,37808.768147684605
0.007648796366404048,0.005018416276176833,-0.016798232466051763,0.012662460862505153,-0.0051978734506919816,0.004644230420706124,0.003888056114943396,-0.0009977013542541858,-0.005168829233035377,0.0018433699007980003,37826.84543178973
-0.008270115047267441,-0.0010751491539283391,0.014715392600773626,-0.006881085641514829,-0.0025652276089654833,0.004861685322198414,0.0038715277624294946,-0.0009581982287169261,-0.00516840903401657,0.0018337724665081032,37844.92271589487
0.00016874931111076448,-0.017176645614331992,0.04929731223931444,-0.02719658489181068,0.00020537860593497698,0.005047763678037499,0.0038517457948612195,-0.0009187774863804813,-0.005167928390288592,0.0018241801910522282,37863.0
-0.007004382320078868,-0.02790572895449666,0.08079978923997566,-0.046198558198200505,0.003052986109857989,0.005202152353683951,0.003828671921045836,-0.0008794425317539873,-0.0051673872809017,0.0018145930983685331,37880.768147684605
-0.012824231670989087,-0.03504446786871138,0.10158594920651892,-0.061801526870502346,0.005916635818652173,0.005324538214598339,0.0038022678497906244,-0.000840196769346591,-0.005166785684906158,0.0018050112123951915,37898.84543178973
0.016826147437318712,-0.039236078343943395,0.10283875803870836,-0.07227937313094522,0.00873536864816611,0.005414608126241238,0.0037724952849837656,-0.0008010435987483547,-0.00516612358135221,0.0017954345570703844,37916.92271589487
-0.016724921584205864,-0.03738813371447767,0.07943642023762955,-0.07737023768777358,0.011448225514248409,0.005472048954073223,0.0037393156718763714,-0.0007619861609122549,-0.005165400949290125,0.0017858631563322752,37935.0
-0.0176840457261887,-0.011824511753347495,0.03303249540258608,-0.07728234260709449,0.01399770843271219,0.005496547563554866,0.0037026894949574,-0.0007230266360291185,-0.00516461776777016,0.0017762970341190496,37952.768147684605
-0.0027231574023504133,0.03936791739135274,-0.026105324232585207,-0.07226456919124494,0.016340163819228766,0.005487772517692286,0.0036625953022094955,-0.0006841669653290171,-0.0051637740158425646,0.0017667362143688548,37970.84543178973
0.016229705991293704,0.10063826223344163,-0.08456222011367079,-0.06256925984252629,0.018435399189433942,0.005445319169673797,0.003619084851433102,-0.0006454090900420107,-0.005162869672557601,0.0017571807210198672,37988.92271589487
0.0040866720200761035,0.14908453772850283,-0.1295214450895653,-0.048448756963240094,0.020243222058963548,0.005368764570233272,0.0035722282028831237,-0.0006067549513981647,-0.005161904716965527,0.0017476305780102768,38007.0
-0.025902386401697022,0.16315669683316072,-0.14999693535918238,-0.030155402955687877,0.021723439943453438,0.005257685770104571,0.0035220954168144578,-0.000568206490627542,-0.0051608791281166,0.001738085809278243,38024.768147684605
0.03501609934934336,0.13413227883032683,-0.14255916964783508,-0.00821427973111932,0.02283586035853937,0.005111659820021564,0.0034687565534820045,-0.0005297656489602081,-0.005159792885061077,0.0017285464387619463,38042.84543178973
-0.037933922446612485,0.09291728218044351,-0.11029450747939369,0.015758572763422594,0.023540290819857247,0.004930263770718116,0.0034122816731406596,-0.0004914343676262286,-0.005158645966849214,0.0017190124903995372,38060.92271589487
0.028459433364439762,0.04055830669027104,-0.057523107088916635,0.03987437507194677,0.023796394175943723,0.004713219340027219,0.0033527408360453288,-0.00045321458785566916,-0.005157438352531267,0.0017094839881292062,38079.0
-0.022993305064810204,-0.06666958925128216,0.009910771707708438,0.06224434773846199,0.023562710221388176,0.0044613712997292,0.0032902041024509042,-0.00041510825087859093,-0.005156170021157497,0.0016999609558891236,38096.768147684605
0.053782287427446715,-0.20971283794111328,0.08006646277127837,0.08097971130697704,0.02279545654147751,0.004177886630906859,0.003224741532612291,-0.0003771172979250592,-0.005154840951778162,0.0016904434176174545,38114.84543178973
-0.008193145458324256,-0.3191689886339477,0.1394791983817607,0.09419168632150078,0.021450306335947755,0.0038664767001938306,0.0031564231867843833,-0.0003392436702251386,-0.005153451123443516,0.0016809313972523875,38132.92271589487
-0.11023412343661333,-0.20178788629744734,0.17572066994701818,0.09999149332604203,0.019482932804534975,0.0035308528742237478,0.003085319125222087,-0.00030148930900889665,-0.005152000515203816,0.0016714249187320188,38151.0
-0.501304791501269,0.15513641286849955,0.18043078359866793,0.09654159157254588,0.01687539222686515,0.0031747265196302465,0.0030114994081802938,-0.0002638561555063946,-0.00515048910610932,0.001661924005994555,38168.768147684605
-0.4993956469740383,0.33720474586401267,0.14522567834286773,0.08295913424675204,0.013715273202123748,0.0028018090030469556,0.002935034095913907,-0.00022634615094769756,-0.005148916875210285,0.0016524286829783744,38186.84543178973
0.7061631671661004,0.15527435819285174,0.06605615214334265,0.06141146965053151,0.010116547409386183,0.0024158116911075127,0.0028559932486778216,-0.0001889612365628634,-0.005147283801556975,0.001642938973621125,38204.92271589487
-0.8035592667008548,-0.2038276786145502,-0.03223178752387956,0.034815685187804535,0.006193186527727835,0.002020445950445551,0.0027744469267269433,-0.0001517033535819688,-0.005145589864199638,0.0016334549018619047,38223.0
0.23055697133581432,-0.291532367712072,-0.11738089602918339,0.006088868262491378,0.0020591622362241013,0.0016194231476947005,0.00269046519031617,-0.0001145744432350721,-0.005143835042188534,0.0016239764916378262,38240.768147684605
0.7724295720848927,-0.156305604242879,-0.1636208076517267,-0.021851893721487853,-0.0021715537860496226,0.0012164546494885982,0.0026041180997003976,-7.757644675223566e-05,-0.005142019314573925,0.0016145037668876831,38258.84543178973
0.49172569938104627,0.043564759259073355,-0.17112867230576362,-0.046089513360213066,-0.006384989860017948,0.0008152518224608775,0.0025154757151345268,-4.071130536352755e-05,-0.0051401426604060635,0.0016050367515494928,38276.92271589487
0.15908249200939,0.19194377421815445,-0.14598227831383176,-0.06429314375025416,-0.010467174306605475,0.0004195260332451722,0.0024246080968734563,-3.980960299008998e-06,-0.005138205058735208,0.0015955754695613654,38295.0
-0.3884014998715746,0.18538081038890172,-0.09233218170005696,-0.07647689999014166,-0.014304135446736825,3.298864847511296e-05,0.0023315853051720874,3.2612647211253055e-05,-0.005136206488611618,0.0015861199448617062,38312.768147684605
0.3021901907277857,0.0018045231808665998,-0.019153900474229404,-0.08324113767889627,-0.01778190160133659,-0.00034064896521565944,0.002236477400285317,6.906757593719164e-05,-0.005134146929085545,0.0015766702013882928,38330.84543178973
0.021145752537718908,-0.11752828934561337,0.04919818296246592,-0.0851862124155387,-0.020786501091329387,-0.0006976754411935208,0.0021393544424680457,0.00010538188464874902,-0.005132026359207251,0.001567226263079697,38348.92271589487
-0.2959685386912193,-0.10252265542307312,0.09103042548140888,-0.0829013543526932,-0.023215087684036247,-0.0010343794128248316,0.0020402864919751703,0.0001415536321158623,-0.005129844758026998,0.001557788153873844,38367.0
0.17573918421615606,0.008160713513213137,0.11025327573208438,-0.076920114309433,-0.02502049448032924,-0.0013470495134759607,0.0019393436090615929,0.0001775808771084541,-0.005127602104595031,0.0015483558977089917,38384.768147684605
0.3886490256303762,0.07739684588810404,0.11717820530850358,-0.06772020746657448,-0.026211390219337265,-0.0016319743765132683,0.0018365958539822136,0.00021346167839647018,-0.005125298377961618,0.0015389295185233237,38402.84543178973
-0.41109526365316423,0.006661687150242413,0.11996731370166556,-0.055765362802605745,-0.02680762118815445,-0.0018854426353031287,0.0017321132869919278,0.00024919409474984355,-0.005122933557177011,0.0015295090402551164,38420.92271589487
-0.3501773261578434,-0.08077167013836338,0.11815861952294289,-0.04148148221098483,-0.02682903367387493,-0.0021037429232119084,0.001625965968345636,0.00028477618493851365,-0.005120507621291469,0.0015200944868420548,38439.0
0.38894295622555153,-0.08066467419104269,0.10900021953790487,-0.025237765596613646,-0.02629454296328336,-0.0022840948739154044,0.0015182239582982422,0.00032020600773240593,-0.005118020549076282,0.0015106858819439984,38456.768147684605
-0.023476482315349278,0.021540848429267102,0.08979895770350484,-0.007751597784592513,-0.02521934034192663,-0.0024274421223272023,0.0014089573171046372,0.0003554816219014685,-0.00511547231788422,0.001501283247801238,38474.84543178973
-0.3729637485084831,0.10103801686148862,0.05871573469974561,0.009547674890638786,-0.02361768609504219,-0.002535659303670307,0.0012982361050197302,0.0003906010862156246,-0.005112862903578514,0.0014918866051650379,38492.92271589487
0.07652832091595542,0.04940782205637474,0.016673680640362246,0.025065834851335147,-0.021503840507867543,-0.0026106210531677346,0.001186130382298408,0.00042556245944482457,-0.005110192281719764,0.0014824959744838627,38511.0
0.41120302887121163,-0.061756565818163384,-0.025243393221510393,0.03720866451975129,-0.018892063865640088,-0.0026542020060424947,0.0010727102091955805,0.00046036380035899103,-0.005107460427868556,0.0014731113762062504,38528.768147684605
-0.43272319453409214,-0.11392077407443676,-0.053411505347887536,0.04438194631814216,-0.015796616453597326,-0.002668276797517607,0.0009580456459661418,0.0004950031677280634,-0.00510466731758548,0.0014637328307806658,38546.84543178973
-0.06820992071353534,-0.04039342426587618,-0.05765120844605923,0.044991992677351066,-0.012231758556976707,-0.002654724417230906,0.0008422111072798183,0.0005294786203219792,-0.005101812926431132,0.0014543603586557392,38564.92271589487
0.43674871506965396,0.06668144285048974,-0.04226047791733491,0.03817106354035898,-0.008236292225879141,-0.0026154420792376862,0.0007252992322237901,0.0005637882169106711,-0.005098897229966097,0.0014449939802798802,38583.0
-0.0035696819063424016,0.10043705021290364,-0.017778966259978803,0.025947258769869076,-0.003947186569859331,-0.0025523345790407566,0.000607410241332753,0.0005979300162640767,-0.005095920203750974,0.0014356337161014975,38600.768147684605
-0.39531013257984415,0.05566734515980629,0.005645790131131687,0.011072505706367947,0.00047404753666458214,-0.0024673075189010985,0.0004886451618995667,0.0006319020771521336,-0.005092881823346354,0.001426279586569148,38618.84543178973
0.37606823765407443,-0.032771227778838605,0.022231862126346195,-0.0037012683096577822,0.004865899219274433,-0.002362270455309015,0.00036910897544643016,0.0006657024583447731,-0.005089782064312825,0.0014169316121315546,38636.92271589487
0.3629523282794968,-0.07205965076852808,0.02739735852613874,-0.015730772051539024,0.00906685760355207,-0.0022391487616721674,0.0002489224804128881,0.0006993292186119329,-0.005086620902210979,0.0014075898132369603,38655.0
-0.3668765944014833,-0.05065310337867035,0.01913101146625004,-0.02320150704197251,0.012915411815079353,-0.0020998717656275563,0.0001282104294678256,0.000732780416723546,-0.00508339831260141,0.0013982542103339402,38672.768147684605
-0.16752865805515704,0.006127306446104927,0.004074504716224858,-0.025995828751250213,0.016261275636833297,-0.0019463687948121833,7.097575280127752e-06,0.0007660541114495558,-0.00508011427104471,0.0013889248238711806,38690.84543178973
0.3853984364162789,0.05055521341117441,-0.008994399074395443,-0.024450889467245784,0.01901471137527693,-0.0017805691768630416,-0.00011429132948132382,0.000799148361559888,-0.0050767687531014655,0.0013796016742969243,38708.92271589487
-0.13303370577132115,0.0441549760813839,-0.013335059599591087,-0.019158573344848183,0.021159805569889528,-0.0016044022394171333,-0.00023583153214764289,0.0008320612258244818,-0.005073361734332273,0.0013702847820597649,38727.0
-0.4006221656379273,0.005100759167486094,-0.010383664682838863,-0.011421706213437893,0.022696294654055565,-0.001419797310111447,-0.00035739828004994605,0.0008647907630132744,-0.005069893190297724,0.0013609741676082225,38744.768147684605
0.3522654957790672,-0.0344417626248215,-0.0037268795127776287,-0.0026106665147540295,0.0236239150611596,-0.001228683716582993,-0.000478866820519354,0.0008973350318962005,-0.005066363096558408,0.0013516698513908537,38762.84543178973
0.3943972786967191,-0.04921296308607286,0.0030227792083241172,0.0059325060648744,0.023942403224586142,-0.0010329907864687579,-0.0006001124008869782,0.0009296920912431988,-0.005062771428674917,0.0013423718538560674,38780.92271589487
-0.38544773197896026,-0.02424349053645496,0.006956984618898045,0.012865771839118394,0.02365138501334094,-0.0008345372830269799,-0.0007210102684839353,0.0009618599998241981,-0.005059118162207846,0.0013330801954524393,38799.0
-0.1442662701307523,0.024727374756541787,0.007946860593469387,0.016847091121648963,0.022750044038914657,-0.0006346997120008159,-0.0008414356706413372,0.000993836816409135,-0.005055403272717781,0.0013237948966285536,38816.768147684605
0.3710903822640297,0.062847659746382,0.00613748675808153,0.01693911079522703,0.021253051901389434,-0.0004347440147546557,-0.0009612638546903071,0.0010256205997679515,-0.005051626735765317,0.0013145159778326994,38834.84543178973
-0.23960281247816026,0.061739721104795975,0.0008082282385043589,0.013823224018973254,0.019237474412728155,-0.0002359361326528869,-0.0010803700679619624,0.001057209408670576,-0.005047788526911044,0.0013052434595136277,38852.92271589487
-0.37715026274238145,0.019762832067359994,-0.005918380823884154,0.008585510521098103,0.016795975937863947,-3.9542007059912424e-05,-0.0011986295577874116,0.0010886013018869501,-0.005043888621715557,0.0012959773621196084,38871.0
0.38712629594804704,-0.04362283372325934,-0.01109737955653915,0.002312050029812147,0.014021220841729909,0.00015317242065988917,-0.0013159175714977786,0.001119794338187008,-0.005039926995739448,0.0012867177060992174,38888.768147684605
0.4028586498919276,-0.07824437463231386,-0.011782056901115744,-0.0039110777266740905,0.01100587348925916,0.00034094120914211046,-0.0014321093564241701,0.00115078657634068,-0.0050359036245433,0.0012774645119012144,38906.84543178973
-0.4175111073537779,-0.06163745472769148,-0.006132158780708091,-0.009137077594235975,0.007842598245384793,0.0005224984170223827,-0.0015470801598977144,0.0011815760751179049,-0.005031818483687711,0.0012682177999735836,38924.92271589487
-0.08678246570006967,0.002429311612781011,0.003259805330292211,-0.012969357089551338,0.004624059475039933,0.0006965781029362909,-0.0016607052292495154,0.0012121608932886229,-0.005027671548733278,0.001258977590765436,38943.0
0.4382323018163142,0.06431183469254075,0.012667126473889742,-0.015122865801219052,0.0014429215431576755,0.0008619143255194645,-0.0017728598118106973,0.001242539089622761,-0.005023462795240581,0.0012497439047247745,38960.768147684605
-0.1908309617661097,0.07587290873977137,0.01835616006654779,-0.015305617692296795,-0.0016081511853288611,0.0010172411434074963,-0.001883419154912372,0.001272708722890263,-0.005019192198770223,0.0012405167623005065,38978.84543178973
-0.43992178932354953,0.041854679122707544,0.017400827067416413,-0.013221280081783107,-0.004445381757560374,0.0011612926152360019,-0.0019922585058856565,0.0013026678518610578,-0.005014859734882787,0.0012312961839409488,38996.92271589487
0.43320867542363267,-0.017315697044952963,0.010331259864582108,-0.008778031797823767,-0.007024594041778591,0.0012928027996405914,-0.0020992531120616726,0.0013324145353050879,-0.005010465379138873,0.0012220821900943996,39015.0
0.34422591271707265,-0.05753371138617423,-0.0006110465784236413,-0.0027672973660402556,-0.009326704009522508,0.0014105057552568653,-0.0022042782207715252,0.0013619468319922804,-0.00500600910709906,0.0012128748012096376,39032.768147684605
-0.4078454530179442,-0.058638356967830506,-0.012958290779628446,0.003797600602562208,-0.01133667880513696,0.0015131355407204442,-0.002307209079346343,0.0013912628006925774,-0.00500149089432395,0.0012036740377350899,39050.84543178973
-0.07431975759972496,-0.017000763796557915,-0.02402757407370035,0.009903339496978384,-0.013039485572966796,0.001599426214666927,-0.0024079209351172324,0.001420360500175911,-0.004996910716374133,0.0011944799201193137,39068.92271589487
0.37625753770160325,0.030761033743159187,-0.03028096796563844,0.014536596706203062,-0.014420091457356852,0.0016681261358409956,-0.0025063033355243857,0.0014492379892122194,-0.004992268548810199,0.0011852924688107178,39087.0
-0.19815194638110228,0.046619251121495044,-0.028183354307825637,0.016900528108969293,-0.015463463602651967,0.0017180408634236183,-0.002602303028444269,0.0014778933265714343,-0.004987564367192739,0.00117611170425797,39104.768147684605
-0.36041040798923707,0.025316609991232423,-0.01634521621995441,0.017071720382046757,-0.016162085992280466,0.0017479902567048152,-0.002695881061862422,0.0015063245710234979,-0.004982798147082347,0.0011669376469093684,39122.84543178973
0.36828196929937357,-0.017752433324988354,0.0012877354551187198,0.01537370013716475,-0.016538904054891997,0.0017567941749746276,-0.00278699848376439,0.0015345297813383395,-0.004977969864039614,0.0011577703172134884,39140.92271589487
0.17980654354800757,-0.04029827683727196,0.01949010256618088,0.012139087180686556,-0.01662595641377023,0.0017432858257875974,-0.0028756296904002185,0.0015625070162858965,-0.0049730794936251295,0.0011486097356190345,39159.0
-0.41832033546179465,-0.0430082825018845,0.03364645918991262,0.007700895407863103,-0.016456092085109498,0.0017067681137793614,-0.0029618024710779903,0.0015902543346361015,-0.004968127011399484,0.0011394559225742311,39176.768147684605
-0.02437458395788521,-0.038049803094164544,0.04178563623146517,0.002392138713945268,-0.01606382530119637,0.0016482225079423281,-0.0030455579633703123,0.0016177697951589014,-0.004963112392923279,0.0011303088985276995,39194.84543178973
0.47138320369233283,-0.02268495714538403,0.04331790753126272,-0.0034081680456091966,-0.015484086598340472,0.001569046781291956,-0.00312693730484978,0.0016450514566242185,-0.004958035613757095,0.0011211686839279504,39212.92271589487
-0.18155084363048218,0.009316045648231651,0.03768334816322787,-0.00914644333194438,-0.01475180651285149,0.0014706387068437019,-0.0032059816330889802,0.001672097377801992,-0.004952896649461526,0.0011120352992234762,39231.0
-0.4391277532473759,0.045406151792156235,0.02431378087079329,-0.014260853275714478,-0.013901915581039025,0.0013543960576130405,-0.0032827320856605264,0.0016989056174621618,-0.004947695475597167,0.0011029087648627318,39248.768147684605
0.36420211193386054,0.056009098260803275,0.003231010672628893,-0.01819900116500284,-0.012969344339212745,0.0012217166066154272,-0.0033572298001370037,0.001725474234374661,-0.004942432067724608,0.001093789101294422,39266.84543178973
0.19558706470128442,-0.014310556189535315,-0.02202065489032115,-0.02040849028789289,-0.011989023323682275,0.0010739981268663213,-0.0034295159140910144,0.001751801287309427,-0.004937106401404442,0.0010846763289668448,39284.92271589487
-0.14373726504059814,-0.06214140324099366,-0.04251507495513643,-0.02034154474392228,-0.010991262259302952,0.0009126383913811917,-0.003499631565095149,0.0017778848350363892,-0.004931718452197259,0.0010755704683285759,39303.0
0.06147923408143696,0.008890492627021617,-0.04962911733034308,-0.0174688718784461,-0.009987887625112756,0.0007390351731755005,-0.0035676178907220186,0.001803722936325491,-0.00492626819566365,0.0010664715398280768,39320.768147684605
-0.04339238585618854,0.06680194912186188,-0.0404557074368287,-0.01156306512586703,-0.008986105088695406,0.0005545862452647079,-0.0036335160285442037,0.0018293136499466618,-0.004920755607364207,0.001057379563913921,39338.84543178973
0.10007293525631603,-0.050693106573680036,-0.015336827093915765,-0.0035857790309611936,-0.007993120317634566,0.0003606893806642794,-0.003697367116134319,0.0018546550346698384,-0.0049151806628595215,0.0010482945610345914,39356.92271589487
-0.20298851177854732,-0.06946541620027806,0.014609245387418578,0.0052040665839018715,-0.007016138979513932,0.0001587423523896716,-0.0037592122910649456,0.0018797451492649578,-0.004909543337710184,0.0010392165516386815,39375.0
0.3052024665531683,0.05212829042153859,0.038609317064610765,0.013547551896352613,-0.006062366741917161,-4.985706654364639e-05,-0.003819092690908688,0.001904582052501955,-0.004903843607476791,0.0010301455561744736,39392.768147684605
-0.1209048700561097,0.07046350931427223,0.049025902973581066,0.02018575708402157,-0.005139009272427987,-0.0002637111031202118,-0.0038770494532381454,0.001929163803150769,-0.004898081447719931,0.00102108159509059,39410.84543178973
-0.41730181844690495,0.0038320162982691105,0.04137261884515324,0.02411993836474651,-0.004253272238630056,-0.00048142198432456863,-0.003933123715625913,0.0019534884599813293,-0.004892256834000194,0.001012024688835619,39428.92271589487
0.18487371944501396,-0.06086679204886995,0.02129736058731124,0.025392056117194577,-0.003412361308107063,-0.0007015919371412472,-0.003987356615644585,0.0019775540817635762,-0.004886369741878175,0.0010029748578579752,39447.0
0.4206711194965191,-0.07079254304668384,-0.003018405847670832,0.024302086998642353,-0.0026213223868448276,-0.0009228231885547905,-0.004039789290866764,0.0020013587272674433,-0.004880420146914465,0.000993932122606189,39464.768147684605
-0.40940699208643544,-0.00655000366065643,-0.024174825190653407,0.021141368619975037,-0.0018765623344377523,-0.0011437179655497322,-0.004090462878865043,0.002024900455262867,-0.004874408024669653,0.0009848965035288725,39482.84543178973
-0.29642531141799383,0.05660882419636271,-0.037898484905034606,0.0161990788304799,-0.0011723282488823438,-0.0013628784951106143,-0.004139418517212018,0.002048177324519781,-0.0048683333507043335,0.0009758680210743058,39500.92271589487
0.4015265938240942,0.07337242085826559,-0.04069758313734708,0.009764395479444252,-0.0005028672281751358,-0.00157890700422197,-0.004186697343480292,0.002071187393808121,-0.004862196100579094,0.0009668466956911376,39519.0
0.03982238038169716,0.02793432563250803,-0.030791037253981163,0.0021959322428280596,0.00013757362968733113,-0.0017904057198683267,-0.004232340495242463,0.0020939287218978216,-0.004855996249854527,0.0009578325478278187,39536.768147684605
-0.41187682184552954,-0.03992726175849756,-0.013240641500758587,-0.005869953896718133,0.0007547472267085661,-0.001995976869034241,-0.004276389110071118,0.0021163993675588277,-0.004849733774091235,0.0009488255979329291,39554.84543178973
0.1967839888817996,-0.08044773003888603,0.005181090656641214,-0.01372747012987109,0.001354406464892024,-0.002194222678704244,-0.004318884325538864,0.002138597389561059,-0.004843408648849792,0.00093982586645491,39572.92271589487
0.4187653200055204,-0.0701572014748598,0.018766873592161275,-0.020670823647307615,0.0019423042462411713,-0.0023837453758628617,-0.004359867279218296,0.0021605208466744675,-0.004837020849690805,0.0009308333738423323,39591.0
-0.41560609620860733,-0.006270934515044165,0.026070333038234614,-0.02599422163970448,0.0025241934727595053,-0.0025631471874946474,-0.004399379108682005,0.0021821677976689735,-0.004830570352174853,0.0009218481405436046,39608.768147684605
-0.24668170919125657,0.06605776624875491,0.026798667442206617,-0.029080216173028303,0.0031058270464504826,-0.0027310303405841292,-0.0044374609515026005,0.0022035363013145235,-0.004824057131862537,0.0009128701870073212,39626.84543178973
0.40019194242010836,0.0927626854315165,0.021094750334655847,-0.02974703439647891,0.003692957869317579,-0.0028859970621158437,-0.0044741539452526685,0.002224624416381053,-0.004817481164314448,0.000903899533681983,39644.92271589487
-0.08022065924991807,0.04375906378644318,0.010148505549466962,-0.028227014402221452,0.004287922582745495,-0.0030266495790743403,-0.00450949922750481,0.0022454302016384877,-0.004810842425091169,0.0008949362010160088,39663.0
-0.38913136416772187,-0.040796618241174344,-0.0022497550985137297,-0.024821124822019584,0.004879392785643759,-0.003151590118444135,-0.004543537935831626,0.002265951715856773,-0.004804140889753302,0.0008859802094579272,39680.768147684605
0.3894193053082741,-0.09748973091372663,-0.011680196694717995,-0.01982691802701815,0.005452623816303131,-0.00325942090720979,-0.0045763112078057045,0.0022861870178058426,-0.004797376533861435,0.0008770315794564339,39698.84543178973
0.3576540484892398,-0.07883591441244889,-0.01481994344361327,-0.0135839390200753,0.0059928710130143555,-0.0033487441723558196,-0.004607860180999653,0.0023061341662556265,-0.004790549332976156,0.0008680903314597438,39716.92271589487
-0.4003646571262663,-0.009884780102972496,-0.012749071018475559,-0.006584588338236632,0.0064853897140682,-0.0034181621408667807,-0.00463822599298606,0.002325791219976063,-0.004783659262658058,0.0008591564859165801,39735.0
-0.2327950942724453,0.06349877263258763,-0.0077050741822794816,0.0006972008204018677,0.006915435257755405,-0.0034662770397271905,-0.004667449781337533,0.0023451562377370927,-0.004776706298467739,0.0008502300632753332,39752.768147684605
0.41554618214205624,0.09352111658655286,-0.0019405626906653151,0.007802610250409903,0.007268262982366734,-0.003491691095921609,-0.00469557268362666,0.002364227278308648,-0.0047696904159657836,0.0008413110839845046,39770.84543178973
-0.14773482734005555,0.04970738977548112,0.002601033025144405,0.014272821746357182,0.007529128226192934,-0.0034930120967614476,-0.00472263027709915,0.002383002400460658,-0.0047626115907127824,0.0008323995684927252,39788.92271589487
-0.42630035820845885,-0.02924975104936169,0.005212999831598109,0.019649017102813422,0.00768328632752476,-0.0034688692118089296,-0.004748636756749923,0.00240147966296307,-0.004755469798269335,0.0008234955372484036,39807.0
0.4288120186364452,-0.08692049305039784,0.005427912530290543,0.023542269503619893,0.007716054182115939,-0.0034179552921889773,-0.004773604193474161,0.0024196571245858126,-0.004748265014196028,0.0008145990106998753,39824.768147684605
0.2818819580096293,-0.0785964073556629,0.002951488104366841,0.025867668201298093,0.007613383271883645,-0.003339596916133179,-0.0047975455172238335,0.00243753284409882,-0.004740997214053452,0.0008057100092960665,39842.84543178973
-0.42891147264610086,-0.022818610721940424,-0.0007696168977525003,0.02670799588401703,0.007362840061454109,-0.003234735644582176,-0.004820473657950906,0.0024551048802720307,-0.004733666373402198,0.0007968285534851459,39860.92271589487
-0.19544330688286343,0.046716722838675485,-0.0038360381890101725,0.026166040538209926,0.006956824585094914,-0.0031047013947881406,-0.004842401545607351,0.0024723712918753834,-0.004726272467802866,0.0007879546637157259,39879.0
0.4254686749877807,0.08421616607353322,-0.004348411482348974,0.024326809296990638,0.0064055177303929565,-0.00295082408400325,-0.0048633421101451305,0.0024893301376788055,-0.004718815472816035,0.000779088360436345,39896.768147684605
-0.20463965174388832,0.056571014629648746,-0.001147947968834926,0.021340061056759944,0.005723545598264959,-0.0027744336294796795,-0.004883308281516213,0.002505979476452237,-0.004711295364002305,0.0007702296640953565,39914.84543178973
-0.4210903560046427,-0.012531977622885788,0.003920705705134016,0.017673476163224195,0.004925534289627639,-0.0025768599484695975,-0.0049023129896725755,0.0025223173669656146,-0.004703712116922265,0.0007613785951414837,39932.92271589487
0.4190448721234134,-0.07961405715713869,0.008125187462031324,0.014011071891711725,0.004026109905397714,-0.002359432958225169,-0.004920369164566181,0.002538341867988874,-0.004696065707136509,0.0007525351740230061,39951.0
0.3117142040215199,-0.09359633190952156,0.008779456621360997,0.010990544120520342,0.003039898546491899,-0.0021234825759985803,-0.0049374897361489905,0.0025540510382919468,-0.0046883561102056244,0.000743699421188721,39968.768147684605
-0.41754973522535427,-0.050885756795319474,0.00419213436818077,0.0089953201375395,0.001981526313826922,-0.0018703387190419892,-0.004953687634372987,0.0025694429366447777,-0.004680583301690211,0.0007348713570869448,39986.84543178973
-0.16942804503872538,0.02924186467608255,-0.003687258520709549,0.0077295007394979215,0.0008656193083194942,-0.0016013313046075851,-0.0049689757891901234,0.0025845156218172894,-0.004672747257150849,0.0007260510021660496,40004.92271589487
0.4243200703973434,0.09655544048270406,-0.012003445887192515,0.006731824616952071,-0.00029319636911366424,-0.0013177902499475265,-0.004983367130552381,0.0025992671525794254,-0.004664847952148137,0.0007172383768748509,40023.0
-0.20612956695408005,0.10361894766124509,-0.018264246778963183,0.005541030460458404,-0.001480294617555824,-0.0010210454723139932,-0.0049968749261959195,0.0026136959254853226,-0.004656885362242664,0.0007084335016615546,40040.768147684605
-0.440106356256174,0.051258622466726945,-0.02112551833578894,0.0036958569605734007,-0.002681049336090284,-0.0007124268889591541,-0.005009513915164539,0.0026278018083967457,-0.0046488594629950294,0.0006996363969748837,40058.84543178973
0.44798040741498674,-0.03888667865183734,-0.018558395636831853,0.0009045964661463689,-0.003880834423800313,-0.00039326441713518186,-0.005021299659584244,0.00264158549225766,-0.004640770229965814,0.0006908470832633581,40076.92271589487
0.31339226256433045,-0.09878427555760891,-0.008887968135409045,-0.0024661615686406863,-0.005065023779769186,-6.488797409425509e-05,-0.005032247860210957,0.002655047806641961,-0.004632617638715611,0.0006820655809752021,40095.0
-0.45196945863245414,-0.09498416864470922,0.008003678028422917,-0.0059599441426674985,-0.006218991303080198,0.0002713725229114595,-0.005042374222415398,0.002668189585738339,-0.00462440166480502,0.0006732919105591757,40112.768147684605
0.015445330697939179,-0.01929066044567747,0.026385921683241283,-0.00914019578265251,-0.007328110892816615,0.0006141871566297892,-0.005051694451568276,0.002681011663735465,-0.004616122283794626,0.0006645260924638259,40130.84543178973
0.4374391287784491,0.058858148297122326,0.03906102851782205,-0.011570361015314116,-0.00837775644806174,0.0009622260098085696,-0.005060224253040315,0.0026935148748220214,-0.0046077794712450215,0.0006557681471375173,40148.92271589487
-0.2501201351476033,0.07131772582093972,0.0389123259806956,-0.012894946127125155,-0.009353301867898824,0.0013141591651956053,-0.005067979332757206,0.0027057000537416874,-0.0045993732027167986,0.0006470180950287773,40167.0
-0.43028780641644954,0.025202822574980955,0.021838273672752147,-0.013087597189320802,-0.010240121051411172,0.001668656705538742,-0.005074975411272389,0.0027175680498658576,-0.00459090345377055,0.0006382759565860986,40184.768147684605
0.44160688401878323,-0.042182894845041216,-0.0054180665919942314,-0.012224700375981307,-0.01102148053757122,0.0020243887135858066,-0.005081228260186579,0.002729119763613215,-0.004582370199966868,0.0006295417522580566,40202.84543178973
0.31049092475807344,-0.04971247176411702,-0.03342274788618727,-0.010395964047374986,-0.011672217424908168,0.0023800252720846196,-0.005086753667101951,0.0027403561114039054,-0.004573773416866342,0.0006208155024931155,40220.92271589487
-0.48366219914806996,-0.008831636121840831,-0.05323663711839791,-0.007693203923881082,-0.012165061451840353,0.0027342364637830165,-0.005091567421075026,0.002751278011112416,-0.004565113080029565,0.0006120972277397769,40239.0
0.11814058199803043,0.04136455483873021,-0.057899856540905806,-0.004208235725878761,-0.012472711916621753,0.003085661931264464,-0.005095685311310567,0.0027618863807614695,-0.004556389164818075,0.0006033869482474926,40256.768147684605
0.4918780578946056,0.0482481377099204,-0.04084946786957876,-0.00013074954608663795,-0.01256774635684896,0.0034328195564550064,-0.005099123127013317,0.002772182138373794,-0.004547601645788878,0.0005946846834612397,40274.84543178973
-0.1154330559568675,-0.01618697032534612,-0.0006278417247788675,0.003958067033419224,-0.012422968435769571,0.0037744533469317373,-0.0051018966571085645,0.0027821662016926266,-0.004538750497266652,0.00058599045259352,40292.92271589487
-0.4203811458587536,-0.06466752470489491,0.042333300070063015,0.007379152058223358,-0.01201220807989273,0.004110333573533288,-0.0051040216686809,0.0027918394666205386,-0.004529835693567758,0.0005773042748486707,40311.0
0.3605309709334353,-0.01620815829616401,0.06650854407427927,0.009453443573910284,-0.011309551781543019,0.004440487072913696,-0.005105513838982364,0.0028012027392275308,-0.004520857209008557,0.0005686261694309639,40328.768147684605
0.025354940502460677,0.06961957358867238,0.06798493595366295,0.00950539162876488,-0.010292598035745315,0.004764940681726993,-0.005106388797623346,0.0028102567779419566,-0.0045118150179054035,0.000559956155544524,40346.84543178973
-0.24593024902016752,0.10416765881207253,0.04697431168462203,0.0071581100439969065,-0.008959284644449157,0.0050837212366272025,-0.0051066621664709886,0.002819002333448938,-0.004502709094574665,0.0005512942523938822,40364.92271589487
-0.06560965076975568,0.029064975792299517,0.006008360090583595,0.00317668769201056,-0.007336226596797638,0.0053968555742683584,-0.005106349567122178,0.002827440156163317,-0.004493539413332693,0.0005426404791831583,40383.0
0.1383110498246417,-0.08208756760272475,-0.03892695162694548,-0.0013891707926664072,-0.005456330178057152,0.0057043705313044955,-0.005105466621173796,0.0028355709964999463,-0.004484305948495855,0.000533994855116666,40400.768147684605
0.21481694868191206,-0.13220799556403282,-0.06841250555543828,-0.005489760775506251,-0.0033525016734940933,0.0060062929443896376,-0.005104028950222718,0.0028433956048736775,-0.0044750086743805114,0.0005253573993986351,40418.84543178973
-0.24353872717655517,-0.07340998491805642,-0.0684426207433348,-0.008119419128121117,-0.0010576473683748578,0.006302649650177816,-0.0051020521758658255,0.0028509147316993473,-0.004465647565303012,0.0005167281312334844,40436.92271589487
-0.29626552757491686,0.0484374782227466,-0.04644192802029625,-0.00867067104747637,0.001393912690181732,0.006593467485323063,-0.0050995519197000036,0.0028581291273918124,-0.004456222595579725,0.000508107069825252,40455.0
0.3467735595980293,0.13018982427766673,-0.014354750926366726,-0.0074659815014889155,0.003960012469284344,0.006878773286479411,-0.00509654380332213,0.002865039542365924,-0.004446733739527013,0.0004994942343783774,40472.768147684605
-0.1902538487930673,0.0989188796608214,0.017373022312782215,-0.0050410740054182435,0.0065883084207381225,0.007158593890300894,-0.005093043448329093,0.00287164672703652,-0.0044371809714612255,0.0004908896440970499,40490.84543178973
-0.41955625843679256,0.006812693511451685,0.04320740329958778,-0.0019294811361610196,0.009224266057985443,0.00743295613344153,-0.0050890664763177575,0.002877951431818456,-0.004427564265698731,0.0004822933181855695,40508.92271589487
0.11989910491086593,-0.07273257550033917,0.05813701417302941,0.0013352645293860552,0.011813350894468678,0.007701886852555358,-0.005084628508885018,0.0028839544071265787,-0.004417883596555886,0.000473705275848347,40527.0
0.4356946026735746,-0.09627975870530663,0.05687322658192256,0.004308783725694468,0.014301028443630213,0.007965412884296412,-0.005079745167627755,0.002889656403375739,-0.004408138938349054,0.00046512553628946075,40544.768147684605
-0.43008077083453,-0.04830265172847347,0.03676250547040925,0.006883935295706504,0.016632764218912403,0.008223561065318711,-0.005074432074142839,0.0028950581709807797,-0.004398330265394589,0.0004565541187133124,40562.84543178973
-0.23610878791015802,0.0246753908007922,0.007028988634460851,0.008965230845725822,0.01875402373375763,0.008476358232276299,-0.005068704850027161,0.00290016046035655,-0.00438845755200885,0.00044799104232411883,40580.92271589487
0.4165043788328426,0.07520008316646533,-0.020111479589151937,0.010437806845054217,0.020610272501608275,0.008723831221823193,-0.005062579116877597,0.002904964021917902,-0.0043785207725082044,0.00043943632632607844,40599.0
-0.21736440618209596,0.07047968771865483,-0.0349336399670764,0.011186799762993565,0.022146976035906707,0.00896600687061344,-0.005056070496291031,0.002909469606079682,-0.004368519901209011,0.0004308899899236113,40616.768147684605
-0.4152224745835681,0.023286003273170833,-0.03767457367963145,0.011097346068845737,0.02330959985009529,0.009202912015301053,-0.00504919460986434,0.002913677963256737,-0.004358454912427622,0.0004223520523209897,40634.84543178973
0.19888533824567897,-0.039822082496605855,-0.031122893018155302,0.010106866843312651,0.024052270853817705,0.009434573492540071,-0.005041967079194406,0.0029175898438639192,-0.004348325780480406,0.0004138225327222643,40652.92271589487
0.42295545813051855,-0.07450594312491807,-0.018310994304391533,0.008359039620476506,0.024366643533742738,0.009661018138984529,-0.005034403525878113,0.0029212059983160705,-0.004338132479683716,0.0004053014503319291,40671.0
-0.42594833299623713,-0.045552497373389476,-0.0025820307482387005,0.006038298576939592,0.02426460528811242,0.009882229244796526,-0.0050265195715123384,0.002924527177028043,-0.004327874984353915,0.0003967888243542563,40688.768147684605
-0.17865493403827026,0.028451260355060463,0.01172160091819068,0.0033261958970841345,0.023761062170700356,0.010098053436826626,-0.005018330837693967,0.002927554130414686,-0.004317553268807365,0.00038828467399344447,40706.84543178973
0.42545629478077296,0.08965660785803334,0.020007693082230407,0.00040428376529230687,0.022870813691147573,0.010308443886057995,-0.005009852946019871,0.0029302876088908446,-0.004307167307360421,0.00037978901845365495,40724.92271589487
-0.2869057112748154,0.08905989722874451,0.01912082288846212,-0.002578040174855511,0.021608621836438874,0.01051339128612996,-0.005001101518086944,0.0029327283628713674,-0.004296717074329446,0.00037130187693954804,40743.0
-0.41731645557279595,0.03275569128513531,0.01166136700964601,-0.005608949900629441,0.01998924859355914,0.01071288633068182,-0.004992092175492058,0.0029348771427711077,-0.0042862025440308016,0.0003628232686549711,40760.768147684605
0.23000292791185933,-0.05173627493026981,0.0017011288725399983,-0.00874458776067241,0.01802745594949321,0.010906919713352899,-0.004982840539832093,0.0029367346990049037,-0.004275623690780841,0.0003543532128043997,40778.84543178973
0.4045263470748447,-0.10719901528715213,-0.006679427596910623,-0.01205004956127002,0.015738005891225933,0.0110954821277825,-0.004973362232703935,0.0029383017819876152,-0.004264980488895932,0.0003458917285921615,40796.92271589487
-0.3977915401610622,-0.08028331278371904,-0.010204319371322044,-0.015590431108707916,0.013135660405742149,0.011278564267609944,-0.004963672875704461,0.0029395791421340843,-0.004254272912692431,0.00033743883522234416,40815.0
-0.08412261434585334,0.010825511648838472,-0.009002361807573961,-0.019243953419254577,0.010235181480026717,0.011456156826474537,-0.004953788090430554,0.0029405675298591594,-0.004243500936486697,0.00032899455189938615,40832.768147684605
0.38824669187113153,0.09525817007724259,-0.004722015458259823,-0.022173673212026297,0.0070513311010644885,0.0116282504980156,-0.004943723498479093,0.002941267695577692,-0.004232664534595094,0.0003205588978275044,40850.84543178973
-0.3044020157497412,0.10964533615850641,0.000986783191746621,-0.02354117127385906,0.003598871255840318,0.011794835975872437,-0.004933494721446964,0.0029416803897045238,-0.0042217636813339735,0.00031213189221091577,40868.92271589487
-0.38948341186422614,0.05306210781818153,0.006619026292352224,-0.022768835737681858,-0.00010320120976776328,0.011955903953684361,-0.00492311738093104,0.0029418063626545075,-0.004210798351019703,0.00030371355425398494,40887.0
0.36894265495731376,-0.041073667693893104,0.010279189989857888,-0.019355073024709565,-0.004015930567666665,0.012111445125090695,-0.004912607098528204,0.00294164636484249,-0.004199768517968638,0.0002953039031609473,40904.768147684605
0.4022711947076407,-0.1006463578385835,0.010127070485302184,-0.012985575526858039,-0.008080039026219158,0.01226145018373075,-0.004901979495835343,0.0029412011466833257,-0.004188674156497145,0.0002869029581360751,40922.84543178973
-0.41157317157275625,-0.08626133945708167,0.005465324905451512,-0.0041165553481431055,-0.012217191674818984,0.012405909823243815,-0.004891250194449329,0.002940471458591849,-0.0041775152409215715,0.0002785107383836037,40940.92271589487
-0.06530013082644351,-0.007618274737911745,-0.0023062501515786027,0.006260219848376219,-0.016345044184778248,0.012544814737269238,-0.004880434815967049,0.002939458050982922,-0.00416629174555829,0.0002701272631079163,40959.0
0.4325452036607408,0.07092220214108066,-0.011192235287412833,0.016948757931977986,-0.020381252227409007,0.01267815561944631,-0.004869548981985385,0.0029381616742713878,-0.0041550036447236555,0.00026175255151306343,40976.768147684605
-0.26468246659705325,0.08570064220205699,-0.01916705672788603,0.026722912396150482,-0.024243471474023375,0.01280592316341436,-0.004858608314101216,0.0029365830788720937,-0.004143650912734027,0.00025338662280368696,40994.84543178973
-0.4508654545157247,0.038276903436401895,-0.0242611067889944,0.0343902102853707,-0.027849357595933415,0.012928108062812678,-0.004847628433911418,0.0029347230151998875,-0.004132233523905765,0.0002450294961837635,41012.92271589487
0.4551975681022638,-0.040736627121243485,-0.024918028749510424,0.0390822594502016,-0.031116566264451223,0.01304470101128059,-0.004836624963012875,0.002932582233669619,-0.004120751452555229,0.0002366811908576394,41031.0
0.36241299011212885,-0.08300133055474905,-0.020413916251033563,0.04074841829904416,-0.033970345885072556,0.013155692702457407,-0.00482561352300247,0.002930161484696136,-0.004109204672998779,0.00022834172602966075,41048.768147684605
-0.4463083465028075,-0.06072689661882728,-0.010660145451118664,0.03963844901595878,-0.03637121058025643,0.013261073829982447,-0.004814609735477082,0.002927461518694287,-0.0040975931595527764,0.0002200111209040629,41066.84543178973
0.06771372937525715,0.022478233626363635,0.0029323917995012785,0.03604822350424417,-0.03830684632755883,0.013360835087495013,-0.004803629222033593,0.0029244830860789203,-0.00408591688653358,0.00021168939468500737,41084.92271589487
0.41612702342246183,0.09387312901959037,0.018582659192834024,0.030278508447427382,-0.03976983388476418,0.01345496716863444,-0.004792687604268885,0.0029212269385237148,-0.004074175829516379,0.00020337656657695114,41103.0
-0.30074800091481074,0.08093679656723726,0.03426802448302476,0.02263007052903554,-0.040752754009656895,0.013543460767040006,-0.004781800503779836,0.002917693864114964,-0.004062370000488982,0.00019507265578394488,41120.768147684605
-0.3877550352915779,-0.0002744282401326989,0.047003682041438656,0.013403676432595706,-0.041248187460021325,0.01362630657635105,-0.004770983542163324,0.002913884815470671,-0.004050499575970902,0.00018677768151055643,41138.84543178973
0.3842062408675774,-0.10077446767921042,0.05357472391999358,0.002905440697901943,-0.04124861087017224,0.013703391166737189,-0.004760252341016239,0.0029098009285221447,-0.004038564915794959,0.00017849166296076254,41156.92271589487
0.3138075183796089,-0.12676382463688984,0.0506920931689886,-0.008480162764962407,-0.04074608438054556,0.013774184614489314,-0.004749622521935455,0.002905443380487791,-0.00402656642108107,0.00017021461933902025,41175.0
-0.4012837278390026,-0.0686627406113676,0.0362709677133432,-0.02013544040876214,-0.03973256400810761,0.01383805287242861,-0.004739109706517853,0.002900813349466842,-0.00401450449382998,0.00016194656984952794,41192.768147684605
0.051448300304662846,0.04422740167562922,0.013919375579844302,-0.03138573074104072,-0.038200005769824616,0.013894361893376282,-0.004728729516360316,0.0028959120135585324,-0.004002379536042435,0.0001536875336966965,41210.84543178973
0.4354713464162417,0.14096881947788967,-0.011317200692948769,-0.04155637226934158,-0.03614036568266289,0.013942477630153528,-0.004718497573059719,0.0028907405508620853,-0.00399019194971917,0.0001454375300846781,41228.92271589487
-0.2391401064301784,0.16311820005090966,-0.03506048803663707,-0.04997270350120813,-0.033545599763588764,0.013981766035581555,-0.004708429498212955,0.002885300139476744,-0.003977942136860939,0.00013719657821768046,41247.0
-0.4826071584792123,0.13078831793188453,-0.05556571734581733,-0.05596006294418398,-0.030407664029568435,0.014011593062481542,-0.004698540913416894,0.0028795919575017284,-0.003965630499468474,0.00012896469730002202,41264.768147684605
0.5135566517649011,0.09025325971720856,-0.0716139933146647,-0.05883817207231843,-0.026724131531062272,0.014031321430267836,-0.004688844206861563,0.0028736171830362786,-0.0039532574395425265,0.00012074190653615983,41282.84543178973
0.33892769774342235,0.08341286614013368,-0.08195108671970848,-0.05789510889254188,-0.02252421878564966,0.014040297778263499,-0.004679335686645699,0.0028673769941796223,-0.003940823359083839,0.00011252822513010757,41300.92271589487
-0.5658611091599837,0.07449343999150865,-0.0852423270874078,-0.05245707429579015,-0.01787946067697512,0.014037852926529384,-0.004669995841605841,0.0028608725690309894,-0.003928328660093148,0.00010432367228639613,41319.0
0.17776228510098213,0.0184636413995456,-0.079551543310081,-0.042442594473996814,-0.012870567421826028,0.014023313422089345,-0.004660800887541531,0.002854105085689614,-0.0039157737445712016,9.612826720898383e-05,41336.768147684605
0.5300282349275325,-0.07602716986245497,-0.061743180494542825,-0.028969579404599058,-0.007578249236989713,0.013996001305674572,-0.004651722533959641,0.0028470757222547258,-0.0039031590145187406,8.794202910242002e-05,41354.84543178973
-0.10637337407864593,-0.16876116522166754,-0.028401948113750086,-0.01343567469889218,-0.00208321633925352,0.013955237491443081,-0.004642731363793872,0.002839785656825558,-0.0038904848719365104,7.976497717088466e-05,41372.92271589487
-0.3524240674408307,-0.13886012834457911,0.02001546772361577,0.0027614740318284503,0.0035338210545951937,0.013900342893552908,-0.004633797959977931,0.0028322360675013393,-0.0038777517188252524,7.159713061863158e-05,41391.0
0.22876466238489598,0.06561303057803233,0.06756447436597342,0.0182242211762675,0.009192152727769102,0.01383063842616206,-0.004624892905445524,0.0028244281323813072,-0.003864959957185713,6.343850864985918e-05,41408.768147684605
-0.12577586294759854,0.13273556388115731,0.09442850252601669,0.03155492112312967,0.014811068463480839,0.013745445003428565,-0.004615986783130352,0.002816363029564684,-0.003852109989018629,5.52891304690245e-05,41426.84543178973
0.08833211429707662,-0.03295001335458977,0.08555279189789892,0.04164242045252028,0.020309858044943063,0.013644083539510455,-0.0046070501759661285,0.0028080419371507084,-0.003839202216324749,4.714901528032594e-05,41444.92271589487
-0.09962744034797735,-0.09879559853775072,0.04492855135591533,0.0485228012558437,0.025607811255368425,0.01352587494856574,-0.004598053666886551,0.0027994660332386063,-0.0038262370411048107,3.9018182287934216e-05,41463.0
-0.21790107595874375,-0.03212990935665567,-0.01524423451095205,0.052523704798689834,0.030624217877969612,0.013390140144752427,-0.004588967838825317,0.002790636495927617,-0.0038132148653595654,3.089665069627865e-05,41480.768147684605
0.32926724706360483,0.06429361296150954,-0.06895871299536749,0.0539740390923448,0.03527836769595923,0.013236200042228571,-0.004579763274716146,0.0027815545033169652,-0.0038001360910897486,2.2784439709511458e-05,41498.84543178973
0.10444540437161873,0.05360254941270695,-0.09275788966687191,0.053200742655091664,0.03949151998555297,0.013063375555152175,-0.004570410557492738,0.002772221233505886,-0.0037870011202961085,1.4681568532006553e-05,41516.92271589487
-0.49962667710371933,-0.004384002313974689,-0.08722820515148343,0.05055141636616586,0.04320013874693688,0.012870987597681263,-0.004560880270088799,0.002762637864593606,-0.003773810354979383,6.588056367888456e-06,41535.0
0.5220658525326711,-0.023797494398955038,-0.059454941509503714,0.0464784443378238,0.04637937308696647,0.012658357083973847,-0.004551142995438024,0.0027528055746793598,-0.0037605641971403168,-1.496077578422754e-06,41552.768147684605
0.10040431250705993,-0.021227050573979837,-0.018225545666015797,0.04143311659195727,0.049041333287784615,0.012424804928187969,-0.004541169316474133,0.002742725541862382,-0.003747263048779658,-9.570814102543938e-06,41570.84543178973
-0.11372332910340889,-0.010692468827806877,0.026309560860028402,0.03585931454462581,0.05120553823736645,0.01216965204448164,-0.004530929816130823,0.0027323989442419,-0.0037339073118981434,-1.763613400048796e-05,41588.92271589487
-0.25621912582505896,0.0005008478273231295,0.0637475831766357,0.030200919611889022,0.05289150682368707,0.011892219347012881,-0.004520395077341797,0.002721826959917142,-0.0037204973884965163,-2.5692018067865913e-05,41607.0
-0.2943621698816802,0.00392853507662777,0.08368572639181318,0.02490181320980621,0.05411875793472173,0.011591827749939715,-0.004509535683040766,0.0027110107669873493,-0.0037070336805755263,-3.373844710033737e-05,41624.768147684605
0.2310562217889265,0.0006030508060053129,0.07781614647580663,0.020291828405534878,0.05490681045844544,0.011267798167420164,-0.004498322216161428,0.0026999515435517435,-0.0036935165901359084,-4.1775401893714325e-05,41642.84543178973
0.16686251621081893,0.010065488111702929,0.04803077362225839,0.016244604870623923,0.05527518328283341,0.010919451513612248,-0.004486725259637491,0.002688650467709561,-0.0036799465191784102,-4.980286324365057e-05,41660.92271589487
-0.1644852928332483,0.01487117243236427,0.005402827272621905,0.012519733927719968,0.05524326153683399,0.010546242461700765,-0.004474715396402665,0.0026771087175600345,-0.0036663238697037747,-5.782081194588304e-05,41679.0
-0.12666792402970337,-0.006476114291059801,-0.03772621716477563,0.008876806899469875,0.05482974614385236,0.010148309890413614,-0.004462263209390645,0.0026653274712023912,-0.0036526490437127435,-6.582922879616715e-05,41696.768147684605
0.1634187921065785,-0.03365078974180439,-0.0683185728289718,0.005075415108520236,0.05405260759052291,0.009726523115249694,-0.004449339281535141,0.0026533079067358636,-0.0036389224432060597,-7.382809459027677e-05,41714.84543178973
-0.17203464334720464,-0.03298307547389192,-0.07474398058029015,0.0008751498775178596,0.05292966719404378,0.009281900621143946,-0.00443591419576986,0.002641051202259684,-0.0036251444701844663,-8.1817390123838e-05,41732.92271589487
-0.18159341779991428,0.00138031764753888,-0.05464092161853865,-0.003834979334234053,0.05147874627161311,0.008815460893031302,-0.004421958535028503,0.0026285585358730864,-0.0036113155266487085,-8.979709619263396e-05,41751.0
0.1840422217277608,0.039546150743094054,-0.018272962064062963,-0.008648290520807383,0.04971766614042926,0.008328222415846711,-0.00440744288224478,0.0026158310856753,-0.0035974360145995293,-9.776719359239233e-05,41768.768147684605
0.006884883780189853,0.03242612494235697,0.02218411825209734,-0.013028683539617149,0.04766424811769034,0.007821203674525103,-0.004392337820352391,0.002602870029765553,-0.0035835063360376666,-0.00010572766311878543,41786.84543178973
-0.17790290472143103,-0.007371757640357147,0.05680832013734349,-0.016440058248078794,0.04533631352059464,0.00729542315400143,-0.004376613932285039,0.0025896765462430776,-0.0035695268929638656,-0.00011367848556763328,41804.92271589487
0.012723779716340469,-0.040806120334478176,0.07214437327057611,-0.018346314503607516,0.042751683666340363,0.006751899339210628,-0.0043602418009764336,0.002576251813207113,-0.0035554980873788765,-0.00012161964173458046,41823.0
0.18825522759430635,-0.022070814771827922,0.05834695924785529,-0.018365442785744358,0.03992817987212568,0.00619165071508764,-0.004343192009360281,0.0025625970087568826,-0.0035414203212834334,-0.00012955111241534544,41840.768147684605
-0.20443791512674772,0.042843676068329374,0.024380398041197678,-0.01673511981538502,0.03688694720800044,0.005615695766567397,-0.004325435140370277,0.0025487133109916224,-0.003527293996678285,-0.00013747287840572056,41858.84543178973
0.21850170743178915,0.0324945080312754,-0.016380248497617517,-0.013862809042601109,0.03366482685106454,0.005025052978584858,-0.004306941776940139,0.0025346018980105596,-0.003513119515564171,-0.0001453849205014982,41876.92271589487
-0.21572350705179866,-0.04326453398048407,-0.05172658937371579,-0.010168902052889256,0.03031158811384298,0.004420740836074947,-0.004287682502003566,0.0025202639479129274,-0.0034988972799418344,-0.00015328721949811044,41895.0
0.19105745119322687,-0.03041620956859891,-0.07179580118051626,-0.006079939480279972,0.026883149357394578,0.003803777823972607,-0.004267627898494257,0.0025057006387979564,-0.0034846276918120184,-0.00016117975619159907,41912.768147684605
-0.15504069378763274,0.030205787635614833,-0.07585484075653479,-0.0020338748454140046,0.023446841829388426,0.003175182427212789,-0.004246748549345927,0.0024909131487648836,-0.003470311153175472,-0.00016906251137756246,41930.84543178973
0.05770905913528406,0.050210609786048736,-0.06894153424158833,0.0016035851674980801,0.020057996372990626,0.00253597313073042,-0.004225015037492274,0.002475902655912933,-0.003455948066032929,-0.00017693546585170058,41948.92271589487
0.10848609379258554,0.04818646776099518,-0.057054134928542645,0.004717029157256972,0.01676263427606497,0.0018871684194604495,-0.004202397945867006,0.0024606703383413396,-0.003441538832385139,-0.00018479860040976885,41967.0
-0.11731314774215555,0.05168927396951002,-0.04406990231592349,0.007252724812178188,0.0136053441688876,0.0012297867783378203,-0.0041788678574038295,0.0024452173741493347,-0.0034270838542328434,-0.00019265189584754115,41984.768147684605
0.013349642038800602,0.0222979860633515,-0.028762006579124352,0.009156939820577274,0.01063071468173464,0.0005648466922974673,-0.0041543953550364455,0.002429544941436149,-0.003412583533576783,-0.0002004953329606713,42002.84543178973
0.1841201626467675,-0.034533486323082986,-0.011300461879750732,0.010378275047697201,0.007881001267954806,-0.00010663335372567352,-0.004128951021698561,0.0024136542183010117,-0.0033980382724176994,-0.00020832889254491466,42020.92271589487
-0.21669151954726637,-0.08532081868544034,0.007444935890958917,0.010878879237855611,0.005384911501822127,-0.0007836348747966476,-0.0041025054403238765,0.00239754638284316,-0.003383448472756345,-0.00021615255539598975,42039.0
-0.1802811932042546,-0.08051457007152553,0.026793629425867584,0.010644705424148995,0.0031473486688317802,-0.0014651393859805286,-0.004075029193846106,0.00238122261316182,-0.003368814536593452,-0.0002239663023096704,42056.768147684605
0.24377714611745113,-0.03482753989591013,0.04643200868200254,0.009684363516603726,0.0011505591775490861,-0.0021501284023423607,-0.004046492865198948,0.002364684087356227,-0.0033541368659297708,-0.00023177011408157352,42074.84543178973
-0.23921205104143659,0.02006381603263405,0.06467567391152737,0.008011073851637287,-0.0006278209898517761,-0.002837583438947224,-0.004016867037316107,0.0023479319835256066,-0.003339415862766038,-0.00023956397150755608,42092.92271589487
-0.0665413262354202,0.06696104107279427,0.07945021829436402,0.005638056765667219,-0.002210155851196684,-0.0035264860108601592,-0.003986122293131288,0.0023309674797692016,-0.003324651929103008,-0.00024734785538318873,42111.0
-0.0009437578905391175,0.10016421545478833,0.08868123501043478,0.0025785325951110647,-0.003618809424311476,-0.004215817633146228,-0.003954229215578202,0.002313791754186231,-0.003309845466941411,-0.0002551217465043747,42128.768147684605
0.19412540869817974,0.11732008627782861,0.09028295125695211,-0.0011429123409042675,-0.004876145727021992,-0.004904559820870503,-0.003921158387590543,0.002296405984875932,-0.003294996878281996,-0.0002628856256667032,42146.84543178973
-0.18147672490353203,0.11160502233196476,0.08283810078872729,-0.0054191668324522135,-0.006004528777154088,-0.00559169408909803,-0.0038868803921020254,0.002278811349937539,-0.003280106565125509,-0.00027063947366598033,42164.92271589487
-0.09967925431268346,0.07031225059907976,0.06772214652892623,-0.009983509847049052,-0.00702632259253361,-0.0062762019528938805,-0.00385136581204635,0.0022610090274702735,-0.003265174929472683,-0.0002783832712978646,42183.0
0.16884646559471073,0.003515373082384113,0.04681737467842934,-0.014532159392249125,-0.007963891190986404,-0.006957064927323097,-0.0038145852303572234,0.0022430001955733793,-0.0032502023733242745,-0.00028611699935813444,42200.768147684605
-0.036952186970318886,-0.06636195449927705,0.021954284635436735,-0.018761333475606743,-0.008839598590338345,-0.007633264527450742,-0.0037765092299683507,0.0022247860323460797,-0.003235189298681017,-0.0002938406386425314,42218.84543178973
-0.16432396121238588,-0.10791894901141316,-0.005036624201851448,-0.02236725010467632,-0.009675808808415218,-0.008303782268341903,-0.0037371083938134327,0.002206367715887607,-0.003220136107543655,-0.00030155416994673707,42236.92271589487
0.16247266751723197,-0.09723926737063002,-0.03208768623747697,-0.02504612728701206,-0.010494885863042954,-0.008967599665061587,-0.0036963533048261785,0.0021877464242971946,-0.0032050432019129337,-0.00030925757406645833,42255.0
0.05515259089353308,-0.04644685242427005,-0.056414316971019604,-0.026494183030168393,-0.011319193772047306,-0.009623698232674916,-0.003654214545940289,0.0021689233356740733,-0.003189910983789596,-0.00031695083179748514,42272.768147684605
0.009505166054936658,0.015302704865427523,-0.07592174925058136,-0.026407862608941863,-0.01217086928601195,-0.010271059486246894,-0.003610662700089477,0.002149899628117474,-0.003174739855174383,-0.00032463392393550146,42290.84543178973
-0.16442863469246163,0.06763994425511431,-0.08874696181083509,-0.024485818389930806,-0.013069842063718742,-0.010908664940842609,-0.0035656683502074387,0.002130676479726629,-0.0031595302180680396,-0.00033230683127623723,42308.92271589487
0.1690264248293018,0.08532814162957514,-0.0930273276369695,-0.020431727847789523,-0.014030622405377061,-0.011535496111527115,-0.0035192020792278824,0.002111255068600768,-0.0031442824744713086,-0.00033996953461545707,42327.0
-0.007539191929833086,0.0650621418464259,-0.0875541835966115,-0.014104398842372724,-0.015066422588363711,-0.012150534513365483,-0.0034712344700845153,0.0020916365728391277,-0.003128997026384934,-0.0003476220147488148,42344.768147684605
-0.1753776473426088,0.025996600565184887,-0.07372880832939348,-0.005983882440752954,-0.01619045489005546,-0.012752761661422758,-0.0034217361057110383,0.002071822170540931,-0.0031136742758096545,-0.0003552642524720936,42362.84543178973
0.17158542846934122,-0.013586562560930165,-0.053604867355319934,0.003294360925563665,-0.017415931587829083,-0.013341159070763999,-0.0033706775690411565,0.0020518130398054155,-0.0030983146247462187,-0.00036289622858099336,42380.92271589487
0.04786347342190262,-0.04426930027957181,-0.029165221831043895,0.013094870825071046,-0.01875606495906143,-0.013914708256454265,-0.0033180294430085757,0.002031610358731811,-0.0030829184751953666,-0.0003705179238712419,42399.0
-0.11452070356377518,-0.05786694018555532,-0.0020687290713205303,0.02278218682626304,-0.020224067281129215,-0.014472390733558618,-0.003263762310547006,0.0020112153054193498,-0.003067486229157843,-0.00037812931913862216,42416.768147684605
-0.13125141997210807,-0.0471582036177043,0.0258362737586663,0.03172084849763359,-0.021833150831409274,-0.015013188017142111,-0.0032078467545901463,0.001990629057967258,-0.003052018288634385,-0.00038573039517875114,42434.84543178973
0.11549767829470452,-0.01335455081454691,0.051048516811224444,0.03927539540767652,-0.023596527887278347,-0.01553608162226982,-0.0031502533580717,0.001969852794474779,-0.0030365150556257493,-0.00039332113278745814,42452.92271589487
-0.09504008708866285,0.019903020176262293,0.06964330047091144,0.044810367124885786,-0.025527410726113278,-0.016040053064006788,-0.0030909527039253777,0.0019488876930411308,-0.0030209769321326617,-0.0004009015127603518,42471.0
-0.09718712785962792,0.03041524471916457,0.07769592512228492,0.04769030321775521,-0.027639011625290814,-0.016524083857418097,-0.0030299153750848766,0.001927734931765554,-0.0030054043201558785,-0.0004084715158932766,42488.768147684605
-0.07518631281957856,0.023541452701449247,0.07270276343489462,0.04744559477446722,-0.029934604125749727,-0.016987155517568783,-0.002967111954483912,0.001906395688747275,-0.0029897976216961375,-0.0004160311229819105,42506.84543178973
-0.006392544409095838,0.009114557485125616,0.0578444772182589,0.04427003896195795,-0.03237770682267647,-0.017428249559523903,-0.0029025130250561818,0.0018848711420855278,-0.0029741572387541808,-0.00042358031482197313,42524.92271589487
0.03766560344560681,-0.003772718623284219,0.03772280056688828,0.03852328446685208,-0.034921899574819525,-0.017846347498348538,-0.002836089169735393,0.0018631624698795424,-0.0029584835733307544,-0.0004311190722092084,42543.0
0.11906845996277753,-0.008030556461718243,0.016939467575293275,0.03056497997577427,-0.037520762240927305,-0.01824043084910773,-0.002767810971455246,0.001841270850228551,-0.002942777027426599,-0.0004386473759393508,42560.768147684605
0.0021812219955815596,-0.00022576361967377434,-3.702854537391472e-05,0.020754774175349114,-0.040127874679748245,-0.018609481126866532,-0.0026976490131494515,0.0018191974612317857,-0.002927038003042459,-0.0004461652068080727,42578.84543178973
-0.15337242865411993,0.006517908471217272,-0.009359735690525403,0.009452315752201346,-0.04269681675003078,-0.018952479846690046,-0.0026255738777517116,0.001796943480988477,-0.0029112669021790776,-0.0004536725456111758,42596.92271589487
0.17001871714179081,-0.0003932159158990077,-0.009242281716521765,-0.0028987696771252034,-0.04518116831052339,-0.019268408523643275,-0.0025515561481957317,0.001774510087597855,-0.002895464126837196,-0.0004611693731442952,42615.0
-0.016674224845030065,-0.018583501846634116,-0.004539351795588286,-0.015500016485005786,-0.04753450921997447,-0.01955624867279132,-0.0024755664074152172,0.0017518984591591523,-0.002879630079017559,-0.00046865567020321417,42632.768147684605
-0.19015796391654613,-0.022467455722887514,-0.0019162735701588015,-0.02742335016369912,-0.04971041933713252,-0.019814981809199203,-0.0023975752383438758,0.0017291097737716034,-0.00286376516072091,-0.0004761314175836604,42650.84543178973
0.08636469145665157,0.005469950372951867,-0.004284539985828946,-0.03785896605318661,-0.051662478520745875,-0.020043589447932022,-0.0023175532239154083,0.0017061452095344374,-0.002847869773947992,-0.00048359659608138,42668.92271589487
0.18704526936893104,0.043147631792360065,-0.01046959144566006,-0.046181336034806134,-0.05334426662956312,-0.020241053104054815,-0.0022354709470635155,0.0016830059445468797,-0.002831944320699544,-0.0004910511864920637,42687.0
-0.17878482399591003,0.05818583253173578,-0.01838455694514245,-0.052129450131817745,-0.05470936352233256,-0.020406354292632642,-0.0021512989907219154,0.0016596931569081725,-0.002815989202976316,-0.0004984951696114209,42704.768147684605
-0.021527638549667216,0.030887049907518307,-0.026628436488099552,-0.05552922458359781,-0.055711349057802714,-0.020538474528730567,-0.0020650079378242985,0.0016362080247175402,-0.002800004822779045,-0.000505928526235179,42722.84543178973
0.15665913578883525,-0.024395597718833477,-0.033378211116345854,-0.05620657562952288,-0.05630380309472199,-0.020636395327413654,-0.001976568371304379,0.001612551726074218,-0.0027839915821084795,-0.0005133512371591122,42740.92271589487
0.12741244479344252,-0.0825126858833617,-0.03664680366686379,-0.05397610624603699,-0.05645161875477128,-0.020699091947702114,-0.0018859571301406888,0.0015887254390774329,-0.0027679498829653567,-0.0005207632831789204,42759.0
-0.13330276419642145,-0.11206679168768564,-0.034299802677787414,-0.04875450065670302,-0.05616463529374002,-0.020725821542058022,-0.0017931760774910935,0.0015647303418264192,-0.0027518801273504227,-0.0005281646450903218,42776.768147684605
0.1224637256730229,-0.08922149170618984,-0.02470008002010593,-0.041036116530887554,-0.05546277755986565,-0.020717050979397644,-0.0016982450305437216,0.0015405676124204085,-0.0027357827172644214,-0.0005355553036890352,42794.84543178973
0.09453549937774038,-0.02416465046907812,-0.010409655378967287,-0.031461243890166316,-0.05436566348376434,-0.02067350725431669,-0.0016012305984284452,0.0015162384289586317,-0.0027196580547080955,-0.0005429352397708159,42812.92271589487
-0.0751424180080968,0.06271869743683477,0.004922831032229428,-0.02066982226945553,-0.05289291099605235,-0.020595905663425465,-0.0015022110882605764,0.00149174396954032,-0.002703506541682187,-0.0005503044341313637,42831.0
-0.12461450714892107,0.1315370231633323,0.01764873900008511,-0.009301791203671372,-0.05106413802734588,-0.020484961503334197,-0.001401264807155423,0.0014670854122647064,-0.00268732858018744,-0.0005576628675664343,42848.768147684605
0.15149107430165243,0.14873147485138502,0.024119428311200636,0.0020029097722700107,-0.04889896250826121,-0.020341390070653192,-0.0012984700622282932,0.0014422639352310188,-0.0026711245722245962,-0.0005650105208716906,42866.84543178973
-0.19653220744903585,0.08351157912081164,0.021923199453123793,0.012688398082700707,-0.04641700236941447,-0.0201659066619927,-0.0011939051605944933,0.0014172807165384908,-0.0026548949197944,-0.0005723473748429341,42884.92271589487
0.29151399697654984,-0.04780101121954575,0.013630254710336808,0.02250087999579989,-0.04363787554142205,-0.019959226573962974,-0.0010876484093693365,0.0013921369342863564,-0.0026386400248975925,-0.0005796734102758372,42903.0
0.31716921684002225,-0.14202982090511612,0.003208586948995753,0.03110976885826787,-0.04058119995490007,-0.019722065103174303,-0.0009797781156681243,0.0013668337665738409,-0.0026223602895349193,-0.0005869886079662016,42920.768147684605
-0.37045830150560644,-0.1381402333827701,-0.005650854718999724,0.0380531633911,-0.03726659354046478,-0.019455137546236952,-0.0008703725866061756,0.001341372391500183,-0.002606056115707122,-0.0005942929487095701,42938.84543178973
-0.00657432841235553,-0.029155513668083225,-0.011101301056575204,0.04288024046385898,-0.0337136742287324,-0.01915915919976121,-0.0007595101292987895,0.0013157539871646092,-0.0025897279054149457,-0.0006015864133019843,42956.92271589487
0.421047639132883,0.08614983106384369,-0.01261864224903253,0.045255805162875085,-0.029942059950319195,-0.018834845360357306,-0.0006472690508612795,0.0012899797316663498,-0.002573376060659129,-0.0006088689825389321,42975.0
-0.10617881860473337,0.10650888459227772,-0.009973031394719202,0.04494097288349028,-0.025973084238219025,-0.018482911324635545,-0.0005337276584089546,0.001264050803104643,-0.002557000983440421,-0.0006161406372160902,42992.768147684605
-0.39294842621785564,0.050263198768989464,-0.0039726771216027044,0.042335936299515375,-0.02183576558897289,-0.018104072389206177,-0.00041896425905712007,0.0012379683795787127,-0.002540603075759559,-0.0006234013581293386,43010.84543178973
0.09814232415472297,-0.03166825414931588,0.0027584901361364885,0.038034962850705546,-0.01756412831764563,-0.017699043850679455,-0.00030305715992108773,0.0012117336391877951,-0.00252418273961729,-0.0006306511260743451,43028.92271589487
0.3343250194189048,-0.07556291773592638,0.007180993173103678,0.0326438647790295,-0.013194857984999515,-0.017268541005665692,-0.00018608466811616506,0.001185347760031118,-0.002507740377014355,-0.0006378899218468698,43047.0
-0.3167417575713544,-0.04089189863342443,0.00710830134928638,0.026762529648952628,-0.008771994918441415,-0.016813279150775115,-6.81250907576608e-05,0.0011588119202079153,-0.002491276389951497,-0.0006451177262425848,43064.768147684605
-0.17088528155937663,0.01601688562795257,0.003855163051160632,0.020850073175050086,-0.004341418137039043,-0.016333973582618025,5.0743265039114637e-05,0.0011321272978174197,-0.0024747911804294614,-0.0006523345200571994,43082.84543178973
0.3187684113882802,0.05278461171996889,-0.00018054727292841948,0.01512215213126246,5.099334013968289e-05,-0.015831339597804677,0.0001704420921588569,0.001105295070958861,-0.0024582851504489894,-0.0006595402840864044,43100.92271589487
-0.15761158714651255,0.04428154218562763,-0.003004905812389802,0.0097391604096112,0.0043593604940269795,-0.01530609249294533,0.00029089308348625184,0.001078316417731469,-0.0024417587020108245,-0.0006667349991262229,43119.0
-0.33717878515190775,0.014778393216657882,-0.004435497526658896,0.004836146593451429,0.008537804305555036,-0.01475894756465027,0.0004120179319059965,0.0010511925162344754,-0.0024252122371157077,-0.0006739186459720134,43136.768147684605
0.22087593924490462,-0.009731535336511683,-0.004641167816001918,0.00043456441970436325,0.012546087523247573,-0.014190620109529753,0.0005337383303027771,0.0010239245445671172,-0.002408646157764387,-0.000681091205419762,43154.84543178973
0.3372549723580508,-0.027071208064759045,-0.0037412968736904176,-0.0035161646520697827,0.016366539965994693,-0.013601825424194065,0.0006559759715612874,0.0009965136808286173,-0.0023920608659575996,-0.0006882526582649379,43172.92271589487
-0.32922505972506505,-0.0404478293322456,-0.0018656369068157169,-0.007061888916082588,0.019987133220278022,-0.01299327880525345,0.000778652548566218,0.000968961103118211,-0.0023754567636960905,-0.0006954029853034534,43191.0
-0.14097917539022733,-0.03847268367443202,0.0007495212657210722,-0.01021319341024843,0.023395838872579237,-0.0123656955493182,0.0009016897542022611,0.0009412679895351331,-0.0023588342529806054,-0.0007025421673309994,43208.768147684605
0.3129116248888938,-0.015390972116839785,0.0035745114584891254,-0.012972389228002194,0.02658062850937998,-0.011719790952998573,0.0010250092813541094,0.0009134355181786098,-0.002342193735811885,-0.0007096701851433405,43226.84543178973
-0.1878899395471284,0.024583659856276554,0.006008392130545055,-0.015341787462778768,0.02952947371716191,-0.011056280312904834,0.0011485328229064514,0.0008854648671478759,-0.0023255356141906754,-0.0007167870195360935,43244.92271589487
-0.31235111881459143,0.047988536217535155,0.007450035210204243,-0.017323512677271793,0.03223034608240667,-0.010375878925647265,0.0012721820717439794,0.0008573572145421625,-0.0023088602901177153,-0.0007238926513051339,43263.0
0.23978332465135624,0.025384451144181204,0.0074735715776905855,-0.018892906271860063,0.03467121719159594,-0.00967930208783613,0.0013958787207513838,0.0008291137384606981,-0.002292168165593749,-0.0007309870612459307,43280.768147684605
0.3207524276809283,-0.02292576890879907,0.006373713103735597,-0.019937722180536323,0.036840058631211335,-0.00896726509608169,0.0015195444628133584,0.0008007356170027192,-0.0022754596426195223,-0.0007380702301545074,43298.84543178973
-0.3232975447610277,-0.0590435677352735,0.004693744862789426,-0.020393499025177876,0.03872609558612383,-0.008240483246994224,0.001643100990814593,0.0007722240282674506,-0.002258735123195774,-0.0007451421388264438,43316.92271589487
-0.04751074876954184,-0.03888337861944444,0.0028705297881347638,-0.02024142766828973,0.04032503817321235,-0.007499671837183997,0.0017664699976397793,0.0007435801503541285,-0.00224199500932325,-0.000752202768057449,43335.0
0.33178186721576114,0.018894515298224984,0.0007645647339815851,-0.019475826444645673,0.04163973226154858,-0.006745546163261275,0.0018895731761736072,0.0007148051613619857,-0.0022252397030026946,-0.0007592520986432693,43352.768147684605
-0.1827987945053006,0.07342206958762283,-0.001909139775684741,-0.018092587347032944,0.04267449425865504,-0.005978821521836334,0.0020123322193007693,0.0006859002393902491,-0.002208469606234847,-0.0007662901113797062,43370.84543178973
-0.3599965434714395,0.07094360755387479,-0.00534722911359333,-0.016087602368238803,0.04343364057205427,-0.00520021320951944,0.002134668819905958,0.0006568665625381519,-0.0021916851210204533,-0.0007733167870624135,43388.92271589487
0.375329772590938,-0.01347566802220327,-0.009373575380784312,-0.013476378060730909,0.04392148760926879,-0.004410436522920859,0.002256504670873862,0.0006277053089049268,-0.0021748866493602544,-0.0007803321064871006,43407.0
0.29132525832714334,-0.09216298003026632,-0.013645078357371538,-0.010353919999151256,0.04414235177782116,-0.0036102067586508656,0.0023777614650891763,0.0005984176565897982,-0.002158074593254991,-0.0007873360504495505,43424.768147684605
-0.3680068988446847,-0.08895378637268106,-0.017559373100386688,-0.006842846241340228,0.044100569503333194,-0.002800259231419048,0.0024983608954365884,0.0005690047836920125,-0.0021412493547054165,-0.0007943285997453801,43442.84543178973
0.038835048304376535,0.02345384524200465,-0.019533694268893835,-0.003083125247708855,0.04380061394201881,-0.0019814659865270458,0.0026182246548007914,0.0005394678683107894,-0.0021244113357122654,-0.0008013097351704739,43460.92271589487
0.28060339354295993,0.11531414969920366,-0.01758475873280964,0.0007589075985155739,0.043247256981733324,-0.0011549978009179026,0.002737274436066476,0.0005098080885453621,-0.002107560938276281,-0.0008082794375204583,43479.0
-0.22130573303745835,0.0630689516242663,-0.010432152586096474,0.004441360075366245,0.042445535491579665,-0.0003222904327822897,0.0028554319321183346,0.000480026622494965,-0.0020906985643982094,-0.0008152376875910332,43496.768147684605
-0.1818261453310085,-0.06892699519539025,-3.285596455118239e-05,0.007703748826255961,0.0414006070732949,0.0005150996270549658,0.002972618835841057,0.000450124648258826,-0.0020738246160787906,-0.0008221844661780093,43514.84543178973
0.13840519522680558,-0.13904879313686389,0.010842139912584207,0.010285605283928674,0.04011790393609994,0.0013553412802852583,0.003088756840119338,0.0004201033439361764,-0.0020569394953187685,-0.0008291197540770775,43532.92271589487
-0.04939919773535308,-0.04959842129903732,0.019596245483684896,0.01192646088112827,0.03860292694108656,0.0021965347767290335,0.0032037676378378625,0.00038996388762625446,-0.0020400436041188895,-0.0008360435320839515,43551.0
-0.17689180564831855,0.08788552964823869,0.024330477817592573,0.01236370323407754,0.036863320765867694,0.0030367803662067427,0.003317572921881329,0.00035970745742828196,-0.002023137344479892,-0.0008429557809943615,43568.768147684605
-0.1943287329011312,0.15624769033570085,0.02322364987347712,0.01142272185797167,0.034915333956372405,0.003874178298538835,0.0034300943851344255,0.0003293352314414973,-0.0020062211184025233,-0.0008498564816040419,43586.84543178973
0.24798883037044894,0.1106189130066773,0.015116015675487815,0.00931307111171131,0.0327774732839782,0.004706828823545765,0.0035412537204818437,0.0002988483877651248,-0.001989295327887521,-0.0008567456147086582,43604.92271589487
-0.005242093322545402,-0.03836861927883498,0.0029426800170170744,0.006340882519253738,0.030468274122294324,0.005532832191047976,0.0036509726208082747,0.0002682481044984039,-0.0019723603749356336,-0.0008636231611040772,43623.0
-0.3470845792198116,-0.16015848984423672,-0.00931338817440946,0.0028122876045562416,0.02800627184493009,0.0063502886508659245,0.0037591727789984086,0.00023753555974056066,-0.0019554166615475986,-0.0008704891015858563,43640.768147684605
0.31766490255650076,-0.13555804656191633,-0.018381060539829814,-0.0009665821084238653,0.025410001825494813,0.0071572984528200535,0.003865775887936938,0.00020671193159083344,-0.0019384645897241673,-0.0008773434169498888,43658.84543178973
0.38700784436622737,-0.009636237511990579,-0.02383657099453593,-0.004689595095729251,0.02269799943759773,0.007951961846730821,0.003970703640508553,0.00017577839814844558,-0.0019215045614660751,-0.0008841860879917241,43676.92271589487
-0.38752040943739613,0.11906697780058517,-0.02596799402238322,-0.00805061983340263,0.01988880005484817,0.008732379082418662,0.004073877729597949,0.00014473613751263002,-0.0019045369787740684,-0.0008910170955072746,43695.0
-0.3491578748105107,0.14196700018023403,-0.02499531212473424,-0.010811616779979554,0.0170009390508554,0.009496650409704046,0.004175219848089812,0.00011358632778262368,-0.00188756224364889,-0.0008978364202921573,43712.768147684605
0.37698017366367037,0.07181998425342499,-0.021011588113285934,-0.013006961278639637,0.014052951799228691,0.010242876078407404,0.004274651688868836,8.233014705765312e-05,-0.0018705807580912817,-0.0009046440431420626,43730.84543178973
-0.03718141839983724,-0.04053355477167978,-0.014633461498019112,-0.014729432754192275,0.011063373673577391,0.010969156338349197,0.004372094944819712,5.0968773436949486e-05,-0.0018535929241019881,-0.0009114399448528017,43748.92271589487
-0.3705404775445425,-0.11600993433342376,-0.006662522907436236,-0.016032354707903596,0.008050740047510725,0.01167359143934988,0.004467471308827132,1.9503385019746855e-05,-0.0018365991436817518,-0.0009182241062200004,43767.0
0.27191109566797095,-0.09636538123543846,0.0020537446937752904,-0.016959174921485833,0.0050335862946380185,0.012354281631229884,0.004560702473775788,-1.2064840094727651e-05,-0.0018195998188313153,-0.0009249965080395252,43784.768147684605
0.3714381998344537,-0.014842854973170522,0.010523791874403995,-0.017553341176651163,0.00203044778856854,0.013009327163809672,0.004651710132550367,-4.373472380723363e-05,-0.001802595351551424,-0.0009317571311069836,43802.84543178973
-0.37455169968951685,0.06608863481574391,0.0177200525866074,-0.01785830125511186,-0.0009401400970883918,0.013636828286909704,0.004740415978035566,-7.550508801854973e-05,-0.0017855861438428181,-0.000938505956218214,43820.92271589487
-0.32467941822416624,0.08063935916946516,0.022614960782543016,-0.017917502938580056,-0.0038596419887235154,0.014234885250350398,0.004826741703116072,-0.00010737475462943786,-0.0017685725977062432,-0.0009452429641687597,43839.0
0.3859524099028832,0.040448187560926684,0.0242901063355444,-0.017798774900067173,-0.006709076969977821,0.014801598303952244,0.004910609000676579,-0.00013934254554067316,-0.0017515551151424382,-0.0009519681357545698,43856.768147684605
-0.05891432182351411,-0.02270642063992219,0.022219500100681536,-0.01762326667481372,-0.009467681953493392,0.01533506769753566,0.004991939563601779,-0.0001714072826530176,-0.0017345340981521499,-0.0009586814517711874,43874.84543178973
-0.3985120841934307,-0.06491486236082789,0.01580949804233029,-0.017359697877489196,-0.012114248309162615,0.0158333936809211,0.005070655084776359,-0.0002035677878672429,-0.0017175099487361186,-0.0009653828930143401,43892.92271589487
0.3501990275505177,-0.052336883516796745,0.0050702268616975655,-0.016933206054631438,-0.014626946772042015,0.016294676503929035,0.005146677257085015,-0.00023582288308411666,-0.0017004830688950913,-0.0009720724402800512,43911.0
0.4020279459073049,-0.0067284594178209246,-0.007394985086612536,-0.01627107712991212,-0.01698179970005423,0.01671701641637989,0.0052199277734124375,-0.0002681713902044089,-0.0016834538606298082,-0.0009787500743636051,43928.768147684605
-0.39903057665592545,0.040306409641328755,-0.018329604431385926,-0.01529988101300034,-0.01915554546512454,0.01709851366809414,0.005290328326643313,-0.00030061213112888446,-0.0016664227259410138,-0.000985415776060988,43946.84543178973
-0.2553804479712137,0.06335907577086311,-0.02447578990720562,-0.013945853451355558,-0.021125256601387785,0.01743726850889221,0.005357800609662334,-0.0003331439277583156,-0.0016493900668294475,-0.0009920695261679646,43964.92271589487
0.3890159410937878,0.06125921647371096,-0.023496403014787233,-0.01212128687406785,-0.022870088552323947,0.017731381188594564,0.005422266315354203,-0.0003657656019934717,-0.0016323562852958572,-0.000998711305480152,43983.0
-0.055152810582120994,0.04040588893478465,-0.016712362974239236,-0.00970745378188715,-0.024377528398793206,0.01797895195702164,0.005483647136603598,-0.0003984759757351171,-0.0016153217833409844,-0.0010053410947932404,44000.768147684605
-0.37990240763739064,0.0033322962133511616,-0.006266278391252964,-0.006670696737743755,-0.0256371461310009,0.0181780810639939,0.005541864766295214,-0.00043127387088402443,-0.0015982869629655705,-0.001011958874902995,44018.84543178973
0.22890605502402275,-0.04362396836581206,0.005723995473617657,-0.0030021116497053616,-0.02663851173915229,0.018326868759331788,0.005596840897313745,-0.00046415810934096217,-0.0015812522261703585,-0.001018564626605254,44036.92271589487
0.3623165141085984,-0.0772933430883661,0.017140603359818752,0.001307205574160329,-0.027371195213452687,0.018423415292855745,0.0056484972225438815,-0.0004971275130066942,-0.0015642179749560954,-0.0010251583306956345,44055.0
-0.3451599661278204,-0.0674718319570187,0.025850128174479788,0.006266159025785603,-0.02782476654410741,0.01846582091438625,0.005696755434870314,-0.0005301809037819944,-0.0015471846113235212,-0.0010317399679697532,44072.768147684605
-0.22866071408394972,-0.0018067989906519596,0.029656905495463882,0.011883652797102755,-0.027988795721321715,0.018452184093777416,0.005741539007144047,-0.0005633171035676275,-0.0015301525372733795,-0.0010383095192235965,44090.84543178973
0.30839693630562826,0.06826595916003568,0.026513752623971144,0.0180045474243904,-0.02785341002760413,0.01838113939345887,0.00578279261194381,-0.0005965349342643648,-0.001513122154806411,-0.0010448669652527072,44108.92271589487
-0.3042363688315198,0.0832276657821944,0.015006921281659941,0.02384026902346903,-0.027410965914676035,0.018253492445656928,0.0058205190212645185,-0.0006298332177729716,-0.0014960938659233645,-0.001051412286852961,44127.0
-0.13932908404020178,0.025877943271265146,-0.004500550898697088,0.028529159363131426,-0.026654377126562042,0.018070592095038664,0.005854735086963554,-0.0006632107759942204,-0.0014790680726249773,-0.001057945464819882,44144.768147684605
0.09868154367990518,-0.051757599778787876,-0.02485355983013694,0.031232300014326912,-0.025576557407286735,0.017833787186271124,0.0058854576608983085,-0.0006966664308288805,-0.0014620451769119945,-0.0010644664799493186,44162.84543178973
0.3747851049189708,-0.0820158939279385,-0.037193299861609914,0.031111749324431552,-0.02417139727730144,0.017544426564021377,0.00591270359492615,-0.0007301990041777157,-0.001445025580785159,-0.0010709753130369334,44180.92271589487
-0.41394645571034666,-0.02336452186302666,-0.0348442176208182,0.02761778201228267,-0.022443453245386484,0.017203859072956473,0.005936489740904475,-0.0007638073179414967,-0.0014280096862452152,-0.0010774719448785927,44199.0
-0.2458328302501169,0.06141587796631289,-0.019863768850471607,0.021338886636162128,-0.02042529412723739,0.01681343355774349,0.00595683287553197,-0.0007974901188623029,-0.0014109978952929058,-0.0010839563562698488,44216.768147684605
0.47937171268049705,0.0849369455831616,0.0035073384279681553,0.013147861020106219,-0.018156247621171785,0.01637449886304947,0.00597374947487258,-0.0008312458530474588,-0.0013939906099289744,-0.0010904285280065032,44234.84543178973
-0.07304629380812373,-0.0011646673350217394,0.02950958280911218,0.003917502988151239,-0.015675641425507314,0.015888403833541502,0.005987255729543697,-0.0008650726811577474,-0.001376988232154161,-0.0010968884408842884,44252.92271589487
-0.502951049119675,-0.0952443230609865,0.046308189351862886,-0.005479389635666518,-0.013022803238561571,0.015356497313886606,0.005997366989011314,-0.0008989679227025434,-0.001359991163969211,-0.001103336075698844,44271.0
0.23090747333755268,-0.08766299481016193,0.043652437234874365,-0.014226188199793939,-0.010237060758652237,0.014780128148751891,0.006004098392453557,-0.00093292868690336,-0.0013429998073748663,-0.0011097714132460967,44288.768147684605
0.5177093808567541,0.008962570878946193,0.024426974948328583,-0.02173094074261056,-0.007357741684096895,0.01416064518280438,0.006007464852568159,-0.0009669518565013127,-0.001326014564371873,-0.0011161944343217323,44306.84543178973
-0.5433135554056514,0.1216756680861603,-0.002485084326661727,-0.027457864474979058,-0.004424173713213223,0.013499397260711159,0.006007480376131245,-0.0010010334083159174,-0.0013090358369609676,-0.0011226051197211829,44324.92271589487
-0.21956056067760316,0.11445182478256005,-0.02827886491588396,-0.03087117660776215,-0.0014756845443188145,0.01279773322713928,0.006004158743438536,-0.0010351690926862758,-0.0012920640271429013,-0.0011290034502404722,44343.0
0.623236042163874,0.011803213803160566,-0.04735803835997776,-0.03143354336024101,0.0014468471326871712,0.012057001926755791,0.005997513734785765,-0.001069354659951507,-0.0012750995369184112,-0.0011353894066752906,44360.768147684605
0.1716700339025271,-0.11062095887407722,-0.0549284130032959,-0.02859970948624033,0.004294621162449082,0.011278552204227773,0.005987559130468645,-0.0011035858604507079,-0.0012581427682882443,-0.0011417629698212202,44378.84543178973
-0.6631628704626991,-0.14982942148639125,-0.045864363393279255,-0.02214743254839368,0.007010416401508366,0.01046373290422229,0.0059743087107829084,-0.0011378584445229981,-0.0012411941232531411,-0.001148124120474056,44396.92271589487
0.2720886397912165,-0.04255550801804924,-0.017399518866772413,-0.01317848779785154,0.009535294207276118,0.009613892871406389,0.0059577762560242735,-0.00117216816250748,-0.0012242540038138465,-0.0011544728394297173,44415.0
0.6167240716009137,0.09880421124127163,0.018823965128088628,-0.0031260842826761367,0.011810315937163425,0.008730380950447125,0.005937975546488468,-0.0012065107647432696,-0.0012073228119711009,-0.001160809107483523,44432.768147684605
-0.57496775345191,0.1456108413338852,0.04747894316611703,0.00657656894907025,0.013776542948581362,0.007814545986011575,0.0059149203624712125,-0.0012408820015694705,-0.0011904009497256478,-0.0011671329054317179,44450.84543178973
-0.5544703364393418,0.07619407702425811,0.05676900275375543,0.014496262849325366,0.01537503659894103,0.006867736822766796,0.005888624484268234,-0.0012752776233251936,-0.001173488819078235,-0.0011734442140697342,44468.92271589487
0.5112401217634686,-0.06055761884659727,0.0486986734070474,0.019521778086944094,0.016546858245653502,0.005891302305379846,0.005859101692175251,-0.0013096933803495466,-0.0011565868220295992,-0.0011797430141928934,44487.0
-0.12050359618226236,-0.12025649990566065,0.02751525870599723,0.021829854198450134,0.01723285345646275,0.0048868070681849,0.005826365766487996,-0.0013441250229816414,-0.0011396953605804874,-0.0011860292865977912,44504.768147684605
-0.5014164905529482,-0.07994140479693303,-0.001927559531662118,0.02190541155981868,0.01738656706198881,0.003856925360105592,0.005790430487502188,-0.0013785683015605872,-0.0011228148367316403,-0.0011923030120796199,44522.84543178973
0.5094099435151448,0.020780850876857132,-0.031062627669614942,0.020171698846065855,0.017021833777469735,0.002805713246406774,0.00575130963551355,-0.0014130189664254902,-0.0011059456524838032,-0.0011985641714341252,44540.92271589487
0.21340005837728493,0.08520523606680232,-0.050394424116899594,0.017012411090352984,0.01619107469211737,0.0017381940602341753,0.005709016990817809,-0.0014474727679154645,-0.0010890882098377175,-0.0012048127454570166,44559.0
-0.5293648228112335,0.08657117151363963,-0.05138284987222821,0.01280480713474414,0.014952966883250925,0.000659571337723501,0.005663566333710685,-0.0014819254563696147,-0.0010722429107941289,-0.0012110487149440956,44576.768147684605
-0.05132375451776362,0.03228787478205411,-0.03203618511779339,0.007954105803486973,0.013366187428189583,-0.0004249513849895632,0.005614971444487905,-0.0015163727821270493,-0.0010554101573537766,-0.0012172720606911593,44594.84543178973
0.05183859472367186,-0.040027484536521614,-0.002224887924604948,0.0029773658495634574,0.01148941340425254,-0.0015101705717693104,0.005563246103445192,-0.0015508104955268842,-0.0010385903515174053,-0.001223482763493866,44612.92271589487
0.1340158079341285,-0.08702125956312484,0.025453894811541346,-0.0015803939918608272,0.009381321888758974,-0.002590882686480046,0.005508404090878269,-0.001585234346908222,-0.0010217838952857584,-0.0012296808041479112,44631.0
0.5697771644104457,-0.06679118688283173,0.04071370338309949,-0.005174154985620301,0.007100589959028085,-0.003661884192986075,0.005450459187082861,-0.0016196400866101718,-0.00100499119065958,-0.001235866163449064,44648.768147684605
-0.5813351263755874,0.0280863179913365,0.04253011923537814,-0.0072781907964053275,0.00470589469237906,-0.004717971555151698,0.00538942517235469,-0.0016540234649718465,-0.0009882126396396102,-0.0012420388221930706,44666.84543178973
-0.41908156079082703,0.11194785819675288,0.03242735440749818,-0.007604718494468563,0.002255913166131088,-0.005753941236841216,0.005325315826989482,-0.0016883802323323543,-0.0009714486442265959,-0.001248198761175557,44684.92271589487
0.5918782053379312,0.1084086286603124,0.01335657623340624,-0.006531148490623337,-0.00018787182624619816,-0.006764589701918939,0.005258144931282962,-0.0017227061390308034,-0.0009546996064212772,-0.001254345961192362,44703.0
0.01380722410142269,-0.01518815429028058,-0.008512003465149883,-0.004606887866423313,-0.002552754626681445,-0.007744713414249158,0.0051879262655308515,-0.0017569969354063043,-0.0009379659282243979,-0.0012604804030391672,44720.768147684605
-0.5643743552208718,-0.14329693918648184,-0.026243605196006728,-0.0023875976909114014,-0.0047597755896140225,-0.008689108837696184,0.005114673610028875,-0.001791248371797964,-0.0009212480116367019,-0.0012666020675117645,44738.84543178973
0.49683032778034486,-0.153518885689569,-0.03290344946700083,-0.0004427321184858601,-0.006716181984127945,-0.009592572436124326,0.005038400745072757,-0.0018254561985448943,-0.000904546258658931,-0.0012727109354056696,44756.92271589487
0.521725293597182,-0.04936377906867999,-0.02419557774264192,0.0007750753591209353,-0.008336755260246112,-0.010449900673397867,0.0049591214509582225,-0.0018596161659862039,-0.0008878610712918295,-0.0012788069875168037,44775.0
-0.5147630532710221,0.10949834929959883,-0.0063793153141323885,0.0012942669861954433,-0.00958020667710202,-0.01125589001338113,0.004876849507980991,-0.0018937240244609984,-0.00087119285153614,-0.0012848902046408582,44792.768147684605
-0.2233635479861648,0.16551924217486552,0.011647191570652237,0.0012717662125513057,-0.010424442217629323,-0.012005336919938403,0.004791598696436791,-0.0019277755243083928,-0.0008545420013926046,-0.001290960567573486,44810.84543178973
0.5380190098829785,0.1007516809386201,0.022569722448813286,0.0008973455740919692,-0.010880216950851453,-0.012693037856933998,0.004703382796621347,-0.0019617664158674934,-0.0008379089228619676,-0.0012970180571104158,44828.92271589487
-0.09275400794261844,-0.04526842745729963,0.025409759997359643,0.0003689898782432329,-0.010966498217314229,-0.013313789288232212,0.004612215588830377,-0.001995692449477408,-0.0008212940179449717,-0.0013030626540475778,44847.0
-0.5574230206572799,-0.15416031093072788,0.020797055508328232,-0.00013558468217866553,-0.010706221866358641,-0.013862493384343791,0.004518110853359607,-0.002029549375477244,-0.000804697688642359,-0.0013090943391803858,44864.768147684605
0.5445822729894773,-0.12749448974789593,0.010022303497547484,-0.0005197363727962218,-0.010137936373323952,-0.014334736551547121,0.004421082370504766,-0.0020633329442061197,-0.0007881203369548736,-0.0013151130933049188,44882.84543178973
0.4936555425277566,-0.025045140069007255,-0.003345171074755722,-0.0007059815259064802,-0.009303604765229642,-0.014727875407817035,0.004321143920561576,-0.0020970389060031365,-0.0007715623648832608,-0.0013211188972165901,44900.92271589487
-0.481603635313227,0.08074108284304507,-0.01517247134476757,-0.0006132118617105409,-0.008246077798719938,-0.015042003453599575,0.004218309283825755,-0.0021306630112074045,-0.0007550241744282584,-0.001327111731711386,44919.0
-0.16273359954456115,0.1184554394656654,-0.021326700448674425,-0.00016247887105217692,-0.007005427591473995,-0.015277833057663125,0.004112592240593034,-0.0021642010101580347,-0.0007385061675906136,-0.0013330915775846836,44936.768147684605
0.4336676670056113,0.10158449809557149,-0.018939478317181603,0.0006952011678393531,-0.005620908681526549,-0.015436076588776037,0.004004006571159133,-0.0021976486531941346,-0.0007220087463710697,-0.0013390584156324503,44954.84543178973
-0.21149346966498372,0.06552213421265765,-0.010200492059070726,0.001892223145771033,-0.004131775606912315,-0.015517446415706678,0.0038925660558197764,-0.0022310016906548144,-0.0007055323127703656,-0.0013450122266504695,44972.92271589487
-0.44600190753307095,0.017536151273525674,0.0014360544223575046,0.0033318347458088757,-0.0025772829056659977,-0.015522654907223446,0.00377828447487069,-0.002264255872879183,-0.000689077268789249,-0.0013509529914343026,44991.0
0.47032713299365486,-0.037165324834251987,0.012515957223802394,0.004917283651018853,-0.0009966851158222977,-0.01545242505548144,0.0036611862319943372,-0.0022974069502063508,-0.0006726440164284589,-0.0013568806907798617,45008.768147684605
0.45429296673689307,-0.07208370345249869,0.01958501244196324,0.006551817544466997,0.0005707632245840427,-0.015307533008275687,0.003541348886513095,-0.002330450672975423,-0.0006562329576887432,-0.0013627953054826164,45026.84543178973
-0.5199171208220967,-0.06584021274129599,0.02003473514984375,0.008137813291616326,0.002085807577518327,-0.015088808185159725,0.003418903269507863,-0.002363382791525517,-0.0006398444945708408,-0.0013686968163385527,45044.92271589487
-0.058653180338127386,-0.012631137359459555,0.014668738075762036,0.009544942737421274,0.003509193404945826,-0.014797090667780032,0.003293990874152466,-0.0023961990561957316,-0.000623479029075498,-0.0013745852041430937,45063.0
0.5355426470677206,0.039008480341756906,0.005253239924727695,0.010525119908846232,0.004801666168831841,-0.014433220537783101,0.00316675319362075,-0.002428895217325186,-0.0006071369632034531,-0.00138046044969229,45080.768147684605
-0.2354928913523644,0.04207998838813174,-0.006159597598448449,0.010801037082758827,0.005923971331141654,-0.013998037876815415,0.003037331721086542,-0.0024614670252529787,-0.0005908186989554544,-0.0013863225337816202,45098.84543178973
-0.5233936739281057,0.009223239087236892,-0.016182491488840583,0.01009163765335802,0.0068406032365092235,-0.013492382766523469,0.0029058679497236885,-0.0024939102303182317,-0.0005745246383322414,-0.0013921714372071169,45116.92271589487
0.5200682008096845,-0.026974361507159032,-0.01993849228663016,0.0080977277212102,0.007534193523201043,-0.012917095288553716,0.0027725033727060214,-0.0025262205828600454,-0.0005582551833345584,-0.0013980071407641013,45135.0
0.36357285561171604,-0.024896903733577905,-0.013764741114360622,0.004631163145512118,0.00800368976398416,-0.012273015524552665,0.0026373794832073726,-0.0025583938332175288,-0.0005420107359631494,-0.0014038296252485963,45152.768147684605
-0.5304545283466771,-0.00401366656537807,-0.0006397116568838659,1.0120795025983248e-05,0.008251181294583533,-0.011560983556166802,0.0025006377744015806,-0.002590425731729789,-0.0005257916982187574,-0.0014096388714563302,45170.84543178973
-0.0457891920503662,0.009933054485497236,0.012727695406600362,-0.005319856768355145,0.008278757450724112,-0.01078183946504259,0.0023624197394624875,-0.002622312028735946,-0.0005095984721021227,-0.001415434860182753,45188.92271589487
0.537685410097578,0.008945935854382348,0.019208320867821944,-0.01091322698273821,0.008088890879495448,-0.00993680664419109,0.0022228668715639248,-0.002654048474575101,-0.0004934314596139911,-0.0014212175722238332,45207.0
-0.29166425358222486,-0.0034776994528505694,0.014079705622537733,-0.016229716684489786,0.007685769802151063,-0.009028824060787349,0.0020821206638797275,-0.0026856308195863632,-0.00047729106275510566,-0.0014269869883753164,45224.768147684605
-0.4987929257648931,-0.005999641639776607,0.00033279236473137606,-0.02035013030301511,0.007074940240661269,-0.008062188482723196,0.001940322609583735,-0.002717054814108844,-0.0004611776835262087,-0.0014327430894327275,45242.84543178973
0.45560410534986145,0.011079661429400155,-0.014507503628136171,-0.022260541665978982,0.006263111243818315,-0.007042359704712401,0.0017976142018497829,-0.0027483162084816514,-0.00044509172392804164,-0.0014384858561920526,45260.92271589487
0.39804514174716654,0.0012062377038381635,-0.017679833076802286,-0.02095107866495123,0.0052616512033598906,-0.005975402800509222,0.0016541369338517044,-0.002779410753043895,-0.000429033585961351,-0.0014442152694488346,45279.0
-0.35508253587926897,-0.03219305869940366,-0.011380040135492627,-0.015806696890112933,0.004099585184688934,-0.004868823261913419,0.001510032298763336,-0.0028103341981346817,-0.0004130036716268773,-0.0014499313099986166,45296.768147684605
0.14598498058002024,-0.06113056410259116,-0.0007239601629050082,-0.007730851767516242,0.002810352421624744,-0.003730486685236177,0.0013654417897585199,-0.0028410822940931266,-0.00039700238292536544,-0.0014556339586376435,45314.84543178973
0.3075571237813151,-0.03910965979548023,0.009741703345938591,0.0019943898337951424,0.001427392147986608,-0.002568258666788654,0.0012205069000110875,-0.0028716507912583335,-0.00038103012185755413,-0.0014613231961611997,45332.92271589487
-0.30665487734519437,0.05165239497551498,0.016232328578753348,0.012086961044777548,-1.5856402406198355e-05,-0.0013900048028820113,0.0010753691226948775,-0.0029020354399694123,-0.00036508729042419283,-0.0014669990033652715,45351.0
-0.33738699781160203,0.11302002448559148,0.015160244087836708,0.021258365052489268,-0.0014859539957343816,-0.00020359068982741166,0.0009301699509837222,-0.0029322319905654764,-0.00034917429062601983,-0.0014726613610454387,45368.768147684605
0.364388216363464,0.08251405513217426,0.004916254561672804,0.02829679779209906,-0.002949461398178657,0.0009831180760639685,0.0007850508780514634,-0.0029622361933856296,-0.0003332915244637813,-0.0014783102499973182,45386.84543178973
0.20692483715283103,-0.042437980215950064,-0.008291379924978267,0.032393675349687956,-0.004372939375919739,0.0021622558984809694,0.0006401533970719302,-0.0029920437987689813,-0.00031743939393821677,-0.0014839456510169706,45404.92271589487
-0.3982889058247949,-0.14957787522017105,-0.016301642936761892,0.03284545673889252,-0.005725579098991292,0.0033259571811124285,0.0004956190012189683,-0.0030216505570546466,-0.00030161830105007265,-0.0014895675448999013,45423.0
0.2179441793977989,-0.13084636023096002,-0.013212426629440577,0.029197453113999607,-0.0069875409463891315,0.00446635632764718,0.0003515891836664038,-0.00305105221858173,-0.0002858286478000893,-0.0014951759124417644,45440.768147684605
0.3925866419495476,-0.019547420122786683,-0.0022773840970811594,0.022071054707938506,-0.008143406075163267,0.005575587741774056,0.00020820543758807972,-0.0030802445336893395,-0.0002700708361890134,-0.0015007707344385094,45458.84543178973
-0.33342915203804147,0.10963016888672619,0.010510416679790692,0.0128064885742187,-0.009178203235914057,0.006645785827181894,6.560925615783201e-05,-0.003109223252716589,-0.0002543452682175851,-0.0015063519916855683,45476.92271589487
-0.380604365906998,0.15347016005349892,0.01904968349407489,0.002852205992924085,-0.010076961179241827,0.007669084987559529,-7.605786745050915e-05,-0.0031379841260025815,-0.00023865234588654765,-0.0015119196649788903,45495.0
0.3840044718445027,0.05177598392801996,0.018792053455430818,-0.006602583211042897,-0.010825312156734254,0.008638223127583113,-0.0002166544400630974,-0.003166522903886435,-0.0002229924711966434,-0.0015174737351143141,45512.768147684605
0.1511512422171709,-0.07981608988442294,0.01122282877344282,-0.015227582866392612,-0.011411302423928292,0.009548352155878105,-0.0003560389685061054,-0.0031948353367072455,-0.0002073660461486191,-0.0015230141828872536,45530.84543178973
-0.3878547789773892,-0.12692787445101086,-0.0006654362473844704,-0.022906061035177665,-0.011823904647123865,0.010395550391832915,-0.0004940699596056897,-0.003222917174804138,-0.0001917734727432137,-0.0015285409890935654,45548.92271589487
0.2165664894047867,-0.03247381488767099,-0.01373587754436462,-0.029521768821251786,-0.012053571295545778,0.011177375957760855,-0.0006306059201880236,-0.003250764168516208,-0.00017621515298117275,-0.0015340541345290697,45567.0
0.33871062018654957,0.08337584514526507,-0.024276324189288316,-0.034958457328468674,-0.012092035725176963,0.011892667862733327,-0.0007655053570792618,-0.0032783720681825736,-0.00016069148886323716,-0.001539553599989365,45584.768147684605
-0.22912891164064952,0.09173313310248442,-0.028430778537565437,-0.03909987766068213,-0.01193208012915182,0.012541313952973242,-0.00089862677710557,-0.0033057366241423403,-0.00014520288239015398,-0.0015450393662702897,45602.84543178973
-0.24898666912607523,0.013015617908287841,-0.02359608617902294,-0.041874441116231426,-0.011566849568528152,0.013123564942626896,-0.001029828687093116,-0.0033328535867346186,-0.00012974973556266185,-0.0015505114141674237,45620.92271589487
0.21515446309267727,-0.07432279620907718,-0.012180465641155056,-0.04338919977139803,-0.01098952849092141,0.013639710932398224,-0.0011589695938680612,-0.0033597187062985143,-0.00011433245038150633,-0.0015559697244765965,45639.0
0.13171182656353148,-0.0635932749801068,0.0024063685162498466,-0.043794429549640364,-0.010194737691255572,0.014090042022991144,-0.0012859080042565674,-0.00338632773317314,-9.895142884742836e-05,-0.0015614142779935495,45656.768147684605
-0.02535199025875248,0.009299880149376414,0.017760090541894643,-0.04323109437593057,-0.009186409962940982,0.014474848315109605,-0.0014105024250848006,-0.0034126764176976086,-8.360707296117236e-05,-0.0015668450555139596,45674.84543178973
-0.22712091945813984,0.069880541070153,0.03172772188660513,-0.041824455390923804,-0.007984180883704919,0.014794419909457516,-0.001532611363178924,-0.0034387605102110187,-6.82997847234836e-05,-0.0015722620378336052,45692.92271589487
0.26321199686992786,0.05642444965651811,0.041775524029165075,-0.03969620712602313,-0.006611252640526772,0.015049046906738809,-0.0016520933253650974,-0.003464575761052488,-5.302996613510188e-05,-0.001577665205748034,45711.0
0.2201450329226631,-0.024553258376264268,0.0442620483147423,-0.03696804411263158,-0.005090827420385945,0.01523901940765743,-0.0017688068184694853,-0.0034901179205611282,-3.7798019196771044e-05,-0.0015830545400532972,45728.768147684605
-0.3474826412069838,-0.09563690225484331,0.03679519559912397,-0.03373045134660415,-0.0034461074102618084,0.015364639326534528,-0.0018826221629355,-0.0035153827390760387,-2.2604345909234046e-05,-0.0015884300215447157,45746.84543178973
0.1343193219896275,-0.08588623181949802,0.018361281793851478,-0.02994907568160347,-0.0017002947971337702,0.015426255832160205,-0.00199345693367546,-0.0035403659669363333,-7.449348273234725e-06,-0.0015937916310184053,45764.92271589487
0.39417411947371134,-0.007970724948490203,-0.007241708139678458,-0.025558354435744172,0.00012340823201879424,0.015424244151796952,-0.0021012547640740916,-0.00356506335448112,7.666571710483948e-06,-0.0015991393492699644,45783.0
-0.190768699570872,0.09601612556657733,-0.033163126549369794,-0.020492724927140774,0.0020017994902164888,0.015359036492127824,-0.0022060162669366927,-0.0035894706520495164,2.274301204117958e-05,-0.001604473157094936,45800.768147684605
-0.3749304653134031,0.16238702147541598,-0.05206114097130019,-0.014686624473907893,0.0039116767904799265,0.015231079304691043,-0.0023077562999237115,-0.003613583609980618,3.777957071810805e-05,-0.0016097930352891954,45818.84543178973
0.3487707079287039,0.12810201128385124,-0.05817572293706922,-0.00805224900662434,0.005829837945829706,0.01504081904102483,-0.002406489720695602,-0.0036373979786135453,5.277584574052783e-05,-0.001615098964648415,45836.92271589487
0.26506209176008666,-0.011654991992390456,-0.05196735773234276,-0.0005195311337472125,0.007733080769286442,0.014788702152667385,-0.0025022313869128084,-0.0036609095082874017,6.773143510769509e-05,-0.001620390925968526,45855.0
-0.323772162196364,-0.16475839274785448,-0.035051525726223796,0.007577029011717387,0.009598203073870758,0.014475175091156924,-0.0025949961562357817,-0.0036841139493412937,8.264593681886542e-05,-0.001625668900044997,45872.768147684605
0.3723307020678546,-0.22889919976269862,-0.008937005059794148,0.0157962290687422,0.011402002672603235,0.014100684308031675,-0.002684798886324967,-0.0037070070521143398,9.751894887329497e-05,-0.0016309328676736665,45890.84543178973
0.4167394749340214,-0.1472192777364482,0.02339224767245813,0.02369686667629992,0.01312127737850452,0.013665676254829848,-0.002771654434840825,-0.00372958456694564,0.00011235006927024742,-0.0016361828096502996,45908.92271589487
-0.4244492827173965,0.07945845194580678,0.05305156206242014,0.03083773947336328,0.014732825004595202,0.01317059738308965,-0.0028555776594437867,-0.0037518422441743127,0.00012713889600897345,-0.001641418706770513,45927.0
-0.6205561895522478,0.2545564258987,0.06968108924857294,0.036777645098905076,0.016213443363895883,0.012615894144349295,-0.002936583417794316,-0.0037737758341394563,0.00014188502708872952,-0.0016466405398300342,45944.768147684605
-0.0453369615984005,0.23098394841307018,0.06581395552776026,0.04113763571934469,0.017539930269427174,0.012002012990147009,-0.003014686567552855,-0.0037953810871801884,0.00015658806050877612,-0.0016518482896247019,45962.84543178973
0.7891308202699338,0.03349826988286596,0.04552243830663922,0.04382053113452636,0.018689083534209703,0.011329400372020999,-0.0030899019663798563,-0.003816653753635617,0.00017124759426836826,-0.0016570419369501327,45980.92271589487
-0.7968321839239011,-0.215967829881328,0.015640792055677838,0.04492240376629289,0.01963770097126408,0.01059850274150948,-0.003162244471935768,-0.003837589583844844,0.00018586322636676413,-0.0016622214626022024,45999.0
-0.4185288297717595,-0.24524305545373273,-0.017029478278293583,0.04456777527874251,0.020366628273856893,0.009810018951286931,-0.003231728941881028,-0.003858184328146991,0.000200434554803219,-0.00166738684737638,46016.768147684605
0.6405239913067534,-0.08847785372154468,-0.046237089607717136,0.0428626085202989,0.020874097910725663,0.00896581989423168,-0.0032983702338761018,-0.0038784337368811565,0.0002149611775769914,-0.001672538072068578,46034.84543178973
0.03575132148786382,0.12286728226930013,-0.06793164628212443,0.03990313529742152,0.02116705571299246,0.008068794142801613,-0.0033621832055814272,-0.0038983335603864555,0.00022944269268733685,-0.001677675117474561,46052.92271589487
-0.4145409114055917,0.2155971956855237,-0.07861297451031947,0.03578422972642425,0.021252987233640823,0.007122648237738725,-0.00342318271465746,-0.003917879549001992,0.00024387869813351275,-0.0016827979643900194,46071.0
0.3463411124951178,0.08567664341405432,-0.0763017847775711,0.030626844433987062,0.02113842232807639,0.006132044417362913,-0.0034813836187646426,-0.0039370674530668824,0.00025826879191477695,-0.0016879065936107184,46088.768147684605
0.09671932960656769,-0.0920705111416276,-0.06509451382806708,0.024648435241313816,0.020829431045506757,0.005102104726192064,-0.0035368007755634326,-0.003955893022920229,0.0002726125720303838,-0.0016930009859320043,46106.84543178973
-0.346331864670291,-0.18176705779632085,-0.05057723929469728,0.018061293092211664,0.020332016830938073,0.00403801781294556,-0.0035894490427142724,-0.003974352008901144,0.00028690963647959224,-0.001698081122150009,46124.92271589487
0.3942532118969103,-0.11563178192942425,-0.03727751923022724,0.01106989808354727,0.019652183129376485,0.002944972326342774,-0.0036393432778776044,-0.003992440161348742,0.00030115958326166066,-0.0017031469830604995,46143.0
0.43676760747098453,0.02356983021648163,-0.02552007675468652,0.0038787303121872114,0.01879593338582809,0.0018281569151031188,-0.003686498338713904,-0.004010153230602118,0.00031536201037584343,-0.0017081985494589932,46160.768147684605
-0.4711882627185865,0.128361216598968,-0.014578926254920832,-0.0033077301250019108,0.017769271045299042,0.0006927602279459246,-0.003730929082883574,-0.004027486967000401,0.00032951651582139853,-0.001713235802141403,46178.84543178973
-0.4663210835461422,0.14833291527942025,-0.0037280821177758878,-0.010285003131153495,0.01657819955279547,-0.0004560290864093666,-0.003772650368047116,-0.004044437120882679,0.0003436226975975821,-0.0017182587219030866,46196.92271589487
0.47884600281949075,0.08630652750889838,0.0076238353747215245,-0.016848608609400944,0.015228722353323511,-0.0016130223792434225,-0.003811677051864941,-0.004060999442588075,0.00035768015370365205,-0.0017232672895400674,46215.0
0.07562785922491846,-0.030599426896250545,0.019529782359820287,-0.02279406646287766,0.013726842891889272,-0.002773031001836821,-0.0038480239919975083,-0.004077169682455697,0.0003716884821388657,-0.0017282614858481564,46232.768147684605
-0.4355283048929277,-0.12686416881482274,0.03190810907958813,-0.027916896594716994,0.01207856461349892,-0.003930866305470212,-0.0038817060461052784,-0.004092943590824646,0.00038564728090247975,-0.0017332412916229057,46250.84543178973
0.2584654528864626,-0.13260485775939893,0.044670371426303285,-0.03201261890805238,0.010289890963158552,-0.005081339641424188,-0.003912738071848683,-0.0041083169180340445,0.00039955614799375096,-0.0017382066876600708,46268.92271589487
0.3940600580376123,-0.052481209509830234,0.0574526985054944,-0.03487675330601725,0.008366825385874316,-0.006219262360979374,-0.003941134926888184,-0.004123285414422989,0.00041341468141193265,-0.0017431576547554438,46287.0
-0.38515541848575136,0.06905470657498788,0.06889142752253542,-0.03630481969174497,0.006315371326652344,-0.007339445815416395,-0.00396691146888422,-0.004137844830330594,0.00042722247915628783,-0.001748094173704531,46304.768147684605
-0.3762499676780029,0.12654013247185072,0.077374646295209,-0.03609271073473001,0.00414190499685984,-0.008436701356015855,-0.003990082555497249,-0.004151990916095969,0.0004409791392260716,-0.0017530162253033186,46322.84543178973
0.3868786039203287,0.09053971966171882,0.081411848683286,-0.034040267803622175,0.0018567513070193277,-0.00950584033405838,-0.004010663044387713,-0.004165719422058225,0.00045468425962053895,-0.0017579237903473863,46340.92271589487
-0.083891056247781,-0.021794958525899952,0.08005916721610601,-0.030020994567872824,-0.0005171170331612345,-0.010541674100824582,-0.0040286677932160645,-0.004179026098556469,0.00046833743833894645,-0.001762816849632573,46359.0
-0.3939575698272286,-0.11839946571561971,0.07278478733086012,-0.024211277188428873,-0.0029444916883417083,-0.011539014007595102,-0.004044111659642753,-0.00419190669592981,0.00048193827338055415,-0.0017676953839544215,46376.768147684605
0.2649243809593107,-0.11426314010331058,0.05927009955298895,-0.017037316263427266,-0.005387719825201759,-0.012492671405650507,-0.00405700950132823,-0.004204356964517351,0.000495486362744617,-0.0017725593741089367,46394.84543178973
0.4007763956029936,-0.02928667108907664,0.039505152757730304,-0.008971901250403432,-0.007809148610421024,-0.013397457646271461,-0.004067376175932931,-0.004216372654658216,0.0005089813044303922,-0.0017774088008916799,46412.92271589487
-0.40706718164736383,0.07270975644332309,0.01504074654632144,-0.0004878216068929145,-0.010171125210679074,-0.014248184080738574,-0.004075226541117315,-0.004227949516691502,0.0005224226964371354,-0.0017822436450982864,46431.0
-0.35726858960048596,0.09979781177342407,-0.012173590585760471,0.00794213320956885,-0.012435996792655548,-0.015039662060332457,-0.00408057545454183,-0.0042390833009563235,0.000535810136764107,-0.0017870638875246135,46448.768147684605
0.4221358261938561,0.05341633299064863,-0.039544392211873815,0.015845173741446412,-0.014566110523030078,-0.015766702936333716,-0.004083437773866932,-0.004249769757791787,0.0005491432234105589,-0.0017918695089662777,46466.84543178973
-0.01038561279715087,-0.032001260557196654,-0.06190244018071926,0.02274851053120433,-0.01652381356848232,-0.01642411806002296,-0.004083828356753068,-0.004260004637537002,0.0005624215543757537,-0.0017966604902191915,46484.92271589487
-0.42244625577884237,-0.08291381678094807,-0.07343457840983321,0.028179354121307076,-0.018271453095691816,-0.017006718782680858,-0.00408176136591833,-0.004269784385473416,0.0005756447276589445,-0.001801436812078972,46503.0
0.4134927434381431,-0.04583969904156232,-0.06980632801028727,0.031734912303178105,-0.01977137627133826,-0.01750931645558795,-0.004077248028897444,-0.004279108382065885,0.0005888123412593889,-0.0018061984553412358,46520.768147684605
0.40235408273859774,0.02951759738287725,-0.052597918867296097,0.033296393829907185,-0.020989942227931966,-0.01792672243002492,-0.0040702982566264735,-0.004287977324377893,0.0006019239931763449,-0.0018109454008018216,46538.84543178973
-0.38811978625796656,0.0689135034241511,-0.0248682580596095,0.03283552008707707,-0.021914025481517406,-0.01825374805727236,-0.004060921804627431,-0.004296392067362308,0.0006149792838843923,-0.0018156776292565678,46556.92271589487
-0.1428062843223123,0.029746900827555225,0.009230168910772446,0.030345894506947108,-0.022552382594815637,-0.018485204688610885,-0.004049128428422325,-0.004304353508797427,0.0006279778566835303,-0.001820395121500999,46575.0
0.3730820164516532,-0.034498863645459885,0.04117056284884969,0.025825588041988114,-0.022918237650759156,-0.018615903675321132,-0.004034927883533162,-0.0043118626806333896,0.0006409194890456157,-0.001825097858330935,46592.768147684605
-0.09992048127163962,-0.060751839568537656,0.06133254613637227,0.019272671644670884,-0.02302481473228051,-0.018640654886988194,-0.004018331407177448,-0.00431892064774448,0.0006538039913666339,-0.0018297858205420672,46610.84543178973
-0.3665537325856866,-0.03598578046583596,0.06257129162900787,0.010792727501988337,-0.02288364684491292,-0.01855594537559334,-0.003999364131575837,-0.004325528475004978,0.0006666311740425708,-0.0018344589889301595,46628.92271589487
0.2661963953893712,0.020692225331378423,0.04758531352623743,0.0009802432908799,-0.022499502684592484,-0.01836499314813459,-0.003978084486694736,-0.0043316872841237765,0.0006794008474694146,-0.0018391173442908846,46647.0
0.3425698933363967,0.0564041781674272,0.02133822610698831,-0.009227339869760109,-0.021875459869855993,-0.018072699320788057,-0.0039545586433832915,-0.00433739842414824,0.0006921128220431491,-0.0018437608674201364,46664.768147684605
-0.3171111586215915,0.031041840331201522,-0.010341068286391855,-0.018833720309179132,-0.021014596019240283,-0.017683965009729772,-0.003928852715656031,-0.004342663300960354,0.0007047669081597616,-0.0018483895391133468,46682.84543178973
0.09808765428904791,-0.017179077805719572,-0.03830195004486435,-0.02684259635662477,-0.019919988751282185,-0.017203691331135855,-0.0039010328175274975,-0.004347483320442104,0.0007173629162152376,-0.001853003340166447,46700.92271589487
0.20061822254008466,-0.051701522933324036,-0.05256961819595842,-0.032257666341344325,-0.018594715684518474,-0.016636779401182404,-0.003871165063012201,-0.004351859888475473,0.0007299006566055629,-0.0018576022513751625,46719.0
0.23595515941021827,-0.043236299039389324,-0.04628660209066155,-0.03432569664002247,-0.017045321575724783,-0.015988130336045497,-0.0038393155661246843,-0.004355794431085067,0.0007423799598693374,-0.001862186253535135,46736.768147684605
-0.23380194934774645,0.02125027945073769,-0.025064752373794165,-0.03326364257548165,-0.015294302978242457,-0.015262645251901193,-0.0038055504408794874,-0.004359288465727511,0.0007548007479772105,-0.0018667553274421412,46754.84543178973
0.2691475628366345,0.04670568280320234,0.002366749986364925,-0.029523194543540136,-0.013375956558092827,-0.014465225264925621,-0.003769935801291121,-0.004362343573448463,0.0007671630064888161,-0.0018713094538919848,46772.92271589487
0.28075099037067425,0.003581492312189322,0.027354985156629045,-0.023553959696406033,-0.011326662224907535,-0.013600771491294867,-0.0037325377613741293,-0.004364961346155144,0.0007794667318253935,-0.0018758486136802271,46791.0
-0.3167950859767379,-0.04608904163005907,0.04155207784417952,-0.015805545186287163,-0.009182799888318383,-0.012674185047184977,-0.0036934224351430397,-0.004367143375754791,0.0007917119204081754,-0.0018803727876025962,46808.768147684605
-0.09875139748161395,-0.0419180918479147,0.03914708466069106,-0.006735754808370961,-0.006980749457957022,-0.011690367048772084,-0.0036526559366123795,-0.0043688912541546355,0.0008038985686583977,-0.001884881956454967,46826.84543178973
0.379358637439276,0.0009708788828800236,0.024267943416385922,0.003096703535738707,-0.004756890843455196,-0.010654218612232239,-0.003610304379796684,-0.004370206573261912,0.0008160266729972928,-0.001889376101032994,46844.92271589487
-0.244254608924242,0.0456018206077877,0.003888055174659332,0.012852455163461833,-0.002547603954444582,-0.009570640853741555,-0.00356643387871049,-0.004371090924983847,0.0008280962298460974,-0.0018938552021324413,46863.0
-0.4039230013697853,0.05882783987326828,-0.014922980880150531,0.021624007857719202,-0.00038926870055687603,-0.008444534889476106,-0.003521110547368314,-0.004371545901227684,0.0008401072356260459,-0.001898319240548926,46880.768147684605
0.3414123702062743,0.020584678407779493,-0.02627697564694482,0.028503869401431667,0.001681735008576216,-0.007280801835611989,-0.003474400499784699,-0.004371573093900644,0.0008520596867583719,-0.0019027681970781756,46898.84543178973
0.3876976803251737,-0.03981754614487323,-0.02907481097984578,0.032647978199783836,0.0036290272633229697,-0.0060843428083252864,-0.0034263698499741643,-0.00437117409490997,0.000863953579664311,-0.0019072020525162136,46916.92271589487
-0.370319588416241,-0.08076961413325762,-0.023844857906962277,0.03365835174870761,0.005416228154051675,-0.00486005892379207,-0.0033770847119512478,-0.004370350496162887,0.0008757889107650974,-0.0019116207876582873,46935.0
-0.0800724757556175,-0.05347899028553932,-0.01237013777133808,0.03196551628434723,0.007011306059950603,-0.003612851298188455,-0.003326611199730485,-0.004369103889566632,0.0008875656764819665,-0.0019160243833005494,46952.768147684605
0.3372779463974263,0.02109406598569433,0.0016867983386803758,0.028172267550892163,0.008402316453854856,-0.002347621047690506,-0.003275015427326392,-0.004367435867028437,0.0008992838732361508,-0.0019204128202384872,46970.84543178973
-0.24890393979660438,0.0997716344836308,0.014241606048844035,0.02286627725024319,0.009592438850888238,-0.0010692692884743326,-0.0032223635087535135,-0.004365348020455531,0.0009109434974488863,-0.001924786079267847,46988.92271589487
-0.33037397764015364,0.11594702047441409,0.021209940984903822,0.01663252314593397,0.010587546704541682,0.00021730286328399204,-0.003168721558026372,-0.004362841941755153,0.0009225445455414096,-0.001929144141184449,47007.0
0.339975255468744,0.028170460659341708,0.019798410549223697,0.010000833885319436,0.011393513468306136,0.0015071942914083895,-0.0031141556891595055,-0.004359919222834534,0.0009340870139349535,-0.0019334869867839097,47024.768147684605
0.24174332780233623,-0.08636516457231198,0.012377429250619921,0.0032804416510397593,0.01201621259567256,0.002795503879722756,-0.003058732016167442,-0.004356581455600902,0.0009455708990507519,-0.001937814596862031,47042.84543178973
-0.36880133363763584,-0.13609163622119533,0.0026083633745217576,-0.0032745704904435973,0.012461517540131898,0.004077330512051005,-0.0030025166530647024,-0.0043528302319614945,0.0009569961973100387,-0.0019421269522144667,47060.92271589487
0.05949612463792811,-0.06281064675309468,-0.0062939358158642855,-0.00941011947266916,0.012735301755175095,0.005347773072217061,-0.0029455757138658304,-0.004348667143823543,0.0009683629051340525,-0.001946424033637129,47079.0
0.37734876465607825,0.06069696291714327,-0.012900677146222759,-0.014872122229175472,0.012843438694293108,0.006601930444044828,-0.002887975312585353,-0.004344093783094278,0.0009796710189440229,-0.0019507058219254874,47096.768147684605
-0.2685491973273554,0.1460887126681148,-0.016229584464461006,-0.019406495693501054,0.01279179694737912,0.007834906374955989,-0.0028297815632378044,-0.004339111741680936,0.0009909205351611888,-0.001954972297875491,47114.84543178973
-0.3550970537860118,0.14341875782901947,-0.015624768373099555,-0.022796896765702256,0.012586112393732484,0.009041937322966041,-0.002771060579837705,-0.004333722611490749,0.001002111450206783,-0.0019592234422826822,47132.92271589487
0.34017864782793994,0.041473107170188615,-0.01180927328277036,-0.025002147000329364,0.01223149407214297,0.01021888658660009,-0.002711878476399593,-0.004327927984430945,0.0010132437605020405,-0.00196345923594279,47151.0
0.2758485389777832,-0.0813439164200417,-0.0061260775173539025,-0.026115627072141226,0.011732223605679876,0.011362444880103682,-0.0026523013669379953,-0.004321729452408765,0.001024317462468195,-0.001967679659651873,47168.768147684605
-0.3255814034654755,-0.1468937438829734,8.453809610564352e-06,-0.026256628398661937,0.011093865907434667,0.012469725582042738,-0.002592395365467445,-0.004315128607331436,0.0010353325525264835,-0.0019718846942051063,47186.84543178973
0.27981775219199645,-0.10312065858016227,0.005410853182007976,-0.025551603568656645,0.010328707479581796,0.013538281653141223,-0.0025322265860024708,-0.004308127041106189,0.0010462890270981375,-0.001976074320398697,47204.92271589487
0.34536413947775524,0.009522763903417577,0.009829243473420023,-0.024130380908795355,0.009452310254439756,0.014565766361883968,-0.002471861142557614,-0.00430072634564026,0.0010571868826043929,-0.00198024851902804,47223.0
-0.3656840563096541,0.11922599861437812,0.013244645154852646,-0.022124407571931827,0.008481854990510773,0.015549832976755773,-0.00241136514914739,-0.004292928112840884,0.001068026115466487,-0.001984407270889234,47240.768147684605
-0.34726217115604346,0.14145004188368707,0.015638078697311753,-0.019665451078997986,0.007434946666537147,0.016488030914079573,-0.0023508047197863436,-0.004284733934615286,0.001078806722105649,-0.001988550556777672,47258.84543178973
0.4072699614182673,0.07443913007651554,0.017027822072108317,-0.016885278950925755,0.006329605669908742,0.017377494181530697,-0.0022902459684889867,-0.0042761454028707084,0.0010895286989431176,-0.001992678357489157,47276.92271589487
0.12251506024924191,-0.04610508279946614,0.01758118325177369,-0.013915658708647074,0.005183956240177338,0.01821525293462261,-0.0022297550092698695,-0.004267164109514376,0.0011001920424001275,-0.0019967906538194535,47295.0
-0.4238877503462415,-0.13646360571780883,0.01750250961613437,-0.010888139780083952,0.0040161226168947016,0.01899833732886877,-0.0021693979561435107,-0.004257791646453525,0.0011107967488979118,-0.0020008874265641783,47312.768147684605
0.32547439462733657,-0.12454878133176141,0.01696695718907154,-0.007921487236161043,0.0028442290396126,0.019723777519782618,-0.0021092409231244537,-0.004248029605595389,0.0011213428148577039,-0.0020049686565193543,47330.84543178973
0.40778052293128614,-0.03605348706456362,0.016027815570983168,-0.005078227720111673,0.001686399747882786,0.02038860366287761,-0.002049350024227215,-0.004237879578847199,0.0011318302367007431,-0.002009034324480488,47348.92271589487
-0.3196847647468432,0.0731372337332463,0.014674041433554764,-0.002372961945404624,0.0005607589812570213,0.020989845913667208,-0.0019897913734663337,-0.004227343158116186,0.0011422590108482599,-0.002013084411243196,47367.0
-0.37951851539234543,0.12787698538397826,0.012876126812770028,0.0001981740101930052,-0.0005145690207128841,0.021524534427664842,-0.0019306310848563322,-0.004216421935309587,0.0011526291337214892,-0.0020171188976033537,47384.768147684605
0.37159575475452905,0.07336591479063485,0.01063868814538828,0.0026338463424009683,-0.0015214600184752125,0.02198969936038398,-0.001871935272411747,-0.0042051175023346335,0.001162940601741668,-0.0020211377643567625,47402.84543178973
0.06389805682888725,-0.036986065216190404,0.00811285862148451,0.004901911190672364,-0.002441789772478152,0.022382370867338068,-0.0018137700501471075,-0.004193431451098559,0.0011731934113300283,-0.002025140992298929,47420.92271589487
-0.37774457836657305,-0.11840198814775081,0.005486399314272769,0.0069625234855835915,-0.0032574340431699815,0.022699579104040583,-0.0017562015320769524,-0.00418136537350859,0.0011833875589078067,-0.0020291285622257285,47439.0
0.2745266692918014,-0.10663575276730876,0.0028491472280136668,0.008775838157711081,-0.003950268590998904,0.022938354226004945,-0.0016992958322158032,-0.004168920861471966,0.001193523040896237,-0.0020331004549329255,47456.768147684605
0.3991188409209154,-0.02608678255555974,-0.00010075690884563178,0.010302010137631209,-0.004502169176413147,0.02309572638874461,-0.0016431190645781915,-0.004156099506895915,0.0012035998537165537,-0.002037056651216211,47474.84543178973
-0.40629449969993064,0.06655490041335661,-0.003763096436811432,0.011501194355920417,-0.00489501155986099,0.023168725747773063,-0.0015877373431786503,-0.0041429029016876754,0.001213617993789992,-0.0020409971318712016,47492.92271589487
-0.2743325765097554,0.1038020617836184,-0.008537654696389958,0.012333545743155077,-0.005110671501790608,0.023154377122575193,-0.0015332114460031897,-0.004129332637754475,0.001223577457537787,-0.002044921877693717,47511.0
0.40476849384623104,0.07162182058216396,-0.01453367570465349,0.012759219229911613,-0.005131024762650258,0.023049676987774007,-0.0014795738061758718,-0.00411539030700355,0.0012334782413811712,-0.002048830869479578,47528.768147684605
-0.0695285590720188,-0.01747520766296779,-0.020698246184938304,0.012738465160644311,-0.004938915332683164,0.022852461294889444,-0.001426823517800649,-0.004101077501342128,0.0012433203417413809,-0.0020527240880242347,47546.84543178973
-0.39589164178121733,-0.09500531067050919,-0.02568791353714671,0.012238449862771306,-0.0045285906617480625,0.022565046471345315,-0.0013749526742335985,-0.0040863958126774475,0.001253103755039652,-0.0020566015141235817,47564.92271589487
0.3350610362846163,-0.0953728564132357,-0.02814784198982878,0.01125257238739727,-0.003925388591241742,0.02219460661241691,-0.001323953368830798,-0.004071346832916738,0.0012628284776972168,-0.002060463128573457,47583.0
0.4044346025636498,-0.023817891292550925,-0.02682000013542668,0.00978891203341036,-0.0031621775029966686,0.021749312026363047,-0.0012738176949483237,-0.004055932153967232,0.0012724945061353098,-0.0020643089121694033,47600.768147684605
-0.4169013285627456,0.07528093269146922,-0.021017267701769902,0.007901077890559764,-0.0022718257788453436,0.021237333021442564,-0.0012245377459422435,-0.004040153367736164,0.0012821018367751673,-0.0020681388457072965,47618.84543178973
-0.35088683531559106,0.09831884727010343,-0.010246645904131102,0.005702609407068141,-0.0012872018006202296,0.020666839905914287,-0.0011761056151686296,-0.004024012066130768,0.0012916504660380231,-0.0020719529099827902,47636.92271589487
0.42478753586960694,0.03679354810250111,0.004935922219302704,0.003319992140693781,-0.00024117395015386015,0.020046002988037076,-0.0011285133959835648,-0.004007509841058271,0.0013011403903451131,-0.0020757510857915755,47655.0
-0.008129598467127628,-0.06966394927420799,0.01983051077682943,0.0008797116491949459,0.0008333893907213093,0.019382992576069753,-0.0010817531817431173,-0.00399064828442591,0.0013105716061176688,-0.0020795333539293756,47672.768147684605
-0.3562871861569936,-0.10892006923828981,0.028701198163368226,-0.001491746509670134,0.0019036198401727912,0.018685978978271147,-0.0010358170658033622,-0.003973428988140919,0.001319944109776928,-0.002083299695191931,47690.84543178973
0.19593469648951084,-0.00460545347494595,0.027221774487209638,-0.003663262705281542,0.002936649016368068,0.017963132502900114,-0.0009906971415203707,-0.003955853544110526,0.0013292578977441233,-0.002087050090375031,47708.92271589487
0.2274403211714886,0.1171185251760892,0.016704876710129764,-0.005485181015572737,0.0038996085374746773,0.01722262345821549,-0.0009463855022502277,-0.003937923544241966,0.0013385129664404913,-0.0020907845202743323,47727.0
-0.17372000289355752,0.10732901948812257,0.00046544458960403093,-0.006803211445615535,0.004759630021660104,0.016472622152476094,-0.0009028742413489917,-0.003919640580442474,0.0013477093122872673,-0.0020945029656855825,47744.768147684605
0.06441498064115647,-0.03255012922413759,-0.01581121778757986,-0.00746306438013709,0.00548384546674719,0.01572129889394078,-0.0008601554521727448,-0.0039010062446192813,0.0013568469317056814,-0.002098205407404527,47762.84543178973
0.1490531473949091,-0.1239327900007981,-0.0258472152523063,-0.007310881478482073,0.006039817917335053,0.014976824218709625,-0.0008182212280775585,-0.0038820221286796214,0.0013659258211169728,-0.0021018918262268546,47780.92271589487
0.04715415697538017,-0.07845159937233935,-0.025201649094461362,-0.006268601136954933,0.006396886204584234,0.014247369574247735,-0.0007770636624195086,-0.003862689824530724,0.0013749459769423745,-0.002105562202948309,47799.0
-0.2312201202571161,0.03715566137026754,-0.01678160643993849,-0.0045549008411321715,0.006526167287411177,0.013539987213403012,-0.0007366748485546724,-0.003843010924079824,0.001383907395603121,-0.0021092165183646014,47816.768147684605
0.28674981775453684,0.1189675957372873,-0.0053311708736328445,-0.0024625354099093153,0.006403779821623301,0.012856784986418048,-0.0006970468798391197,-0.0038229870192341524,0.0013928100735204458,-0.002112854753271509,47834.84543178973
-0.25887382342003845,0.08111089528602908,0.005056282460006542,-0.00028425966218181603,0.006008828736572559,0.012196884469990862,-0.0006581718496289244,-0.0038026197019009433,0.0014016540071155857,-0.0021164768884647306,47852.92271589487
-0.36781399751213756,-0.014710422887065807,0.012890212178315654,0.001687171583154838,0.005320885674382447,0.011558940528047934,-0.0006200418512801629,-0.00378191056398743,0.0014104391928097721,-0.002120082904739939,47871.0
0.27319349791002784,-0.08338520628908441,0.017330785339076636,0.0031539937107163407,0.004324532073665332,0.01094160802451574,-0.0005826489781489095,-0.003760861197400843,0.0014191656270242455,-0.0021236727828929545,47888.768147684605
0.38381990696544066,-0.0973113441143067,0.017506600384353012,0.003829971534881551,0.0030243885589890194,0.01034354182332076,-0.0005459853235912278,-0.0037394731940484202,0.0014278333061802345,-0.0021272465037193754,47906.84543178973
-0.3750590855328117,-0.05427174336103888,0.012996854589292828,0.0036213457138428106,0.0014415781879424652,0.00976339678838947,-0.0005100429809632078,-0.0037177481458373863,0.0014364422266989786,-0.0021308040480150026,47924.92271589487
-0.13301956644326293,0.006134152204355896,0.005656669797162332,0.0027507702312215892,-0.0003568054357563115,0.009199827783648362,-0.00047481404362091547,-0.0036956876446749814,0.001444992385001709,-0.002134345396575639,47943.0
0.35263767780531563,0.05592252127583944,-0.002081958852812977,0.0015121102480669258,-0.002292176071856975,0.008651489673023897,-0.0004402906049204222,-0.0036732932824684364,0.0014534837775096604,-0.002137870530196826,47960.768147684605
-0.2455232888104782,0.07491269214199794,-0.0077870362214076064,0.0001992309254278839,-0.004285947480109235,0.008117037320442565,-0.0004064647582178056,-0.003650566651124981,0.0014619164006440693,-0.002141379429674588,47978.84543178973
-0.34313562915339907,0.055927500209162415,-0.009700847447786563,-0.0008940025756464852,-0.006259533420262768,0.007595125589830838,-0.00037332859686913986,-0.0036275093425518464,0.001470290250826169,-0.002144872075804357,47996.92271589487
0.26284950757318104,0.0022778883378456443,-0.00875594058301731,-0.0014805832957667255,-0.00813434765206727,0.007084409345115208,-0.00034087421423049805,-0.0036041229486562733,0.0014786053244771954,-0.002148348449381897,48015.0
0.3450962946259385,-0.051518742793098704,-0.0064568485770743304,-0.0013757996550268952,-0.009831803935272422,0.00658354345022214,-0.00030909370365795604,-0.0035804090613454852,0.0014868616180183816,-0.0021518085312031586,48032.768147684605
-0.34659630070199837,-0.06938278654127211,-0.004001795886892329,-0.000701741481122851,-0.0112728231150659,0.006091182769078123,-0.00027797915850758296,-0.003556369272526724,0.0014950591278709642,-0.0021552523020634618,48050.84543178973
-0.04040455372802132,-0.03225786474070013,-0.002254673309612633,0.00034444418891933125,-0.012378131400150217,0.005605982165609631,-0.00024752267213545804,-0.003532005174107217,0.0015031978504561757,-0.0021586797427589964,48068.92271589487
0.34773410313805325,0.030538673519222088,-0.0010414872945834091,0.0015797813939746684,-0.013082626075128983,0.005126596503743142,-0.00021771633789765098,-0.003507318357994196,0.0015112777821952516,-0.0021620908340853244,48087.0
-0.2178440380515297,0.08233528360008975,7.122679579546177e-05,0.0028532948083268084,-0.013352909903680448,0.0046513854910711526,-0.00018855224915024054,-0.0034823104160948957,0.0015192989195094272,-0.0021654855568378774,48104.768147684605
-0.3480612193796768,0.08812395499864903,0.0015169335991241032,0.004021565009670839,-0.013161747205222804,0.004177314487514636,-0.0001600224992492934,-0.00345698294031655,0.0015272612588199369,-0.0021688638918128268,48122.84543178973
0.28675408467322455,0.02930461372828143,0.0034233936338468724,0.004941172575701867,-0.012480936936170875,0.003700383489991228,-0.000132119181550893,-0.003431337522566389,0.0015351647965480158,-0.002172225819805586,48140.92271589487
0.34664909133073807,-0.05469968942495757,0.004695631567450619,0.005468617458449558,-0.011282803061295591,0.003217117503774644,-0.0001048343894111078,-0.0034053757547516435,0.001543009529114896,-0.0021755713216120125,48159.0
-0.3448577245057973,-0.11270845723363228,0.003969223026132317,0.005424334247941938,-0.009540043943905051,0.002724226216811526,-7.816021618601311e-05,-0.003379099228779552,0.0015507954529418132,-0.0021789003780277594,48176.768147684605
0.10671491915004033,-0.0927599689968394,0.0005047925595199657,0.00453044262489106,-0.007245122519973349,0.002218419317048506,-5.208875523167967e-05,-0.0033525095365573468,0.0015585225644500047,-0.0021822129698487094,48194.84543178973
0.3425739583605542,-0.010602035855353189,-0.0044761507197604924,0.0026522680255070263,-0.004466714278174392,0.0016964064924322193,-2.661209990418745e-05,-0.003325608269992254,0.0015661908600607018,-0.0021855090778704215,48212.92271589487
-0.26793783777061553,0.09049272856726724,-0.009270859702134707,-0.0002879294184022756,-0.0013046979582792503,0.0011548974309093082,-1.722343559604875e-06,-0.0032983970209915117,0.0015738003361951429,-0.002188788682888755,48231.0
-0.346673606296055,0.1373836168036863,-0.012176587278028355,-0.004319099407475769,0.0020922575323878314,0.0005906018204264069,2.2588420445993862e-05,-0.0032708773814623567,0.001581350989274559,-0.0021920517656993208,48248.768147684605
0.34950467162767934,0.07443801770030987,-0.011587837729923223,-0.009349994918177292,0.005563285744614304,2.2934893014859e-07,4.6328098756528794e-05,-0.00324305094331201,0.0015888428157201857,-0.002195298307097808,48266.84543178973
0.20201996012080287,-0.048694616334150335,-0.006431125832643257,-0.01471436727370589,0.00894752022918762,-0.0006195102956328293,6.950459801593208e-05,-0.003214919298447712,0.0015962758119532582,-0.002198528287880112,48284.92271589487
-0.35126576486645644,-0.13066759251122517,0.0037111715279685496,-0.019079357896010944,0.01208409453689523,-0.001271907425315881,9.212582486812605e-05,-0.0031864840387766952,0.0016036499743950115,-0.0022017416888417936,48303.0
0.15165833435350484,-0.09489444267349914,0.01762467134565745,-0.021034241038319846,0.014823644063889712,-0.001960252352172385,0.00011419968595703883,-0.0031577467562061896,0.001610965299466679,-0.002204938490778728,48320.768147684605
0.3534921429145178,0.00784180231551733,0.02793785116637775,-0.019239355614351104,0.0170744598893071,-0.002687835388255689,0.0001357340879265968,-0.0031287090426434343,0.001618221783589495,-0.0022081186744865697,48338.84543178973
-0.36113486892247015,0.09467516357152019,0.026145480755737416,-0.012822064915259074,0.01880292814374097,-0.0034579468456191705,0.000156736937420724,-0.0030993724899956525,0.0016254194231846973,-0.0022112822207610273,48356.92271589487
-0.28389068640081716,0.09431383253786499,0.008101610416948976,-0.0026893758946777706,0.019987083259307946,-0.004273877036316188,0.00017721614108334746,-0.003069738690170084,0.0016325582146735171,-0.0022144291103978106,48375.0
0.3842555106662136,0.03930395976189016,-0.018616432526703714,0.009313662939606861,0.02060478928776354,-0.005138745892038987,0.00019717960555839696,-0.00303980923507396,0.0016396381544771907,-0.0022175593241926836,48392.768147684605
0.09529125303143075,-0.018318678989095342,-0.04202737848093477,0.021209725022765514,0.020633228759418813,-0.00605499182303534,0.00021663523748978968,-0.0030095857166145116,0.001646659239016953,-0.002220672842941365,48410.84543178973
-0.37686325167428414,-0.03732007958518346,-0.04984514613069406,0.031136766828532236,0.020047777549671703,-0.007023246584639936,0.0002355909435214566,-0.0029790697266989697,0.001653621464714037,-0.002223769647439463,48428.92271589487
0.12147131524637554,-0.001186993336593007,-0.03364683034301436,0.03781756538643001,0.018817266435712215,-0.008037596833979505,0.000254054630297327,-0.002948262857234573,0.0016605248279896788,-0.0022268497184830646,48447.0
0.3125070939939077,0.026652429448435412,0.0012670148651912855,0.04057299674196397,0.016920827548900428,-0.009090492953628761,0.00027203420446132265,-0.0029171667001285516,0.0016673693252651119,-0.0022299130368676305,48464.768147684605
-0.2627481128881141,-0.008895377152671443,0.04311190034673454,0.03878552542472902,0.0143996929380421,-0.010174385326162452,0.00028953757265737164,-0.0028857828472881354,0.0016741549529615725,-0.0022329595833886847,48482.84543178973
-0.26241695719413344,-0.04370505796639668,0.06716187019635614,0.03176828072536835,0.011364429890894551,-0.01128172433415531,0.0003065726415293952,-0.0028541128906205593,0.0016808817075002948,-0.0022359893388423056,48500.92271589487
0.29993093959828376,0.003039003683395959,0.05169310618864424,0.019331613032617916,0.007939955097772462,-0.012404960360182087,0.00032314731772132833,-0.0028221584220330586,0.0016875495853025122,-0.0022390022840241474,48519.0
-0.05901905441370573,0.11005950254204258,0.008526440451672185,0.0033321547378135034,0.004251185248990499,-0.013536543786817507,0.0003392695078770865,-0.0027899210334328584,0.0016941585827894604,-0.0022419983997297903,48536.768147684605
-0.5612102262777552,0.12376114850696311,-0.04082122539441637,-0.013861891267059112,0.00042303703486334384,-0.0146689249966363,0.0003549471186406052,-0.0027574023167272013,0.001700708696382374,-0.002244977666755109,48554.84543178973
0.22184853738087518,-0.05955975352660455,-0.07403898514968923,-0.029882322090014103,-0.0034195728542943393,-0.015794554372213214,0.0003701880566558052,-0.0027246038638233123,0.0017071999225024871,-0.0022479400658956842,48572.92271589487
0.9577675548109854,-0.1973556521072234,-0.08298638404446734,-0.042360934839065674,-0.007151727728167873,-0.016905882296122974,0.00038500022856661164,-0.0026915272666284277,0.0017136322575710362,-0.002250885577947391,48591.0
-1.1018174465005863,-0.04239962874105233,-0.06667756195270666,-0.04947470825904279,-0.010648510896442576,-0.017995359150940336,0.0003993915410169561,-0.0026581741170497793,0.001720005698009252,-0.002253814183706105,48608.768147684605
-0.596265197175868,0.26416591554954183,-0.037418154576025105,-0.051581347642033315,-0.013785005668803781,-0.019055435319240015,0.0004133699006507598,-0.0026245460069946,0.0017263202402383734,-0.0022567258639669624,48626.84543178973
1.0760987329270508,0.25946132555409956,-0.006880522555072482,-0.04956795402083784,-0.016452081251038978,-0.02007856118359676,0.00042694321411195136,-0.0025906445283701254,0.0017325758806796328,-0.002259620599526246,48644.92271589487
-0.8929066211497162,-0.25546941648665866,0.026880731118115737,-0.04424922217131816,-0.018613013105874196,-0.021057187126585296,0.0004401193880444497,-0.00255647127308358,0.001738772615754266,-0.0022624983711794977,48663.0
0.6722087835582983,-0.3093541315805816,0.06093979877772417,-0.0363870102831144,-0.020283913282257378,-0.02198376353078038,0.0004529063290921934,-0.0025220278330422056,0.001744910441883506,-0.002265359159722113,48680.768147684605
-0.5200160109013943,0.26716551750955314,0.08753771542981731,-0.026733913873336682,-0.021490156501666323,-0.02285074077875673,0.00046531194389909776,-0.0024873158001532296,0.0017509893554885885,-0.0022682029459505956,48698.84543178973
0.4674364609470286,0.2890447202134761,0.08841024045964185,-0.01604252845909525,-0.022257117485578865,-0.023650569253089077,0.0004773441391090924,-0.002452336766323886,0.0017570093529907464,-0.0022710297106599713,48716.92271589487
-0.4535265726437159,-0.1430661899918047,0.050793530865994675,-0.005031753995219552,-0.022610170955472898,-0.02437569933635218,0.0004890108213661039,-0.002417092323461406,0.0017629704308112187,-0.002273839434646374,48735.0
0.3484262558128809,-0.23600866718721633,-0.0055693902773075715,0.005714291812582596,-0.022574690590810558,-0.025018582453136467,0.000500319897314062,-0.0023815840634730284,0.001768872585371236,-0.0022766320987053935,48752.768147684605
0.35408859429558104,-0.05823546180607413,-0.05525717959859443,0.015645186820883932,-0.02217566347341346,-0.02557205662567279,0.0005112792735968852,-0.00234581357826598,0.0017747158130920345,-0.002279407683632618,48770.84543178973
0.19309545206089127,0.11646089932416334,-0.08264207860979897,0.024210508886257292,-0.02143547755870982,-0.02603155900258564,0.0005218968568585009,-0.0023097824597474916,0.0017805001103948486,-0.0022821661702239512,48788.92271589487
-0.16849028898157514,0.14190241294383704,-0.07464438138116841,0.030959492202688645,-0.020371864908277876,-0.026397182626349276,0.0005321805537428403,-0.0022734922998248024,0.0017862254737009147,-0.00228490753927513,48807.0
0.12245408290619655,-0.011076864793258255,-0.027203896574460897,0.03583999631381689,-0.019001489217627936,-0.026670088905506005,0.0005421382708938267,-0.0022369446904051426,0.0017918918994314628,-0.0022876317715817343,48824.768147684605
0.032227544224357696,-0.09905058552803161,0.029156353843720388,0.03889953710069406,-0.017341014182270235,-0.026851439248598126,0.0005517779149553865,-0.0022001412233957443,0.0017974993840077322,-0.0022903388479395747,48842.84543178973
-0.15428569867769554,-0.07101927029375948,0.06242198744989168,0.04018563044437228,-0.015407103497714986,-0.02694239506416803,0.0005611073925714406,-0.002163083490703838,0.0018030479238509546,-0.0022930287491443515,48860.92271589487
-0.2486346862592843,0.022034691545092147,0.06909673696047898,0.03974623778276496,-0.013216866416333807,-0.02694411881771161,0.000570135667339551,-0.002125773084236661,0.0018085375153823666,-0.002295701455991875,48879.0
0.3230662600151434,0.07875266284420704,0.052797644895888285,0.03764958365963075,-0.010791456315346058,-0.026857774660124574,0.0005788733882569889,-0.002088211595901443,0.0018139681550232024,-0.002298356949277791,48896.768147684605
-0.13043751131163647,0.021246578111663184,0.01898413619291616,0.03404303393061798,-0.008166291959871059,-0.026684517629597112,0.0005873220916155513,-0.0020504006176054177,0.0018193398391946934,-0.0023009952097977704,48914.84543178973
-0.421073356197761,-0.0667649570050702,-0.019271549831116567,0.029111524295486763,-0.005398142978142437,-0.026425500221904628,0.000595480771292252,-0.0020123417412558175,0.0018246525643180814,-0.0023036162183477076,48932.92271589487
0.35808883767803834,-0.08794006347830709,-0.04698991551850875,0.02304476269542494,-0.0025485512398215524,-0.026081874932822553,0.0006033484211641004,-0.0019740365587598754,0.0018299063268145937,-0.002306219955723164,48951.0
0.427102678269503,-0.046798221160488006,-0.052976599963908556,0.016032457071620536,0.0003209413854300343,-0.025654794258126286,0.000610924035108111,-0.001935486662024823,0.0018351011231054705,-0.0023088064027199234,48968.768147684605
-0.41286134753795667,0.03198325817367419,-0.041240082383550467,0.008326608477450658,0.003148793027950838,-0.02514541069359122,0.0006182066070013002,-0.0018966936429578953,0.0018402369496119406,-0.002311375540133639,48986.84543178973
-0.18105410103709868,0.08479954767998764,-0.019823151194775394,0.00042839041504921555,0.005873461818079489,-0.024554876734992816,0.0006251951307206785,-0.0018576590934663228,0.001845313802755244,-0.0023139273487603152,49004.92271589487
0.39380978412876044,0.10138359286481836,0.0031691120728868038,-0.007098730501260619,0.008433405886154429,-0.023884344878106437,0.0006318886001432587,-0.0018183846054573383,0.001850331678956613,-0.0023164618093954037,49023.0
-0.2768984213037399,0.08777474580304916,0.020933314941429252,-0.013691287657155665,0.010767083362514217,-0.023134967618707522,0.0006382860091460537,-0.0017788717708381748,0.0018552905746372812,-0.0023189789028345755,49040.768147684605
-0.4007328068192715,0.04728250790808862,0.031893275815634996,-0.01878581443831287,0.012812952377497406,-0.022307897452571484,0.000644386351606079,-0.0017391221815160674,0.0018601904862184887,-0.0023214786098738733,49058.84543178973
0.33264105033937197,-0.012475639406846194,0.035856320858599584,-0.021818844230409026,0.014509471061442505,-0.021404286875473737,0.0006501886214003476,-0.0016991374293982456,0.0018650314101214631,-0.0023239609113088395,49076.92271589487
0.41031736666812174,-0.06970746314396177,0.03280916159896631,-0.022390740359230117,0.015799996795946743,-0.02042528838318967,0.0006556918124058711,-0.0016589191063919445,0.0018698133427674424,-0.0023264257879351655,49095.0
-0.4062027893046574,-0.09442458233789626,0.023374232320779995,-0.020767932841146343,0.016658230897790158,-0.01937205447149471,0.0006608949184996619,-0.0016184688044043952,0.0018745362805776622,-0.0023288732205485043,49112.768147684605
-0.042760550426154426,-0.058338890796096735,0.008924374145296045,-0.01742366935322906,0.017105761655603437,-0.018245737636164303,0.0006657969335587355,-0.0015777881153428302,0.0018792002199733541,-0.0023313031899446952,49130.84543178973
0.38257673573295714,0.011914027804036319,-0.006801667212789649,-0.012841944502697461,0.017174924288165163,-0.017047490372973807,0.0006703968514601056,-0.0015368786311144838,0.0018838051573757543,-0.002333715676919613,49148.92271589487
-0.27394987689353484,0.07411771213227993,-0.019473669890420955,-0.007506752896770828,0.016898857814624784,-0.015779268978069447,0.0006746936660807843,-0.0014957419436265882,0.0018883510892060984,-0.0023361106622686164,49167.0
-0.3639031697770513,0.08399253626361707,-0.024765155728994168,-0.0018983454382160638,0.016313916455614905,-0.014446244949080594,0.0006786863712977831,-0.0014543796447863743,0.00189283801188562,-0.0023384881267877284,49184.768147684605
0.362002399939743,0.019604233085166352,-0.01991718614294043,0.0035608834023485754,0.015457258232138844,-0.013054393584007356,0.0006823739609881178,-0.0014127933265010773,0.0018972659218355543,-0.00234084805127264,49202.84543178973
0.2718023253274073,-0.057944682165636356,-0.008384825272045348,0.008623809316114287,0.01436604116519998,-0.011609690180849883,0.0006857554290288011,-0.0013709845806779285,0.001901634815477136,-0.002343190416519005,49220.92271589487
-0.36463146516416023,-0.08551744648980675,0.004824297988679966,0.013086189608611536,0.013077423275801681,-0.010118110037608317,0.0006888297692968449,-0.0013289549992241611,0.0019059446892315986,-0.002345515203322403,49239.0
-0.1574320656561096,-0.029407204556311965,0.015302484983222264,0.01674378158537081,0.011628562584947294,-0.008585628452282784,0.000691595975669264,-0.0012867061740470076,0.0019101955395201763,-0.0023478223924790235,49256.768147684605
0.3563261027315478,0.053810505008753416,0.02104175801155996,0.01939234255192257,0.010056617113640193,-0.007018220722873436,0.0006940530420230703,-0.0012442396970536998,0.0019143873627641063,-0.00235011196478417,49274.84543178973
-0.3407297700790058,0.09659060229810004,0.02062978521192137,0.02083191421454525,0.00839915047130759,-0.005422267735804258,0.0006961999622352789,-0.0012015571601514733,0.0019185201553846222,-0.0023523839010336617,49292.92271589487
-0.33877345521461066,0.07304132911704177,0.013454269318647225,0.020929372915251165,0.00669212295973306,-0.003805776965278664,0.0006980357301829016,-0.0011586601552475576,0.0019225939138029589,-0.0023546381820232823,49311.0
0.3262154757674436,-0.012308829644354187,0.0021673174617468454,0.019753996634968123,0.0049596687165688975,-0.0021771784102598366,0.0006995593397429509,-0.0011155502742491868,0.0019266086344403488,-0.0023568747885486852,49328.768147684605
0.24777055327653447,-0.09183613039910922,-0.00976179102966635,0.017422076816161404,0.003225379789333089,-0.0005449063037949711,0.0007007697847924432,-0.0010722291090635942,0.001930564313718029,-0.002359093701405728,49346.84543178973
-0.3177192997618021,-0.11445372207640543,-0.01886377682647889,0.014049234008495044,0.0015135191183447913,0.0010826051210687567,0.0007016660592083885,-0.0010286982515980124,0.0019344609480572339,-0.0023612949013899712,49364.92271589487
-0.02114424399092966,-0.05617432814218541,-0.022443702493915176,0.0097510887616331,-0.00015169390985037202,0.0026969651850577026,0.0007022471568678013,-0.0009849592937596731,0.0019382985338791971,-0.0023634783692972543,49383.0
0.3210881645592349,0.038234090901510746,-0.020930941068711097,0.0046702045193998025,-0.0017467652197570317,0.004290508519948475,0.0007025120716476935,-0.0009410138274558081,0.001942077067605153,-0.0023656440859232677,49400.768147684605
-0.2339231541254455,0.11248044043120344,-0.015634904937678464,-0.0009451578186426159,-0.003250448673477677,0.005857817695115544,0.0007024597974250805,-0.0008968634445936527,0.0019457965456563375,-0.002367792032063739,49418.84543178973
-0.3263531648254321,0.12149301058973797,-0.007885745886906284,-0.006825997953654648,-0.004642049229070889,0.007394026375889464,0.0007020893280769751,-0.000852509737080439,0.001949456964453986,-0.002369922188514396,49436.92271589487
0.3266546094276646,0.0442124082678593,0.0010553279667543632,-0.012697017752789606,-0.00590087184459525,0.008894268227600805,0.0007013996574803888,-0.0008079542968233984,0.0019530583204193312,-0.0023720345360710585,49455.0
0.24467457066377793,-0.06204665071820842,0.010225981530705646,-0.01828082609447338,-0.007006221478109346,0.010353676915580123,0.0007003897795123359,-0.0007631987157297641,0.0019566006099736065,-0.0023741290555291403,49472.768147684605
-0.3233497417378818,-0.11780782940476425,0.018739121215594894,-0.023300031857131878,-0.007937403087671732,0.01176738610515796,0.0006990586880498311,-0.0007182445857067692,0.001960083829538049,-0.002376205727684665,49490.84543178973
0.05794120460765054,-0.06946637292637535,0.025728242524582817,-0.027477243919190958,-0.008673721631341018,0.0131305294616649,0.0006974053769698852,-0.0006730934986616457,0.0019635079755338947,-0.0023782645333333655,49508.92271589487
0.3234451049428191,0.03347595435485814,0.030409197330883743,-0.030535071159076495,-0.009194482067175748,0.014438240650431465,0.0006954288401495143,-0.0006277470465016287,0.001966873044382375,-0.002380305453270879,49527.0
-0.3273768178624043,0.11143727135679624,0.0320184266002255,-0.03219612245521442,-0.009479249798011938,0.015685913781565655,0.000693128071465728,-0.0005822068211339477,0.0019701790325047266,-0.002382328468292876,49544.768147684605
-0.2608146352425563,0.0984541550812703,0.029954097287264482,-0.03225876430100139,-0.009516035882387695,0.016870256467453264,0.0006905020628069371,-0.0005364744124772322,0.0019734259363221813,-0.0023843335591951335,49562.84543178973
0.34065433013290364,0.021541088882905377,0.024261280302371895,-0.030824393649717566,-0.009322776701823974,0.017989373029765825,0.000687549791899984,-0.0004905513962885454,0.001976613752255979,-0.002386320706773288,49580.92271589487
0.13945489404897637,-0.0691134185586692,0.015146772544847562,-0.028070165069613805,-0.00892501000177675,0.019041837000685572,0.0006842701990105444,-0.00044443931086377914,0.0019797424767273495,-0.002388289891823362,49599.0
-0.3525449068734066,-0.10869107939975903,0.002817370913991316,-0.024173233128941027,-0.00834832289953762,0.020026271284230384,0.0006806621256379437,-0.00039813959573248243,0.0019828121061575303,-0.0023902410951407507,49616.768147684605
0.23221903657882614,-0.05585658626756144,-0.011997719812138026,-0.01931075239595017,-0.007618302512398108,0.02094129878441808,0.0006767241427743204,-0.0003516534199170117,0.0019858226369677537,-0.002392174297521367,49634.84543178973
0.3634545283060124,0.04253404200841771,-0.026479663340445835,-0.013659877438892127,-0.006760535957649802,0.021785542405266502,0.0006724544815962788,-0.0003049816126241894,0.001988774065579257,-0.002394089479760901,49652.92271589487
-0.37300035940679377,0.11413811033520184,-0.037287215499078555,-0.00739776282601782,-0.005800610352584283,0.022557625050793523,0.000667851085047538,-0.00025812471482795625,0.001991666388413271,-0.0023959866226549147,49671.0
-0.21880696215420456,0.09953058511714659,-0.04176877863641177,-0.0007061702230154397,-0.004764112814493136,0.023256169625016983,0.000662911722777616,-0.0002110830942080466,0.0019944996018910347,-0.0023978657069994493,49688.768147684605
0.4019891127234373,0.023477218974999537,-0.040015381363343094,0.006198750496282775,-0.003676630460667885,0.023879799031954734,0.0006576340847126252,-0.0001638570387207961,0.0019972737024337795,-0.0023997267135899376,49706.84543178973
0.0752713587123247,-0.06762208267935445,-0.032743859537419866,0.013032403087027937,-0.002563750408400149,0.02442713617562463,0.0006520158297613661,-0.00011644680530522347,0.0019999886864627415,-0.002401569623222303,49724.92271589487
-0.4206480502352298,-0.13028109490015366,-0.02065508919779454,0.019494231485976187,-0.0014510597749814841,0.024896803960044515,0.0006460546120192756,-6.88526460869836e-05,0.0020026445503991573,-0.002403394416692054,49743.0
0.28752564698534516,-0.1318944032291243,-0.0046887230483930245,0.025283679629883676,-0.00036414567770346005,0.025287425289232227,0.0006397480855817896,-2.1074813191732425e-05,0.0020052412906642566,-0.0024052010747952486,49760.768147684605
0.3887725457477249,-0.080044959946772,0.013086618676540296,0.03010019145550658,0.0006714047661423634,0.025597623067205626,0.0006330939045443431,2.68864412548743e-05,0.002007778903679277,-0.0024069895783273808,49778.84543178973
-0.33272382677700296,0.00512007101865333,0.029668095593090672,0.03364321089960113,0.0016300044392643666,0.025826020197982587,0.0006260897230023725,7.503086512718177e-05,0.002010257385865455,-0.002408759908084142,49796.92271589487
-0.3306761130269712,0.09553055621934271,0.04187900644611903,0.03561218189892345,0.002486066224371036,0.025971239585580917,0.0006187331950513139,0.00012335820629953356,0.002012676733644022,-0.0024105120448613708,49815.0
0.21980567994464098,0.14486672682253915,0.04654264998048633,0.03570654839022966,0.003214003004170775,0.026031904134018485,0.000611021974786603,0.00017186821264627555,0.0020150369434362133,-0.0024122459694547573,49832.768147684605
-0.15597303274922253,0.07240176421972895,0.04149465645688499,0.03374846630904496,0.0037948117564011413,0.02600663717753905,0.0006029532860777599,0.00022056063204175017,0.0020173380116632646,-0.0024139616626599465,49850.84543178973
-0.04583475111986719,-0.0741777455118671,0.02861998219933391,0.03005093958597011,0.004235825838915998,0.02589406224482882,0.0005945241583518973,0.00026943521236030393,0.0020195799347464106,-0.0024156591052728093,49868.92271589487
0.09179195904332747,-0.15086727812658823,0.010815915047683415,0.025049684150374937,0.004550633819407103,0.025693126074146134,0.0005857372966552696,0.0003184917014762804,0.002021762709106886,-0.002417338278089005,49887.0
-0.0028288942413442616,-0.05695770054650351,-0.008877439798156365,0.01918041593162915,0.00475110808252723,0.025404490060327013,0.0005765969324953971,0.00036772984726402393,0.0020238863311659223,-0.002418999161904249,49904.768147684605
-0.1632973800646111,0.09212692797509991,-0.026848707698036534,0.012878850859102503,0.0048471895586440945,0.02503074705249256,0.0005671072973797983,0.00041714939759787873,0.002025950797344759,-0.002420641737514244,49922.84543178973
0.240518578139597,0.1549925851680788,-0.03934369665174854,0.006580704862164793,0.004848196073314569,0.02457511300457472,0.0005572726228159911,0.00046675010035219106,0.0020279561040646267,-0.002422265985714999,49940.92271589487
-0.3206043594676125,0.12620058111278798,-0.04361063060462013,0.0007216938701857639,0.004762555685575006,0.024041693637025928,0.0005470971403114951,0.0005165317034013034,0.0020299022477467637,-0.0024238718873016087,49959.0
-0.23080120104899224,0.08008955799558574,-0.040823638460774817,-0.004346225010814472,0.0045984743264414416,0.023434816798318974,0.0005365850932770288,0.0005664939427163606,0.0020317892248124026,-0.0024254594230703275,49976.768147684605
0.41931690535019356,0.0109717138308803,-0.03282738047660816,-0.008602979268080036,0.004364158010559157,0.022758810253297363,0.0005257407816323997,0.0006166364977594215,0.002033617031682776,-0.0024270285738167167,49994.84543178973
0.20192319067215336,-0.09204313235439283,-0.021395360885703298,-0.012099652411667546,0.004067812752573501,0.02201800176680456,0.0005145685886136954,0.0006669589646762604,0.0020353856647791213,-0.0024285793203365777,50012.92271589487
-0.4149500662378013,-0.16155720943640303,-0.008304234621777535,-0.014884177251499391,0.0037176445671297255,0.02121671910368414,0.0005030731813204583,0.0007174606557491949,0.002037095120522673,-0.0024301116434256014,50031.0
0.16470378382119924,-0.13117636656723836,0.004759593301815629,-0.01700448659749791,0.003321859468873138,0.020359290028779578,0.000491259867447162,0.0007681402426656201,0.002038745395334668,-0.0024316255238793862,50048.768147684605
0.3608918827113802,-0.01561894524180113,0.016470717553178207,-0.01850851325958549,0.002888663472449096,0.019450042306934357,0.0004791344290858374,0.0008189959227153676,0.0020403364856363335,-0.002433120942493974,50066.84543178973
-0.34082339211462753,0.12413422753423962,0.025593982720776082,-0.01944419004768444,0.0024262625925028213,0.01849330370299203,0.0004667028501521074,0.0008700256913646745,0.002041868387848912,-0.0024345978800645748,50084.92271589487
-0.3301829734901806,0.16509113504119807,0.030894233393075256,-0.019859449771717146,0.0019428628436796483,0.017493401981796084,0.0004539711568713284,0.0009212275017700499,0.002043341098862832,-0.002436056317856578,50103.0
0.3323964014587912,0.0943453151413192,0.03156890960028527,-0.019822570972701143,0.0014466702406248655,0.016454664908190034,0.00044094537850624066,0.0009725993040506191,0.0020447546228413854,-0.0024374962444077115,50120.768147684605
0.10402475900984841,-0.05114345654924354,0.0285226091051939,-0.019459817456334585,0.0009457171726803741,0.015381420247017379,0.00042763154431958066,0.0010241390483255051,0.002046108986001333,-0.0024389176703088745,50138.84543178973
-0.3444916669806287,-0.16329486170379895,0.02299962897474543,-0.01882416154133846,0.00044729494870298693,0.014277995763121625,0.0004140356835740924,0.001075844684713831,0.0020474042199554996,-0.00244032061154769,50156.92271589487
0.32056150332424616,-0.14835553309061628,0.016115347355938163,-0.017945025228295455,-4.1631406192000155e-05,0.013148719221346302,0.00040016382553251066,0.0011277141633347224,0.002048640356316715,-0.00244170508411152,50175.0
0.358172700841385,-0.0343463750157922,0.00856236285357416,-0.016851918573106434,-0.0005140088115710538,0.011997918386534887,0.00038602199945757905,0.001179745434307301,0.0020498174266978045,-0.002443071103987543,50192.768147684605
-0.36527471774960124,0.1035964773374249,0.0009275791869064549,-0.015574385290319686,-0.0009627505283532821,0.01082992102353091,0.00037161623461203657,0.0012319364477506923,0.0020509354627115967,-0.0024444186871631687,50210.84543178973
-0.24270180242554698,0.1509992954422342,-0.006202099924811949,-0.014141969094483484,-0.001380769817457776,0.00964905489717788,0.00035695256025862124,0.0012842851537840192,0.0020519944959709172,-0.002445747849625566,50228.92271589487
0.37996582659208256,0.09662620639905517,-0.012188556144920901,-0.012584055494157417,-0.0017611381457922958,0.008459647772319286,0.00034203700566007446,0.0013367895025264045,0.002052994558088593,-0.002447058607362162,50247.0
0.06339911410378339,-0.030442086183277837,-0.016188812667131677,-0.010929395294447785,-0.002097561683717922,0.00726602741379865,0.0003268756000791323,0.0013894474440969747,0.002053935680677454,-0.002448350976360322,50264.768147684605
-0.3889017569502129,-0.13485033145307782,-0.017308998689306982,-0.0092062529549199,-0.0023839123255781284,0.006072521586459478,0.0003114743727785418,0.0014422569286148498,0.0020548178953503234,-0.002449624972607219,50282.84543178973
0.3780629122760238,-0.13160376436676507,-0.014993777040826935,-0.007439387521713126,-0.0026140638452148163,0.0048834580551452775,0.00029583935302103607,0.0014952159061991568,0.002055641233720031,-0.0024508806120903683,50300.92271589487
0.3896687047815636,-0.04336288364353658,-0.010037135753762588,-0.005644353228635423,-0.0027818900164698784,0.003703164584699555,0.00027997657006935704,0.0015483223269690178,0.0020564057273994027,-0.0024521179107969476,50319.0
-0.38931824989578895,0.06813529555626094,-0.003570314005468096,-0.003834483261801534,-0.002881264613185217,0.0025359689399658174,0.0002638920531862441,0.0016015741410435578,0.0020571114080012664,-0.0024533368847142177,50336.768147684605
-0.21348115933273762,0.10971209518679129,0.003275449026702391,-0.002023110807326204,-0.0029060614092027426,0.001386198885787581,0.00024759183163443777,0.0016549692985418979,0.00205775830713845,-0.002454537549829606,50354.84543178973
0.3905950244425208,0.07075637117332668,0.009296124645778647,-0.00022356905132417184,-0.002850103691012145,0.0002581316996561426,0.00023108193467667718,0.0017085057495831659,0.002058346456423777,-0.002455719922130467,50372.92271589487
-0.041464160359488904,-0.020997352719116204,0.012996526076326252,0.0015508088200898104,-0.0027068998221530956,-0.0008442702638872179,0.00021436839157570317,0.0017621814442864811,0.002058875887470079,-0.0024568840176040245,50391.0
-0.39171028708504396,-0.09265165164910343,0.01283504618769492,0.0032603204564007784,-0.0024694557846481513,-0.0019175470318183378,0.00019745723159425433,0.0018159943327709699,0.002059346631890179,-0.002458029852237688,50408.768147684605
0.39125381708668483,-0.0795510453169106,0.00800312217541127,0.004745417555517882,-0.0021303845863565145,-0.0029586316052764017,0.00018035448399506636,0.0018699423651557573,0.0020597587212969094,-0.0024591574420185897,50426.84543178973
0.35807297506168,-0.007983497006368715,0.00022883107370627004,0.005762705475050048,-0.0016811792326489124,-0.003965576987889084,0.00016306617804088568,0.001924023491559964,0.0020601121873030917,-0.0024602668029343787,50444.92271589487
-0.3926418007509593,0.06440314212097492,-0.008132182414613113,0.006056449633651425,-0.0011150820832941644,-0.004936716183906186,0.0001455983429944511,0.0019782356621027143,0.0020604070615215563,-0.002461357950971984,50463.0
-0.16009954444459265,0.07385206740602666,-0.01472427358673989,0.005386217280881276,-0.0004406373289662171,-0.005870382197577491,0.0001279570081184981,0.0020325768269031344,0.002060643375565129,-0.0024624309021189254,50480.768147684605
0.40411114824189054,0.031174290968280373,-0.017430052872918135,0.0035423426646158207,0.0003028438413440383,-0.006764908033152801,0.000110148202675769,0.002087044936080345,0.002060821161046637,-0.0024634856723626123,50498.84543178973
-0.04155441955533254,-0.02953005341563887,-0.015255247009975994,0.0004924402179354061,0.0010688658278215255,-0.007618626694881907,9.217795592900354e-05,0.002141637939753473,0.002060940449578908,-0.0024645222776901953,50516.92271589487
-0.41982955496846136,-0.061538466567672055,-0.008093153807589213,-0.0031465596862830475,0.0018109330306511722,-0.008429871187014609,7.405229714094377e-05,0.002196353788041638,0.0020610012727747713,-0.0024655407340890096,50535.0
0.4238480575260105,-0.0349292228336959,0.0034422526493041975,-0.00671189953167554,0.0024825498500178986,-0.009196974513800695,5.577725557432222e-05,0.002251190431063968,0.002061003662247049,-0.0024665410575465388,50552.768147684605
0.3209875334576964,0.017616999961409575,0.016068668906388774,-0.009571888959601283,0.003037220686106629,-0.009918269679489966,3.735886049188672e-05,0.0023061458189395836,0.0020609476496085714,-0.0024675232640499695,50570.84543178973
-0.4204506005971295,0.052335962077875546,0.025828942377573876,-0.011094837611419479,0.003428449939102286,-0.01059208968833221,1.8803141156371242e-05,0.0023612179017876117,0.002060833266472166,-0.002468487369586527,50588.92271589487
-0.19716917437850504,0.04081771086016512,0.029388989708851867,-0.01065926005473976,0.003619946935440205,-0.011216767544577226,1.1612683051812038e-07,0.002416404629727172,0.002060660544450658,-0.002469433390143694,50607.0
0.41060555399954135,0.0012124450983987602,0.026117836772262624,-0.007895322859888879,0.003616242214383846,-0.011790637760301318,-1.8696153222932028e-05,0.002471703952877392,0.002060429515156876,-0.0024703613417088057,50624.768147684605
-0.054268404354925165,-0.03827397487147783,0.016850907862791146,-0.0032867267143061214,0.003432457326580817,-0.012312420932714518,-3.7627669741242924e-05,0.0025271138213573937,0.0020601402102036455,-0.0024712712402689754,50642.84543178973
-0.4032893106255385,-0.05330741642182207,0.0026344595731379104,0.002471995396853724,0.003085235545816166,-0.012782359382164309,-5.66723934616705e-05,0.0025826321852862994,0.002059792661203797,-0.0024721631018116874,50660.92271589487
0.33468228342522865,-0.03008956422967044,-0.014913143620478585,0.008686310488435878,0.0025920869495601895,-0.01320156223268342,-7.582429512147962e-05,0.002638256994783237,0.002059386902508588,-0.00247303694506274,50679.0
0.4001093243427991,0.014545967185973644,-0.03188510570776783,0.014661685575285527,0.0019724686147134284,-0.013573085607734816,-9.507734545792535e-05,0.0026939861999673246,0.002058922979629019,-0.002473892799907498,50696.768147684605
-0.4001160706816429,0.05693528477682767,-0.04380252279492124,0.019703587672247877,0.0012463243680339074,-0.013900472380638951,-0.00011442551520827344,0.0027498177509576918,0.0020584009416385078,-0.0024747306997938458,50714.84543178973
-0.21290057112437133,0.07554328216206566,-0.04629744867688488,0.023228441482922677,0.0004335980362797199,-0.014187265424716357,-0.0001338627751097824,0.002805749597873457,0.0020578208378164704,-0.002475550678375819,50732.92271589487
0.40612485866254605,0.06594714374468486,-0.0367321583405226,0.025091896994801008,-0.0004457665537910872,-0.014437007613287513,-0.00015338309589971074,0.002861779690833749,0.002057182717442319,-0.0024763527693073073,50751.0
-0.2053187403029693,0.032565306035646086,-0.017891720054900955,0.025239395532897595,-0.0013690811086961659,-0.014653241819672905,-0.0001729804483153173,0.0029179059799576885,0.0020564866297954703,-0.002477137006242087,50768.768147684605
-0.4172071079036946,-0.02027892226197054,0.005487312090618491,0.023599939466298587,-0.0023018238501512564,-0.014839510917193027,-0.00019264879082288758,0.002974126403093419,0.002055732624155339,-0.0024779034228343062,50786.84543178973
0.34357032106656243,-0.08166826368820156,0.02850211016082546,0.020096364225746764,-0.0032033060615287343,-0.014999357779168377,-0.0002123819915461806,0.003030438807746568,0.002054920749801343,-0.002478652052737484,50804.92271589487
0.40794003907569204,-0.11673036804478777,0.04624984622050962,0.014650649624080156,-0.004031983408296217,-0.015136325278919444,-0.0002321735784315005,0.0030868407012453,0.0020540510560128934,-0.0024793829296058775,50823.0
-0.38398764816651,-0.08602738440771916,0.054793378366810586,0.0071847754741367845,-0.004746311555921324,-0.015253956289766729,-0.0002520162390976163,0.0031433287505902496,0.002053123592069406,-0.002480096087093265,50840.768147684605
-0.24306472506581217,0.013693084133176965,0.05382643965807878,-0.002147409243056577,-0.005304951341995282,-0.015355588512907083,-0.0002719018568547095,0.003199898818473462,0.002052138407250301,-0.002480791558853646,50858.84543178973
0.3044294790059674,0.1096330934217702,0.043075031318427943,-0.012258637679886613,-0.00566738429260386,-0.015443738961042855,-0.00029182195862238026,0.0032565464111963998,0.002051095550834986,-0.002481469378540761,50876.92271589487
-0.2586178424162948,0.12900900055773482,0.02216369646595992,-0.02180600904522544,-0.005793411147736257,-0.015520605432972973,-0.00031176800279505225,0.0033132669665353496,0.0020499950721028803,-0.002482129579808646,50895.0
-0.24762774500832624,0.0684935088404277,-0.006939059964131852,-0.02944068135411373,-0.005643329484643763,-0.015587888890234228,-0.0003317314434144395,0.0033700559179138893,0.002048837020333399,-0.0024827721963111156,50912.768147684605
0.10556027164735782,-0.034769209005161214,-0.035177758555500496,-0.03381381262159217,-0.005177713602929748,-0.01564701357201137,-0.00035170373452224926,0.003426908698755591,0.0020476214448059576,-0.0024833972617021123,50930.84543178973
0.23566251339667996,-0.11103998534339422,-0.051763720230886476,-0.03355859446326531,-0.004375144871776748,-0.01569936304734605,-0.00037167633016020125,0.0034838207424840364,0.0020463483947999682,-0.0024840048096355536,50948.92271589487
0.21087360883861458,-0.09588039139261341,-0.048983533030436954,-0.027786669678655528,-0.0032860702581116465,-0.01574632088527994,-0.00039164068437000447,0.003540787482522799,0.002045017919594849,-0.0024845948737653636,50967.0
-0.29534828876986846,0.00101781256711833,-0.031424853463926636,-0.017792981794497637,-0.001978903128297407,-0.015789270654854727,-0.00041158825119337676,0.0035978043522954567,0.002043630068470012,-0.0024851674877454277,50984.768147684605
0.34362049302951786,0.07253293095348762,-0.006750605158536917,-0.005422791119188579,-0.000522056848697004,-0.015829595925112096,-0.0004315104846720266,0.0036548667852255873,0.002042184890704876,-0.002485722685229667,51002.84543178973
0.2281679531633028,0.051170758640244084,0.017519471334248273,0.007478642038874708,0.0010160552143265867,-0.015868680265093707,-0.00045139883884766553,0.0037119702147367616,0.002040682435578854,-0.002486260499871896,51020.92271589487
-0.43003851914007657,-0.007467485304586583,0.03446482096676241,0.01906605737129525,0.0025670196944103905,-0.015907907243841224,-0.0004712447677620119,0.003769110074252563,0.002039122752371361,-0.0024867809653262253,51039.0
-0.24405233357605172,-0.031638778768920815,0.03741388457114609,0.027494194569676115,0.0040624232251914435,-0.015948660430396337,-0.0004910397254567742,0.0038262817971965618,0.002037505890361812,-0.002487284115246322,51056.768147684605
0.4623562843770978,-0.020452435813255454,0.02293165276554814,0.03132039549504123,0.00543385244030676,-0.015992323393800707,-0.0005107751659736725,0.0038834808169923426,0.0020358318988296245,-0.002487769983286221,51074.84543178973
-0.1295207932386294,5.6145543263250355e-06,0.00035022491774448116,0.030707638763940195,0.006617665895551246,-0.01604027970309603,-0.0005304425433544091,0.00394070256706347,0.0020341008270542125,-0.0024882386030999045,51092.92271589487
-0.44167103338681796,0.009029607840397347,-0.018386727282985713,0.026198086496106103,0.007573640812957145,-0.01609391292732395,-0.0005500333116407018,0.003997942480833529,0.002032312724314988,-0.002488690008341057,51111.0
0.3214616116818481,-0.0011196913192352044,-0.02476007598949556,0.01831180497869047,0.008283650247138301,-0.01615460663552616,-0.000569538924874266,0.004055195991726095,0.0020304676398913693,-0.002489124232663808,51128.768147684605
0.40595336754319367,-0.009105336890592338,-0.01932605812545219,0.007741535067371287,0.008733898230314454,-0.016223744396744334,-0.0005889508370968148,0.004112458533164744,0.00202856562306277,-0.00248954130972199,51146.84543178973
-0.3943155177024756,0.004946085668108804,-0.006430159320725559,-0.003944224708256014,0.00891058879470535,-0.016302709780020144,-0.0006082605023500558,0.00416972553857305,0.002026606723108607,-0.0024899412731695285,51164.92271589487
-0.23447854719141617,0.02198172241795262,0.006716207008392707,-0.014329028314911708,0.008799806574626713,-0.016392766956491233,-0.0006274593746757061,0.004226992441374591,0.002024590989308295,-0.0024903241566600533,51183.0
0.3848104051312803,0.022934739368266392,0.013306437690693156,-0.02091938910381072,0.008386768896336579,-0.01649431278923758,-0.0006465389081154777,0.004284254674992946,0.0020225184709412457,-0.002490689993847897,51200.768147684605
-0.0913842505773189,-0.004552919745281084,0.011748510788801318,-0.022168463488496392,0.007655014822422334,-0.01660606587766848,-0.0006654905567110872,0.004341507672851688,0.0020203892172868786,-0.0024910388183867625,51218.84543178973
-0.3768692844638388,-0.03546307991921614,0.005432502542297915,-0.018968918629304426,0.006601055304747823,-0.016726355104751595,-0.0006843057745042414,0.004398746868374394,0.002018203277624608,-0.0024913706639304277,51236.92271589487
0.3632197767510139,-0.04371186677411269,-0.0012705900443040741,-0.012850731676240765,0.005274847718049396,-0.016853509353454595,-0.000702976015536656,0.004455967694984643,0.0020159607012338464,-0.002491685564133225,51255.0
0.36582136797808135,-0.02469147550581664,-0.004798587666658045,-0.005385315741144827,0.0037397110427815085,-0.01698585750674514,-0.0007214927338500422,0.004513165586106006,0.002013661537394012,-0.0024919835526485985,51272.768147684605
-0.3622416640165647,0.016071055059727692,-0.004979279518074462,0.0018983163366744168,0.0020589642593986076,-0.017121728447590877,-0.0007398473834861178,0.004570335975162066,0.002011305835384516,-0.0024922646631305484,51290.84543178973
-0.233347299351139,0.04846940503713994,-0.0031030192187914392,0.008096824088553929,0.00029592634835516867,-0.01725945105895947,-0.000758031418486595,0.004627474295576396,0.002008893644484779,-0.002492528929233185,51308.92271589487
0.36528545319174965,0.05745228320543615,-0.0007546818412198921,0.012601388498003498,-0.0014860837098943525,-0.017397354223818592,-0.0007760362928931799,0.004684575980772571,0.0020064250139742125,-0.0024927763846103596,51327.0
-0.21508867009339822,0.037587813601654405,0.0008577412683041208,0.014838146487328209,-0.003223746934895508,-0.017533766825135893,-0.0007938534607475938,0.004741636464174172,0.002003899993132232,-0.0024930070629158494,51344.768147684605
-0.37545587730535995,0.00035970599662707637,0.001964361018981439,0.014451473190454664,-0.004862726153871589,-0.017667017745879032,-0.0008114743760915475,0.004798651179204773,0.002001318631238252,-0.002493220997803728,51362.84543178973
0.2841689829487283,-0.035801528995325085,0.0023735850258818822,0.011955213931021754,-0.006384611424757014,-0.017795435869015684,-0.0008288904929667485,0.0048556155592879464,0.00199868097757169,-0.0024934182229276627,51380.92271589487
0.3829544509492362,-0.05675676964738286,0.0017152930062299557,0.00805072373819145,-0.00777997461316397,-0.01791735007751349,-0.0008460932654149138,0.004912525037847272,0.0019959870814119578,-0.002493598771941652,51399.0
-0.38426386546228036,-0.049776086190669915,-0.00015164705652177576,0.003367493771649147,-0.009039387584704605,-0.01803108925434012,-0.0008630741474777575,0.004969375048306329,0.0019932369920384737,-0.00249376267849977,51416.768147684605
-0.1301403962143384,-0.015370002665773697,-0.0026753189336173257,-0.0014865414746834452,-0.010153422204991096,-0.018134982282463234,-0.0008798245931969929,0.0050261610240886915,0.0019904307587306517,-0.002493909976255757,51434.84543178973
0.3846233151963234,0.025572970088053135,-0.004973516332724012,-0.005904637203574789,-0.011112650339635615,-0.01822735804485049,-0.0008963360566143307,0.0050828783986179345,0.001987568430767906,-0.0024940406988635754,51452.92271589487
-0.1314783671371593,0.05170141964914837,-0.006121038968975394,-0.0092800486177933,-0.011907643854250364,-0.01830654542446955,-0.0009125999917714838,0.0051395226053176386,0.0019846500574296514,-0.0024941548799770766,51471.0
-0.38569388965747764,0.04691085763478619,-0.005453667521147008,-0.011120163459572145,-0.012528974614447479,-0.01837087330428808,-0.0009286078527101673,0.005196089077611375,0.001981675687995306,-0.00249425255325026,51488.768147684605
0.35237431744018366,0.008580233427155857,-0.003315678648124513,-0.011424327503460908,-0.012967214485839157,-0.018418670567273723,-0.0009443510934720947,0.005252573248922723,0.0019786453717442806,-0.002494333752337015,51506.84543178973
0.3842158708143455,-0.034324436942145244,-0.00017061847460600067,-0.010443957334708662,-0.013216708560632354,-0.018448265256721476,-0.0009598220077716593,0.005308970552675258,0.001975559157955993,-0.0024943985108911914,51524.92271589487
-0.3802142550686009,-0.05326449524939843,0.0035533947491679157,-0.008450804506642736,-0.01328689483741322,-0.018457977954285852,-0.0009750203509637195,0.005365276422292559,0.001972417095909858,-0.0024944468625667164,51543.0
-0.09924391359514494,-0.02513716443844063,0.007435951793402577,-0.005712847345995764,-0.013190827479262972,-0.018446269052249473,-0.000989963129874734,0.005421486291198196,0.0019692192348852913,-0.002494478841017422,51560.768147684605
0.3671389160572318,0.025338622256090234,0.011087479510086703,-0.0024980641795003,-0.012940760809377009,-0.018412394679831044,-0.001004671454280897,0.005477595592815751,0.001965965624161706,-0.002494494479897364,51578.84543178973
-0.21786883311897273,0.06260031040913826,0.014126113771654902,0.0009255666661111638,-0.012548105722903142,-0.01835645439429692,-0.0010191664339583995,0.005533599760568802,0.00196265631301852,-0.002494493812860374,51596.92271589487
-0.35718279041611994,0.057093937551514075,0.016152960779529282,0.004290066864105981,-0.012024101523502131,-0.018278719344400403,-0.0010334691786834372,0.005589494227880922,0.001959291350735146,-0.0024944768735603233,51615.0
0.3520494855196328,-0.003283930943409393,0.01674352824637054,0.007327458087751619,-0.011379987514834836,-0.01817946067889479,-0.0010476007982321944,0.005645274428175688,0.0019558707865910013,-0.002494443695651063,51632.768147684605
0.356766447991548,-0.06766879276182428,0.015561139485011035,0.00983499752028611,-0.010627003000562017,-0.01805894954653341,-0.0010615824023808658,0.005700935794876677,0.001952394669865497,-0.0024943943127869253,51650.84543178973
-0.3592783457669271,-0.08580176971539695,0.01207051034301458,0.011851070005504814,-0.009776387284344537,-0.017917457096069546,-0.0010754351009056454,0.0057564737614074655,0.001948863049838051,-0.0024943287586212067,51668.92271589487
0.01569964496798715,-0.029120343093213243,0.006055754662363627,0.013400038379873334,-0.008839379669843174,-0.017755254476256515,-0.0010891800035827204,0.0058118837611916266,0.0019452759757880808,-0.0024942470668081595,51687.0
0.36027887821728016,0.05503958457007358,-0.0014576953872784554,0.014486451100532238,-0.00782721946071874,-0.01757261283584764,-0.0011028382201882872,0.005867161227652743,0.0019416334969949974,-0.002494149271001618,51704.768147684605
-0.29803916984682166,0.1089007166014887,-0.00913903164915934,0.015114856624622051,-0.006751145960632066,-0.0173698033235962,-0.0011164308604985275,0.005922301594214385,0.0019379356627382176,-0.0024940354048554876,51722.84543178973
-0.34921809184096186,0.09578309617852024,-0.015800717028126934,0.015289803409283322,-0.0056223984732439326,-0.017147097088255528,-0.001129979034289648,0.005977300294300133,0.001934182522297157,-0.0024939055020237,51740.92271589487
0.34020416658215774,0.0036532037611226274,-0.020828298675430117,0.0150146290660328,-0.004451005456591384,-0.016904765278578926,-0.0011435038513378268,0.006032152761333562,0.001930374124951229,-0.0024937595961600704,51759.0
0.2874106316375281,-0.101736180996846,-0.02375059480391805,0.014287827823892024,-0.003242151986216219,-0.016643079043319697,-0.0011570264214192582,0.006086854428738247,0.001926510519979852,-0.002493597720918709,51776.768147684605
-0.3278880462135616,-0.14212790268782766,-0.024099318548358686,0.013109577988177634,-0.001999812292036493,-0.016362309531231148,-0.0011705678543101417,0.00614140072993777,0.0019225917566624369,-0.0024934199099533563,51794.84543178973
0.13051282252907517,-0.06700076062271591,-0.021613505928708983,0.011498736328005797,-0.0007284005030200022,-0.01606272789106659,-0.0011841492597866599,0.0061957870983557015,0.0019186178842784012,-0.0024932261969178547,51812.92271589487
0.3381704721227669,0.06546923841220566,-0.016818060676898876,0.00950577670059467,0.0005655825939798421,-0.015744605271579337,-0.0011977917476250057,0.006250008967415619,0.0019145889521071588,-0.002493016615466157,51831.0
-0.3499019703447291,0.16392327912066218,-0.010433629722371841,0.0071895799860323475,0.001873888066314072,-0.015408212821522679,-0.0012115164276013779,0.006304061770541099,0.0019105050094281274,-0.0024927911992524573,51848.768147684605
-0.30937957762022844,0.1337571037824597,-0.003164217736075723,0.0046093541260933705,0.0031879399196472844,-0.015053821689649947,-0.0012253444094919622,0.006357940941155723,0.0019063661055207205,-0.00249254998193032,51866.84543178973
0.35985414807508864,0.008441315117784716,0.004352739645024316,0.001824307062552243,0.004499162159644082,-0.014681703024714427,-0.0012392968030729469,0.0064116419126830585,0.0019021722896643515,-0.0024922929971536345,51884.92271589487
0.24780149760607134,-0.13430691949770093,0.01149644904245871,-0.0011063532628165006,0.0057989787919690665,-0.014292127975469443,-0.0012533947181205274,0.00646516011854669,0.0018979236111384377,-0.0024920202785765656,51903.0
-0.3178018655628379,-0.18135580528792955,0.017646117077757963,-0.00412341890823833,0.0070788138222868365,-0.013885367690668296,-0.0012676592644108942,0.006518490992170188,0.0018936201192223932,-0.002491731859852836,51920.768147684605
0.20645424570739218,-0.05786188025869436,0.022101759479727017,-0.007167681931938712,0.008330091256261985,-0.013461693319064293,-0.001282111551720242,0.006571629966977132,0.0018892618631956343,-0.0024914277746363894,51938.84543178973
0.23351340855375669,0.11566169115714561,0.02384387652828538,-0.01017718251415956,0.009544235099559118,-0.01302137600941074,-0.0012967726898247655,0.006624572476391104,0.001884848892337574,-0.0024911080565810963,51956.92271589487
-0.19408315891431432,0.18286029444702664,0.02174341725581637,-0.013059600480332167,0.010712669357842831,-0.012564686910460952,-0.0013116637885006394,0.006677313953835664,0.0018803812559276308,-0.0024907727393409934,51975.0
-0.07744558410408142,0.08332529449448078,0.015174533565804175,-0.015642452406399304,0.011826818036777731,-0.012091897170968233,-0.0013268059575240782,0.006729849832734409,0.0018758590032452156,-0.00249042185656989,51992.768147684605
0.07663371717722654,-0.06806411989934372,0.005825489001214128,-0.017733902025427475,0.012878105142028412,-0.011603277939685894,-0.001342220306671253,0.006782175546510899,0.0018712821835697477,-0.002490055441921696,52010.84543178973
0.16541478748172156,-0.1758105844132325,-0.004032086774399142,-0.019143598980267712,0.013859440589044009,-0.011099100365367237,-0.0013579279457183698,0.00683428652858872,0.001866650846180637,-0.0024896735290503326,52028.92271589487
-0.19489380673674453,-0.16951103523354438,-0.01226978749164545,-0.019687136552909257,0.014769677932411851,-0.010579635596765571,-0.0013739499844416091,0.006886178212391441,0.0018619650403573034,-0.0024892761516096132,52047.0
-0.007112789595901574,-0.05246014507426337,-0.017505179781930596,-0.019179601517171675,0.01560716421854961,-0.010045154782634208,-0.0013903075326171742,0.006937846031342649,0.0018572248153791609,-0.0024888633432536733,52064.768147684605
0.28832049142224997,0.0886075774056171,-0.019171434100766,-0.01744804784166765,0.016362276822058233,-0.009495929071726448,-0.0014070217000212459,0.006989285418865906,0.0018524302205256248,-0.00248843513763618,52082.84543178973
-0.3296560634036353,0.16149845511058253,-0.016724056550880387,-0.014468280753976052,0.017023400699584468,-0.008932229612795614,-0.0014241135964300211,0.007040491808384804,0.0018475813050761085,-0.002487991568411133,52100.92271589487
-0.25005402633580404,0.13697240094193922,-0.009909748982386947,-0.01052002719021026,0.017578920807775067,-0.008354327554594997,-0.0014416043316196913,0.007091460633322908,0.001842678118310027,-0.0024875326692324943,52119.0
0.3705391491227691,0.04242667886540008,-0.000784686858593201,-0.0059540102969648095,0.01801722210327677,-0.007762494045877915,-0.0014595150153664444,0.007142187327103798,0.001837720709506796,-0.0024870584737540784,52136.768147684605
0.1491963705310038,-0.07622469075930435,0.007999836901274383,-0.0011209532208342528,0.018326689542736342,-0.007157000235397674,-0.0014778667574464738,0.007192667323151053,0.0018327091279458337,-0.0024865690156299033,52154.84543178973
-0.3652117739546914,-0.14986536816992366,0.013792529377989339,0.0036284208915868606,0.018495708082800554,-0.0065381172719075785,-0.001496680667635974,0.0072428960548882445,0.0018276434229065506,-0.0024860643285137284,52172.92271589487
0.18918981921046918,-0.12147775330790876,0.014668821967642754,0.007943388893703994,0.01851266268011612,-0.005906116304160938,-0.0015159778557111362,0.007292868955738956,0.0018225236436683631,-0.0024855444460595527,52191.0
0.34739871110576526,-0.017462600910471197,0.011576245313725616,0.01150802565279249,0.01836625842764841,-0.005261588617229648,-0.0015357794314481475,0.007342581459126755,0.0018173498395106882,-0.0024850094019212283,52208.768147684605
-0.3445816126203566,0.10035668540069283,0.00603729186945736,0.014158168541716736,0.018046480963637097,-0.004606406041459947,-0.0015561065046232013,0.007392028998475224,0.0018121220597129408,-0.0024844592297527356,52226.84543178973
-0.2985058131231766,0.140346848807611,-0.0005106257262514807,0.01581473474764998,0.017543636062640457,-0.003942760543516659,-0.0015769801850124888,0.0074412070072079365,0.0018068403535545334,-0.0024838939632079817,52244.92271589487
0.3531417679562355,0.0924944980705234,-0.006672350377016344,0.016411211907875044,0.016847990536722195,-0.0032728051275700575,-0.0015984215823922044,0.007490110918748472,0.0018015047703148828,-0.002483313635940744,52263.0
0.038682267847372505,-0.016144496551234882,-0.01117146535611881,0.015876652158280765,0.015954081340417037,-0.002598527438867395,-0.0016204518065385395,0.007538736166520408,0.0017961153592734038,-0.0024827182816051056,52280.768147684605
-0.3633291985871032,-0.11052555733907425,-0.01276123902925698,0.014122365629179852,0.014874110435561973,-0.0019218381243820653,-0.0016430919672276803,0.007587078183947314,0.0017906721697095117,-0.0024821079338547794,52298.84543178973
0.3040880872479505,-0.12362571030688904,-0.010262663522135555,0.01112295070949764,0.013624705776443142,-0.0012446383221426302,-0.0016663631742358212,0.007635132404452768,0.0017851752509026216,-0.00248148262634394,52316.92271589487
0.3652689613899814,-0.0673152964818704,-0.0034379384123219615,0.007160410811013931,0.012222495317346744,-0.0005688291701776608,-0.0016902865373391617,0.007682894261460358,0.0017796246521321493,-0.002480842392726208,52335.0
-0.36557694274216707,0.021261755443429935,0.0052017633152639875,0.0027305130368278385,0.010684107012558928,0.0001036881934842777,-0.001714883166313878,0.007730359188393646,0.0017740204226775105,-0.0024801872666557305,52352.768147684605
-0.2971085071327965,0.08007583460861147,0.012474956263866115,-0.0016344655271334396,0.009026168816365858,0.0007710126308146187,-0.0017401741709361727,0.007777522618676214,0.0017683626118181165,-0.0024795172817861375,52370.84543178973
0.37145071070798036,0.09323100567908423,0.015207532406524853,-0.005409625164739325,0.007265308683053724,0.001431243003784801,-0.0017661806609822349,0.00782437998573164,0.0017626512688333862,-0.002478832471771539,52388.92271589487
-0.00937386205332258,0.06321478745992716,0.011270062406799264,-0.008210183666671759,0.00541815456690868,0.0020824781743662467,-0.0017929237462282544,0.0078709267229835,0.0017568864430027324,-0.0024781328702658794,52407.0
-0.38147515940397897,0.014022815175183072,0.0026011711433734696,-0.010101168303913409,0.0035013344222169125,0.0027228170045304027,-0.0018204245364504229,0.007917158263855363,0.001751068183605575,-0.0024774185109230286,52424.768147684605
0.17577794899891458,-0.030178901464989517,-0.007845347293736378,-0.011258214375072916,0.0015314762032645687,0.0033503583562486967,-0.0018487041414249337,0.007963070041770819,0.0017451965399213221,-0.0024766894273966903,52442.84543178973
0.3819263607922572,-0.0551801200444293,-0.01711569881451408,-0.01185695717875896,-0.0004747921356621668,0.003963201091492562,-0.001877783670927979,0.008008657490153432,0.001739271561229391,-0.0024759456533409376,52460.92271589487
-0.37501832261518303,-0.05245667651900521,-0.022203714728778693,-0.012073032013580204,-0.00250084264027712,0.004559444072233429,-0.001907684234735749,0.008053916042426789,0.001733293296809198,-0.0024751872224097883,52479.0
-0.17303353409661756,-0.022512947365669368,-0.02060932825082342,-0.012041397470611092,-0.004530047356294131,0.005137186160442733,-0.0019384269426244328,0.008098841132014457,0.0017272617959401603,-0.002474414168256965,52496.768147684605
0.35640871241107863,0.01312659179251974,-0.012642499215309477,-0.011735618487041934,-0.006544465153174306,0.005694526218091919,-0.0019700329043702237,0.008143428192340015,0.0017211771079016897,-0.0024736265245365037,52514.84543178973
0.013322134477484298,0.0326146574236528,0.0006712122379686498,-0.011094859699607353,-0.008519878493300206,0.006229563107152412,-0.0020025232297493176,0.008187672656827048,0.0017150392819732013,-0.0024728243249021132,52532.92271589487
-0.35637761601667206,0.02228969895107075,0.01733457870281407,-0.010063638559417904,-0.01042671702467848,0.006740395689595643,-0.0020359189798264143,0.008231569910187635,0.001708848367434114,-0.0024720076030078893,52551.0
0.2874903894142122,-0.013613656174985092,0.03136891814125585,-0.008585991487007559,-0.01223589142589234,0.0072251228273930435,-0.002070239844056022,0.00827511396552367,0.0017026044135638385,-0.0024711763925076603,52568.768147684605
0.38236454334959186,-0.03435443506706764,0.035444738984263494,-0.006600763524543163,-0.013923503753892128,0.007681843382516051,-0.002105500730894272,0.008318294054938677,0.0016963074696417911,-0.002470330727055459,52586.84543178973
-0.39730890282822684,-0.003816906529466461,0.024629269874033508,-0.00408685298447439,-0.015466940117683127,0.008108656216936109,-0.0021417152711143013,0.008361098132853165,0.0016899575849473876,-0.002469470640304988,52604.92271589487
-0.32128009661048784,0.04420038568685936,0.003955762562327292,-0.0011885074686018382,-0.01684358662627062,0.008503660192624642,-0.002178896239228127,0.008403513297426545,0.0016835548087600445,-0.0024685961659102473,52623.0
0.40836870337505665,0.053366165559241084,-0.019256350468532482,0.0019086880989361277,-0.018030829388659866,0.00886495417155307,-0.0022170530223507645,0.008445523259421219,0.0016770991903591723,-0.002467707337525162,52640.768147684605
-0.06105947907668315,-0.010724898137026552,-0.03856386395685187,0.005019148794001174,-0.019006054513856188,0.009190637015692858,-0.002256193923480783,0.008487110645483131,0.0016705907790241917,-0.002466804188803658,52658.84543178973
-0.38615924480450675,-0.08072947881287441,-0.047948605821002,0.007957289692454933,-0.01974664811086482,0.0094788075870154,-0.0022963271823454806,0.008528258018986974,0.0016640296240345146,-0.0024658867533995862,52676.92271589487
0.3705197175794905,-0.08162447211108287,-0.04274226716726086,0.01054469906321466,-0.020229996288691085,0.009727564747492173,-0.002337461038672148,0.008568947943307415,0.0016574157746695572,-0.00246495506496691,52695.0
0.3340946030789648,-0.00827689529135474,-0.024317493872965522,0.012631657947420032,-0.02043353674489429,0.009935058947648626,-0.0023796037321880763,0.008609162981819142,0.0016507492802087325,-0.002464009157159406,52712.768147684605
-0.3579193135400471,0.08460275819644515,0.0012132914192821626,0.014075620579266318,-0.020335318673700833,0.01010005213467732,-0.0024227635026205646,0.008648885697896829,0.0016440301899314585,-0.002463049063631185,52730.84543178973
-0.17767757426951994,0.10961902181312463,0.02687645591421375,0.014734041192948785,-0.019915063427694946,0.010222978414128626,-0.002466948589696922,0.008688098654915169,0.0016372585531171501,-0.0024620748180359505,52748.92271589487
0.3859709353207551,0.06397794712825104,0.04671219228561669,0.01446790522383415,-0.01915642870308323,0.010304677034003869,-0.002512167233144422,0.008726784416248828,0.0016304344190452185,-0.0024610864540277025,52767.0
-0.23780609819799053,-0.02767478830584926,0.058815995083501875,0.013158030858589602,-0.018062904947372733,0.010345987242304327,-0.0025584276726903807,0.008764925545272504,0.001623557836995083,-0.002460084005260439,52784.768147684605
-0.4295804996622151,-0.11111182099822171,0.06229718432693597,0.010711599271512587,-0.016664345595700833,0.010347731450753456,-0.0026057213117841828,0.008802504605360861,0.0016166288562461586,-0.0024590675053878285,52802.84543178973
0.44100957456293544,-0.13848845592921982,0.056183119246031435,0.0071234603724696305,-0.01499631202981954,0.010310664725963078,-0.0026539722087636644,0.008839504159888588,0.001609647526077858,-0.002458036988064091,52820.92271589487
0.3936579486617152,-0.11549840610805516,0.04007074339453981,0.0027163072271447343,-0.0130943656314809,0.010235525298267115,-0.002703087585688735,0.00887590677223037,0.0016026138957695982,-0.0024569924869428566,52839.0
-0.43158658425851054,-0.05644606338487821,0.017064749455084988,-0.002105206309823716,-0.01099406778243696,0.01012305139799953,-0.0027529746646193353,0.008911695005760879,0.0015955280146007927,-0.0024559340356781617,52856.768147684605
-0.251417665458088,0.02413318727841678,-0.008832742410252288,-0.006936426383797352,-0.008730979864439768,0.009973981255494263,-0.0028035406676153846,0.008946851423854802,0.0015883899318508568,-0.0024548616679238946,52874.84543178973
0.4013122628508389,0.1043517618717303,-0.03361961203939144,-0.011372699140137787,-0.006340663259241348,0.009789053101085235,-0.002854692816736794,0.00898135858988681,0.0015811996967992075,-0.0024537754173340177,52892.92271589487
-0.146894155593225,0.15915599043431972,-0.053293739270251814,-0.015009370724206656,-0.003858679348593767,0.009569005165106413,-0.002906338334043507,0.009015199067231593,0.0015739573587252582,-0.0024526753175622903,52911.0
-0.3748856889531736,0.15222216282774106,-0.0646645518616591,-0.01744178728136557,-0.0013205895142490594,0.009314575677891734,-0.0029583844415954482,0.00904835541926383,0.001566662966908425,-0.0024515614022627306,52928.768147684605
0.30534729562107654,0.06473935958420378,-0.06778766925606435,-0.018266014462482844,0.0012387643675474316,0.00902650286977511,-0.0030107383614525404,0.009080810209358208,0.0015593165706281223,-0.002450433705089208,52946.84543178973
0.3534308023603154,-0.05798816222388834,-0.06339211349556845,-0.017217449503567104,0.0037857266844341974,0.008705524971090516,-0.003063307315674706,0.009112546000889394,0.0015519182191637657,-0.002449292259695667,52964.92271589487
-0.33952137921732817,-0.15443593081146273,-0.051654325337246454,-0.014578023398588331,0.0062805942969852945,0.008352380212171882,-0.003115998526321874,0.009143545357232078,0.0015444679617947696,-0.0024481370997359217,52983.0
0.13788627773389625,-0.16333414066540747,-0.03302467127258689,-0.010766120704630164,0.008681972307631953,0.007967806823353145,-0.0031687192154539723,0.009173790841760943,0.0015369658478005506,-0.002446968258864037,53000.768147684605
0.30434868819135463,-0.09380630185983144,-0.009789590337466673,-0.006200125978776241,0.010948465818805448,0.007552543034968249,-0.003221376605130915,0.00920326501785066,0.0015294119264605216,-0.00244578577073378,53018.84543178973
-0.10035457914780356,0.019162146153876045,0.014601254089730406,-0.001298423778110202,0.013038679932937008,0.007107327077351129,-0.0032738779174126416,0.009231950448875923,0.0015218062470540995,-0.0024445896689991183,53036.92271589487
-0.2756492049028895,0.11850280156250005,0.036510410308911286,0.0035206013402843297,0.014911219752457868,0.006632897180835741,-0.003326130374359067,0.009259829698211399,0.001514148858860699,-0.0024433799873139457,53055.0
-0.22585704453713773,0.15520543739674594,0.05230042661998286,0.00783856481932365,0.016524690379799336,0.006129991575756006,-0.003378041198030127,0.009286885329231782,0.0015064398111597336,-0.0024421567593321315,53072.768147684605
0.2680775082689668,0.1311118461953394,0.059284370032081236,0.011237082101924227,0.01783769691739259,0.005599348492445877,-0.003429517610485734,0.009313099905311737,0.0014986791532306215,-0.0024409200187075456,53090.84543178973
-0.23696343404390424,0.06251273953893527,0.05849030258540273,0.0133848484368594,0.018808844467668926,0.005041706161239294,-0.003480466833785828,0.009338455989825963,0.0014908669343527748,-0.0024396697990944145,53108.92271589487
-0.2792748944845757,-0.023122554251547803,0.05152514711967093,0.01432221698260465,0.019396603687570478,0.004457937257959266,-0.0035307960899903187,0.009362936146149123,0.0014830032038056116,-0.002438406134146224,53127.0
0.28778526390995046,-0.09457386682701101,0.039815391923657295,0.014259292684050913,0.019569409597438466,0.0038496328595661127,-0.0035804126011591535,0.009386522937655918,0.0014750880108685437,-0.002437129057517103,53144.768147684605
0.18310172641379555,-0.1357895781494825,0.024764186599859718,0.013384475626105017,0.019339616809909595,0.0032195079969825242,-0.0036292235893522285,0.009409198927721006,0.0014671214048209867,-0.00243583860286083,53162.84543178973
-0.3068067157156503,-0.1333916144550023,0.007778121041526,0.011866233176686442,0.01873826390843017,0.002571526447308852,-0.0036771362766294937,0.00943094667971908,0.00145910343494236,-0.0024345348038313478,53180.92271589487
0.16364864479496352,-0.0804013426073701,-0.009527190246304416,0.009870720215602096,0.017798434932810064,0.0019099190193945714,-0.003724057885050869,0.00945174875702483,0.0014510341505120726,-0.0024332176940827857,53199.0
0.3297628938175576,0.0050769978451276,-0.0247516386726694,0.0075640916226587555,0.01655321392285914,0.0012389165220891647,-0.003769895636676277,0.009471587723012919,0.0014429136008095454,-0.002431887307268829,53216.768147684605
-0.34126211669623774,0.09070813782569478,-0.03529985219781377,0.005112502277663358,0.015035684918387218,0.0005627497642421197,-0.003814556753565641,0.009490446141058036,0.0014347418351141877,-0.002430543677043329,53234.84543178973
-0.28164622256421534,0.12062449602696682,-0.038576458781982285,0.0026821070604226417,0.013278931959204234,-0.00011435044529708611,-0.0038579484577788855,0.00950830657453486,0.0014265189027054185,-0.002429186837060285,53252.92271589487
0.35637367328763425,0.0754259492192095,-0.03303421718888389,0.0004283006847683898,0.01131603908512002,-0.0007881532976789636,-0.003899977971375952,0.009525151586818081,0.0014182448528626524,-0.0024278168209736595,53271.0
0.14891337548685085,-0.03032326950308364,-0.02131840939608412,-0.0015365627993681433,0.009180090335944448,-0.0014544279840540287,-0.0039405525164167435,0.009540963741282361,0.001409919734865304,-0.002426433662437249,53288.768147684605
-0.3561345078455502,-0.11880383956945023,-0.007122448184612719,-0.003110889508030771,0.006904169751487384,-0.002108943695572812,-0.0039795793149611965,0.0095557256013024,0.0014015435979927873,-0.0024250373951052186,53306.84543178973
0.2698221350535492,-0.11744386284726126,0.006208172460225712,-0.004193085557263332,0.0045213613715586925,-0.002747469623385814,-0.004016965589069237,0.009569419730252864,0.001393116491524521,-0.002423628052630977,53324.92271589487
0.35107235356016253,-0.03332305399968361,0.016719633736026935,-0.0046815570631096775,0.0020647492359682496,-0.0033657749586435606,-0.004052618560800786,0.009582028691508442,0.0013846384647399153,-0.002422205668668819,53343.0
-0.35222929962704397,0.08293595019174307,0.02280603563611175,-0.004474720745608918,-0.0004325720114787963,-0.003959628892496564,-0.00408644545221578,0.009593535048443819,0.0013761095669183902,-0.0024207702768726507,53360.768147684605
-0.27804659032931556,0.12565283146538345,0.022877506629842784,-0.0034894176475225615,-0.0029351118802967047,-0.004524800616095343,-0.004118353485374135,0.00960392136443367,0.0013675298473393557,-0.0024193219108962142,53378.84543178973
0.3607285146728694,0.07388434793800087,0.01627669984112782,-0.001793087327969852,-0.005393181437343045,-0.0050570593205904145,-0.0041482498823357744,0.009613170202852671,0.0013588993552822312,-0.0024178606043935634,53396.92271589487
0.07956870588620309,-0.047636897884199295,0.005835939871428194,0.00022014910172359696,-0.007735583351446119,-0.00555217419713229,-0.004176041865160627,0.009621264127075502,0.0013502181400264302,-0.0024163863910183886,53415.0
-0.3630374774794183,-0.13447627677905352,-0.004744037927416831,0.0020785415764260416,-0.00988577750716192,-0.006005914436871495,-0.004201636655908623,0.009628185658791423,0.0013414862925368025,-0.0024148993044249153,53432.768147684605
0.35980335542311526,-0.09256963198376211,-0.012249877381416368,0.0033142137762395456,-0.011771097534280262,-0.00641404923095854,-0.004224942436455556,0.009633918112763795,0.0013327040705199476,-0.0024133993782666768,53450.84543178973
0.31199314447000626,0.03437316094677154,-0.015417739027973285,0.0034836494126028474,-0.013343237093927629,-0.006772347770543943,-0.004245871346399881,0.009638448719466543,0.0013238717736945612,-0.0024118866461978147,53468.92271589487
-0.3540077615160501,0.14375719668900264,-0.013646025764977796,0.002338068798042852,-0.01457376326567967,-0.007076579246778225,-0.00426433695899249,0.009641766109440812,0.0013149897353645704,-0.002410361141872255,53487.0
-0.29501876359105833,0.12956993115568585,-0.0074387885911982666,0.0003189706000241975,-0.015438484740775003,-0.007322512850811892,-0.00428025296594343,0.009643858902245941,0.0013060584182748392,-0.0024088228989437755,53504.768147684605
0.3640663068747514,0.025094696004219135,0.0009002768306693673,-0.002010789687877968,-0.01591336780304845,-0.007505917773795473,-0.004293533058962749,0.00964471568516273,0.0012970783174488017,-0.0024072719510664126,53522.84543178973
0.05990836226283649,-0.09976630950208729,0.008661279467606938,-0.004101772559369516,-0.015974378736334872,-0.007622563206879478,-0.004304090929760487,0.009644325045471946,0.0012880499279098899,-0.0024057083318940083,53540.92271589487
-0.3888644514791577,-0.15459611966610837,0.013134328286596357,-0.005404538508156408,-0.015596315306670775,-0.0076693868590127865,-0.0043118402700466985,0.009642675570454382,0.00127897374468154,-0.002404132075080479,53559.0
0.36842051092910727,-0.08152931328821934,0.012382598398337406,-0.005503242408751209,-0.01476372780700282,-0.007647996031186943,-0.004316699250682203,0.009639755847390812,0.001269850262787183,-0.002402543214279685,53576.768147684605
0.41082360804942114,0.055656636890516746,0.00756783396008364,-0.004521264570259982,-0.013519160965208782,-0.007561152909281864,-0.004318599675437824,0.009635554463562025,0.001260679977250252,-0.002400941783145599,53594.84543178973
-0.4146028606900287,0.15943227209783775,0.0006500631595336325,-0.0027349713280619766,-0.011925412348530565,-0.007411632334799217,-0.004317460692462627,0.009630060006248798,0.0012514633830941811,-0.0023993278153320347,53612.92271589487
-0.2848693569061098,0.1496913419081771,-0.0064768286455748865,-0.0004255769289031478,-0.010046736084525176,-0.007202213432933809,-0.004313197756551448,0.009623261653070826,0.0012422009753424042,-0.0023977013444929918,53631.0
0.4047873272797147,0.051905715607134445,-0.01220874530407457,0.0021257043804705483,-0.007947386300749638,-0.0069356753288804555,-0.004305728689842135,0.00961515094899082,0.0012328932490183549,-0.0023960624042823216,53648.768147684605
-0.014090641159690744,-0.07707624931237798,-0.015021950022578022,0.004645570409450462,-0.005691617124760963,-0.006614797147833959,-0.0042949719287610245,0.009605720053259959,0.0012235406991454626,-0.002394411028354042,53666.84543178973
-0.3823660421988902,-0.15565624841001466,-0.013419192027070228,0.006887204986800308,-0.003343682684116164,-0.006242358014989129,-0.004280845915721778,0.009594961131116768,0.0012141438207471653,-0.0023927472503619497,53684.92271589487
0.3671778708501841,-0.12199816837446543,-0.0066738193125692935,0.008591055176713991,-0.0009678371063722648,-0.005821137055540778,-0.004263269093138107,0.009582866347799816,0.0012047031088468938,-0.0023910711039599143,53703.0
0.36775856371272203,-0.011342272797122218,0.0028126401966717673,0.009492405838208623,0.0013716654809137283,-0.005353913394683711,-0.004242160475824418,0.009569428440948363,0.0011952190584680843,-0.0023893826228019535,53720.768147684605
-0.3434538160906482,0.10437282846877936,0.011855323042796951,0.009326415738226434,0.00361069704225968,-0.00484346615761274,-0.004217442849019898,0.009554643918626453,0.0011856921646341662,-0.002387681840541882,53738.84543178973
-0.37683084199460753,0.13598924652531788,0.01726936576795031,0.00782207227772476,0.00569130090816835,-0.004292574469522668,-0.004189045493652001,0.009538515784586395,0.0011761229223685745,-0.002385968790833626,53756.92271589487
0.39137109501421363,0.06036294447565088,0.016741750839256272,0.004846389517245533,0.007573613375445911,-0.0037040174556083093,-0.004156899171470055,0.009521048523402372,0.0011665118266947433,-0.0023842435073311097,53775.0
-0.12687728020148314,-0.05332109262986827,0.011446844423761118,0.0009039974892486391,0.00920463327253261,-0.003080574241064469,-0.004120934644223385,0.009502246619648567,0.0011568593726361065,-0.0023825060236883884,53792.768147684605
-0.41950711643635696,-0.11414297163439399,0.003430858613491583,-0.003339653031405266,0.01052665831135591,-0.0024250239510859592,-0.004081082673661332,0.00948211455789918,0.0011471660552160934,-0.002380756373559,53810.84543178973
0.2011516765928406,-0.0634048134058684,-0.005299219552648451,-0.007219111269855488,0.011481986203843246,-0.001740145710867583,-0.0040372740215332305,0.009460656822728394,0.0011374323694581423,-0.0023789945905972575,53828.92271589487
0.4077509167804998,0.033508433789119156,-0.01289330324824621,-0.010068926451241354,0.012012914661922064,-0.0010287186456041564,-0.003989439449588399,0.009437877898710392,0.0011276588103856832,-0.0023772207084566616,53847.0
-0.38291578667032533,0.09215725542843582,-0.017540530700011766,-0.011223647800702155,0.012061741397519794,-0.00029352188049048167,-0.00393750971957618,0.009413782270419365,0.0011178458730221504,-0.0023754347607916914,53864.768147684605
-0.25953105353371564,0.09174478400895214,-0.01748393953238898,-0.010129733716787959,0.01159253530919552,0.0004622848019260942,-0.003881415593245898,0.009388374422429499,0.0011079940523909795,-0.0023736367812556823,53882.84543178973
0.3300376847963118,0.06295591067403457,-0.011912514263666553,-0.0068302048478839335,0.010656780763620543,0.0012336882681023083,-0.0038210878323468914,0.009361658839314982,0.0010981038435155987,-0.002371826803502744,53900.92271589487
-0.2807010590996646,0.03598810007073061,-0.002990536021505574,-0.0020756932405550264,0.009329056200440892,0.002013971840799223,-0.003756457198628491,0.009333640005650007,0.0010881757414194454,-0.0023700048611868386,53919.0
-0.32902268526149964,-0.003726995674378943,0.0063873647635232,0.0032342435024415002,0.00768427078088843,0.002796088121192109,-0.0036874544538400204,0.009304322406008753,0.0010782102411259521,-0.0023681709879618176,53936.768147684605
0.3017491360960416,-0.06624545425980152,0.013326557660848986,0.008200047778348403,0.005797333666195006,0.0035729897104562346,-0.003614010359730821,0.009273710524965414,0.0010682078376585515,-0.002366325217481644,53954.84543178973
0.3695296719752274,-0.09502929060108087,0.014932412239901095,0.011922161984408446,0.0037431540175924473,0.004337629209766877,-0.003536055678050215,0.009241808847094173,0.0010581690260406766,-0.0023644675834000955,53972.92271589487
-0.37602616182968535,-0.036016404171264976,0.009529527078004814,0.013678035275487839,0.0015966409963126017,0.005082959220299306,-0.003453521170547548,0.009208621856969228,0.0010480943012957644,-0.0023625981193713184,53991.0
-0.22588123762422313,0.07592915059429865,0.0003194167840699742,0.013453501868738662,-0.0005676542682047919,0.005801932343228802,-0.0033663375989721376,0.00917415403916475,0.0010379841584472423,-0.0023607168590489063,54008.768147684605
0.3168968082030357,0.11946184757780128,-0.008277175025097472,0.01141283486610486,-0.002676612773688382,0.0064875011797306285,-0.00327443572507333,0.009138409878254948,0.0010278390925185454,-0.0023588238360870433,54026.84543178973
-0.17540131662996264,0.00845935244881696,-0.012584040626605493,0.007720665401322518,-0.004657473549658954,0.007132618330980059,-0.0031777463106004325,0.009101393858813986,0.0010176595985331104,-0.0023569190841393407,54044.92271589487
-0.19790406706619973,-0.13330986288649282,-0.01193501746807415,0.002573526202984403,-0.006437475625637261,0.007730236398152382,-0.0030762001173028,0.009063110465416063,0.0010074461715143678,-0.0023550026368599638,54063.0
0.1540222426763152,-0.15083793135302803,-0.006677584428720153,-0.0035629444626338923,-0.007943858031144058,0.00827330798242284,-0.00296972790692976,0.009023564182635373,0.000997199306485751,-0.002353074527902856,54080.768147684605
0.03398757092900659,-0.006165655330930643,0.00166879870425438,-0.009608730515462321,-0.009103859795700137,0.008754785684966739,-0.002858260441230636,0.008982759495046094,0.0009869194984706944,-0.0023511347909217282,54098.84543178973
-0.15561645608582783,0.15696090728555218,0.00914684226496696,-0.014276398373514078,-0.009844719948826238,0.009167622106959325,-0.0027417284819547623,0.008940700887222416,0.0009766072424926288,-0.002349183459570557,54116.92271589487
-0.1391788603789425,0.17138044992940893,0.011225173907428877,-0.016262034868887092,-0.01009440213760916,0.009505494467141919,-0.0026200627908514757,0.008897392843738531,0.0009662630335749907,-0.0023472205675032698,54135.0
0.2322061342529448,0.06228020234015665,0.005177461814167037,-0.014686326779710546,-0.009808249041780615,0.009765683913856533,-0.0024931941296701086,0.008852839849168627,0.0009558873667412105,-0.0023452461483737534,54152.768147684605
0.31481133070647727,-0.0877782943538107,-0.004502463718229167,-0.010368360668238886,-0.009040250208161406,0.009949018050357566,-0.002361053260159981,0.008807046388086881,0.0009454807370147258,-0.0023432602358358988,54170.84543178973
-0.36201191180141057,-0.167278720823832,-0.011496600831780925,-0.0045709540756315925,-0.0078688757459531,0.010057029939235967,-0.0022235709440704323,0.00876001694506749,0.0009350436394189648,-0.002341262863543664,54188.92271589487
-0.0752247784010003,-0.08646733144522553,-0.011085907580157603,0.001489153419797781,-0.006372595764357262,0.010091252643082712,-0.0020806779431508026,0.008711756004684643,0.0009245765689773643,-0.0023392540651508815,54207.0
0.39766562649058756,0.05675306648873634,-0.0052378885101010296,0.00707024093759932,-0.00462988037257546,0.010053238860064255,-0.0019323246547259185,0.008662268051512517,0.0009140800207133578,-0.002337233874311606,54224.768147684605
-0.33742331995565666,0.13891306604547524,0.002389502375010768,0.011568155105157065,-0.0027191996798092886,0.00994465064489562,-0.0017785708326691558,0.008611557570125314,0.0009035544896503752,-0.0023352023246794498,54242.84543178973
-0.3832295319800164,0.11866085520258746,0.008676266219522989,0.014382483903228252,-0.000719023795260301,0.009767292944853118,-0.0016196191234151992,0.008559629045097213,0.0008930004708118522,-0.002333159449908651,54260.92271589487
0.3820207605599051,0.007460151550603517,0.012669190172166384,0.014912815312570195,0.0012921771718699168,0.009523001521459544,-0.001455702987645196,0.008506486961002402,0.0008824184592212208,-0.002331105283652915,54279.0
0.2828982004609957,-0.07595189647553144,0.013778232973741342,0.012732474091969427,0.0032407212433773424,0.009213612136237661,-0.001287055886040293,0.00845213580241507,0.0008718089499019172,-0.002329039859566203,54296.768147684605
-0.41658911895370115,-0.08820259096703159,0.010575566693363935,0.008233419147906687,0.005072078965048039,0.008840960550710257,-0.0011139112792816392,0.0083965800539094,0.000861172437877374,-0.002326963211302478,54314.84543178973
-0.14526208083613948,-0.028429525656369983,0.0021473584650793555,0.002476094307199412,0.006736509013665675,0.008406882526400115,-0.000936502628050393,0.008339824200059591,0.0008505094181710218,-0.002324875372515573,54332.92271589487
0.46646919618791366,0.04216486873273222,-0.007794839147590612,-0.003355369567757981,0.008184270066013815,0.007913213824830024,-0.0007550633930276878,0.008281872725439824,0.000839820385806295,-0.002322776376859395,54351.0
-0.4767795517131201,0.0627110385661044,-0.014352205464860678,-0.008076841614571189,0.009365620798876114,0.007361790207522765,-0.0005698270348946824,0.008222730114624283,0.0008291058358066293,-0.002320666257987777,54368.768147684605
-0.17765142225806818,0.038247455169150374,-0.013997246453426907,-0.010683055396688334,0.010230819889036206,0.006754447436001098,-0.0003810270143325135,0.00816240085218716,0.0008183662631954537,-0.0023185450495548845,54386.84543178973
0.4548674396654963,-0.005898598674686109,-0.00858385124514075,-0.01098812560169722,0.010729787338967714,0.006093359946097776,-0.0001888967920223377,0.008100889422702644,0.0008076021629962049,-0.002316412785214421,54404.92271589487
0.3258708017207948,-0.04596956166043439,-0.0009215419352559609,-0.009416644267041684,0.010826823528988993,0.0053822410367353616,6.330171354696765e-06,0.00803820031074492,0.0007968140302323153,-0.002314269498620276,54423.0
-0.40844535007876037,-0.06021509083330862,0.006284082801743458,-0.00656080381467315,0.010549012836997952,0.00462569697299469,0.00020442041511744492,0.007974338000888178,0.0007860023599272186,-0.002312115223426411,54440.768147684605
0.07024602337239073,-0.03600554038523487,0.010821068345928537,-0.003028715907477484,0.009939904202184146,0.0038277886995994083,0.00040514047858475723,0.007909306977706605,0.0007751676471043469,-0.0023099499932867523,54458.84543178973
0.3810507530384396,0.018069367415018932,0.012452036295590342,0.0005715077916594099,0.00904322893528897,0.002992394789721372,0.0006082569010754865,0.007843111725774385,0.0007643103867871356,-0.00230777384185515,54476.92271589487
-0.38169095802673936,0.07713489415443814,0.011357625608174517,0.0037073823152521147,0.007902718347053778,0.0021233938165324314,0.0008135362219084914,0.007775756729665702,0.0007534310739990169,-0.0023055868027856423,54495.0
-0.27028715181872565,0.08420054646946992,0.007418892890718981,0.006146005046222885,0.006562103748219973,0.0012246643532044313,0.0010207449804026118,0.007707246473954762,0.0007425302037634223,-0.0023033889097319312,54512.768147684605
0.4009768744647372,0.03509670104685698,0.0009553509315023315,0.007716862257153234,0.005066656530492968,0.0003000849729092246,0.0012296497158767099,0.007637585443215733,0.0007316082711037871,-0.0023011801963480913,54530.84543178973
0.17533473310737263,-0.04897171551558111,-0.005701022442546907,0.008241553250274175,0.003466610624734435,-0.0006464657511813277,0.0014400169676496246,0.007566778122022817,0.0007206657710435435,-0.0022989606962879367,54548.92271589487
-0.4153634700510595,-0.10672665532792328,-0.009715864252636217,0.007548858227848985,0.0018050190617737549,-0.0016111092458953819,0.0016516132750402225,0.0074948289949501885,0.0007097031986061286,-0.002296730443205282,54567.0
0.20050178034494426,-0.08460396676390779,-0.008983105158027412,0.0054942549315969,0.00010801771895504141,-0.0025899669380611006,0.0018642051773673518,0.007421742546572045,0.0006987210488149697,-0.0022944894707543663,54584.768147684605
0.40808031217537855,-0.0036207577134315843,-0.004457605946595343,0.0021240280657119064,-0.0016021873685739387,-0.0035791602545066164,0.0020775592139498597,0.007347523261462569,0.0006877198166935048,-0.002292237812588765,54602.84543178973
-0.3173058850482498,0.09060021555418105,0.0015864566501481163,-0.0019147349740586286,-0.003303390165665414,-0.0045748106220600835,0.0022914419241065985,0.007272175624195952,0.0006766999972651656,-0.0022899755023626056,54620.92271589487
-0.38445433585165634,0.1303447108068276,0.0067273294470645475,-0.005827370338340807,-0.004973384637171598,-0.005573039467549661,0.002505619847156426,0.007195704119346382,0.0006656620855533827,-0.0022877025737296484,54639.0
0.3715361561181736,0.06442771940653103,0.008918696277965453,-0.008842605669565398,-0.00658996474794472,-0.006569968217803488,0.00271985952241819,0.0071181132314880454,0.0006546065765815942,-0.0022854190603438184,54656.768147684605
0.13640325221677727,-0.05901141439579016,0.0077567697242893405,-0.010423515249209286,-0.008130924462837008,-0.007561718299649707,0.0029339274892107347,0.0070394074451951266,0.0006435339653732315,-0.0022831249958590407,54674.84543178973
-0.35402053207841633,-0.14119424599825553,0.0037863529488067994,-0.01062971841293621,-0.009574057746700676,-0.008544411139916488,0.0031475902868529355,0.006959591245041811,0.0006324447469517291,-0.0022808204139292787,54692.92271589487
0.3226706681050891,-0.10488901036309421,-0.002097953203298806,-0.009664102311457043,-0.010897358262705508,-0.009514168165431965,0.0033606144546636197,0.006878669115602297,0.0006213394163405147,-0.002278505348208383,54711.0
0.358741118483471,0.011164336027583861,-0.00817622721065164,-0.007728755302212459,-0.012079618467291485,-0.010467110803024296,0.0035727665319616533,0.006796645541450766,0.0006102184685630285,-0.0022761798323500575,54728.768147684605
-0.37189051495345743,0.12790210624898665,-0.012522217382827898,-0.0050221739672836,-0.013103222592258115,-0.011399360479521628,0.003783813058065884,0.006713525007161406,0.0005990823986427004,-0.0022738439000087084,54746.84543178973
-0.34847337100354725,0.14660341816399045,-0.01312286138467458,-0.0018160972253127518,-0.013964123177572792,-0.012307038621752102,0.003993520572295161,0.0066293119973084,0.0005879317016029671,-0.0022714975848378916,54764.92271589487
0.4114903317635697,0.07176611335649814,-0.008444014463462804,0.0013924017152737306,-0.014661664840244823,-0.013186266656543886,0.004201655613968344,0.006544010996465945,0.0005767668724672544,-0.0022691409204914953,54783.0
0.03416577356153379,-0.05156228957585972,-0.00016936186709479693,0.0044935038496809136,-0.015195192197283582,-0.014033166010725115,0.004407984722404278,0.006457626489208224,0.000565588406259005,-0.0022667739406235514,54800.768147684605
-0.4439457619034202,-0.14228973157879407,0.009191250995187146,0.00749590638520391,-0.015564049865698388,-0.014843858111123936,0.004612274436921812,0.006370162960109424,0.0005543967980016434,-0.0022643966788879256,54818.84543178973
0.2702525865524605,-0.13195288000775418,0.017236127646359536,0.010408306529137889,-0.015767582462498597,-0.015614464384568509,0.004814291296839808,0.0062816248937437305,0.0005431925427186085,-0.002262009168938455,54836.92271589487
0.4468390930258014,-0.047462410859940504,0.02199616733827403,0.013239401488777993,-0.015805080774340168,-0.016341160088240363,0.005013801841477118,0.006192016774685335,0.0005319761354333351,-0.0022596114444292177,54855.0
-0.3047196980141644,0.058484080562626876,0.021672727127152357,0.015935579599268168,-0.015675584187939514,-0.01702037187926056,0.005210572610152578,0.00610134308750843,0.0005207480711692513,-0.0022572035390138437,54872.768147684605
-0.41788093031521756,0.12154368717493559,0.01469363874728398,0.018216754517684557,-0.015377853365101302,-0.017648805139661935,0.005404370142185056,0.006009608316787195,0.0005095088449497937,-0.002254785486346554,54890.84543178973
0.39692110775061706,0.09208139397308719,0.0006662521060961109,0.019831574271099727,-0.014910290567288185,-0.018223523651819326,0.005594960976893402,0.005916816947095816,0.000498258951798395,-0.002252357320081089,54908.92271589487
-0.053445096181288315,0.0006323997732483825,-0.01599183352698457,0.020551447697123058,-0.014270662906891558,-0.01874222634717882,0.005782111653596464,0.005822973463008487,0.00048699888673848807,-0.0022499190738713105,54927.0
-0.3615318930225975,-0.07965551060451474,-0.029654766339397277,0.0201467955152942,-0.013453531103764215,-0.019204830431655315,0.005965588711613097,0.005728082349099388,0.00047572914479350643,-0.002247470781371189,54944.768147684605
0.2835664365030418,-0.08689412252814756,-0.034696694518581254,0.01838828657562134,-0.012453149439610286,-0.019611807679780935,0.006145158690262148,0.005632148089942721,0.00046445022098688335,-0.002245012476234697,54962.84543178973
0.3568666404750563,-0.03369404522891902,-0.027245201090035753,0.015154633919340283,-0.011279586489055703,-0.019963629866087785,0.006320588128862473,0.005535175170112664,0.00045316261034205127,-0.0022425441921156575,54980.92271589487
-0.3675619205343181,0.040776319328111967,-0.010441608431500445,0.01069767078365805,-0.00994711142947422,-0.020260768765107993,0.00649164356673293,0.005437168074183402,0.00044186680788244563,-0.0022400659626679044,54999.0
-0.28881198487842985,0.062060873043222116,0.01081932624122496,0.0053614603040875435,-0.008469993438239625,-0.02050369615137367,0.006658091543192359,0.005338131286729126,0.0004305633086314981,-0.002237577821545529,55016.768147684605
0.38868922970088865,0.02894166528034489,0.031279677637173965,-0.0005099343838583704,-0.0068625016927257075,-0.020692883799416917,0.006819698597559613,0.005238069292324027,0.00041925260761264293,-0.002235079802402272,55034.84543178973
-0.11696067193314552,-0.02908340490097871,0.04422884816471294,-0.006572450144666803,-0.005138905370306244,-0.020828803483769864,0.0069762312691535565,0.005136986575542288,0.0004079351998493107,-0.0022325719388922066,55052.92271589487
-0.3597987934295176,-0.050881561853827015,0.042569157029809124,-0.01245810871559247,-0.0033134736483550115,-0.020911942512133207,0.007127471630461606,0.005034887620958098,0.00039661158036493824,-0.0022300542646690367,55071.0
0.1534025542135049,0.0024674476607595345,0.022537992686736993,-0.017703271324960634,-0.0014004757042457862,-0.020942872451149584,0.007273286012913157,0.0049317769131456465,0.00038528224418295687,-0.0022275268133869095,55088.768147684605
0.2658295826096415,0.054592435240807355,-0.005928252508514566,-0.021820384073864107,0.0005858192846476336,-0.020922268905700835,0.007413644786176766,0.004827658936679117,0.0003739476863268027,-0.002224989618699492,55106.84543178973
-0.2092275759569074,0.026233710713266693,-0.030980605099360153,-0.02432189306339575,0.0026311421409514813,-0.02085082960693642,0.0075485404461886445,0.004722538176132702,0.0003626084018199047,-0.0022224427142607836,55124.92271589487
0.10798153184894485,-0.042437142519233854,-0.04684268625577522,-0.024718523957740678,0.004719503250384225,-0.020729252286005816,0.007677965488884997,0.0046164191160805845,0.00035126488568570154,-0.002219886133724737,55143.0
0.13330979068542367,-0.07223582372057188,-0.04922585718695431,-0.02254152673054089,0.006825028690700165,-0.020558234674058484,0.007801912410202029,0.004509306241096955,0.00033991763294762163,-0.002217319910745208,55160.768147684605
0.07998630608195571,-0.05156407200788753,-0.03574168194250831,-0.01764339885471446,0.008908113861413226,-0.02033847450224391,0.00792037370607595,0.004401204035756004,0.0003285671386290982,-0.0022147440789761328,55178.84543178973
0.03163380600311751,-0.007346524861742176,-0.012058665195030122,-0.010757418691595178,0.01092615160170414,-0.02007066950171155,0.008033340112561448,0.004292118744513436,0.0003172138977535686,-0.0022121586720713817,55196.92271589487
-0.1876848250898915,0.0631722047586122,0.014132851072786678,-0.0028302083103487257,0.012836534750753676,-0.019755517403610885,0.008140795326187115,0.004182063651351052,0.0003058584053444642,-0.002209563723684894,55215.0
0.2437659554098902,0.09831084574816416,0.0351425248782484,0.005191610219859181,0.014596656147742587,-0.019393715939091383,0.008242721283600032,0.004071053800132174,0.00029450115642521704,-0.0022069592674705406,55232.768147684605
-0.3381372074677991,0.055743243573647794,0.045086795244134656,0.012361414829862858,0.016163908631851607,-0.018985962839302505,0.008339099921447256,0.003959104234720122,0.0002831426460192619,-0.0022043453370823372,55250.84543178973
-0.3388795213784243,-0.010684027634888987,0.045296954943484145,0.01774485372213045,0.01749568504226152,-0.01853295583539374,0.008429913176375878,0.003846229998978218,0.0002717833691500325,-0.002201721966173988,55268.92271589487
0.37782236662660307,-0.0623417353569243,0.03864845746874813,0.020670195385190847,0.018549378218153032,-0.01803539265851455,0.008515142985032972,0.0037324461367697825,0.0002604238208409605,-0.0021990891883995655,55287.0
0.3333788638772927,-0.09922270145336207,0.027150329242643517,0.021332135377307247,0.019282380998706935,-0.017493971039814406,0.008594771284065604,0.003617767691958137,0.00024906449611548014,-0.002196447037412959,55304.768147684605
-0.39094420957242126,-0.11382416050902686,0.01259805748836204,0.020128803641495083,0.019662191037876905,-0.01690938871044278,0.008668780010120848,0.0035022097084066025,0.00023770588999702397,-0.002193795546868056,55322.84543178973
0.033338971120431535,-0.0943912051959289,-0.0030745172727551524,0.017417910861678064,0.019696549641018836,-0.016282167793859596,0.008737151099845785,0.0033857872299785,0.0002263484975090286,-0.0021911347504186543,55340.92271589487
0.3798429768840742,-0.03538108746393041,-0.017380141326769273,0.01354706290700692,0.019402667776074037,-0.015612195261337277,0.00879986648988748,0.0032685153005371525,0.0002149928136749222,-0.002188464681718844,55359.0
-0.27743960715216925,0.0553835732378591,-0.027693207661592216,0.008863865646632442,0.01879784991757701,-0.014899451590741412,0.008856908116893016,0.0031504089639458797,0.00020363933351814193,-0.002185785374422385,55376.768147684605
-0.3765766786408734,0.11572464024222173,-0.03138810926513584,0.0037159249497053758,0.01789975901145002,-0.014144275731325357,0.008908257917509457,0.0030314832640680007,0.00019228855206211975,-0.002183096862183258,55394.84543178973
0.3789957000998923,0.08638791085914288,-0.026841314545851126,-0.001556847205783677,0.01672722277488373,-0.013348171403610894,0.008953897828383883,0.0029117532447668413,0.00018094096433028762,-0.002180399178655389,55412.92271589487
0.22278640739857383,-0.01568368100111566,-0.016463007058487612,-0.006619900942342864,0.0152993601178859,-0.012512933520936853,0.008993809786163365,0.002791233949905718,0.0001695970653460804,-0.002177692357492629,55431.0
-0.3844026742051739,-0.10982243632780175,-0.0037670996349005617,-0.011044726417073854,0.01363528995046427,-0.011640356996642108,0.009027975727494985,0.002669940423347956,0.00015825735013293114,-0.0021749764323488667,55448.768147684605
0.15948737907592367,-0.11998169735777958,0.007707081428913117,-0.014377400322936726,0.011754131182626614,-0.0107322367440655,0.009056376991114223,0.002547888306868457,0.0001469223137142739,-0.002172251436878046,55466.84543178973
0.3851800704281351,-0.05082341624289211,0.01500274035293547,-0.01616399935289152,0.009675002724380674,-0.009790367676545888,0.009078991742556804,0.002425096415441902,0.00013559245111354143,-0.0021695174047341842,55484.92271589487
-0.29905389150542866,0.06020112734426477,0.01749320342106433,-0.015952114945001112,0.007418538230837025,-0.008816544707422118,0.009095794239193489,0.00230158747220791,0.00012426825735416835,-0.0021667743695709305,55503.0
-0.3830853305053809,0.12870965563884004,0.015315592885789103,-0.013480974850267372,0.0050157422174326866,-0.00781256275003306,0.009106757220683288,0.0021773857180178904,0.0001129502274595834,-0.0021640223650424137,55520.768147684605
0.3819659602661484,0.08224134563118991,0.009560278165004639,-0.009234301623554118,0.0025163814643685916,-0.0067802167177175516,0.009111853242645584,0.00205251557776283,0.00010163885645322722,-0.0021612614248024474,55538.84543178973
0.20698888301231463,-0.04326437955884393,0.002411635549039316,-0.003884078066844024,-2.5465368239099157e-05,-0.005721301523814453,0.009111054860699786,0.001927001476333728,9.033463935852511e-05,-0.0021584915825048653,55556.92271589487
-0.37907840103086266,-0.1396328704705919,-0.0037177733168232492,0.0018970422892324499,-0.002555719620274206,-0.00463761208166262,0.009104334630465304,0.0018008678386215728,7.903807119891482e-05,-0.002155712871803759,55575.0
0.21654722241735277,-0.11870651789565742,-0.006925625154975263,0.007428731489276734,-0.005020302631620551,-0.0035309433046009074,0.009091665107561537,0.0016741390895173573,6.774964699783e-05,-0.0021529253263529438,55592.768147684605
0.3734830708610302,-0.010411264679198983,-0.0074190737095861155,0.012068487429891568,-0.007365135742161954,-0.0024030901059681545,0.00907301884760787,0.0015468396539120744,5.6469861778703246e-05,-0.002150128979806233,55610.84543178973
-0.36693742377259436,0.11161574470290081,-0.006230063157828829,0.015480685648239418,-0.009536140291782253,-0.0012558473991032295,0.009048368406223733,0.001418993956696716,4.519921056497051e-05,-0.0021473238658178302,55628.92271589487
-0.3662246981086802,0.14883923432715454,-0.004626531952215506,0.017565695956821784,-0.011479237620365255,-9.101009734498546e-05,0.00901768633902851,0.0012906264227622766,3.3938188380058276e-05,-0.002144510018041199,55647.0
0.3621722282183921,0.09179215980026963,-0.0036392500538864523,0.018290071155793355,-0.013140349067794793,0.0010896268859677235,0.008980945201641617,0.0011617614769997488,2.2687290247405146e-05,-0.0021416874701304855,55664.768147684605
0.1165069770953883,-0.03301657070828959,-0.003127910230912061,0.017674731693330385,-0.01447743489894648,0.002284268637496048,0.008938117549682446,0.0010324235443001227,1.1447011190443943e-05,-0.002138856255739783,55682.84543178973
-0.3578626050500138,-0.13871662504899787,-0.002756946200504944,0.01589684614574348,-0.015496819170363075,0.003491328335601107,0.008889175938770396,0.0009026370495543948,2.1784623260459968e-07,-0.0021360164085227015,55700.92271589487
0.2794785246644071,-0.1472358675268719,-0.0022460225977473033,0.013200852932204622,-0.016217839422726556,0.004710193717791433,0.008834092924524877,0.000772426417653554,-1.0999709602672264e-05,-0.0021331679621332225,55719.0
0.35909336329494745,-0.06464181903087525,-0.0013504776495341729,0.009833566473568926,-0.01666040807157144,0.0059408273964281005,0.0087728410625653,0.0006418160734885944,-2.2205161291961617e-05,-0.00213031095022529,55736.768147684605
-0.3269452204254458,0.06539831823389577,-4.303089842829801e-06,0.006087264337254874,-0.016843771779828393,0.00718252623126835,0.008705392908511057,0.0005108304419505086,-3.339801381182602e-05,-0.0021274454064528292,55754.84543178973
-0.3636680845255976,0.14131536641425227,0.001790251142310942,0.0022891847055897716,-0.016786588814998903,0.00843399868664024,0.008631721017981542,0.0003794939479302904,-4.457777213883236e-05,-0.002124571364469655,55772.92271589487
0.3655156267089688,0.11577238976028822,0.003950151577350513,-0.0013156065551311919,-0.016505970069303346,0.009692405851590698,0.008551797946596173,0.00024783101631892853,-5.574394124954493e-05,-0.0021216888579297668,55791.0
0.052575630867447695,0.00023541403375944327,0.005989880008123967,-0.004731382227409325,-0.01601863307170803,0.010954515451912603,0.008465596249974346,0.00011586607200742076,-6.689602612053841e-05,-0.0021187979204870893,55808.768147684605
-0.3674475595912799,-0.1131063740266787,0.0073950127259858845,-0.008096465438845358,-0.015341293612663565,0.012217093474883124,0.00837308848373546,-1.637646011324298e-05,-7.803353172837101e-05,-0.002115898585795512,55826.84543178973
0.28355934788829656,-0.13345356777899475,0.007724225226577257,-0.011622278521326457,-0.014490667482620564,0.013476905907779438,0.008274247203498931,-0.000148872155152071,-8.915596304961168e-05,-0.002112990887508757,55844.92271589487
0.3697371001575688,-0.06130191139412083,0.0068300548990018,-0.015533409183123927,-0.013483470472029642,0.014730718737878727,0.008169044964884147,-0.00028159658821806844,-0.00010026282506083044,-0.0021100748592809524,55863.0
-0.37098442672663284,0.06078893568326189,0.0056141337568011065,-0.01998075368863277,-0.012336418371341423,0.015975297952458185,0.008057454323510514,-0.000414525334420243,-0.00011135362273859276,-0.0021071505347660053,55880.768147684605
-0.2836317166902696,0.1298279774741812,0.004976922767251888,-0.024833340738904527,-0.011066226971006501,0.017207409538794963,0.007939447834997438,-0.0005476339688676069,-0.00012242786105946005,-0.002104217947617657,55898.84543178973
0.36818559660550954,0.10712829836203562,0.005315445738749803,-0.029674692503291134,-0.009689612061475495,0.018423819484166236,0.007814998054964321,-0.0006808980666691607,-0.00013348504500000521,-0.0021012771314898137,55916.92271589487
-0.05058172342805243,-0.004146691833442238,0.006048854150898306,-0.033982181331078075,-0.008223289433199046,0.019621293775849216,0.0076840775390305625,-0.0008142932029339141,-0.0001445246795367929,-0.0020983281200367527,55935.0
-0.3545703049151942,-0.11125226112985415,0.006343246094833791,-0.03719805681026524,-0.006683974876627716,0.020796598401121042,0.0075466588428155686,-0.0009477949527708756,-0.00015554626964638964,-0.002095370946911937,55952.768147684605
0.3426077537178363,-0.12397420724279766,0.005439485314632968,-0.038837661742519174,-0.005090056621485772,0.021946499347258924,0.0074027145219387365,-0.0010813788912890524,-0.00016654932030536206,-0.002092405645769477,55970.84543178973
0.3460347735302294,-0.048424928887139944,0.0027472387934082323,-0.0386088647868882,-0.0034660187653182,0.023067762601540035,0.007252217132019477,-0.0012150205935974497,-0.00017753333649027708,-0.0020894322502632238,55988.92271589487
-0.3534118763562174,0.06513940110431368,-0.0021816077322009114,-0.036481730418435956,-0.0018356422878490553,0.02415715415124152,0.007095139228677185,-0.0013486956348050783,-0.00018849782317770095,-0.002086450794047104,56007.0
-0.29304118980129257,0.11367579136651161,-0.009651456994690168,-0.03260044701853126,-0.00022211427952888982,0.025211439983640605,0.006931453367531262,-0.0014823795900209412,-0.00019944228534420178,-0.002083461310775005,56024.768147684605
0.3887849296797908,0.08241098625810588,-0.019471409808116055,-0.02714033095526627,0.001351378169191841,0.026227386086014423,0.006761132104201119,-0.0016160480343540512,-0.0002103662279663438,-0.002080463834100816,56042.84543178973
-0.09491688907941173,-0.004699497937880209,-0.029593871259671632,-0.0202766985967332,0.002861647967862626,0.027201758445640187,0.006584147994306156,-0.0017496765429134149,-0.00022126915602069507,-0.0020774583976786096,56060.92271589487
-0.4149997306589147,-0.08165360545656805,-0.03750925753598034,-0.012182681279877958,0.004285508026032983,0.028131323049795057,0.006400473593465767,-0.0018832406908080323,-0.00023215057448382277,-0.0020744450351620164,56079.0
0.2431649672265306,-0.09197792739834179,-0.04068415121946153,-0.003055243945850588,0.0055997712532524285,0.02901284588575621,0.006210081457299371,-0.0020167160531469235,-0.00024300998833229323,-0.0020714237802052014,56096.768147684605
0.39200595990759274,-0.05718223987710775,-0.037183790352117545,0.00674529589187851,0.00678125055907047,0.029843092940800817,0.006012944141426355,-0.002150078205039085,-0.0002538469025426733,-0.0020683946664618873,56114.84543178973
-0.30215453778886137,-0.012988746375351995,-0.02794783783493047,0.016685013451204992,0.007806758853036635,0.030618830202206085,0.0058090342014661235,-0.0022833027215935255,-0.0002646608220915296,-0.002065357727586129,56132.92271589487
-0.3229138482457031,0.02442289486608182,-0.014642470766047562,0.026194490115286434,0.00865310904470042,0.031336823657249144,0.005598324193038088,-0.0024163651779192585,-0.00027545125195542534,-0.002062312997231648,56151.0
0.28737033834119247,0.05420539341935158,0.0010661965429913998,0.03470424448067281,0.009297114043611297,0.03199383929320723,0.005380786671761643,-0.0025492411491252857,-0.00028621769711093334,-0.002059260509052592,56168.768147684605
-0.2380421876809605,0.06982497831352383,0.01751204978064672,0.041644795143914115,0.009715586759318839,0.03258664309735748,0.005156394193256193,-0.0026819062103206164,-0.0002969596625346162,-0.0020562002967026093,56186.84543178973
-0.25143419747065515,0.05567623850042172,0.0327481762183351,0.046446660701560546,0.009885340101372497,0.03311200105697709,0.004925119313141143,-0.0028143359366142578,-0.00030767665320304314,-0.0020531323938357453,56204.92271589487
-0.18332214667077532,0.010226772380810935,0.04391033816291484,0.04854035975016213,0.009783018627711946,0.03356684751095312,0.004686934587035894,-0.0029465059031152222,-0.00031836817409277755,-0.0020500568341058796,56223.0
-0.0991410127937512,-0.043634976172405575,0.04867697431865735,0.04734570564537512,0.009395279574992001,0.033948797792279994,0.004441824138631163,-0.0030783916849325033,-0.0003290337301803916,-0.002046973651166981,56240.768147684605
-0.03533728859815548,-0.07393091674379583,0.04467617878666397,0.04249590408606455,0.008750981932271093,0.034256040172838925,0.00418981836390295,-0.0032099688571751227,-0.000339672826442444,-0.0020438828786728787,56258.84543178973
0.3177639925553276,-0.05390843117140808,0.02980320529648616,0.03463830875733992,0.007888173827339093,0.034488267458602166,0.003930959226898565,-0.0033412129949520844,-0.0003502849678555086,-0.0020407845502774234,56276.92271589487
-0.3478652282646034,0.023240152228323527,0.0073790663198935085,0.024676486651095317,0.00684452915138014,0.034645520431033076,0.003665314952780084,-0.0034720996733723897,-0.0003608696593961491,-0.002037678699634814,56295.0
-0.315874445895011,0.09662874568254887,-0.01592753030916139,0.013514004759224735,0.00565772179557823,0.03472773482713598,0.003393058811168655,-0.003602604467545051,-0.00037142640604093065,-0.002034565360398552,56312.768147684605
0.39547378415206735,0.10065584381847544,-0.03377089848181466,0.0020544300736221864,0.004365425651117507,0.03473479532530658,0.0031144151302939516,-0.003732702952579077,-0.0003819547127664251,-0.002031444566222786,56330.84543178973
0.10899318470686364,0.005106250350558905,-0.0434379395187198,-0.00879867041381821,0.003005314609181954,0.034666487413965656,0.0028297074283606775,-0.0038623707035834723,-0.0003924540845491941,-0.002028316350761404,56348.92271589487
-0.4075778727184794,-0.10277866524664048,-0.044160878261890926,-0.01817262063185059,0.0016150625609557601,0.03452257178404012,0.0025392840210673056,-0.003991583295667243,-0.0004029240263658034,-0.0020251807476682204,56367.0
0.2814004550573995,-0.12856968714522327,-0.03518845953291067,-0.02546304255222832,0.00023234339762290347,0.03430280912645696,0.0022434932241123073,-0.004120316303939399,-0.0004133640431928259,-0.0020220377905972716,56384.768147684605
0.3904411075727763,-0.059824537597306236,-0.016651036298805395,-0.03067660827815106,-0.0011051689896325319,0.03400696013214313,0.0019426833531941494,-0.004248545303508948,-0.0004237736400068239,-0.0020188875132023353,56402.84543178973
-0.3378065846851149,0.07254830330359106,0.005500026802923904,-0.03396961134990356,-0.0023598007096264115,0.033634785492025594,0.0016372027240113092,-0.004376245869484902,-0.00043415232178436265,-0.002015729949137411,56420.92271589487
-0.3700406054999867,0.1498403280117868,0.023821928627055736,-0.03549956707693998,-0.0034938778711747155,0.03318604589703131,0.0013273996522622494,-0.004503393576976256,-0.0004444995935020126,-0.002012565132056387,56439.0
0.36574423250283905,0.11795437463021581,0.03248935122136097,-0.03542021717008637,-0.004473500181721461,0.032660502038087215,0.00101362245364544,-0.004629964001092028,-0.00045481496013634055,-0.0020093930956131888,56456.768147684605
0.0161870586887063,-0.015203593500820085,0.032165462783100784,-0.033884498231674554,-0.005284125834725652,0.032057914606120314,0.0006962194438593488,-0.004755932716941219,-0.0004650979266639089,-0.002006213873461592,56474.84543178973
-0.3694006105291989,-0.1429214832818578,0.025223392357346743,-0.031118453050615766,-0.005930584491884943,0.03137804429205753,0.00037553893860244264,-0.004881275299632838,-0.0004753479980612872,-0.002003027499255639,56492.92271589487
0.3505177573157051,-0.1597792176668266,0.014127878945632827,-0.027441304266378527,-0.006416135920802094,0.030620651786825864,5.192925357320658e-05,-0.005005967324275897,-0.00048556467930504436,-0.0019998340066492127,56511.0
0.37842686539529763,-0.06997211214438565,0.001461147523659349,-0.023191997159566057,-0.006742581392680456,0.029785497781352244,-0.00027426129552990196,-0.005129984365979399,-0.000495747475371742,-0.001996633429296203,56528.768147684605
-0.34558954048753504,0.07609958784807537,-0.009797689615149496,-0.01870947701078163,-0.006911722178723397,0.02887234296656365,-0.0006026843930084163,-0.005253301999852349,-0.0005058958912379504,-0.001993425800850499,56546.84543178973
-0.3834584985380369,0.15611619905186389,-0.016570298347938543,-0.01433268910062852,-0.00692535955013426,0.027880948033387025,-0.0009329917231638535,-0.005375895801003762,-0.0005160094318802353,-0.001990211154965951,56564.92271589487
0.3827229019877493,0.11735551354655722,-0.01670608830510707,-0.010391259243920656,-0.006785702896530165,0.026811481791163105,-0.0012648349702977656,-0.005497741344542639,-0.0005260876022751618,-0.001986989525296671,56583.0
-0.01062894968599049,-0.020176457918641897,-0.011838378175072271,-0.007104601347314368,-0.006496849099529425,0.025666000541233764,-0.0015978658187116523,-0.005618814205577992,-0.0005361299073993003,-0.0019837609454963706,56600.768147684605
-0.37421497826665956,-0.1436569663754745,-0.004819966579507136,-0.004391073671675389,-0.006064323232548655,0.024447988776739236,-0.0019317359527070653,-0.005739089959218824,-0.0005461358522292152,-0.0019805254492189853,56618.84543178973
0.2549526068433103,-0.14619588538399325,0.0015543210382567205,-0.0020961004328691225,-0.005493905387350593,0.023161186009165856,-0.0022660970565855326,-0.005858544180574145,-0.0005561049417414706,-0.0019772830701185232,56636.92271589487
0.3615372600536843,-0.046971911289255576,0.0053998182076930995,-6.510584676096113e-05,-0.004791375655698015,0.021809331749999994,-0.0026006008146485893,-0.005977152444752959,-0.0005660366809126362,-0.0019740338418488454,56655.0
-0.33109305777417153,0.08612272557098494,0.006505453481836162,0.0018599183883204148,-0.003962514129353666,0.020396165510728002,-0.002934898911197763,-0.006094890326864271,-0.0005759305747192816,-0.001970777798063711,56672.768147684605
-0.35507830709106725,0.13928218609171306,0.0051181247369715965,0.0037655413302336016,-0.0030131009000803014,0.018925426802836216,-0.0032686430305345657,-0.006211733402017102,-0.0005857861281379677,-0.001967514972417249,56690.84543178973
0.3566741666508541,0.08319754036171119,0.0019949503952173234,0.005401087298535393,-0.0019489160596406787,0.017400855137811002,-0.00360148485696054,-0.006327657245320452,-0.0005956028461452644,-0.0019642453985631993,56708.92271589487
-0.04162672636288814,-0.03939830039801464,-0.0013298785772274929,0.006430711298822921,-0.0007763765204181209,0.01582682684775929,-0.00393307607477723,-0.006442637431883323,-0.0006053802337177389,-0.001960969110155608,56727.0
-0.3653658398571155,-0.13189163686365515,-0.003149195406633293,0.006520953704808702,0.0004931681546064517,0.014210265547270203,-0.004263068368286142,-0.006556649536814733,-0.0006151177958319549,-0.001957686140848373,56744.768147684605
0.31375520356942094,-0.11373817817423709,-0.0022915015283962274,0.005483118219956505,0.001833813797973527,0.012558731671553474,-0.00459111342178883,-0.006669669135223676,-0.0006248150374644801,-0.001954396524295115,56762.84543178973
0.3691793356350931,-0.018404397132976275,0.00026937780581874724,0.0036766016958711106,0.0031975962574214197,0.010879785655818796,-0.0049168629195867975,-0.006781671802219163,-0.0006344714635918849,-0.0019511002941502297,56780.92271589487
-0.366923730970084,0.0837092751484974,0.003021794358358138,0.001606855102712448,0.00452349758488934,0.00918098793527592,-0.005239968545981614,-0.006892633112910211,-0.0006440865791907294,-0.0019477974840671263,56799.0
-0.3069962862155244,0.11602741021798235,0.004496443722157682,-0.00026084504884811484,0.005748652656220874,0.0074695767501295005,-0.005560081985274769,-0.007002528642405818,-0.0006536598892375882,-0.001944488127700099,56816.768147684605
0.35689823637131346,0.07755571189767857,0.003638311671735339,-0.0015825011460765055,0.006811485127279675,0.005751501560564184,-0.005876854921767813,-0.007111333965814997,-0.0006631908987090212,-0.0019411722587028152,56834.84543178973
-0.13254195434081212,-0.004882803521012459,0.000848023634431384,-0.0023029238074709795,0.00765595456192425,0.00403238963175957,-0.006189939039762274,-0.00721902465824675,-0.0006726791125815975,-0.0019378499107292,56852.92271589487
-0.34652664614821793,-0.0771736343652569,-0.0031117504149118036,-0.002463351648681075,0.008253415257307252,0.002317868228895249,-0.006498986023559673,-0.0073255762948100924,-0.0006821240358318844,-0.0019345211174333265,56871.0
0.2912885835068154,-0.09181148931625874,-0.007478091382869283,-0.002136728739556581,0.00860681149307601,0.0006134309702738236,-0.006803647557461552,-0.007430964450614022,-0.0006915251734364473,-0.0019311859124689359,56888.768147684605
0.3403494903231967,-0.05419381337087032,-0.011551677001555493,-0.0014028714204362377,0.008726565826910266,-0.0010760345333455624,-0.0071035753257694565,-0.00753516470076755,-0.0007008820303718549,-0.0019278443294900274,56906.84543178973
-0.33950149739789803,0.010345663173942796,-0.014887572305242455,-0.00034167912894729875,0.008623669580360347,-0.002746126337785869,-0.00739842101278489,-0.007638152620379687,-0.0007101941116146727,-0.0019244964021504893,56924.92271589487
-0.18348502539168682,0.056206380883152766,-0.01710449593788228,0.0009670054814236905,0.00830945085326688,-0.004392779277160332,-0.007687836302809389,-0.00773990378455944,-0.0007194609221414634,-0.0019211421641041734,56943.0
0.34216207104029567,0.06594196988804642,-0.017822277286765144,0.0024444505005282017,0.007795304085034239,-0.006011994525145953,-0.007971472880144468,-0.007840393768415811,-0.0007286819669288024,-0.001917781649005042,56960.768147684605
-0.17603453048333542,0.03860137004867683,-0.016757388692508705,0.004005744322629396,0.0070926237150667915,-0.007599773255419666,-0.008248982429091684,-0.007939598147057813,-0.0007378567509532497,-0.0019144148905070573,56978.84543178973
-0.3474874442034324,-0.0043878963197719915,-0.01400706129920559,0.005534713119163457,0.006213534613407452,-0.00915211664165844,-0.008520016633952594,-0.008037492495594439,-0.0007469847791913747,-0.0019110419222641082,56996.92271589487
0.3307483605020922,-0.039231129116140954,-0.00979225090645228,0.006932658527524608,0.005173588190729122,-0.0106650258575393,-0.008784227179028662,-0.008134052389134724,-0.0007560655566197444,-0.0019076627779298244,57015.0
0.35049191807834823,-0.050623632062292576,-0.004341581542199641,0.008105800710520212,0.003991085560645961,-0.01213450207673922,-0.009041265748621432,-0.00822925340278765,-0.0007650985882149206,-0.00190427749115839,57032.768147684605
-0.3505437534934568,-0.031033230561966066,0.0021328609113805725,0.008959855012881884,0.0026848326548479092,-0.013556546472935142,-0.009290784027032487,-0.008323071111662242,-0.000774083378953478,-0.0019008860956037305,57050.84543178973
-0.060855084746233266,0.009614545912099514,0.009485143155233005,0.009399422085390543,0.0012747500989755845,-0.01492716021980409,-0.009532433698563289,-0.008415481090867498,-0.0007830194338119751,-0.001897488624919688,57068.92271589487
0.35109546961369914,0.0474246539148006,0.01758587003608156,0.009324020018711375,-0.00021415892121471277,-0.016242344491022975,-0.009765866447515427,-0.008506458915512419,-0.000791906257766985,-0.0018940851127600682,57087.0
-0.2561537793849524,0.05632228426599835,0.02630564640065001,0.008629557072307526,-0.001753281388764508,-0.017498100460268846,-0.009990733958190393,-0.008595980160706023,-0.0008007433557950726,-0.0018906755927789905,57104.768147684605
-0.3555129316493906,0.027007054995579156,0.03502906082155363,0.007211317721329417,-0.0033133805024027616,-0.018690429301218642,-0.01020668791488973,-0.008684020401557326,-0.0008095302328727989,-0.0018872600986302047,57122.84543178973
0.35700990676697864,-0.033198344623937705,0.04119663677497312,0.004964586440927482,-0.004865219460858319,-0.01981533218754936,-0.01041338000191498,-0.008770555213175307,-0.0008182663939767424,-0.0018838386639677101,57140.92271589487
0.3449853932022408,-0.0755269724374097,0.04171255217062071,0.0018349769986119604,-0.006379561462860021,-0.020868810292937957,-0.01061046190356766,-0.008855560170668998,-0.000826951344083459,-0.0018804113224451368,57159.0
-0.3490259001797878,-0.05907971296042852,0.03426782426967243,-0.00200482434457569,-0.007827169707136764,-0.02184686479106142,-0.010797585304149296,-0.0089390108491474,-0.0008355845881695207,-0.0018769781077168167,57176.768147684605
-0.04437325811752108,0.025324758813674273,0.020455767124558828,-0.006228780738868739,-0.009178807392417419,-0.022745496855596774,-0.010974401887961411,-0.009020882823719522,-0.0008441656312114903,-0.0018735390534363515,57194.84543178973
0.32132106125172044,0.10732282944546942,0.0028578513086139324,-0.010485100010409079,-0.010405237717430888,-0.023560707660220906,-0.01114056333930557,-0.009101151669494364,-0.0008526939781859416,-0.0018700941932578612,57212.92271589487
-0.3035738536854834,0.110930126198112,-0.01596403983130448,-0.014421989985338784,-0.011477223880905952,-0.024288498378610864,-0.011295721342483283,-0.00917979296158094,-0.000861169134069432,-0.0018666435608349662,57231.0
0.016784226161822013,0.030763562088430625,-0.03338444940639292,-0.0176876584897996,-0.012365529081571586,-0.02492487018444359,-0.011439527581796066,-0.009256782275088252,-0.0008695906038385353,-0.0018631871898218046,57248.768147684605
0.22086826569292525,-0.07305278824001275,-0.04622981796291371,-0.0199303133499335,-0.013040916518156587,-0.02546582425139608,-0.011571633741545479,-0.009332095185125313,-0.0008779578924698155,-0.0018597251138722669,57266.84543178973
0.2716164325865512,-0.13365497537094273,-0.05118466359927699,-0.02079816239188253,-0.013474149389389773,-0.02590736175314531,-0.01169169150603303,-0.00940570726680113,-0.0008862705049398394,-0.0018562573666401662,57284.92271589487
0.2262143078421867,-0.12457867468662785,-0.04602453902437657,-0.020050120008716078,-0.013642038238808331,-0.026245483863368283,-0.011799352559560244,-0.009477594095224706,-0.0008945279462251757,-0.0018527839817794652,57303.0
-0.2931260863308177,-0.05813384869032294,-0.0328891353890419,-0.017884257267435484,-0.01354803919849585,-0.026477405140207088,-0.011894268586428648,-0.009547731245505054,-0.0009027297213023876,-0.0018493049929440015,57320.768147684605
0.3175593277671402,0.037401273146689555,-0.015009178454586072,-0.014594673426854476,-0.01321121330806246,-0.026605460954200744,-0.01197609127093982,-0.00961609429275118,-0.0009108753351480439,-0.0018458204337878706,57338.84543178973
0.2996392540563823,0.11755883513240334,0.004384606017677914,-0.010471798152007909,-0.012652008718287602,-0.026634269158497908,-0.01204447229739525,-0.009682658812072092,-0.0009189642927387087,-0.0018423303379649148,57356.92271589487
-0.3747061135659384,0.146702491597982,0.022061492266436673,-0.005806061107930556,-0.011890606305414286,-0.026568646207075476,-0.012099132023804578,-0.00974740037857678,-0.0009269960990509513,-0.0018388347391286902,57375.0
-0.2666752952420657,0.11036763525927709,0.035387230185087985,-0.0008878919596573524,-0.010947186945685762,-0.026413104762706044,-0.01214009459938147,-0.009810294567374278,-0.0009349702590613399,-0.0018353336709336025,57392.768147684605
0.4120310464317793,0.02699289866727187,0.04411347228587291,0.003992279627776808,-0.009841931515345159,-0.026171972428967957,-0.012167569232534039,-0.009871316953573576,-0.0009428862777464382,-0.0018318271670333924,57410.84543178973
0.015494986498872036,-0.07275029892125837,0.04858834673574326,0.00854402398933703,-0.008595020890635453,-0.02584954771306803,-0.012181794228041939,-0.0099304431122837,-0.0009507436600828123,-0.0018283152610817084,57428.92271589487
-0.4151310004783785,-0.13409493776866946,0.04915419815777041,0.012482695003869034,-0.007226635947799996,-0.02545012912221293,-0.01218300789068487,-0.009987648618613636,-0.0009585419110470332,-0.0018247979867327528,57447.0
0.28497670171097594,-0.11367520742250081,0.04627205969389474,0.01560352566799188,-0.005756957563081826,-0.024978015163609344,-0.012171447605578959,-0.010042909967335966,-0.0009662805356156619,-0.0018212753776403958,57464.768147684605
0.3956819322718865,-0.032029790970862504,0.04096469974731791,0.017934284263633866,-0.00420616661272412,-0.024437504344464046,-0.012147345823121743,-0.010096208587941826,-0.0009739590387652708,-0.0018177474674585074,57482.84543178973
-0.38467046975159835,0.0643030610223903,0.034397621525946755,0.01955857190466055,-0.002594443972969953,-0.02383289517198376,-0.012110929049790173,-0.010147531853842953,-0.0009815769254724223,-0.0018142142898408286,57500.92271589487
-0.3392416333858705,0.11076006606384894,0.027736556265266672,0.020559761677359057,-0.0009419705200625017,-0.023168486153375228,-0.012062422535996927,-0.01019686839451537,-0.0009891337007136834,-0.0018106758784415431,57519.0
0.3677448304473901,0.0935684090193667,0.02184324973678676,0.021021226668016375,0.0007310728697550844,-0.022448575795845076,-0.012002048179025665,-0.01024421019256412,-0.0009966288694656235,-0.0018071322669144288,57536.768147684605
-0.14252498852404646,0.022975515961247982,0.01636350585611086,0.02102633996291964,0.0024045053202396563,-0.021677462606600174,-0.011930014463643706,-0.010289562643110504,-0.0010040619367048087,-0.0018035834889133556,57554.84543178973
-0.3558706632196492,-0.054422538926980714,0.010639143074866525,0.02065787278997695,0.004058747813527022,-0.02085944509284717,-0.011846526521489511,-0.01033293449440483,-0.0010114324074078033,-0.0018000295780923044,57572.92271589487
0.34485307391564146,-0.08994352193632367,0.004011979844681284,0.019996118486994424,0.005676699221854927,-0.019998821761792778,-0.011751789484201395,-0.01037433449469745,-0.0010187397865511758,-0.0017964705681051453,57591.0
0.34693834176207455,-0.07145791283156289,-0.0038523032342335428,0.019120154169646617,0.007242474639592808,-0.019099891120643798,-0.011646008483417722,-0.010413771392238666,-0.0010259835791114932,-0.0017929064926057484,57608.768147684605
-0.3422928568566335,-0.007308523915276582,-0.011992576967331555,0.018107656347395244,0.008741589767322777,-0.018166951676606865,-0.011529388650776844,-0.010451253935278845,-0.0010331632900653215,-0.0017893373852480021,57626.84543178973
-0.16071266714416502,0.05613511838876701,-0.019123850011482552,0.01703596899229538,0.010159892843033657,-0.017204301936888725,-0.011402135117917107,-0.010486790872068294,-0.0010402784243892247,-0.001785763279685998,57644.92271589487
0.33866509882744406,0.07949715452515876,-0.023961131023556365,0.015982436076402123,0.011483232104714372,-0.01621624040869614,-0.011264453016476916,-0.01052039095085735,-0.0010473284870597729,-0.0017821842095734587,57663.0
-0.16924672358575135,0.04199597881479405,-0.025508329964822565,0.015024401571770592,0.012697455790353628,-0.01520706559923583,-0.01111654747809458,-0.010552062919896332,-0.0010543129830535337,-0.0017786002085643095,57680.768147684605
-0.34223221953682575,-0.024957488694702008,-0.02390392755590394,0.014218174992210007,0.013788412137940322,-0.0141810760157145,-0.0109586236344085,-0.010581815527435583,-0.0010612314173470711,-0.0017750113103126234,57698.84543178973
0.3462409459089827,-0.07799084673914168,-0.019491167988839653,0.013535928018546197,0.014741949385463242,-0.013142570165338896,-0.010790886617057,-0.010609657521725433,-0.0010680832949169533,-0.0017714175484720121,57716.92271589487
0.33521255010091516,-0.07745321114053105,-0.012782186325707642,0.012928797873359155,0.015543915770911165,-0.012095846555315698,-0.010613541557678458,-0.01063559765101621,-0.0010748681207397484,-0.0017678189566966043,57735.0
-0.35522160990061025,-0.030136511205951007,-0.0050503238546882245,0.012347921779228868,0.016180159532273,-0.01104520369285172,-0.010426793587911237,-0.010659644663558234,-0.0010815853997920176,-0.0017642155686402514,57752.768147684605
-0.11619616376271165,0.03594919546519704,0.002235133155898163,0.011744436958735319,0.016636528907537473,-0.009994940085153602,-0.01023084783939369,-0.010681807307601843,-0.001088234637050333,-0.001760607417956805,57770.84543178973
0.3575692374516743,0.08004737758228672,0.0076033935247672565,0.011069480634458482,0.016898872134693474,-0.008949354239428137,-0.01002590944376416,-0.01070209433139737,-0.0010948153374912596,-0.0017569945383002275,57788.92271589487
-0.25948840286402114,0.06730821034271807,0.009970305126248375,0.010273431749186754,0.01695379573152136,-0.007912744662881992,-0.009812183532661027,-0.01072051448319515,-0.0011013270060913631,-0.0017533769633245183,57807.0
-0.3496545760934705,0.01397880749853606,0.00979440773698951,0.009307500446677846,0.01679066884734391,-0.006889139375097859,-0.009589875237722647,-0.010737076511245508,-0.0011077691478272116,-0.0017497547266834182,57824.768147684605
0.3345546237849493,-0.05063025365912464,0.007895844233034235,0.008144209542312628,0.01640133422407349,-0.005881316703653181,-0.009359189690587369,-0.010751789163798759,-0.0011141412676753725,-0.0017461278620308893,57842.84543178973
0.3378942985714247,-0.0838705916176877,0.005052578467589649,0.006786400855095233,0.015788553169175806,-0.0048911135224654345,-0.00912033202289359,-0.010764661189105254,-0.0011204428706124091,-0.0017424964030208574,57860.92271589487
-0.33439278269868483,-0.07258628550455536,0.001996789022987268,0.005243529874901671,0.014957754942666037,-0.003920069653198397,-0.008873507366279587,-0.01077570133541532,-0.0011266734616148912,-0.0017388603833072848,57879.0
-0.01907297986437664,-0.017541459191965852,-0.000684171899242817,0.0035250520916079455,0.0139138515615798,-0.00296920767453611,-0.00861892085238381,-0.010784918350979283,-0.0011328325456593832,-0.0017352198365438937,57896.768147684605
0.3381333076621164,0.050114009616273006,-0.002439158692770895,0.0016404229950900513,0.012661863509990427,-0.0020396586322004788,-0.008356777612844568,-0.01079232098404747,-0.0011389196277224536,-0.0017315747963847759,57914.84543178973
-0.34408988703692217,0.09124981072184267,-0.002719833070804363,-0.000398094605238853,0.01120776238310156,-0.001133504683043672,-0.008087282779300226,-0.010797917982870218,-0.0011449342127806692,-0.0017279252964838014,57932.92271589487
-0.3240613238738384,0.07237783224540695,-0.001304355493743853,-0.0024711444771310285,0.009557757553899466,-0.0002530657617004655,-0.007810641483389155,-0.010801718095697844,-0.001150875805810598,-0.0017242713704948033,57951.0
0.35616096030594663,0.0049808605381421135,0.0007768526914656375,-0.004084730799228703,0.007718058395370421,0.0005993381971943545,-0.0075270588567497064,-0.010803730070780697,-0.0011567439117887999,-0.0017206130520717809,57968.768147684605
0.3341535969247738,-0.07343758099217823,0.002225071479366173,-0.004695964416019749,0.0056948742805006634,0.0014213872590060005,-0.0072367400310202334,-0.010803962656369097,-0.001162538035691849,-0.0017169503748685488,57986.84543178973
-0.3580439381761459,-0.10562781335665111,0.0019126593653785674,-0.0039400399424964535,0.0035014198519021378,0.0022107614890996955,-0.006939890137839109,-0.010802424600713378,-0.0011682576824963104,-0.001713283372538848,58004.92271589487
0.20703770692523607,-0.05164461745351441,-0.0003224928764093226,-0.002139123114813862,0.0011829324009848107,0.002965140952840682,-0.006636714308844682,-0.010799124543220188,-0.0011739024660224293,-0.0017096120787370838,58023.0
0.3466533692656411,0.045166405479110903,-0.0031423633229595667,0.00010381285632480633,-0.0011923392300337216,0.003682205715594158,-0.006327417675675323,-0.010794070687921471,-0.001179472435465156,-0.0017059365271167757,58040.768147684605
-0.3375475800341126,0.12021653631270898,-0.00487477762173336,0.002158224566722382,-0.0035521446286404567,0.0043596358427253476,-0.00601220536996938,-0.010787271130005481,-0.0011849677488631313,-0.0017022567513319596,58058.84543178973
-0.27577079746877486,0.11281162488190752,-0.004285504072122393,0.003543469916529338,-0.005824233382322302,0.004995111399599454,-0.0056912825233652025,-0.0107787339646605,-0.0011903885642549881,-0.0016985727850364874,58076.92271589487
0.31715402516212726,0.03710472171644945,-0.0016975738578893903,0.0041899871739002935,-0.007942337952530566,0.005586312451581715,-0.005364854267501158,-0.010768467287074777,-0.0011957350396793593,-0.0016948846618843952,58095.0
0.3170045108092317,-0.0684433960565072,0.00218012756313388,0.004151706165116542,-0.00986586943235693,0.0061309190640373434,-0.005033125734015637,-0.010756479192436552,-0.0012010073331748814,-0.0016911924155291653,58112.768147684605
-0.31853658760363807,-0.13697008128298957,0.006638714733115616,0.003495528133556588,-0.011567210331990303,0.0066266113023315575,-0.0046963020545469384,-0.010742777775934142,-0.0012062056027801863,-0.0016874960796252772,58130.84543178973
0.23076764010841505,-0.11433162539822468,0.010852583522350077,0.00229010145838213,-0.013020490297402787,0.007071069231829591,-0.004354588360733472,-0.010727371132755762,-0.0012113300065339117,-0.0016837956878263053,58148.92271589487
0.34565117429932546,-0.014418515318982366,0.013529255113635634,0.0006040745187548797,-0.014199838974566462,0.007461972917896672,-0.004008189784213582,-0.0107102673580897,-0.0012163807024746886,-0.0016800912737863045,58167.0
-0.367203772080383,0.10753924811325435,0.013210400659097546,-0.0014447729473642018,-0.015079386009453424,0.007797002425897971,-0.003657311456625613,-0.010691474547124201,-0.0012213578486411547,-0.0016763828711591077,58184.768147684605
-0.36442063850349055,0.14044031648030592,0.008241161532345255,-0.0035421314234984408,-0.015633512145215592,0.008074088918378585,-0.0033021585096079387,-0.010671000795047552,-0.0012262616030719415,-0.0016726705135984743,58202.84543178973
0.3838250731435156,0.07136926886522584,-0.0019233347126133523,-0.005324542661096581,-0.015837602513724156,0.008292167946602768,-0.0029429360747989315,-0.010648854197047981,-0.0012310921238056797,-0.0016689542347585516,58220.92271589487
0.24133500281940176,-0.06402499714407557,-0.013191425215197375,-0.006428544068288586,-0.01566779857596024,0.008450931390944764,-0.00257984928383691,-0.010625042848313778,-0.0012358495688810159,-0.001665234068293154,58239.0
-0.3122247897159791,-0.13367513867325242,-0.02031231220235285,-0.006481256899652301,-0.01511181841003067,0.008552231595352363,-0.0022131032683602677,-0.0105995748440332,-0.001240534096336573,-0.001661510047856096,58256.768147684605
0.24419723071919935,-0.04047243714581997,-0.019291377532183785,-0.005221041329541643,-0.014197376042555158,0.008598984279115724,-0.001842903160007371,-0.010572458279394497,-0.0012451458642109903,-0.0016577822071015063,58274.84543178973
0.13597800337780297,0.09402582644007554,-0.011158721587425258,-0.002972455514698205,-0.012966813025405297,0.008594244697378045,-0.0014694540904165354,-0.01054370124958595,-0.001249685030542901,-0.0016540505796831075,58292.92271589487
-0.12012491084676982,0.1267601005698677,0.0017993756180299252,-0.00020896114584868753,-0.011463738869414286,0.008541068105282587,-0.0010929611912261362,-0.01051331184979582,-0.0012541517533709375,-0.0016503151992548293,58311.0
0.0045947041899473875,-0.005296522099766538,0.016252334647972527,0.0025959800862803382,-0.009731763085415337,0.008442532068535624,-0.000713651904637613,-0.010481298175212348,-0.0012585461907337378,-0.0016465760994706083,58328.768147684605
0.12121884670584296,-0.12774703329630496,0.024692378376927865,0.004968906490962204,-0.007814495184241682,0.008301803395095566,-0.00033184291510446724,-0.01044766832102381,-0.001262868500669936,-0.0016428333139843576,58346.84543178973
0.036223682132339355,-0.07642677635588775,0.02097960001274106,0.006558670439279207,-0.005755544676726541,0.008122071203483877,5.212678235670293e-05,-0.010412430382418477,-0.0012671188412181633,-0.0016390868764499782,58364.92271589487
-0.24408006411889527,0.06456441013531906,0.008634598809755221,0.0074915535255956,-0.003598521073703134,0.00790652461222203,0.00043791819272929507,-0.010375592454584597,-0.00127129737041706,-0.0016353368205213822,58383.0
0.3101560085048066,0.13983052863270393,-0.00636254812623613,0.007968843310270288,-0.0013870338860046594,0.00765835273983146,0.0008251923209967575,-0.010337162632710456,-0.0012754042463052513,-0.0016315831798523217,58400.768147684605
0.17671385857369787,0.036461549810294897,-0.018605462901710695,0.008180000329708637,0.0008353073755356427,0.007380744704833654,0.0012136101721424576,-0.010297149011984282,-0.0012794396269213775,-0.0016278259880970409,58418.84543178973
-0.38438905106498117,-0.11394095498996684,-0.02502987256804525,0.008314485120315983,0.003024893200084564,0.007076932504655625,0.0016027898722442689,-0.010255559687594356,-0.0012834036703040757,-0.0016240652789092068,58436.92271589487
0.2825574496222726,-0.15589159537617972,-0.02311057779554519,0.008515305601201511,0.005138114076808881,0.006750319652346738,0.001992178031757708,-0.01021240275472895,-0.0012872965344919746,-0.0016203010859428,58455.0
0.3873843462304358,-0.07339178812960431,-0.011738577173639691,0.008739659222289703,0.007131360494875383,0.00640435253986189,0.002381178382232732,-0.01016768630857631,-0.00129111837752371,-0.0016165334428516166,58472.768147684605
-0.348665738477594,0.0850854463538059,0.0038335497723043246,0.00889829081620884,0.008961022943450844,0.006042477559156041,0.002769194655219276,-0.01012141844432471,-0.001294869357662147,-0.0016127623830654934,58490.84543178973
-0.3754235134608116,0.16424042778830614,0.016751215128611417,0.00890194521558722,0.010583491911702048,0.005668141102184076,0.003155630582267308,-0.010073607257162399,-0.00129854963407163,-0.0016089879391124793,58508.92271589487
0.37894336446665766,0.11203082869576877,0.02171342602911077,0.008660373087242643,0.011956152054606282,0.00528478956090093,0.0035398898949267825,-0.01002426084227765,-0.0013021593661590044,-0.0016052101432783945,58527.0
0.05691835517230347,-0.038207175273557346,0.01961184523020311,0.008097354838830605,0.013044082853750135,0.0048958693272615275,0.003921376324747645,-0.009973387294858735,-0.001305698713335678,-0.0016014290278442383,58544.768147684605
-0.39645371458802864,-0.15943837040529435,0.012804832266005865,0.0072035356074547216,0.013832397331060117,0.004504826793220791,0.004299493603279843,-0.009920994710093896,-0.0013091678350130604,-0.001597644625091157,58562.84543178973
0.2804752197868588,-0.14450931427006564,0.00362455554284529,0.005970900050057413,0.014326593556070936,0.004115108350733629,0.004673645462073349,-0.009867091183171408,-0.0013125668906025635,-0.001593856967300538,58580.92271589487
0.39352784976475275,-0.03162832506370841,-0.00561468277432851,0.004387266102520934,0.014536436514953689,0.0037300601961787784,0.00504323563267809,-0.009811684809279526,-0.0013158960395155946,-0.00159006608675325,58599.0
-0.34509333412045945,0.09618594651218265,-0.012603047080909409,0.0024404517007274727,0.014472418274683818,0.003352301445130643,0.005407667846644029,-0.00975478368360652,-0.0013191554411635677,-0.0015862720157304407,58616.768147684605
-0.367175915697925,0.1400459241190467,-0.0150307017722913,0.0001182747805592441,0.014146436291811082,0.0029830458235892855,0.0057663458355211245,-0.009696395901340646,-0.0013223452549578879,-0.001582474786513293,58634.84543178973
0.35597762538763505,0.07940071348771899,-0.01152855478188747,-0.0025344894379023394,0.013570714321384774,0.002623180759055265,0.006118673330859315,-0.009636529557670172,-0.0013254656403099685,-0.0015786744313830096,58652.92271589487
0.0890172319073668,-0.03768285705155629,-0.0044904881951885346,-0.00524523659777929,0.0127574761184542,0.0022735936790291046,0.0064640540642085685,-0.009575192747783358,-0.0013285167566312204,-0.0015748709826205337,58671.0
-0.3523623225874142,-0.12656700369487753,0.002748872364295512,-0.007684405057994394,0.011718945438068635,0.001935172011011364,0.006801891767118831,-0.009512393566868466,-0.0013314987633330513,-0.0015710644725071782,58688.768147684605
0.35758915256583734,-0.11794141332581715,0.007457954849293928,-0.009522433177470487,0.010467346035277393,0.001608803182502577,0.007131590171140064,-0.009448140110113776,-0.0013344118198268696,-0.0015672549333239976,58706.84543178973
0.3309310922318429,-0.033428231335077094,0.009348357626632307,-0.010460715424269755,0.009014901665129754,0.0012953746210032824,0.0074525530078222,-0.009382440472707518,-0.0013372560855240876,-0.0015634423973521572,58724.92271589487
-0.36897737750945236,0.07256065209517369,0.008902592926937956,-0.010368506554016842,0.007373836082675015,0.000995773754014037,0.007764184008715193,-0.009315302749837969,-0.001340031719836117,-0.001559626896872748,58743.0
-0.2668136753230939,0.11914189152775967,0.006810272493997085,-0.009324409089479934,0.0055586212969470925,0.0007108880090353663,0.00806588690536902,-0.009246735036693403,-0.0013427388821743646,-0.001555808464166843,58760.768147684605
0.36970587746012623,0.08387328059779454,0.003794307516056876,-0.007462342488597149,0.003595010401144941,0.000441604813567825,0.008357065429333607,-0.009176745428462066,-0.0013453777319502402,-0.0015519871315155891,58778.84543178973
-0.022012698869797103,-0.019432783054215454,0.0005346635551888508,-0.004929613801655053,0.0015221440808159598,0.00018881159511194992,0.008637123312158922,-0.009105342020332231,-0.0013479484285751561,-0.0015481629312003727,58796.92271589487
-0.36059399607747106,-0.11215455332662617,-0.002299430233079404,-0.0018837664089967304,-0.0006106006484359201,-4.660421883171563e-05,0.008905464285394902,-0.009032532907492147,-0.001350451131460521,-0.0015443358955020267,58815.0
0.3549085158643927,-0.1213814059096803,-0.004038744693220295,0.0015156692435772377,-0.002751859705549275,-0.0002637552007626307,0.009161492080591525,-0.008958326185130103,-0.0013528860000177455,-0.001540506056701735,58832.768147684605
0.35005643908500156,-0.048564446068138124,-0.004218957552561068,0.005101227065715401,-0.004850269009462703,-0.00046175392318024847,0.00940461042929872,-0.008882729948434339,-0.0013552531936582382,-0.0015366734470807176,58850.84543178973
-0.3451753869977601,0.06246835375418342,-0.00319050588545494,0.00866883020446945,-0.006854464479114783,-0.0006397129585840278,0.009634223063066442,-0.008805752292593116,-0.0013575528717934113,-0.0015328380989200665,58868.92271589487
-0.3472679749039929,0.12347771557886582,-0.0014892609115365273,0.011986993424766782,-0.008713082033444097,-0.0007967448794734286,0.009849733713444657,-0.008727401312794711,-0.001359785193834672,-0.0015290000445009465,58887.0
0.3445461787695622,0.10325540833327972,0.00040071150479456546,0.014819363307141413,-0.010374757591389222,-0.0009320288260891704,0.010050612679724569,-0.008647685104227379,-0.0013619503191934317,-0.001525159316104338,58904.768147684605
-0.09004729957594157,0.006381329263542865,0.0021830941825055185,0.016929586432127393,-0.01178812707188875,-0.0010450220046289162,0.01023660832715434,-0.008566611762079384,-0.0013640484072811015,-0.0015213159460115632,58922.84543178973
-0.34068881405770873,-0.09157653103671513,0.0036085071114051945,0.018081309380258752,-0.01290182639388127,-0.0011352953689991539,0.010407582768690946,-0.008484189381538982,-0.0013660796175090878,-0.0015174699665035382,58940.92271589487
0.3360528647475175,-0.11763481551432477,0.004427570281302445,0.01805050630553156,-0.013676819049767393,-0.0012024316680982626,0.010563409912283267,-0.008400426057794444,-0.0013680441092888043,-0.0015136214098617512,58959.0
0.34226697085002233,-0.06476996917760511,0.004403749236217861,0.016686913576037975,-0.014123378825795821,-0.0012460136508246188,0.01070396366588018,-0.008315329886034029,-0.0013699420420316595,-0.0015097703083669519,58976.768147684605
-0.34669732123934144,0.03688143256671657,0.003319928595051485,0.013982365956291761,-0.014263917760325156,-0.0012658631637930103,0.010829167713794828,-0.008228908961446008,-0.0013717735751490638,-0.001505916694300453,58994.84543178973
-0.234085432578691,0.10258911240642628,0.0008430053225338927,0.010081983339435907,-0.014119926137137428,-0.0012629229136519153,0.010939144845797466,-0.008141171379218631,-0.001373538868052426,-0.0015020605999434015,59012.92271589487
0.3574428867087705,0.10070788347363127,-0.0030297706998515645,0.00516677132262618,-0.013712047041990333,-0.001239032581438401,0.01103406762802262,-0.008052125234540164,-0.0013752380804973585,-0.001498202057232618,59031.0
-0.17923889216234787,0.02870738307955837,-0.006837175748070629,-0.0005812838564702817,-0.013060759091473554,-0.0011961963173575767,0.01111410862660482,-0.007961778622598866,-0.001376871373921603,-0.0014943410964230448,59048.768147684605
-0.35800678590422713,-0.04852400215853521,-0.008751747477323421,-0.006980195960186418,-0.012186540902176735,-0.0011364182716145574,0.011179440407678615,-0.007870139638583015,-0.0013784389113284286,-0.0014904777462037908,59066.84543178973
0.30022362976469263,-0.0688693266171359,-0.007027744084106324,-0.013766258209558933,-0.011109871090689552,-0.0010617025944144557,0.011230235537378508,-0.00777721637768085,-0.0013799408560264293,-0.0014866120349588921,59084.92271589487
0.34592369869238,-0.03890337205875041,-0.0010119423476589583,-0.02035343742326785,-0.00985122827360165,-0.000974053435962383,0.011266666581839056,-0.007683016935080659,-0.0013813773713242051,-0.001482743991072422,59103.0
-0.33952949912833136,0.013497112330792826,0.006804614741246784,-0.026092202930007576,-0.008431091067502703,-0.0008754749464634514,0.011288906107194775,-0.007587549405970693,-0.001382748620530351,-0.0014788736429280844,59120.768147684605
-0.12357790776468504,0.04012409360613158,0.013165247774280088,-0.0303375798213003,-0.006869938088982365,-0.0007679712761227736,0.011297126679580192,-0.0074908218855392035,-0.001384054766953467,-0.0014750010189099338,59138.84543178973
0.3377727355111253,0.03635248618249215,0.015240123187474405,-0.03244459318866812,-0.005188247954630306,-0.0006535465751454618,0.01129150086512984,-0.007392842468974465,-0.0013852959739021494,-0.0014711261474018404,59156.92271589487
-0.2305427770494736,0.01176277431720928,0.012225040637433564,-0.03194614535497614,-0.003409354635998118,-0.0005342049937366298,0.011272201151413136,-0.0072936191728996186,-0.0013864724046849968,-0.00146724905678797,59175.0
-0.3594347611906931,-0.012567364608338545,0.005015644997579572,-0.02908664756846147,-0.001568013524485151,-0.00041195068210138754,0.011239400360440403,-0.007193160348378722,-0.0013875842226106047,-0.0014633697754520445,59192.768147684605
0.3793024746996897,-0.015731777826017188,-0.005174169015552221,-0.02428838830870414,0.0002981646335473159,-0.00028878779044484997,0.01119327383046232,-0.00709147686271619,-0.001388631590987571,-0.00145948833177799,59210.84543178973
0.34452378223940305,0.002615543791049094,-0.01622252304967303,-0.01797365605528419,0.0021515690917380003,-0.0001667204689721271,0.011133997548430974,-0.006988580231917833,-0.0013896146731244953,-0.001455604754149879,59228.92271589487
-0.41982243202789044,0.017162119900787576,-0.022390669526234364,-0.01054967397102775,0.003954589103725619,-4.775286788833195e-05,0.011061747501298432,-0.0068844819719894555,-0.001390533632329973,-0.0014517190709515636,59247.0
-0.033073675381136536,0.0021978319915165676,-0.018936788441940165,-0.002382185651290364,0.005669613923148892,6.611086260142128e-05,0.010976699676016778,-0.006779193598936877,-0.0013913886319125992,-0.001447831310567163,59264.768147684605
0.4117706249487597,-0.02536179192234693,-0.008512724886208191,0.006103003827145373,0.007259032803646537,0.000172814695520668,0.010879081936309423,-0.006672726628765882,-0.001392179835180974,-0.0014439415013803903,59282.84543178973
-0.19747517553672506,-0.039382403383584924,0.004250854575909703,0.014461307687951596,0.008685234998857276,0.0002700850761432103,0.01076933967364954,-0.006565092577482289,-0.0013929074054436956,-0.0014400496717753095,59300.92271589487
-0.2977547001688542,-0.006789906406450108,0.01499151468356831,0.022248139154800492,0.009910609762419824,0.0003555564903142363,0.010648012542763688,-0.006456305264916692,-0.0013935715060093606,-0.0014361558501358369,59319.0
0.20053786963217413,0.06353685489225168,0.02243231836741149,0.029018911451364163,0.01089754634797289,0.0004268534032146249,0.010515659434341861,-0.006346387726198807,-0.0013941723001865665,-0.0014322600648460089,59336.768147684605
-0.07631788322346222,0.043177495294481366,0.02645010532894241,0.03432903780131482,0.011608434009155207,0.00048160028002524404,0.010372841542898876,-0.006235365300283165,-0.0013947099512839109,-0.0014283623442895381,59354.84543178973
-0.066706216986696,-0.05106796661699545,0.028317152629969426,0.03773393142832453,0.012005661999605493,0.0005174309830953027,0.010220110665781186,-0.006123263326124269,-0.001395184622609991,-0.0014244627168505768,59372.92271589487
0.0411059160229389,-0.10146467753089043,0.02965459667237674,0.03878900555606551,0.012051400117828358,0.000532214664457403,0.010058002765785943,-0.0060101071426766324,-0.0013955964774734013,-0.0014205612109129994,59391.0
-0.10847864043400046,0.03191267571474716,0.0311723900760591,0.0371180090591455,0.011721920771628872,0.0005252324478194773,0.00988713142503796,-0.005895922088894774,-0.0013959456791827435,-0.0014166578548607557,59408.768147684605
0.21606551594200654,0.12065487146590602,0.029820335222822895,0.03273344852604396,0.011053198633025174,0.000498410239765992,0.009708131979786028,-0.005780733503733205,-0.0013962323910466125,-0.0014127526770777077,59426.84543178973
-0.31578674810224927,0.021414803269820582,0.022451066554203508,0.026177826636693702,0.010096188803872188,0.0004542857173480217,0.009521639766278955,-0.0056645667261464435,-0.0013964567763736083,-0.0014088457059479964,59444.92271589487
-0.3081345232116046,-0.10647738306359492,0.010904508530552477,0.01810906118115686,0.008901846386024847,0.00039539655761664465,0.009328290120765526,-0.005547447095089,-0.0013966189984723266,-0.001404936969855482,59463.0
0.4142150870296251,-0.13575120506718316,-0.0017037381055422264,0.009185069949495604,0.0075211264813380896,0.000324280437622934,0.009128718379494541,-0.0054293999495153835,-0.001396719220651364,-0.001401026497183942,59480.768147684605
0.41503691825625044,-0.09561331660335022,-0.012719875501055146,6.377073177208543e-05,0.006004984191666844,0.0002434750344179686,0.008923559878714805,-0.005310450628380118,-0.0013967576062193195,-0.0013971143163174864,59498.84543178973
-0.4021846224600611,-0.04421273141310855,-0.02133731736121066,-0.008596918681951525,0.004404374618866038,0.00015551802505282169,0.008713449954675111,-0.005190624470637714,-0.0013967343184847893,-0.001393200455640004,59516.92271589487
-0.07956658926111972,-0.011805199134430667,-0.02721128028079562,-0.016139080501613074,0.002770252864790607,6.294708657857312e-05,0.008499023943624258,-0.0050699468152426855,-0.0013966495207563695,-0.0013892849435354756,59535.0
0.3601624363748277,0.02783105793114564,-0.02999698085459687,-0.021904796937150407,0.001153574031295483,-3.1700103953704414e-05,0.008280917181811042,-0.004948443001149546,-0.0013965033763426603,-0.001385367808387808,59552.768147684605
-0.2443479678063808,0.09596465825800252,-0.029211356812881305,-0.025374429063021196,-0.00039470677976440396,-0.00012588586949293434,0.00805976500548426,-0.004826138367312804,-0.0013962960485522596,-0.0013814490785809825,59570.84543178973
-0.34037198534736207,0.13677598160897075,-0.02377694503745796,-0.026622738802141277,-0.0018236344665341238,-0.00021707253298804092,0.007836202750892711,-0.004703058252686979,-0.001396027700693763,-0.0013775287824988687,59588.92271589487
0.33945934645458914,0.09084435349423432,-0.013137953976773128,-0.02602370491202195,-0.0030864575185976977,-0.00030272241738794507,0.007610865754285197,-0.00457922799622659,-0.0013956984960757672,-0.0013736069485255772,59607.0
0.2828892655947209,-0.029248807897877375,2.325340417053535e-06,-0.023971121738224237,-0.004157894227868006,-0.00038029784564157487,0.0073843893519105145,-0.004454672936886148,-0.0013953085980068696,-0.0013696836050449224,59624.768147684605
-0.34548627028792883,-0.13295271203015152,0.012115509892684798,-0.020835958288578166,-0.0050354882239890255,-0.0004472611406978511,0.007157408880017453,-0.0043294184136201605,-0.0013948581697956698,-0.001365758780440719,59642.84543178973
0.04248836557485743,-0.13694645466024835,0.019949433824290447,-0.016984528134340652,-0.005721438573177759,-0.0005010746255057004,0.006930559674854821,-0.004203489765383149,-0.001394347374750765,-0.0013618325030971695,59660.92271589487
0.357877293931013,-0.04869225602156213,0.02192156177552031,-0.012783144846768646,-0.006217944341651222,-0.0005392006230140453,0.0067044770726714074,-0.004076912331129623,-0.0013937763761807502,-0.0013579048013980701,59679.0
-0.32720426519341134,0.0804082998756099,0.01892699477824952,-0.008540493889930867,-0.006527204595626424,-0.0005591014561718096,0.006479796409716015,-0.003949711449814098,-0.0013931453373942258,-0.001353975703727365,59696.768147684605
-0.3751630833581236,0.14307185877346437,0.012239607375274799,-0.004379272405545441,-0.00665141840132037,-0.0005582394479279184,0.006257153022237445,-0.003821912460391095,-0.0013924544216997845,-0.0013500452384690716,59714.84543178973
0.3828523982593714,0.09594846107483598,0.0034230173849689547,-0.0005426458537511397,-0.006591885863147177,-0.0005349079038764988,0.006037114267326801,-0.0036935407018151146,-0.0013917037924060301,-0.0013461134340071895,59732.92271589487
0.1972722572460583,-0.03867747141055287,-0.00523753343927121,0.0026816961989111193,-0.0063462056316831725,-0.000490829666818725,0.005819975585444437,-0.0035646215130406738,-0.0013908936128215553,-0.001342180318725293,59751.0
-0.38689779490562076,-0.152321425735591,-0.011287528386893394,0.0050060641859003795,-0.0059106549691968265,-0.00042898098870591963,0.005605964437893035,-0.0034351802330222954,-0.0013900240462549596,-0.0013382459210077328,59768.768147684605
0.25224344553571093,-0.14796730726967314,-0.0128681643273589,0.006153408198259815,-0.005281405531330407,-0.00035247380260099436,0.005395338360460616,-0.0033052422007144853,-0.0013890952560148394,-0.001334310269238342,59786.84543178973
0.36993351379087663,-0.043667057181922236,-0.010599919789372952,0.00598600794752162,-0.004454972624689282,-0.0002644518682322525,0.005188386715600604,-0.0031748327550717693,-0.0013881074054097908,-0.001330373391801064,59804.92271589487
-0.28678867331808905,0.0966250756797585,-0.00608469623841218,0.004779722337454169,-0.0034451017337730192,-0.0001677291935882673,0.004985069114026683,-0.00304397723504865,-0.0013870606577484148,-0.0013264353170797509,59823.0
-0.34155299298901465,0.16372963648732577,-0.0010208224791427554,0.0029706035581450398,-0.0023293042902109277,-6.500755089764838e-05,0.004785232930692572,-0.0029127009795996387,-0.0013859551763393072,-0.0013224960734584017,59840.768147684605
0.3304113933863214,0.11057962845475479,0.0031061988357030655,0.0010105593737234657,-0.0012009472996739683,4.1017228731977054e-05,0.00458871959943102,-0.0027810293276792574,-0.001384791124491065,-0.0013185556893209793,59858.84543178973
0.1831500854373977,-0.03130301083297447,0.005662169661128454,-0.0006485024516813135,-0.00015339776783310574,0.0001476493141929852,0.004395370554074761,-0.002648987618242016,-0.0013835686655122859,-0.0013146141930514457,59876.92271589487
-0.3256744893595584,-0.15718099778955938,0.0062239887396631265,-0.0015570000494558895,0.0007240325595638402,0.0002521928743777516,0.004205027228456543,-0.002516601190242433,-0.0013822879627115674,-0.0013106716130336159,59895.0
0.2636902329402266,-0.17135218529725038,0.004501189538611172,-0.001428524014633562,0.0013725696756413876,0.00035195207817865235,0.004017531056409095,-0.0023838953826350218,-0.0013809491793975034,-0.0013067279776516735,59912.768147684605
0.3425140022504103,-0.07567549872683138,0.0009876714101407704,-0.0005944663640970565,0.001794761630166238,0.00044423109448806116,0.003832723471765165,-0.002250895534374293,-0.0013795524788786995,-0.0013027833152894335,59930.84543178973
-0.31680133711745545,0.08118949607438532,-0.00277156803254893,0.000459912003687504,0.0020074731720848547,0.0005263340921983531,0.003650445908357488,-0.002117626984414763,-0.0013780980244637447,-0.0012988376543305626,59948.92271589487
-0.3611684908204057,0.1748088967080206,-0.005003644656601961,0.0012493501902540005,0.0020275690503436996,0.0005955652402019037,0.003470539800018806,-0.001984115071710944,-0.001376585979461242,-0.0012948910231594297,59967.0
0.3627225237207013,0.14427449128037553,-0.0044272639550528466,0.0013985728914634088,0.0018740501067175867,0.000649317905270032,0.0032928465805818533,-0.0018503851352173494,-0.001375016507179786,-0.0012909434501598863,59984.768147684605
0.17543873640989055,-0.007815464463710078,-0.0017274899244981146,0.0009697940426036976,0.001576914692176183,0.000685330957805558,0.0031172189717636398,-0.0017164625138884962,-0.001373389770927974,-0.0012869949637157104,60002.84543178973
-0.3509222166273894,-0.15624794225996005,0.0019190238125751972,0.00012540062176417485,0.0011781098020432685,0.0007013771997708887,0.0029435649616005284,-0.0015823725466788984,-0.001371705934014404,-0.0012830455922110116,60020.92271589487
0.34345849212186763,-0.17525810523166216,0.005335623633680055,-0.0009746735308472876,0.0007220355695240631,0.0006951776861149768,0.0027718442851423324,-0.0014481405725430695,-0.0013699651597476729,-0.001279095364029568,60039.0
0.34084710157125103,-0.0677135624367523,0.007416690450402148,-0.0021704945750228226,0.00025309212782378813,0.0006644882030907109,0.002601981946134932,-0.0013137919304355187,-0.0013681676114363829,-0.001275144307555453,60056.768147684605
-0.3514865487952994,0.09751633836018576,0.00734110580746101,-0.003302491167397388,-0.0001843203898523372,0.0006072632468676353,0.0024337042384075564,-0.0011793519593107692,-0.0013663134523891247,-0.0012711924511725919,60074.84543178973
-0.32866695727875395,0.16999255264540789,0.004366757238339555,-0.004219063419296634,-0.0005458018502990906,0.0005215794619884232,0.0022666153074162947,-0.001044845998123329,-0.0013644028459144978,-0.001267239823264873,60092.92271589487
0.3736128000592972,0.11595912361684979,-0.0016215293084171922,-0.004795059808166594,-0.0007869521203112537,0.000405532818567472,0.0021002999730455212,-0.0009102993858277133,-0.0013624359553211002,-0.001263286452216259,60111.0
0.11048984099959062,-0.03738655956564877,-0.008330446221177996,-0.004911850278772675,-0.0008633710666836053,0.00025721928671918067,0.001934343055179606,-0.0007757374613784351,-0.0013604129439175295,-0.0012593323664107769,60128.768147684605
-0.3826012637835241,-0.15990905068480082,-0.012866195839369945,-0.004437278929497654,-0.0007456623903250049,7.621282428937941e-05,0.0017683293737029248,-0.0006411855637300101,-0.0013583339750123848,-0.0012553775942323428,60146.84543178973
0.37556090720778706,-0.13427990264510709,-0.013011177929131234,-0.0032567407481812376,-0.0004648651143842249,-0.00013158067416674542,0.0016018437484998421,-0.0005066690318369493,-0.0013561992119142607,-0.0012514221640647439,60164.92271589487
0.3389424500533259,-0.005182936126241887,-0.009246390808608918,-0.001534913131065997,-6.870203925855379e-05,-0.0003570973832281489,0.001434470999454736,-0.0003722132046537713,-0.0013540088179317539,-0.0012474661042920624,60183.0
-0.35044397813428996,0.12748281886100718,-0.002704265603319241,0.0004671076312760651,0.00039468404887112055,-0.0005908534916901734,0.001265795946451975,-0.000237843421134989,-0.0013517629563734636,-0.00124350944329815,60200.768147684605
-0.26768094236432494,0.14675855442772814,0.005488957716057029,0.0024820340934374636,0.0008771503638239089,-0.0008233651883481671,0.0010954034093759299,-0.00010358502023511119,-0.0013494617905479894,-0.001239552209467154,60218.84543178973
0.3434201210212708,0.06609054643218618,0.01389282676435574,0.0042425788100107185,0.0013305541194189184,-0.0010451486619974754,0.0009228782081109786,3.053665909133851e-05,-0.001347105483763925,-0.0012355944311828889,60236.92271589487
-0.04906289023087857,-0.05841191369800308,0.019810039498479235,0.00548145433558834,0.001706752529475269,-0.0012467201014334493,0.0007478051625414838,0.0001644962778898529,-0.0013446941993298675,-0.0012316361368291506,60255.0
-0.3656075795137471,-0.14478632098113553,0.0202290814608464,0.005931373224762843,0.0019576028078120613,-0.0014185956954514273,0.000569769092551822,0.00029826849720591703,-0.0013422281005544183,-0.0012276773547900315,60272.768147684605
0.3145943934476517,-0.12827832965444172,0.013275574390124537,0.005420688128531513,0.0020447942571830734,-0.0015526844634657757,0.00038835481802636294,0.00043182797808501654,-0.0013397073507461722,-0.0012237181134495487,60290.84543178973
0.38654647065923503,-0.03156405788994974,0.0016236848099739328,0.004160312083510694,0.0019695668053742775,-0.001646689016660474,0.00020314715884947934,0.0005651493815726362,-0.001337132113213725,-0.0012197584411915727,60308.92271589487
-0.3804494220923715,0.09195417680862465,-0.010915284559696732,0.0024567982227214945,0.0017438815462805454,-0.0017005938740127474,1.3730934905541327e-05,0.0006982073687142632,-0.0013345025512656772,-0.001215798366400029,60327.0
-0.29729668540274046,0.15469188331977227,-0.020530030998978852,0.0006166996791850286,0.0013799218430903067,-0.0017147355651894044,-0.00018017929252505844,0.0008309766005553831,-0.0013318188282106262,-0.0012118379174588427,60344.768147684605
0.32494492674162273,0.1125717522931864,-0.024159580168236806,-0.001053430414077593,0.0008898710589919862,-0.0016899695854413004,-0.00037834999657787696,0.0009634317381414807,-0.0013290811073571672,-0.0012078771227520505,60362.84543178973
0.001669206286613897,-0.03378025803274821,-0.02168922034107905,-0.0023020898318933327,0.0002859125571740215,-0.0016272803108952998,-0.0005804187695124739,0.0010955474425180449,-0.0013262895520138984,-0.001203916010663402,60380.92271589487
-0.24532745696230668,-0.16436945889893967,-0.013534364539994808,-0.0030979799804814554,-0.00041977029917516937,-0.0015276478384905461,-0.0007860274827761102,0.001227298374730559,-0.0013234443254894178,-0.0011999546095770909,60399.0
0.2158400613141593,-0.15389248781865703,-0.0007147831210999269,-0.003464853173909277,-0.0012149941468671546,-0.0013920480562157496,-0.0009948222167664952,0.001358659195824509,-0.0013205455910923224,-0.0011959929478768023,60416.768147684605
-0.0030218279085615606,-0.0007641359953980324,0.01311212059359076,-0.0034264726508556526,-0.002087564698101993,-0.0012214560149520141,-0.00120644988898894,0.0014896045668453823,-0.0013175935121312091,-0.0011920310539466912,60434.84543178973
-0.20316297811644918,0.15096247807021612,0.023629535040587717,-0.003010711790467684,-0.003021177524611484,-0.0010168467655804429,-0.001420557416948757,0.0016201091488386647,-0.0013145882519146766,-0.0011880689561706323,60452.92271589487
-0.18646756026659594,0.1673245533486823,0.026520648656401347,-0.0022633095786009816,-0.003981662591418914,-0.0007791953589821403,-0.0016367917181512568,0.0017501476028498402,-0.0013115299737513203,-0.001184106682932527,60471.0
0.24695793747409428,0.07130222339178233,0.01909059964314104,-0.0012595773584100282,-0.004924844643326419,-0.0005094768460382062,-0.0018547997101017516,0.0018796945899243961,-0.0013084188409497402,-0.0011801442626163507,60488.768147684605
0.20523407228459722,-0.07206995410866177,0.005132325265311756,-0.00015301642403546227,-0.005806627022460787,-0.0002086662776297481,-0.0020742283103055525,0.0020087247711078216,-0.0013052550168185337,-0.0011761817236060825,60506.84543178973
-0.3134455979187895,-0.15858780482667134,-0.009939287446982619,0.0008837216711374995,-0.006583329948781971,0.00012226129536213544,-0.002294724436267973,0.0021372128074455938,-0.0013020386646662926,-0.0011722190942855743,60524.92271589487
0.17440610891650163,-0.10656840424561524,-0.0214187257905654,0.0016779853737236806,-0.0072112736422499275,0.0004823308220563365,-0.002515935005494323,0.00226513335998321,-0.0012987699478016234,-0.0011682564030389179,60543.0
0.3624684526828368,0.02222159161905358,-0.027437974369968976,0.0020571231303378908,-0.007646778322824625,0.0008705672515717537,-0.002737506935489914,0.002392461089766148,-0.0012954490295331161,-0.0011642936782499465,60560.768147684605
-0.37295804666862753,0.1325806410200151,-0.02688553436167467,0.001905073098659789,-0.00785567198223537,0.001286055838753617,-0.0029590871437600625,0.002519170657839895,-0.0012920760731693706,-0.0011603309483025487,60578.84543178973
-0.3329504678284325,0.1421598008516513,-0.018838475922251203,0.0013322376713616301,-0.007841169927735446,0.0017273738990658224,-0.003180322547810072,0.002645236725249939,-0.0012886512420189858,-0.0011563682415807975,60596.92271589487
0.3730224974045383,0.06491717348156245,-0.003652443818169367,0.0005060305151128681,-0.007613420152133265,0.0021901624045520406,-0.0034008600651452598,0.002770633953041765,-0.001285174699390556,-0.0011524055864686187,60615.0
0.18943694880047118,-0.05320920083219974,0.013391187724579062,-0.0004060293126839855,-0.007181926876683669,0.002669313164969296,-0.0036203466132709353,0.0028953370022608608,-0.001281646608592683,-0.0011484430113497897,60632.768147684605
-0.3703972792647312,-0.13768958407241547,0.02577961211512201,-0.0012373698955471001,-0.006555247181720796,0.0031597179900746133,-0.0038384291096924114,0.0030193205339527074,-0.001278067132933959,-0.001144480544608347,60650.84543178973
0.3530276905326023,-0.12749750785640498,0.02853824944935528,-0.0018250820882121353,-0.005738275376361323,0.003656268689625017,-0.004054754471915001,0.003142559209162797,-0.0012744364357229862,-0.0011405182146284006,60668.92271589487
0.3827061803376836,-0.03546585537010165,0.02288917706047304,-0.0020474366007400303,-0.004738476404623639,0.004153857073377533,-0.004268969617444013,0.0032650276889366107,-0.0012707546802683586,-0.0011365560497936915,60687.0
-0.39438693626926113,0.08823771207878454,0.011767700929345386,-0.0019445506732240132,-0.003576470641401938,0.004647374951089185,-0.004480721463784762,0.003386700634319637,-0.0012670220298786738,-0.0011325940784883666,60704.768147684605
-0.22369888518739067,0.14686663266192204,-0.0018471224729305524,-0.001593392571751743,-0.002279777925822998,0.005131714132516995,-0.004689656928442554,0.00350755270635736,-0.0012632386478625308,-0.001128632329096176,60722.84543178973
0.4182327911477732,0.10927066980968422,-0.015060245397594318,-0.001069959347842894,-0.000876889311581576,0.005601766427417993,-0.004895422928922707,0.003627558566095267,-0.0012594046975285273,-0.0011246708300010175,60740.92271589487
0.07332528263783011,-0.01662611049533438,-0.02531265498523196,-0.0004502480530171331,0.0006037041476275574,0.006052423645549199,-0.005097666382730529,0.0037466928745788445,-0.0012555203421852597,-0.0011207096095870706,60759.0
-0.4256371342522215,-0.13752672011159925,-0.030129347098766208,0.000189744261205863,0.002133511398109643,0.0064785775966676425,-0.0052960342073713335,0.0038649302928535764,-0.001251585745141326,-0.001116748696238053,60776.768147684605
0.41964604245329495,-0.16042139640825254,-0.02704295788316879,0.000781660825355461,0.0036840413861699128,0.0068751200905303456,-0.005490173320350435,0.003982245481964951,-0.001247601069705321,-0.0011127881183380884,60794.84543178973
0.3601950505605317,-0.07950207654799606,-0.014961720648528722,0.0012877059981571384,0.005226803058113611,0.007236942936894331,-0.005679730639173137,0.004098613102958453,-0.0012435664791858464,-0.0011088279042709133,60812.92271589487
-0.2187064694847226,0.059310043814519986,0.0018183468653314178,0.0016777244203854294,0.006733305360245957,0.0075589379455166285,-0.005864353081344758,0.004214007816879568,-0.0012394821368914974,-0.0011048680824206746,60831.0
-0.3805650109980361,0.16274493882292518,0.0176561908816679,0.0019215607328148365,0.008175057238872206,0.007835996926154257,-0.006043687564370607,0.004328404284773783,-0.0012353482061308704,-0.001100908681171261,60848.768147684605
0.370190508621635,0.14435380209038068,0.027895962237589958,0.0019890595762199,0.009523567640297576,0.008063011688564253,-0.006217381005755997,0.004441777167686582,-0.0012311648502125647,-0.001096949728906598,60866.84543178973
-0.16940895963970837,0.02315714038968083,0.03182263022561908,0.0018491871380386783,0.010751223964163762,0.008234874042503622,-0.00638508032300624,0.004554101126663455,-0.0012269322324451773,-0.0010929912540104817,60884.92271589487
-0.36211753546022846,-0.10583167345607208,0.029685876794700965,0.0014878877497920607,0.011833927423458202,0.008346475797729408,-0.006546432433626646,0.004665350822749881,-0.0012226505161373029,-0.0010890332848671144,60903.0
0.29032278676130246,-0.15242039190316337,0.02165341606406717,0.0009721951193788354,0.012748457684504803,0.008392708093680671,-0.006701083584804578,0.004775500916991355,-0.0012183198645975444,-0.0010850758498601818,60920.768147684605
0.3640696350089618,-0.10295913442386877,0.008432214828658578,0.000387533222528273,0.01347369610322555,0.008368503593408563,-0.006848721547339466,0.0048845260704333555,-0.0012139404411344941,-0.0010811189773738865,60938.84543178973
-0.364957200525592,0.014766838769405351,-0.007031781584031774,-0.00019203155682964409,0.013999881627341747,0.008268971109181678,-0.006989210241248187,0.004992400944121371,-0.001209512409056751,-0.0010771626957919319,60956.92271589487
-0.243084025076279,0.11326611825669049,-0.0212328832133727,-0.0007064992891752809,0.01433131965898499,0.00808926365815247,-0.007122457791431491,0.005099100199100887,-0.0012050359316729147,-0.001073207033498558,60975.0
0.3623296448715142,0.13757250586948847,-0.030665400098733118,-0.0010994666031345567,0.014475468855934464,0.007824977559971419,-0.007248372322790114,0.005204598496417391,-0.0012005111722915795,-0.0010692520188774865,60992.768147684605
-0.1357198509753911,0.06169262129177231,-0.032817316324164944,-0.0013147130250112649,0.014437657048953882,0.007474022858982306,-0.007366861960224794,0.005308870497116369,-0.0011959382942213462,-0.001065297680312588,61010.84543178973
-0.35443973217792896,-0.05283966034599482,-0.029136738912107513,-0.0013128157902642748,0.01422205979971302,0.007037686337433232,-0.007477837271978735,0.005411893305585766,-0.0011913174607708055,-0.0010613440461880279,61028.92271589487
0.27936128011870826,-0.1307347882844093,-0.022007155968304413,-0.0011217780079968921,0.013838359561039432,0.006520880798680197,-0.007581218599664976,0.005513653799583374,-0.0011866488352485624,-0.0010573911448875284,61047.0
0.3431152588678918,-0.127996416398467,-0.013535071822320442,-0.000788542768177437,0.013299834149679243,0.005929290422680881,-0.007676928728239032,0.005614141300209449,-0.001181932580963211,-0.001053439004795255,61064.768147684605
-0.33675581501606533,-0.032681748667436866,-0.00477734866038423,-0.00036061019519475937,0.012620318416799151,0.005268599389392961,-0.007764890442656408,0.005713345128564244,-0.00117716886122335,-0.0010494876542949303,61082.84543178973
-0.3010941325754667,0.07758277235018769,0.003471561867109671,0.00011450976609844302,0.011813657034029671,0.004544491878774114,-0.00784502652787261,0.0058112546057480135,-0.0011723578393375755,-0.001045537121770646,61100.92271589487
0.32720650063427587,0.1255093186090277,0.010417208109766707,0.0005891263624552196,0.010893875481395608,0.0037626520707820187,-0.00791725976884314,0.0059078590528610034,-0.0011674996786144834,-0.0010415874356063273,61119.0
-0.1974607070726286,0.0625508316765577,0.015559354934714,0.0010148882879983756,0.00987565979155198,0.0029287641453743583,-0.007981512950523514,0.006003147791003473,-0.0011625945423626744,-0.0010376386241859367,61136.768147684605
-0.33166509409598727,-0.047337066235814095,0.019574633279165456,0.0013429642062685215,0.008774176027736016,0.0020485122825088034,-0.00803770885786923,0.006097110141275676,-0.001157642593890744,-0.001033690715893363,61154.84543178973
0.3408471867503445,-0.11644715502015754,0.023433890597856694,0.0015244381547954943,0.007604674879195711,0.001127580662143039,-0.008085770275835806,0.006189735424777868,-0.0011526439965072913,-0.0010297437391125683,61172.92271589487
0.2810669165285825,-0.08501250662846198,0.027590332529372333,0.0015109165999350161,0.006381884606353169,0.00017165346423473945,-0.008125619989378741,0.0062810129626102995,-0.001147598913520912,-0.0010257977222274412,61191.0
-0.36014432797344537,0.0006435785262798127,0.030426597447692966,0.001256178441413352,0.005118361036259973,-0.0008135851312584138,-0.008157180783453545,0.006370932075873224,-0.0011425075082402046,-0.001021852693622018,61208.768147684605
-0.15476637967375823,0.07622985155306587,0.02978406293923809,0.0007384748514605498,0.0038258066948741107,-0.0018224509443787386,-0.008180375443015725,0.006459482085666892,-0.0011373699439737636,-0.00101790868168016,61226.84543178973
0.3541330769682763,0.09114291510225003,0.023409630704786216,3.0615606014471804e-05,0.0025158413900866743,-0.0028492597951685693,-0.00819512675302079,0.006546652313091563,-0.0011321863840301895,-0.0010139657147859118,61244.92271589487
-0.2888352389719074,0.022888445874907636,0.010256105888175628,-0.0007709705475768292,0.00120008492978873,-0.003888327503670217,-0.008201358535730136,0.006632433116553382,-0.001126956991718079,-0.0010100238213231166,61263.0
-0.3224227807975853,-0.05601379670705116,-0.005805616708875765,-0.0015698548619652757,-0.0001098428781286434,-0.004933969889926007,-0.008198999462243046,0.006716819703296375,-0.0011216819303460305,-0.0010060830296758378,61280.768147684605
0.31058003686255314,-0.06680561431077317,-0.019675119870180162,-0.002269608589802796,-0.0014023222257743683,-0.005980502773978257,-0.008187982039421815,0.00679981111632758,-0.00111636136322264,-0.0010021433682277797,61298.84543178973
0.2732813582547718,-0.010148745526124651,-0.026763608331785774,-0.002773802983741321,-0.0026657333052573606,-0.007022241975869285,-0.008168239473742995,0.006881407098268304,-0.0011109954536565056,-0.000998204865363163,61316.92271589487
-0.32347417868474054,0.05310206517605157,-0.02451109282025994,-0.003003691114857625,-0.0038884563086865314,-0.008053503315641431,-0.008139704971683173,0.00696160739173987,-0.0011055843649562227,-0.0009942675494657655,61335.0
0.07690800833400759,0.037402010360419076,-0.012352530704170705,-0.002954334708390955,-0.005058997521323561,-0.009068602613337003,-0.008102311739718912,0.007040411739363595,-0.0011001282604303918,-0.0009903314489196143,61352.768147684605
0.3725117243080151,-0.0169279023670398,0.004078594612483212,-0.0026508013897018844,-0.006166369041197289,-0.010061855688998316,-0.008055992984326786,0.007117819883760794,-0.0010946273033876088,-0.0009863965921086625,61370.84543178973
-0.2811087286057306,-0.043115903123253696,0.017594747762239276,-0.002121234403988967,-0.007199714820114458,-0.0110275783626677,-0.008000681911983354,0.0071938315675527794,-0.0010890816571364713,-0.0009824630074166602,61388.92271589487
-0.37356508840750285,-0.014439525507214735,0.022556737016955798,-0.0013931677497777339,-0.008148788056554855,-0.011960086454387486,-0.007936311729165195,0.0072684465333608715,-0.0010834914849855756,-0.0009785307232277269,61407.0
0.32214384777662675,0.044955381450602155,0.01952647343071176,-0.0004992518224577041,-0.009005953777071455,-0.012853695784199976,-0.007862815642348883,0.007341664523806387,-0.0010778569502435202,-0.0009745997679258616,61424.768147684605
0.25481302207328593,0.01608518350325554,0.010885826921104246,0.0004982802973741836,-0.009764907222758423,-0.013702722172147496,-0.007780126858010982,0.007413485281510645,-0.0010721782162189043,-0.0009706701698949163,61442.84543178973
-0.13774758145876675,-0.049215604826125324,-1.2795071538188486e-05,0.0015296293549532248,-0.01041950568547933,-0.014501481438272384,-0.007688178582628057,0.007483908549094951,-0.00106645544622032,-0.0009667419575187792,61460.92271589487
0.05530042016388141,-0.05790657026350936,-0.009576282782438474,0.002524087479138753,-0.010962697840721784,-0.015244289402616943,-0.0075869040226766845,0.007552934069180628,-0.0010606888035563722,-0.0009628151591815423,61479.0
-0.01598415494048537,0.0020642245469359335,-0.014981485663497036,0.0034075712210711235,-0.011384056786254438,-0.015925461885223514,-0.007476236384633437,0.007620561584388999,-0.001054878451535652,-0.0009588898032670109,61496.768147684605
0.03220576804640221,0.01042329712777179,-0.016485090033324927,0.004104508884581351,-0.01167166737253655,-0.016539314706134386,-0.007356108874974871,0.007686790837341364,-0.0010490245534667594,-0.0009549659181591678,61514.84543178973
-0.09442412787045343,0.01368651603150088,-0.015126894519420842,0.00455114852658499,-0.01181228111090173,-0.01708016368539192,-0.007226454700177572,0.007751621570659053,-0.0010431272726582914,-0.0009510435322419879,61532.92271589487
0.13483564878557222,0.054135941339008724,-0.01199931011812463,0.004742053898913118,-0.01179835283875809,-0.01754232464303841,-0.007087207066718103,0.00781505352696338,-0.0010371867724188455,-0.0009471226738993844,61551.0
0.27062037785949755,0.08928084476278123,-0.00820790091798629,0.004694669245687658,-0.011631321273137442,-0.017920856919573083,-0.006938299181073033,0.007877086448875656,-0.0010312032160570187,-0.0009432033715153453,61568.768147684605
-0.3433208530454981,0.07275754951164258,-0.004676090262052159,0.004427266803414947,-0.011310261708993146,-0.018214011269958065,-0.006779664249718935,0.0079377200790172,-0.0010251767668814093,-0.0009392856534737035,61586.84543178973
-0.14972879212484064,0.029196651611009112,-0.0015987385113538618,0.003961060822065415,-0.010835315851860976,-0.018421885645728418,-0.006611263885441044,0.007996954160009331,-0.001019107588200615,-0.0009353695481585326,61604.92271589487
0.4112500543555198,-0.029596635588686273,0.0010114347185806926,0.0033221347082550826,-0.010210226223753083,-0.018545732713353812,-0.006433173326259257,0.008054788434473359,-0.0010129958433232312,-0.0009314550839536471,61623.0
0.20459436897139585,-0.0908842875787697,0.003141709812223602,0.0025377240392941594,-0.009439624765492372,-0.018587011066321477,-0.00624552463505939,0.008111222645030603,-0.0010068416955578577,-0.0009275422892431756,61640.768147684605
-0.3955180417188626,-0.11248240383310742,0.004779367154046928,0.0016365341595536468,-0.008529613184962415,-0.018547040386625933,-0.006048588786219982,0.008166256534302382,-0.0010006453082130893,-0.0009236311924109143,61658.84543178973
0.24787355620385165,-0.0610758308608328,0.005873506803032316,0.0006537952860081247,-0.007492818062650436,-0.018427010988649486,-0.0058427661217317775,0.008219889844910008,-0.0009944068445975251,-0.0009197218218408442,61676.92271589487
0.350459894261815,0.034004308527717686,0.00622797569833773,-0.0003783374611828045,-0.006346259064366884,-0.018228087949510696,-0.00562848222084927,0.0082721223194748,-0.0009881264680197635,-0.000915814205916872,61695.0
-0.335632961970287,0.11695373779528645,0.005616388667672832,-0.0014349206779890721,-0.005107692353834788,-0.01795143634632813,-0.005406162662826945,0.008322953700618075,-0.0009818043417883994,-0.0009119083730229975,61712.768147684605
-0.24381856775513513,0.11202441716434687,0.0039015668457702615,-0.0024158331897709755,-0.003794874094777191,-0.01759822125622035,-0.005176233026919299,0.008372383730961152,-0.0009754406292120331,-0.0009080043515431643,61730.84543178973
0.33435553517323074,0.03736975701820321,0.0016021515845613802,-0.003219237728557066,-0.0024255604509170773,-0.017169607756305917,-0.004939118892380809,0.008420412153125336,-0.0009690354935992586,-0.0009041021698612426,61748.92271589487
0.06025211302081962,-0.05891352427751865,-0.0005937795810952889,-0.0037482452029173542,-0.0010176115147306015,-0.0166667609237034,-0.004695245838465971,0.008467038709731948,-0.0009625890982586761,-0.0009002018563612618,61767.0
-0.35327764536357253,-0.11274963099998572,-0.0019956162844001414,-0.003906301911109742,0.0004089151790529425,-0.016090845835531362,-0.004445039444429281,0.008512263143402315,-0.000956101606498882,-0.0008963034394270572,61784.768147684605
0.36216381666522207,-0.07696656452912028,-0.0021392317249861333,-0.003595382088012727,0.0018254029051439746,-0.01544302756890837,-0.0041889252895252185,0.008556085196757738,-0.0009495731816284727,-0.0008924069474427739,61802.84543178973
0.3497612544238705,0.010468757858110583,-0.0014515570217553421,-0.00275358968506978,0.003196139799633212,-0.014724471200952976,-0.0039273289530082755,0.008598504612419542,-0.0009430039869560483,-0.0008885124087922885,61820.92271589487
-0.3730032032644507,0.09203061607184321,-0.000384662885501185,-0.0015261314026017072,0.004484085645766667,-0.013936341808783746,-0.0036606760141329455,0.008639521133009042,-0.0009363941857902046,-0.000884619851859305,61839.0
-0.2339211562287347,0.10368001867438258,0.0006622487985592214,-0.00011108276650563554,0.005652200226790351,-0.01307980446951926,-0.003389392052153714,0.008679134501147552,-0.0009297439414395387,-0.0008807293050279706,61856.768147684605
0.3793639993935822,0.050807925878717054,0.00131082080297134,0.001293480697321298,0.0066634433259502536,-0.01215602426027807,-0.003113902646325074,0.008717344459456393,-0.0009230534172126471,-0.0008768407966822107,61874.84543178973
0.009276157184331058,-0.037041370452489654,0.0012793110605229684,0.002476246933790036,0.007480774726492371,-0.011166166258178737,-0.0028346333759015044,0.008754150750556872,-0.0009163227764181289,-0.0008729543552059831,61892.92271589487
-0.382565720975015,-0.09920549141396932,0.0003571905027546634,0.00317553554682131,0.008067154211662708,-0.010111395540339829,-0.002552009820137499,0.008789553117070309,-0.0009095521823645801,-0.0008690700089831903,61911.0
0.3813274872706522,-0.08297859530190094,-0.0014452597098088477,0.003177732639157699,0.00838554156470727,-0.008992877183879902,-0.002266457558287563,0.008823551301618026,-0.000902741798360601,-0.0008651877863978175,61928.768147684605
0.29720237350313095,-0.0050518165503750535,-0.0032500423313529332,0.0024743475826062874,0.008401564125741577,-0.007811776265917539,-0.001978402169606166,0.008856145046821338,-0.0008958917877147849,-0.000861307715833869,61946.84543178973
-0.37271327380422636,0.07463863678715625,-0.003966256715329016,0.0010964477872434293,0.008097811861031043,-0.0065698052009183945,-0.0016882692333478094,0.008887334095301555,-0.0008890023137357344,-0.0008574298256750485,61964.92271589487
-0.26569577754525886,0.10118966802443326,-0.0026046582162961135,-0.0008488911379152624,0.00748495341791365,-0.005271107282252385,-0.001396484328766974,0.008917118189679997,-0.000882073539732042,-0.0008535541443055216,61983.0
0.3632007196569425,0.068115235649033,0.0010530589099464103,-0.0028796351885235936,0.006581311183245839,-0.003921734481483201,-0.0011034730351181517,0.008945497072577979,-0.0008751056290123063,-0.0008496807001091952,62000.768147684605
-0.0037944512629855356,-0.008711233630853061,0.005647604561119981,-0.004497096292096494,0.005407029964533911,-0.002529561190824363,-0.000809660931655833,0.00897247048661682,-0.0008680987448851258,-0.000845809521469896,62018.84543178973
-0.36126190921388135,-0.08298312781897833,0.009450392335967577,-0.005223525521755529,0.003982649792067657,-0.0011028570252729051,-0.0005154735976345038,0.008998038174417827,-0.0008610530506590975,-0.0008419406367716616,62036.92271589487
0.3460850934704107,-0.11040520149408353,0.01073283583323219,-0.00459093323002219,0.002338469975536809,0.0003501084001741321,-0.0002213366123086618,0.00902219987860233,-0.0008539687096428181,-0.0008380740743985452,62055.0
0.3662135024551573,-0.07527861368908159,0.008261898175121813,-0.002341738771646959,0.0005439913600039515,0.0018209298689649362,7.232444506720047e-05,0.009044955341791646,-0.0008468458851448883,-0.0008342098627342577,62072.768147684605
-0.3678182217021828,0.014775135850713878,0.002786740577704464,0.0010863916807022913,-0.0013201750142653522,0.003299966513618457,0.00036508399523861384,0.00906630430660707,-0.0008396847404738999,-0.0008303480301628349,62090.84543178973
-0.31161073445175336,0.09825245693253112,-0.0044479262194868086,0.005084420069728346,-0.0031704807103921685,0.004774668886258729,0.0006565164589510687,0.00908624651566994,-0.0008324854389384542,-0.0008264886050683502,62108.92271589487
0.3629056125146067,0.11905445560529607,-0.012197391476918973,0.00904330833813395,-0.004923405074560981,0.006232515322073201,0.0009461962569500818,0.009104781711601563,-0.0008252481438471489,-0.0008226316158345446,62127.0
-0.21550375641822167,0.04990887674377801,-0.018997359357621448,0.012354018428621912,-0.0064983115640499835,0.007663868267343028,0.0012336978099811715,0.009121909637023253,-0.0008179730185085787,-0.0008187770908455649,62144.768147684605
-0.34841918096622393,-0.05301011106613907,-0.022505193634873577,0.014407512283894995,-0.007815284663910816,0.009059811196122813,0.0015185955387898443,0.009137630034556338,-0.0008106602262313428,-0.0008149250584851891,62162.84543178973
0.3208223496192447,-0.12005927480063755,-0.02027797217926361,0.01472220705391509,-0.008802564871707694,0.010411427582467159,0.0018004638641216147,0.009151942646822116,-0.0008033099303240397,-0.0008110755471373793,62180.92271589487
0.3349158403755062,-0.1116833963594327,-0.01122594900551207,0.013334450326656718,-0.009429515531245249,0.011710190087644751,0.0020788772067219705,0.00916484721644192,-0.0007959222940952635,-0.0008072285851861351,62199.0
-0.31272923639215017,-0.016543807449622267,0.0021174052163304147,0.010440483333257367,-0.009707926453517916,0.01294940339169761,0.0023534099873364547,0.009176343486037054,-0.000788497480853615,-0.0008033842010154189,62216.768147684605
-0.3336393580801692,0.08375308928857603,0.016342640451067373,0.006244656913830516,-0.009659649480286369,0.01412432459645803,0.002623636626710555,0.009186431198228845,-0.0007810356539076904,-0.0007995424230091191,62234.84543178973
0.3383535641688162,0.11430532496113288,0.028040306663502265,0.000951321908489632,-0.00930866034285879,0.015232334693305809,0.0028891315455897813,0.009195110095638604,-0.0007735369765660859,-0.0007957032795512721,62252.92271589487
-0.1365766637030021,0.04401477797058509,0.03431038943704702,-0.005235170842651813,-0.008679396927451049,0.016271276828528438,0.0031494691647196644,0.009202379920887646,-0.0007660016121374011,-0.0007918667990255541,62271.0
-0.3499788885014645,-0.05846076300693374,0.03423653396759947,-0.012056387637532754,-0.007796297120279022,0.017238994148413435,0.0034042239048457028,0.009208240416597282,-0.0007584297239302306,-0.0007880330098161212,62288.768147684605
0.35190388113536,-0.10968678308166571,0.027179950178760695,-0.01902202388318684,-0.006683798807558538,0.018133329799248234,0.0036529701867133984,0.009212691325388841,-0.0007508214752531743,-0.0007842019403071115,62306.84543178973
0.23753768329678637,-0.07531686542418649,0.013177658692670107,-0.025525534352240926,-0.005366339875505468,0.018952126927320304,0.0038952824310682843,0.009215732389883633,-0.000743177029414828,-0.0007803736188820717,62324.92271589487
-0.34621144919397057,0.0050752067292526865,-0.004580653979866921,-0.030944834374207145,-0.00386835821033567,0.019693228678917193,0.004130735058655844,0.009217363352702969,-0.0007354965497237908,-0.0007765480739251121,62343.0
-0.31017254052053267,0.07865765581628671,-0.022113249995099823,-0.034657839278597516,-0.002214291698264993,0.0203544782003263,0.00435890249022161,0.009217583956468173,-0.000727780199488659,-0.000772725333820269,62360.768147684605
0.337340010801209,0.10848807860682406,-0.03543839150927804,-0.0360429834173562,-0.0004280592030772202,0.02093371863783513,0.004579359146511072,0.009216393943800562,-0.0007200281420180297,-0.0007689054269513569,62378.84543178973
-0.19428905030254867,0.0725741630058651,-0.04158357525583225,-0.03447642120584396,0.001464140474860455,0.02142879313773118,0.004791679448269776,0.009213793057321435,-0.0007122405406205013,-0.0007650883817024122,62396.92271589487
-0.33007293154454115,-0.0027435121339362714,-0.0413785686702758,-0.029552069583248745,0.0034192034523661445,0.02183754484630191,0.004995437816243194,0.00920978105081732,-0.0007044175697698555,-0.0007612742264571758,62415.0
0.32488664692765956,-0.07776962094790275,-0.03572321632243203,-0.021798646905318176,0.005389669819946296,0.022157816909834784,0.005190208671176861,0.00920435772847931,-0.0006965594543444819,-0.0007574629896000531,62432.768147684605
0.301941021963486,-0.11094189456836483,-0.02528074711026746,-0.011981487199656561,0.007328079668107338,0.0223874524746173,0.005375566433816275,0.00919752292863917,-0.0006886664533634284,-0.0007536546995145265,62450.84543178973
-0.30618077708061175,-0.09272057597366652,-0.01100408357644828,-0.0008664115101718012,0.009186973087355657,0.02252429468693693,0.005551085524906945,0.009189276495372541,-0.0006807388315896106,-0.0007498493845847061,62468.92271589487
-0.063284696998812,-0.03019520934751037,0.004993129092346726,0.010780759119228035,0.010918890168197748,0.022566186693081178,0.00571634036519439,0.009179618272755052,-0.0006727768537859448,-0.0007460470731944482,62487.0
0.27989629216586126,0.043319865036247907,0.020307065048435415,0.022194203644635146,0.01247637100113997,0.022510953307815242,0.005870923706946349,0.009168548104862338,-0.000664780784715346,-0.0007422477937278122,62504.768147684605
-0.212396524842349,0.09288905211648635,0.032533898444135914,0.03260810102214144,0.013811955676688742,0.022356267553099857,0.00601458009523512,0.009156065855574087,-0.0006567509089447775,-0.000738451574568739,62522.84543178973
-0.2600157293700793,0.10982662292296762,0.03926980343176603,0.04125663020783907,0.014878184285350534,0.022099470252510425,0.00614738627351826,0.009142171467986165,-0.0006486875902573871,-0.0007346584441010959,62540.92271589487
-0.25823506472586305,0.0945520541164123,0.03893909150831499,0.0473957891440787,0.015627596917631794,0.021737823762906637,0.006269497451969062,0.009126864904998476,-0.0006405912122403694,-0.0007308684307089036,62559.0
-0.21157803900042832,0.04816676181602468,0.03310785059458922,0.050539624673112495,0.016012723419557322,0.021268600685629826,0.0063810688407608005,0.009110146129510938,-0.0006324621584809187,-0.000727081562776028,62576.768147684605
0.28115421553247666,-0.0040781700069050745,0.023487214136599485,0.050900089438274725,0.015991435590108617,0.020690736673708483,0.006482255650066773,0.009092015104423468,-0.0006243008125662303,-0.0007232978686865495,62594.84543178973
-0.274213902929711,-0.031952187852271836,0.011617542625489542,0.04882258843649398,0.015552427290014456,0.02000966591969632,0.006573213090060248,0.009072471792635978,-0.000616107558083498,-0.0007195173768241764,62612.92271589487
-0.32230668846311167,-0.044502045946411904,-0.0009608034475967932,0.04460831932926812,0.01472697764167314,0.019232444689908028,0.00665409637091454,0.009051516157048382,-0.0006078827786199173,-0.0007157401155730973,62631.0
0.3421748141389636,-0.0598667477984691,-0.012707463591515733,0.03854917919539839,0.013555666350179752,0.01836612925065828,0.006725060702802895,0.009029148160560592,-0.0005996268577626822,-0.0007119661133170531,62648.768147684605
0.18867939308388318,-0.08562012991826963,-0.02208207731512351,0.030937065113686137,0.012079073120629339,0.017417775868261702,0.0067862612958986554,0.009005367766072518,-0.0005913401790989874,-0.0007081953984401355,62666.84543178973
-0.3624565575898206,-0.09172063464680212,-0.027544284127276233,0.02206387416293251,0.010337777658117003,0.016394440809032962,0.006837853360375044,0.008980174936484082,-0.0005830231262160277,-0.0007044279993262145,62684.92271589487
0.021034433969503084,-0.0503526037730489,-0.027951532989005306,0.012221134508985699,0.008372359667737746,0.015303180339286715,0.0068799921064054,0.008953569634695182,-0.0005746760827009972,-0.0007006639443592826,62703.0
0.3522538893447621,0.015686284643270227,-0.023772241487599027,0.001718629483437285,0.006223398854586687,0.014151050725337587,0.006912832744162982,0.008925551823605755,-0.0005662994321410925,-0.000696903261923286,62720.768147684605
-0.31019929104809724,0.07200015207452128,-0.015982370635216504,-0.00902449252237862,0.003931474923758887,0.012945108233500244,0.0069365304838210845,0.008896121466115695,-0.0005578935581235062,-0.000693145980402037,62738.84543178973
-0.3302184267613402,0.0838453399612827,-0.0057008550714546385,-0.019446109489690114,0.0015371675803493444,0.011692409130089385,0.006951237720951285,0.00886528133972662,-0.0005494588442354335,-0.0006893921281796715,62756.92271589487
0.32485936042010216,0.03134449129381016,0.00556818723592643,-0.02890841538857329,-0.0009189434705468423,0.01040000968141964,0.006957095750058801,0.008833045323006527,-0.0005409956740640681,-0.0006856417336399297,62775.0
0.1922578733663588,-0.042060678324655834,0.014903147816395089,-0.03659411095437746,-0.0033962785238345924,0.00907496615380563,0.006954243680408724,0.008799429479763523,-0.0005325044311966079,-0.0006818948251669592,62792.768147684605
-0.33415391147041384,-0.08518112755589405,0.019074256527398026,-0.04168723456744143,-0.005854257874418874,0.007724334813562058,0.006942820778606549,0.00876444971646531,-0.0005239854992202436,-0.0006781514311446483,62810.84543178973
0.2058333495550495,-0.0635428698477887,0.016070955768315017,-0.04373634955703296,-0.008252301817204618,0.0063551719270035735,0.006922966311257756,0.008728121939579586,-0.0005154392617221722,-0.0006744115799567749,62828.92271589487
0.35644299923273265,0.002691331835031552,0.00806637380118977,-0.04305368388510634,-0.010551101505057716,0.004974533760444793,0.006894819544967881,0.008690462055574057,-0.0005068661022895868,-0.0006706752999874858,62847.0
-0.36387700149338326,0.07544640878094354,-0.001731992384685797,-0.04012514487966671,-0.012717349859037254,0.0035894765802004175,0.006858519746342388,0.008651485970916424,-0.0004982664045096842,-0.0006669426196205221,62864.768147684605
-0.31947647425194636,0.10041207485095079,-0.010116645800019813,-0.03542958739309758,-0.014724792275823911,0.002207056652585068,0.006814206181986793,0.008611209592074388,-0.0004896405519696574,-0.0006632135672401415,62882.84543178973
0.3616094006026426,0.0598970195541723,-0.014437565502789544,-0.029486655727473617,-0.01655652557750151,0.0008343302439134141,0.006762018118506589,0.008569648825515657,-0.0004809889282567007,-0.0006594881712299742,62900.92271589487
0.20400273676647349,-0.03729989396130797,-0.01435590940195844,-0.02293317475107342,-0.01819775485841725,-0.0005216463794999034,0.006702094822507275,0.008526819577707926,-0.0004723119169580096,-0.0006557664599741486,62919.0
-0.34402638119546786,-0.12169515649394093,-0.010417719516584902,-0.01612870214444415,-0.01963368521291838,-0.0018538169513401934,0.006634575560594331,0.008482737755118907,-0.0004636099016607788,-0.0006520484618565719,62936.768147684605
0.2727933902251924,-0.1250629550481858,-0.003482112925764819,-0.009342283265473575,-0.02084952173535213,-0.0031551252052928317,0.006559599599373275,0.008437419264216293,-0.0004548832659522026,-0.0006483342052610217,62954.84543178973
0.33144433706097853,-0.04515463251081369,0.004571697234380318,-0.0028406540568620443,-0.02183046952006571,-0.004418514875043143,0.006477306205449588,0.008390880011467794,-0.00044613239341947665,-0.000644623718571682,62972.92271589487
-0.3328252272098405,0.07984514629233616,0.011131792321048183,0.00310944953869019,-0.022561733661406357,-0.005636929694276502,0.006387834645428795,0.008343135903341101,-0.0004373576676497941,-0.000640917030172423,62991.0
-0.2923359099347524,0.1413451730535148,0.013458717999110885,0.008241291578482779,-0.023028519253721295,-0.006803313396678228,0.006291324185916373,0.00829420284630393,-0.00042855947223035,-0.0006372141684470778,63008.768147684605
0.34725327348785656,0.10098503221125595,0.00978906912861257,0.01234370222925241,-0.02321603139135776,-0.00791060971593366,0.0061879140935177995,0.008244096746823982,-0.00041973819074833934,-0.0006335151617796826,63026.84543178973
0.03939415583512223,-0.0331040011898633,0.002263637350285584,0.01542777609548357,-0.023109048612708186,-0.008952188941682933,0.0060777436348386,0.00819283351136895,-0.00041089420679095727,-0.0006298200385542161,63044.92271589487
-0.35862337072371886,-0.14989932680197332,-0.006000736499965659,0.017560173891097694,-0.02269008618404644,-0.009923684635684766,0.00596095207648428,0.008140429046406538,-0.0004020279039453973,-0.0006261288271546292,63063.0
0.3591622783346319,-0.13964865726836953,-0.012313590949135199,0.018807556330016267,-0.021939004622493683,-0.010823385108850564,0.005837678685060316,0.008086899258404454,-0.00039313966579885353,-0.000622441555964674,63080.768147684605
0.277534037437551,-0.01928453768483435,-0.015689981975810778,0.01923658412616073,-0.02083473960879507,-0.011650503508467734,0.005708062727172205,0.008032260053830401,-0.0003842298759385232,-0.0006187582533684815,63098.84543178973
-0.35529149493782053,0.11547420216599044,-0.015540618924141165,0.018886167512977003,-0.019357731188251674,-0.012405724134129709,0.005572243469425448,0.007976527339152084,-0.00037529891795159824,-0.0006150789477500513,63116.92271589487
-0.30971494409598865,0.14947595628310253,-0.011189352400363655,0.017730162767518973,-0.017509856399607393,-0.01309009907350642,0.005430360178425557,0.007919717020837191,-0.00036634717542527456,-0.0006114036674931241,63135.0
0.3573028566525903,0.07982673577978878,-0.002686897127464873,0.015898467548405924,-0.015335578654755258,-0.013704680414267797,0.005282552120778012,0.007861845005353443,-0.00035737503194674673,-0.000607732440981699,63152.768147684605
0.005354511330888432,-0.051503249130764164,0.007426350486798374,0.013566927479767335,-0.012889264079660047,-0.014250520244083766,0.005128958563088312,0.0078029271991685275,-0.0003483828711032096,-0.0006040652965997941,63170.84543178973
-0.36639250100204745,-0.14469525416311046,0.015996584926336307,0.010911388185732685,-0.010225278800286557,-0.01472867065062428,0.004969718771961974,0.007742979508750151,-0.00033937107648185697,-0.0006004022627312423,63188.92271589487
0.3703345802800891,-0.11476184921378418,0.020453033289781902,0.008107695290431488,-0.007397988942599601,-0.015140183721559241,0.004804972014004466,0.007682017840566024,-0.00033034003166988485,-0.0005967433677602464,63207.0
0.28571698064094264,0.003657800524446552,0.020584376968459286,0.005304370584193045,-0.004461760632563962,-0.015486111544558591,0.004634857555821299,0.0076200581010838365,-0.00032129012025448693,-0.0005930886400704176,63224.768147684605
-0.3722417496164392,0.12002617240469374,0.016850237648452903,0.0025620281773091383,-0.0014709599961444423,-0.015767506207292278,0.0044595146640179755,0.007557116196771304,-0.0003122217258228579,-0.0005894381080459772,63242.84543178973
-0.2729961252616579,0.13807380885271142,0.009652010228994893,-5.260921625600699e-07,0.0015200818997805588,-0.015985419797430213,0.004279082605199987,0.007493208034096117,-0.00030313523196219213,-0.0005857918000706472,63260.92271589487
0.3659891672185452,0.0662636856514484,-0.00027655968589320254,-0.00224483909849142,0.00445877435582282,-0.016140904402642337,0.0040937006459728234,0.007428349519525985,-0.0002940310222596844,-0.0005821497445285195,63279.0
-0.03126893486470636,-0.0531167986538281,-0.010786773052379755,-0.004038893299611472,0.007298962256258761,-0.01623501211059858,0.0039035080529419897,0.007362556559528613,-0.0002849094803025303,-0.0005785119698034087,63296.768147684605
-0.352186216751715,-0.13399826132637113,-0.019376192466680604,-0.005252271284601328,0.009996090616509388,-0.01626879500896888,0.003708644092712996,0.007295845060571695,-0.0002757709896779233,-0.000574878504279351,63314.84543178973
0.3431408382240073,-0.10618876360943255,-0.024026238451809255,-0.005756016254060124,0.012507065063516244,-0.016243305185423166,0.003509248031891317,0.0072282309291229405,-0.00026661593397305823,-0.0005712493763403275,63332.92271589487
0.3309291459608596,-0.004860334270979881,-0.024624811466418643,-0.0054589265871162855,0.014797594631198877,-0.016159598876913643,0.003305463286364753,0.007159730071650043,-0.00025744469677513077,-0.0005676246143701711,63351.0
-0.3283027760633269,0.1026062542683816,-0.021401981862817922,-0.004424793151143759,0.016846692808580872,-0.0160187550701218,0.0030974560217503374,0.007090358394620716,-0.0002482576616713348,-0.0005640042467528444,63368.768147684605
-0.22855128338489974,0.12901510260222945,-0.014455344434018922,-0.002852843333709606,0.018636334045581654,-0.015821881511411878,0.0028854211633478756,0.007020131804502658,-0.00023905521224886403,-0.0005603883018724021,63386.84543178973
0.33079308926628204,0.07534363599798752,-0.004241758506437427,-0.000968185469317385,0.020148492792120644,-0.015570092099748254,0.0026695597890573157,0.006949066207763566,-0.00022983773209491463,-0.0005567768081126402,63404.92271589487
-0.18708266781660293,-0.02449266337859332,0.00724133467214924,0.0010040721075293142,0.02136514349811728,-0.015264519358323032,0.002450091601006326,0.0068771775108711535,-0.00022060560479667996,-0.0005531697938576508,63423.0
-0.3500948740409629,-0.10916885818083381,0.017611348373623326,0.0028388210623269427,0.02226826061349098,-0.01490637030723938,0.002227310798233649,0.006804481620293113,-0.00021135921394135592,-0.0005495672874913036,63441.768147684605
0.35832840860778853,-0.1231182684840511,0.024485695869867083,0.00431095306057193,0.022839818588161188,-0.014496870590828242,0.0020015302040057776,0.0067309944424971515,-0.00020209894311613703,-0.0005459693173973765,63459.84543178973
0.3098519470588827,-0.06069791356293208,0.026016660717489933,0.005195359767760714,0.023061791872047304,-0.01403724585342053,0.0017730626415892068,0.006656731883950966,-0.00019282517590821612,-0.0005423759119601643,63477.92271589487
-0.34749153972793484,0.04247675413840815,0.022430918272463775,0.005332022188935928,0.022916065605263304,-0.013528632429541719,0.0015422209342504255,0.006581709851122272,-0.0001835382959047897,-0.0005387870995632969,63496.0
-0.31341481786999587,0.11788489696821118,0.014229656817302788,0.004812853224835993,0.02239314538731021,-0.012972361650615279,0.0013093179052559353,0.006505944250478759,-0.0001742386866930527,-0.0005352029085908662,63513.768147684605
0.28402097263421944,0.11065779742530071,0.0023352290255366746,0.003761153265789538,0.02151935830231937,-0.012371884482739025,0.0010746663778722287,0.006429450988488131,-0.00016492673186019777,-0.000531623367426853,63531.84543178973
-0.19289636344780514,-0.00039922167970910834,-0.01038499750705837,0.0022917972396361307,0.02033000913303112,-0.01173120412813071,0.0008385791753657949,0.0063522459716181,-0.00015560281499342165,-0.0005280485044550904,63549.92271589487
-0.1968037505447031,-0.11264836207064574,-0.02057740145414448,0.0005196600742153507,0.018860402662185794,-0.011054323789008082,0.0006013691210031359,0.006274345106336356,-0.0001462673196799176,-0.0005244783480594484,63568.0
0.162432155193948,-0.11239050394826267,-0.025044951291518226,-0.0014403833026332463,0.017145843672523732,-0.010345246667588877,0.00036334903805073043,0.006195764299110613,-0.00013692062950688118,-0.0005209129266241481,63585.768147684605
-0.03474425805140581,0.006273328103602987,-0.02197844356115935,-0.0034690298438223573,0.015221636946785258,-0.009607975966090861,0.00012483174977508942,0.006116519456408562,-0.00012756312806150563,-0.0005173522685329209,63603.84543178973
-0.15574231581244438,0.10970257596896328,-0.012777071464354424,-0.005423332598683649,0.013123087267710705,-0.00884651488673177,-0.00011386992055730362,0.006036626484697914,-0.00011819519893098684,-0.0005137964021697664,63621.92271589487
0.17192550455130953,0.07656860083621296,5.905049545994246e-05,-0.007132190790939656,0.010885499418040404,-0.008064866631729365,-0.0003524431496799492,0.005956101290446372,-0.00010881722570251962,-0.0005102453559186283,63640.0
0.2242272926234165,-0.037941896096760984,0.01276096943568454,-0.008418572217722593,0.008544178180514695,-0.0072670344033013805,-0.0005905751143263581,0.0058749597801216295,-9.942959196329754e-05,-0.0005066991581634323,63657.768147684605
-0.27116973511018694,-0.11076911379630708,0.02124400573557709,-0.009105444676164646,0.006134428337873895,-0.0064570214036655735,-0.0008279529912300326,0.005793217860191396,-9.003268130051632e-05,-0.0005031578372881683,63675.84543178973
0.14987680933511052,-0.06696086187390957,0.02246693095442404,-0.009027885559451426,0.0036906522353444752,-0.005638830835039695,-0.0010642639571244795,0.005710891437123374,-8.062687730136965e-05,-0.0004996214216767065,63693.92271589487
0.3463732909324545,0.03196031648456896,0.017609922975984953,-0.008116139032591597,0.001242769251348762,-0.0048164658996414905,-0.0012991951887432094,0.005627996417385267,-7.121256355305255e-05,-0.0004960899397130278,63712.0
-0.34791216426532756,0.10572467786711798,0.009087017281480479,-0.0064994724070850975,-0.0011836965401992954,-0.003993929799688705,-0.0015324338628197214,0.00554454870744477,-6.179012364276045e-05,-0.0004925634197811129,63730.768147684605
-0.3636776303533424,0.11897067900966721,-0.0006401490435106298,-0.004355226873119786,-0.0035627487910559084,-0.0031752257373990926,-0.0017636671560875266,0.005460564213769592,-5.235994115768618e-05,-0.0004890418902647951,63748.84543178973
0.3527418145276006,0.05903309746301338,-0.009342255682577929,-0.0018661255851973799,-0.0058630091886634214,-0.002364356914990401,-0.0019925822452801327,0.005376058842827438,-4.2922399685026415e-05,-0.0004855253795482585,63766.92271589487
0.18913120234522143,-0.03994613225390053,-0.015719249395984333,0.0007837628111019241,-0.008051753929385713,-0.001565326534680378,-0.0022188663071310392,0.005291048501086003,-3.3477882811974854e-05,-0.0004820139160151329,63785.0
-0.32332412715451825,-0.11901806663121028,-0.018703393713161036,0.003410369670197935,-0.010096259209586667,-0.0007821377986867734,-0.0024422065183737542,0.005205549095012992,-2.402677412572527e-05,-0.0004785075280495285,63803.768147684605
0.2888028614992274,-0.130630457883927,-0.01723488763608366,0.005837561819054889,-0.01196380122563016,-1.87939092273374e-05,-0.002662290055741785,0.005119576531076109,-1.4569457213473828e-05,-0.0004750062440354448,63821.84543178973
0.3209513832102477,-0.06465267185949407,-0.010948237857424417,0.007920947974814749,-0.013621656173880068,0.0007207019314801854,-0.002878804095968643,0.00503314671574306,-5.106315662414086e-06,-0.0004715100923567332,63839.92271589487
-0.3193140089296361,0.056497850608693126,-0.002136149744475116,0.00952407232716392,-0.01503710025070027,0.0014323465212180435,-0.0030914358157878245,0.004946275555481539,4.36226694025809e-06,-0.0004680191013972824,63858.0
-0.3448672377208798,0.1380337103800311,0.006246105534953562,0.01051047906578881,-0.01617740965245465,0.0021121366577684865,-0.0032998723919328422,0.004858978956759254,1.3835907007349932e-05,-0.0004645332995411286,63875.768147684605
0.3549389506379513,0.12686363627736288,0.011787952247717443,0.010750378213700765,-0.01701652640883205,0.0027560691389137697,-0.0035038010011372014,0.0047712728260439095,2.3314220951664558e-05,-0.00046105271517227117,63893.84543178973
0.11307772308707012,0.010530662246085334,0.014257596399338162,0.010138818852425924,-0.017553231608036072,0.0033601407624361396,-0.003702908820134407,0.004683173069803203,3.279682518600921e-05,-0.00045757737667448785,63911.92271589487
-0.3563702693121138,-0.11405535732426622,0.013906883262145984,0.008631274965533042,-0.017785879391309302,0.003920552644972006,-0.003896883025657961,0.004594695594504835,4.2283336123188366e-05,-0.00045410731243177797,63930.0
0.2977324873900668,-0.143349930932415,0.010743433437039955,0.006425620933237014,-0.017712437031095072,0.0044349433091436016,-0.004085410794441378,0.004505856306616516,5.1773370176007686e-05,-0.0004506425508282887,63947.768147684605
0.3442184331230423,-0.06962513723190385,0.005055455532117375,0.0037807873036105463,-0.017333556640967713,0.004903636118704137,-0.004268179303218156,0.004416671112605941,6.12665437572723e-05,-0.00044718312024768684,63965.84543178973
-0.3409663654132131,0.0665417416529559,-0.0015022651443004225,0.0009557046247263659,-0.016650510465070757,0.005327574567976042,-0.00444487572872181,0.004327155918940821,7.07624732797878e-05,-0.00044372904907400877,63983.92271589487
-0.22765883526408115,0.1445467731681577,-0.006933299108836047,-0.001790696555342834,-0.01566457074754774,0.00570770215128175,-0.004615187247685838,0.0042373266320888505,8.02607751563588e-05,-0.0004402803656911984,64002.0
0.34575139675411354,0.11809808191188477,-0.009680074259366983,-0.004199485688524331,-0.014377009732542209,0.006044962362943681,-0.004778801036843747,0.004147199158517732,8.976106579979241e-05,-0.0004368370984832735,64020.768147684605
0.1482406213564699,-0.0070096955240760775,-0.009943016790278396,-0.006009163455257104,-0.012789099664197699,0.00634029869728426,-0.004935404272929047,0.004056789404695173,9.926296162289194e-05,-0.00043339927583403037,64038.84543178973
-0.3554938492778757,-0.1279790866307263,-0.008298307888523712,-0.007015203380349474,-0.010908242330975001,0.0065946546486259205,-0.0050846841326752466,0.003966113277088876,0.00010876607903846385,-0.00042996692612756065,64056.92271589487
0.35835132380212353,-0.14584064567097657,-0.005031187613985631,-0.007277175662367777,-0.008768683974647631,0.006809011788709928,-0.0052263658702346874,0.0038751866821665356,0.00011827003445931372,-0.0004265400777477159,64075.0
0.33339996031329416,-0.05867831758965594,-0.000524608635764322,-0.006910330361681905,-0.006422368449825323,0.006984503998952954,-0.005360327049435126,0.0037840255263958626,0.000127774444298246,-0.0004231187590784217,64092.768147684605
-0.3588211373014284,0.07757333027772069,0.004154116041610928,-0.006018539405240835,-0.003932617744538711,0.00712230323819051,-0.005486483311523154,0.0036926457162445585,0.00013727892496806667,-0.0004197029985037512,64110.84543178973
-0.29420334574462886,0.14912999982501926,0.007766583329753574,-0.004703411755649245,-0.0013650168111627428,0.007223581465258105,-0.005604750297745357,0.0036010631581803215,0.00014678309288158068,-0.00041629282440753753,64128.92271589487
0.356096307322232,0.11298078092327533,0.009285653121985033,-0.003066556375511799,0.0012148493979276262,0.00728951063899126,-0.005715043649348332,0.0035092937586708567,0.00015628656445159427,-0.0004128882651737616,64147.0
0.07137560880182048,-0.0221411030474395,0.008556792768427466,-0.0012371377574020871,0.003741395930357462,0.007321281948138044,-0.005817298237491239,0.003417353424183868,0.0001657889560909119,-0.0004094893491863304,64164.768147684605
-0.35187983770539605,-0.14806850838655702,0.0057287991093154305,0.0005636130977018987,0.006149037833751803,0.007320176667281599,-0.00591153901916829,0.0033252580611870556,0.00017528988421233946,-0.000406096104829151,64182.84543178973
0.34938834741648966,-0.15658306740895278,0.0009158488673192667,0.002149085306386377,0.008372190155735716,0.007287547965656878,-0.005997862846025522,0.003233023576148122,0.0001847889652286818,-0.0004027085604863335,64200.92271589487
0.27918747917480696,-0.04712412838661393,-0.005360469087265027,0.0033090364033011425,0.01034526794393425,0.007224762178683651,-0.006076379735893783,0.0031406658755347696,0.00019428581555274482,-0.0003993267445417295,64219.0
-0.3468013203859132,0.0968470311085175,-0.011032996823032482,0.0038227771247441034,0.012002686245972453,0.007133185641781693,-0.0061471997066039254,0.003048200865814701,0.0002037800515973333,-0.00039595068537919063,64236.768147684605
-0.2952393196554032,0.15970874337307084,-0.01365079584288884,0.0034706892570137097,0.013277789059474812,0.007014184690370773,-0.006210432775986802,0.0029556444534556215,0.00021327128977525315,-0.0003925804113827531,64254.84543178973
0.35284107630662265,0.11321001729855149,-0.0114478601505361,0.0021471333031533564,0.014110334241223144,0.006869125659870659,-0.006266188961873259,0.002863012544925232,0.00022275914649930927,-0.0003892159509363056,64272.92271589487
0.006344216339081801,-0.020644732422591634,-0.005406146332623352,0.00019455146294034519,0.014481800834636675,0.0066993748857011245,-0.006314578282094148,0.0027703210466912312,0.0002322432381823073,-0.00038585733242394317,64291.0
-0.3673463701892983,-0.1407797317028253,0.002774526204355114,-0.0019019892280563429,0.014384250131528026,0.006506414514048069,-0.006355710754480318,0.0026775858652213257,0.00024172318123705263,-0.0003825045842294886,64309.768147684605
0.3751786117958509,-0.14764298527666433,0.011564118590552064,-0.0036491891545054546,0.013809280180645282,0.006292189934161917,-0.006389696396862623,0.0025848229069832165,0.00025119859207635046,-0.0003791577347367854,64327.84543178973
0.25379110874547905,-0.04632573718694035,0.019583179887851784,-0.004553748701075745,0.01274837321997038,0.006058762346059227,-0.006416645227071911,0.0024920480784446078,0.00026066908711300647,-0.00037581681232992176,64345.92271589487
-0.3831341884181643,0.0714048690714311,0.02338441413892573,-0.0041284478609237086,0.011199091095973022,0.00580819294975655,-0.006436667262939031,0.0023992772860732003,0.0002701342827598255,-0.0003724818453928601,64364.0
-0.2781364355508911,0.11934900131550145,0.01914842772281976,-0.002105384136432316,0.009188946294069527,0.005542542945270443,-0.006449872522294835,0.0023065264363366965,0.00027959379542961325,-0.0003691528623094522,64381.768147684605
0.3711430919383304,0.08886468267471623,0.005436558740459605,0.0009823043072971543,0.006789024481275109,0.005263873532617462,-0.0064563710229701725,0.0022138114357028,0.00028904724153517523,-0.00036582989146369716,64399.84543178973
-0.12589701416781116,0.0004940121238215158,-0.012507430873906832,0.0043466212173756714,0.004135902542112915,0.00497424591181416,-0.006456272782795891,0.0021211481906392104,0.0002984942374893164,-0.0003625129612394282,64417.92271589487
-0.3416684819898899,-0.07442935569993135,-0.02781651494527109,0.00719216673739991,0.001373560964620361,0.004675721282877091,-0.0064496874936825505,0.0020285522816933395,0.0003079343997048423,-0.00035920210002070014,64436.0
0.2885629821886254,-0.0728161054906435,-0.033544349804381715,0.008753785609421647,-0.0013842643616202184,0.004370360845822815,-0.0064367235381794724,0.0019360379800513617,0.000317367344594558,-0.00035589733619160465,64453.768147684605
0.3186680585247655,-0.017593911378920815,-0.024629910252071213,0.008467121043557256,-0.004037714548998832,0.004060225800667884,-0.0064174883920194775,0.0018436186500829488,0.0003267926885712696,-0.0003525986981357532,64471.84543178973
-0.3200733160107218,0.041302646120526074,-0.004743207383152498,0.00654076552372649,-0.006512194119339753,0.003747377347428852,-0.006392087292551425,0.0017513054177738174,0.0003362100480477816,-0.00034930621423725594,64489.92271589487
-0.15467258130447065,0.03691765219864713,0.019462037393185024,0.0033765488522999555,-0.00873942344682584,0.0034338766861222773,-0.006360624918948215,0.0016591088509337114,0.0003456190394369002,-0.00034601991288007533,64508.0
0.342445884331514,-0.001367968904851206,0.03829820204437016,-0.0006236991683517752,-0.010651122905639921,0.003121785016764719,-0.006323205950382736,0.0015670395173723731,0.00035501927915143015,-0.00034273982244821077,64526.768147684605
-0.17822141683266018,-0.025730399048653162,0.04170537053180865,-0.005104629213553174,-0.01217901286996485,0.0028131635393727227,-0.006279935066027874,0.0014751079848995448,0.00036441038360417703,-0.0003394659713254399,64544.84543178973
-0.33733361163825254,-0.010012317604564357,0.023645373272059855,-0.009745511789303517,-0.013254813713983477,0.0025100734539628485,-0.006230916945056517,0.001383324821324969,0.00037379196920794627,-0.000336198387895799,64562.92271589487
0.3041693027380834,0.028798450698847563,-0.005785671468878932,-0.013666889558874386,-0.013810245811878646,0.0022145759605516524,-0.00617625626664156,0.0012917005944583868,0.00038316365237554286,-0.00033293710054321357,64581.0
0.25714462054377657,0.012290891246219219,-0.030742049042407984,-0.015838003105431698,-0.01377688240030817,0.0019285851216306665,-0.006116057709955893,0.0012002458721095423,0.00039252504951977214,-0.0003296821376516461,64598.768147684605
-0.1904983989521726,-0.03036756166810378,-0.04396345873120846,-0.015199479488274865,-0.01311412583620053,0.0016532305960955454,-0.0060504259541724024,0.0011089712220881765,0.0004018757770534402,-0.00032643352760502195,64616.84543178973
0.13757506710895281,-0.04431896971220374,-0.04016496963407874,-0.011025189482403651,-0.01189490202044212,0.001388711491333783,-0.005979465678463984,0.0010178872122040324,0.00041121545138935193,-0.00032319129878728974,64634.92271589487
0.04450452812009417,-0.0047747306789351265,-0.016267210014610557,-0.004351181583617363,-0.010220554524290063,0.0011350310612370635,-0.0059032815620035225,0.0009270044102668527,0.00042054368894031257,-0.0003199554795824315,64653.0
-0.048889368981230176,0.04520902173211553,0.01527148803693332,0.0033387979011181798,-0.008192426919001496,0.0008921925596970852,-0.005821977548609988,0.0008363326487324616,0.0004298601061191278,-0.0003167260983743474,64670.768147684605
-0.11335727288179452,0.05374279985510841,0.03799644202083069,0.010561002664837163,-0.005911862775833542,0.0006601992406055498,-0.00573565464068669,0.0007458788186410093,0.00043916431933860246,-0.0003135031835469858,64688.84543178973
0.16168261518993915,-0.003328376962523958,0.039860014965777665,0.01583168640057379,-0.0034802056660433504,0.00043905435785414175,-0.005644413105282995,0.0006556490756787299,0.00044845594501154265,-0.0003102867634842931,64706.92271589487
-0.18106370091395227,-0.050905876567563735,0.02609545160558844,0.018014403209917353,-0.000998799160888029,0.00022876116533456992,-0.005548353209448298,0.000565649575531856,0.0004577345995507529,-0.00030707686657013356,64725.0
-0.29598767158022965,-0.042811827662425236,0.004500010134328031,0.017355973920810727,0.0014369480762421267,2.9322916938523914e-05,-0.00544757522023197,0.00047588647388662055,0.0004669998993690391,-0.00030387352118872827,64742.768147684605
0.34314821907864873,0.021191672868652943,-0.018281849754968976,0.014420958134262902,0.003761189017445817,-0.0001592571334422985,-0.005342179404683395,0.00038636592642925547,0.0004762514608792066,-0.0003006767557236331,64760.84543178973
0.17819703642089701,0.039808514531447896,-0.032020204229963066,0.009744692527329794,0.005937299558774856,-0.000336975731916214,-0.005232266029851948,0.0002970940888459952,0.0004854889004940605,-0.0002974865985590692,64778.92271589487
-0.36018131882211807,0.009440480317076574,-0.02879129584213435,0.003881129298381625,0.007934477600302622,-0.0005038296245915057,-0.0051179353627870214,0.00020807711682307198,0.0004947118346264066,-0.00029430307807881424,64797.0
-0.02947740643616416,-0.029887976259031373,-0.01398917690042342,-0.0024641796039375145,0.009721921042102502,-0.0006598155575764898,-0.004999287670537988,0.00011932116604671943,0.0005039198796890499,-0.0002911262226670061,64815.768147684605
0.32490485654550916,-0.03592882554789118,0.003431545279104445,-0.00834584610992728,0.011268827784247887,-0.0008049302769794742,-0.0048764232201542294,3.0832392203169565e-05,0.0005131126520947957,-0.0002879560607074502,64833.84543178973
-0.31285074586749767,0.00898888201261718,0.015626792775468284,-0.012764632500957211,0.01254439572681215,-0.0009391705289087567,-0.004749442278685124,-5.73830490213442e-05,0.0005222897682564497,-0.00028479262058400743,64851.92271589487
-0.3063722672875199,0.04241292166641536,0.0198474996078203,-0.014721301058396856,0.013517822769868678,-0.0010625330594726398,-0.004618445113180058,-0.0001453190019405891,0.0005314508445868169,-0.000281635930680834,64870.0
0.3185479002056203,0.03490631428470995,0.015651560957022612,-0.013560545402532721,0.014170369830898304,-0.001175014614779437,-0.004483531990688407,-0.00023296931086833178,0.0005405954974987027,-0.00027848601938167085,64888.768147684605
0.2000601338194551,-0.01621888158503937,0.006700538326372188,-0.010002784509319157,0.014531549897011652,-0.0012766119409374417,-0.004344803178259554,-0.0003203278201183394,0.0005497233434049126,-0.0002753429150705911,64906.84543178973
-0.34271975908445695,-0.0628400858085025,-0.002318090200225338,-0.005112368693627448,0.014642938972726807,-0.0013673217840549702,-0.004202358942942879,-0.0004073883740043796,0.000558833998718252,-0.00027220664613152024,64924.92271589487
0.07941853591134809,-0.05641233935935292,-0.0076067324867639145,4.635172967110538e-05,0.014546181001608987,-0.0014472088292874755,-0.004056299551787766,-0.0004941448168402188,0.0005679270798515264,-0.0002690772409483838,64943.0
0.36031208251960006,-0.00269088871493187,-0.009031943055651552,0.004513629312520756,0.01428319528232964,-0.0015165996967034896,-0.003906738692036733,-0.0005805909929396237,0.0005770022032175407,-0.00026595472790503334,64960.768147684605
-0.3633215957293967,0.06833444577774221,-0.007828962462096307,0.007808516691766179,0.013895983448277555,-0.0015758496603163065,-0.0037538437317048805,-0.0006667207466163628,0.0005860589852291005,-0.0002628391353856529,64978.84543178973
-0.28066987239094415,0.09434874085726189,-0.005579188598674474,0.009796223841620292,0.01342655073175906,-0.001625304613394849,-0.0035977950184692326,-0.0007525279221842016,0.0005950970422990115,-0.00025973049177394633,64996.92271589487
0.36029327902616953,0.05667794535729987,-0.0036086801171979353,0.010402349353934165,0.012916902365080486,-0.0016653122113329101,-0.0034387711378819326,-0.000838006363956908,0.0006041159908400782,-0.0002566288254540977,65015.0
0.10383219776982013,-0.03655321607874742,-0.002019264087237698,0.009598439895267317,0.012401775357208997,-0.0016962205500555012,-0.0032769502349639266,-0.0009231499162482483,0.0006131154472651068,-0.00025353416480963537,65032.768147684605
-0.3523922461926269,-0.1174962773853689,-0.0007739479163541499,0.007562023221927951,0.011886833823754998,-0.00171837808086287,-0.003112510099360895,-0.0010079524233719906,0.0006220950279869022,-0.0002504465382249373,65050.84543178973
0.259780491650883,-0.11928944704174742,2.7424589466579498e-05,0.004614731711989185,0.011370473656989738,-0.0017321377708100598,-0.0029456240049637486,-0.0010924077296419013,0.0006310543494182699,-0.0002473659740836982,65068.92271589487
0.3452785811273338,-0.043237894267879315,0.00029388276848577385,0.0011591600251597898,0.01085109074918445,-0.0017378653193426284,-0.0027764524932728757,-0.0011765096793717469,0.0006399930279720153,-0.0002442925007699819,65087.0
-0.3107038892848219,0.07353795136124268,0.00023862298864730039,-0.0023469225050019894,0.01032708099261036,-0.0017359295201599236,-0.0026051530115348614,-0.0012602521168752958,0.0006489106800609438,-0.0002412261466676401,65105.768147684605
-0.3407636162396313,0.13351160997723915,0.00028495633406092926,-0.005566025835220741,0.009796840279538728,-0.0017266991669613167,-0.002431883006996287,-0.0013436288864663148,0.0006578069220978609,-0.00023816694016067216,65123.84543178973
0.33922229874144094,0.09504772644685291,0.0006426746291405538,-0.008121860530228727,0.009258764502240776,-0.001710543053446169,-0.002256799926903733,-0.0014266338324585692,0.0006666813704955714,-0.00023511490963311436,65141.92271589487
0.1317968093252369,-0.033171730080667344,0.0007770785095638538,-0.00959252543683605,0.00871124955298775,-0.0016878299733138471,-0.002080061218503776,-0.0015092607991658278,0.0006755336416668813,-0.00023207008346870744,65160.0
-0.3385982251080932,-0.1478549763016741,0.0002237568378064566,-0.009801128831327742,0.008152692659024316,-0.0016589287202637068,-0.0019018243290430032,-0.0015915036309018572,0.000684363352024595,-0.00022903249005156164,65177.768147684605
0.3409023471690193,-0.14929725885791675,-0.0011708771134485603,-0.008844490021084117,0.007581115266456944,-0.0016242080879951153,-0.0017222467057679924,-0.001673356171980425,0.0006931701179815192,-0.0002260021577654546,65195.84543178973
0.28167073747558724,-0.03927976429939349,-0.0032018120940783307,-0.0069116228249606,0.00699301567223775,-0.0015840368702074393,-0.0015414857959253226,-0.001754812266715297,0.0007019535559504581,-0.0002229791149945335,65213.92271589487
-0.3514997349201391,0.10302875557702158,-0.005058463660104775,-0.004288275837004111,0.006384511052286905,-0.0015387838606000382,-0.001359699046761575,-0.0018358657594202412,0.0007107132823442177,-0.00021996339012253909,65232.0
-0.30432731716649286,0.159339185466128,-0.005789801421224932,-0.0012827136726720227,0.005751718582524579,-0.0014888178528722725,-0.0011770439055233367,-0.0019165104944090234,0.0007194489135756032,-0.00021695501153360002,65249.768147684605
0.3644351903433352,0.10420437121734245,-0.004696021721646339,0.0018576178773273963,0.0050907554388709446,-0.0014345076407235094,-0.0009936778194571782,-0.0019967403159954137,0.0007281600660574205,-0.00021395400761143856,65267.84543178973
0.03891153504959478,-0.03986175751431114,-0.0019155127700058712,0.0049618332476696015,0.004397738797246174,-0.0013762220178531125,-0.0008097582358096888,-0.002076549068493175,0.0007368463562024741,-0.00021096040674034792,65285.92271589487
-0.37058380447148337,-0.1632915943000322,0.0022067671983582,0.00787520898997005,0.003668785833570434,-0.0013143297779604408,-0.0006254426018274446,-0.0021559305962160773,0.0007455074004235694,-0.00020797423730388933,65304.0
0.36931652758525135,-0.1637066611619432,0.00732711117011674,0.010443021655844188,0.002900013723763901,-0.0012491997147448615,-0.00044088836475702993,-0.002234878743477886,0.0007541428151335121,-0.00020499552768629705,65321.768147684605
0.33324767513229064,-0.05557459053345771,0.012789134435882029,0.012510547796907476,0.002087539643746742,-0.0011812006219057358,-0.00025625297184502107,-0.00231338735459237,0.0007627522167451077,-0.00020202430627129517,65339.84543178973
-0.3603706290215783,0.09023487537009413,0.016666973171894153,0.013923063964775358,0.001227480769439128,-0.0011107012931424263,-7.169387033800173e-05,-0.002391450273873295,0.000771335221671161,-0.0001990606014429938,65357.92271589487
-0.308065012647769,0.15764203749767772,0.016667103161653613,0.014575732601145695,0.00031604619532314574,-0.0010380705221542943,0.00011263149251744538,-0.002469061345634427,0.0007798914463244776,-0.00019610444158517067,65376.0
0.34847901935231035,0.11762268674083372,0.011124960730275739,0.014558883537932957,-0.0006492957285333474,-0.0009636771026407081,0.0002965656694747437,-0.002546214414189536,0.0007884205071178638,-0.00019315585508200987,65394.768147684605
-0.05080367934030352,-0.013021293341011982,0.001641491499000373,0.01399406236248747,-0.0016662529539539525,-0.0008878898283010283,0.00047995121328731186,-0.0026229033238523865,0.000796922020464123,-0.0001902148703171598,65412.84543178973
-0.33541331764592436,-0.13191634377449685,-0.00935348713474037,0.012993776675269816,-0.0027269800346474923,-0.0008110774928346153,0.0006626306767085654,-0.002699121918936747,0.000805395602776063,-0.00018728151567471216,65430.92271589487
0.3288941695494916,-0.14023017962061848,-0.019430157773514412,0.011669368622546429,-0.0038224660701286373,-0.0007336088899408351,0.0008444466124919253,-0.0027748640437563828,0.0008138408704664869,-0.00018435581953868478,65449.0
0.25880746902105606,-0.04642573690303115,-0.026327103718299185,0.01013218035058373,-0.004943700159912051,-0.0006558528133190508,0.0010252415733908113,-0.002850123542625062,0.0008222574399482013,-0.00018143781029294773,65466.768147684605
-0.3235655909765097,0.07643650966863692,-0.02845651106371014,0.00849355400564815,-0.006081671403512401,-0.0005781780566686267,0.001204858112158646,-0.0029248942598565533,0.000830644927634011,-0.00017852751632146347,65484.84543178973
-0.27064785095232685,0.12733015484701282,-0.02437313437587696,0.0068389995071108465,-0.007227368900444356,-0.0005009534136889218,0.0013831387815488436,-0.002999170039764623,0.0008390029499367222,-0.00017562496600812043,65502.92271589487
0.3391780323592577,0.09063817039505209,-0.013387960098454851,0.005150697866761904,-0.008371781750222575,-0.00042454767807930234,0.0015599261343148241,-0.0030729447266630355,0.0008473311232691389,-0.000172730187736955,65521.0
-0.11661178572260383,-0.01160654083735945,0.0017756144113700997,0.0033849978694961407,-0.009505899052361736,-0.00034932964353912965,0.0017350627232100063,-0.0031462121648655585,0.0008556290640440677,-0.00016984320989172637,65538.7681476846
-0.3661331588460802,-0.10525050624790938,0.017534631011305164,0.0014982483002083725,-0.010620709906376494,-0.0002756681037677687,0.0019083911009878122,-0.003218966198685962,0.000863896388674314,-0.00016696406085652628,65556.84543178974
0.3731125498067337,-0.11968874370035952,0.030306131559057682,-0.0005532020562065822,-0.011707203411781518,-0.00020393185246458245,0.00207975382040166,-0.003291200672438012,0.0008721327135726821,-0.0001640927690153356,65574.92271589486
0.25025909245099015,-0.050836325360540634,0.03718709681715436,-0.0028130044148539208,-0.01275636866809147,-0.00013448968332893267,0.002248993434204967,-0.003362909430435472,0.0008803376551519772,-0.0001612293627520244,65593.0
-0.3563995397541962,0.04866718204248237,0.03799740695321191,-0.0053279537766512345,-0.013759194774821034,-6.771039006018093e-05,0.0024159524951511543,-0.0034340863169921142,0.0008885108298250065,-0.00015837387045051813,65611.7681476846
-0.27226334727129065,0.12124726449640068,0.03321296460402589,-0.008120928706875589,-0.014706670831484862,-3.962766357693984e-06,0.00258047355599364,-0.003504725176421702,0.0008966518540045735,-0.0001555263204948162,65629.84543178974
0.3037004301520902,0.1258275415199208,0.023459955630780155,-0.011071985241054757,-0.01558978593759762,5.638439407916649e-05,0.0027423991694858446,-0.003574819853038005,0.0009047603441034852,-0.00015268674126877013,65647.92271589486
-0.1743139814331868,0.041338645440091686,0.010483595708939062,-0.014024687835825972,-0.016399529192673977,0.00011296229755103856,0.0029015718883811867,-0.0036443641911547892,0.0009128359165345451,-0.00014985516115652712,65666.0
-0.24857591433873702,-0.07258473231416927,-0.0037454002254129577,-0.01682260094782661,-0.017126889696228602,0.00016540215035855727,0.0030578342654330845,-0.0037133520350858197,0.0009208781877105601,-0.00014703160854182787,65683.7681476846
0.2337962660298042,-0.1364419655965508,-0.017273218859570953,-0.019309289033693937,-0.017762856547776144,0.0002133351588023614,0.0032110288533949588,-0.003781777229144867,0.0009288867740443352,-0.0001442161118086533,65701.84543178974
0.14892848432365705,-0.10024972798915965,-0.028394037209265758,-0.021328316550065264,-0.018298418846831307,0.0002563925291830861,0.0033609982050202256,-0.003849633617645694,0.0009368612919486747,-0.00014140869934099818,65719.92271589486
0.055231261530125614,-0.0016453280964429798,-0.03639399360397192,-0.022723247953577917,-0.018724565692908715,0.0002942054678013683,0.00350758487306231,-0.0039169150449020725,0.0009448013578363852,-0.00013860939952277867,65738.0
-0.10920116625986558,0.10100120070196925,-0.040807216701599605,-0.023337647700869196,-0.019032286185523068,0.00032640518095784744,0.0036506314102746277,-0.0039836153552277685,0.0009527065881202718,-0.00013581824073792033,65755.7681476846
-0.2730516424779697,0.15010090454902408,-0.041166583639477214,-0.023014008574370703,-0.019214892618976683,0.00035262287495315797,0.003789980369410595,-0.004049728392936545,0.0009605765992131397,-0.0001330352513704317,65773.84543178974
0.29536097570916203,0.10035807638201123,-0.037197424854334867,-0.021646310337309595,-0.01927500384825844,0.0003725035376237318,0.003925474303223636,-0.004115248002342173,0.0009684110075277941,-0.00013026045980416899,65791.92271589486
0.20157190788983922,-0.026656635379343378,-0.029413656789239274,-0.019350555789181316,-0.01921773442578776,0.00038586465944885975,0.004056955764467169,-0.004180168027758419,0.0009762094294770408,-0.0001274938944231685,65810.0
-0.3391558824494166,-0.13902409315417888,-0.01852665526898667,-0.016298521407099816,-0.019048682191518496,0.0003930070184423258,0.004184267305894609,-0.004244482313499048,0.0009839714814736846,-0.00012473558361122646,65828.7681476846
0.35800239963892155,-0.15470839331415367,-0.0052533936268625275,-0.012661983668179016,-0.018773562361904243,0.00039434876911758715,0.004307251480259381,-0.004308184703877828,0.0009916967799305314,-0.00012198555575247147,65846.84543178974
0.33049211780151183,-0.0744508243439698,0.009298778217765808,-0.008612719049532851,-0.018398090153398577,0.00039030328356111615,0.004425755622741893,-0.004371269043208527,0.0009993849412603861,-0.0001192438392307736,65864.92271589486
-0.2761536527910509,0.05948465746472024,0.022544966628538315,-0.0043225040282752316,-0.01792798078245508,0.0003812610038296161,0.004539649998552324,-0.004433729175804915,0.0010070355818760544,-0.0001165104624300214,65883.0
-0.3904855137968374,0.15029475920105972,0.03153229141696908,3.6884918479874345e-05,-0.017368949465527302,0.0003675864457998917,0.004648830799080743,-0.004495558945980751,0.0010146483181903414,-0.00011378545373417726,65901.7681476846
0.3902910961540991,0.11347226433688815,0.034016632983857244,0.004293671313618548,-0.016726711419068827,0.00034961655516377337,0.004753221785902203,-0.004556752198049809,0.001022222766616053,-0.00011106884152724055,65919.84543178974
0.02327697931622193,-0.02332632689761057,0.030575845500292586,0.00828914726687647,-0.016006981859533236,0.00032768233514730014,0.004852752663057546,-0.004617302776325853,0.0010297585435659934,-0.00010836065419314138,65937.92271589486
-0.3742510481037261,-0.14136628881381882,0.02244030131564827,0.011920847298990948,-0.015215476003374076,0.0003021147889765057,0.0049473531345876134,-0.00467720452512265,0.0010372552654529692,-0.0001056609201158283,65956.0
0.269664415197966,-0.13658334423509189,0.010978295353041503,0.015115246771961818,-0.014357909067044957,0.000273244919877429,0.005036952904533253,-0.00473645128875397,0.0010447125486897852,-0.00010296966767907438,65973.7681476846
0.35044585206267553,-0.03600955829988454,-0.0016975847505845128,0.017802789111392076,-0.013439996266999415,0.0002414037310761033,0.005121481676935301,-0.004795036911533574,0.0010521300096892473,-0.00010028692526711452,65991.84543178974
-0.34151825652077694,0.08746991382129117,-0.012984659473667535,0.019913917742884767,-0.012467452819691045,0.00020690281883840154,0.005200888562794777,-0.004852955237775237,0.0010595072648641598,-9.761272126363404e-05,66009.92271589486
-0.24614013865990828,0.12843981893685527,-0.020199442177242097,0.021379076092042888,-0.01144599394157341,0.0001699761515895155,0.0052752003009533584,-0.004910200111792719,0.0010668439306273285,-9.494708405272466e-05,66028.0
0.3347874524769063,0.07816078593290796,-0.021494698466196952,0.022202602811502048,-0.010381334849100086,0.00013083829079447288,0.0053444630372129045,-0.004966765377899792,0.001074139623391559,-9.229004201827493e-05,66045.7681476846
-0.020178902710724245,-0.030998461805150986,-0.0182814083880617,0.022597622929252506,-0.009279190758724652,8.970379791830011e-05,0.005408722917375263,-0.005022644880410219,0.0010813939595696565,-8.964162354432112e-05,66063.84543178974
-0.33843146769036936,-0.11919500000791756,-0.012459626103117917,0.022502414993774884,-0.008143713311460687,4.678723442602616e-05,0.005468026087242288,-0.005077832463637771,0.001088606555574426,-8.700185701464096e-05,66081.92271589486
0.3415467390819976,-0.11954172037488116,-0.005722040281577527,0.021762208719014294,-0.006972799846561819,2.3031617826756992e-06,0.005522418692615833,-0.005132321971896213,0.0010957770278186745,-8.43707708133077e-05,66100.0
0.34352028330315193,-0.04384073218210375,0.0007272938301744997,0.020221706763519656,-0.00576382064788548,-4.353385854672258e-05,0.005571946879297751,-0.0051861072494993115,0.0011029049927152054,-8.174839332424679e-05,66117.7681476846
-0.34711317206781434,0.06150578869613545,0.005830290321649911,0.017729757866015022,-0.004518292079464235,-9.050926509714284e-05,0.005616656793089891,-0.00523918214076083,0.0011099900666768252,-7.913475293130983e-05,66135.84543178974
-0.25522284611357077,0.1152411988326709,0.008535212877011132,0.014136247285268215,-0.0032387670253744235,-0.00013840849640355842,0.005656596000080641,-0.005291541910281073,0.0011170318661163387,-7.652987801860701e-05,66153.92271589486
0.3485886377210507,0.08959094135504128,0.008249313177916396,0.009304390090010724,-0.0019277983696923966,-0.00018701699100094057,0.005691817747504476,-0.005343187503806429,0.0011240300074465512,-7.393379696991603e-05,66172.0
-0.07761130064945873,-0.008527855198381647,0.00609156126514485,0.003274954219690965,-0.0005879389964945027,-0.00023612018742426424,0.0057223767028824046,-0.005394121287369818,0.0011309841070802685,-7.134653816925472e-05,66190.7681476846
-0.3439094399266618,-0.10241518148062614,0.003142980653522508,-0.0034010280528300406,0.0007782582101429147,-0.0002855035242085022,0.005748327533735438,-0.005444345627004167,0.0011378937814302953,-6.876813000060397e-05,66208.84543178974
0.3394569294940906,-0.11244551645093442,0.0003603612270131237,-0.010048290823829013,0.002168240366143504,-0.0003349524398886252,0.005769724907584584,-0.005493862888742402,0.0011447586469094384,-6.619860084783384e-05,66226.92271589486
0.2602426668154487,-0.034014797357061886,-0.0014301984399051754,-0.015991568189582687,0.003579454587430925,-0.000384252372999611,0.005786623491950853,-0.005542675438617441,0.0011515783199305008,-6.363797909485132e-05,66245.0
-0.33157219564125257,0.06377963067249141,-0.00193547396763736,-0.020545485289427252,0.0050093479899288255,-0.0004331887620764276,0.00579907795435525,-0.005590785642662209,0.0011583524169062897,-6.108629312576662e-05,66262.7681476846
-0.22055826284377528,0.11086675110780606,-0.0010682500680442206,-0.022949349480728704,0.0064553676895608555,-0.0004815470456540503,0.0058071429623187875,-0.005638195866909629,0.0011650805542496108,-5.854357132430202e-05,66280.84543178974
0.33364980130923444,0.09122490159696142,0.0008813482622884838,-0.022438514125053117,0.007914051844066761,-0.0005291126622674527,0.005810873183362476,-0.005684908477392625,0.0011717623483732678,-5.600984207458617e-05,66298.92271589486
-0.1608886278282201,0.014217561523819557,0.0027406418274544845,-0.01885932354034622,0.009378302778450594,-0.0005756710504516059,0.005810323285007312,-0.0057309258401441136,0.0011783974156900673,-5.3485133760507614e-05,66317.0
-0.3462049261002144,-0.06969174328256973,0.0033618151153837405,-0.012456372017315021,0.010840113859532504,-0.0006210076487414875,0.005805547880488242,-0.0057762502669109475,0.0011849853726128138,-5.096947476591793e-05,66334.7681476846
0.35305808092845425,-0.1051275372724341,0.0018214474546177138,-0.0036986486872780315,0.012291478454132625,-0.0006649078956720646,0.005796601619272971,-0.005820884105672753,0.0011915258355543132,-4.8462893475019676e-05,66352.84543178974
0.2670079197281262,-0.07208311964294886,-0.001933185162894631,0.006253583366847852,0.013724389929071117,-0.0007071572297783126,0.005783540112605572,-0.0058648306661855144,0.0011980184209273708,-4.596541827142429e-05,66370.92271589486
-0.22521198926769634,-0.002227374401684884,-0.006879071273343513,0.01588201643752151,0.015130841651168106,-0.0007475410895952057,0.005766419235323557,-0.005908093521798658,0.0012044627451447921,-4.347707753927892e-05,66389.0
-0.3577043587452197,0.06392052485168145,-0.011717789759845672,0.023572355875937416,0.016502826987243747,-0.0007858449136577151,0.005745294864818518,-0.005950676248415688,0.0012108584246193824,-4.0997899662435154e-05,66406.7681476846
0.35098188494700633,0.0879161181798223,-0.01513641620824261,0.02769580373601483,0.01783233930411817,-0.0008218541405008173,0.005720222878482054,-0.0059925824219401215,0.0012172050757639464,-3.852791302500318e-05,66424.84543178974
-0.3189217440724865,0.04977598904956323,-0.015662640509691364,0.02678704155440417,0.019105022919959396,-0.0008553542086594811,0.005691259153705761,-0.006033815618275466,0.0012235023149912902,-3.6067146010649865e-05,66442.92271589486
-0.32861333974907725,-0.01590873552341709,-0.011470459699187953,0.0203184130923055,0.020281231587278615,-0.0008861305566686812,0.00565845956788123,-0.006074379413325229,0.0012297497587142197,-3.3615627003485396e-05,66461.0
0.31727575143339354,-0.06301319211373613,-0.002205771253019009,0.009556605213818188,0.02131539252574182,-0.000913968623063391,0.005621879998400065,-0.006114277382992925,0.0012359470233455387,-3.117338438750914e-05,66479.7681476846
0.2057670524415675,-0.06280178663151456,0.011298539569810799,-0.003475413178175977,0.02216203858396682,-0.0009386538463785839,0.005581576322653852,-0.006153513103182059,0.0012420937252980541,-2.8740446546572688e-05,66497.84543178974
-0.30164683935684666,-0.031160964682086883,0.02573900903683273,-0.01645712941318012,0.022775702610571373,-0.0009599716651492317,0.005537604418034196,-0.006192090149796146,0.0012481894809845695,-2.6316841864564558e-05,66515.92271589486
-0.1765593323439385,0.006999970977646322,0.035595449252265446,-0.027084443756023327,0.02311091745417323,-0.000977707517910309,0.0054900201619326894,-0.006230012098738694,0.0012542339068178916,-2.3902598725668842e-05,66534.0
0.3001300979336941,0.029999419001207443,0.03554848401211189,-0.033704702409232956,0.023122228209744702,-0.0009916590895512841,0.005438879431740927,-0.006267282525913214,0.0012602266192108266,-2.149774551351545e-05,66551.7681476846
-0.25313634749064806,0.02428421765179273,0.02318066304812593,-0.03620229370065819,0.02276422346946879,-0.0010016675621723715,0.0053842381048505045,-0.0063039050072232145,0.0012661672345761776,-1.9102310612251527e-05,66569.84543178974
-0.31693628190464856,0.0011744842718633451,0.0019287422688807696,-0.03486797147869161,0.02200317670449335,-0.001007564411399303,0.005326152058653013,-0.006339883118572201,0.0012720553693267515,-1.6716322405728658e-05,66587.92271589486
0.3314068608127266,-0.017623727015262696,-0.023398078937639913,-0.030046827602464847,0.020852134239516422,-0.0010091756246505587,0.005264677170540061,-0.006375220435863693,0.0012778906398753524,-1.4339809277983148e-05,66606.0
0.25055664386114823,-0.005767821629050706,-0.04689413871930371,-0.02209564851654889,0.019335836984675378,-0.001006327189344627,0.005199869317903235,-0.006409920535001198,0.0012836726626347876,-1.1972799612866578e-05,66623.7681476846
-0.35586823815239366,0.017971790159716918,-0.05925290177998659,-0.011371220665514695,0.017479025850107584,-0.00099884509289999,0.005131784378134131,-0.006443986991888222,0.0012894010540178608,-9.615321794304426e-06,66641.84543178974
0.004940607688469509,0.03108144295715046,-0.053793503000005,0.0015518964962430736,0.015306441745950408,-0.000986555315802343,0.005060478221691554,-0.006477423382428274,0.0012950754304373784,-7.267404206360705e-06,66659.92271589486
0.34319157533022643,0.009172095198823354,-0.027115610079972093,0.015228051475035025,0.012842825582341238,-0.0009692831704247645,0.004986006050921701,-0.006510233282524874,0.0013006954083061445,-4.929075232914707e-06,66678.0
-0.22543874547174608,-0.04446173782118,0.01089412962193297,0.027993819767348063,0.010112918269417437,-0.0009468513948991111,0.004908420493929529,-0.006542420268081521,0.0013062606040369653,-2.600363257864197e-06,66695.7681476846
-0.2822366423191971,-0.06993904914420486,0.04534645444007756,0.03818577686966914,0.0071414607173163665,-0.0009190820638452732,0.004827773515308048,-0.00657398791500173,0.0013117706340426464,-2.812966652547185e-07,66713.84543178974
0.2423104147485971,-0.021209429147696527,0.06760388248246281,0.044140498278485145,0.003953193836175401,-0.0008857972461005144,0.004744117073867632,-0.0066049397991890125,0.0013172251147359941,2.028096161062145e-06,66731.92271589486
-0.10429330349348188,0.06332208122372508,0.07463864161010497,0.04418393597093829,0.0005834820554766541,-0.0008468190105021003,0.0046575031284186545,-0.006635279496546874,0.00132262366252981,4.327786837225575e-06,66750.0
-0.17798974550099017,0.11765640023194172,0.06378727601656285,0.03725849153818211,-0.0028898161179188335,-0.0008019694258872944,0.00456798363777149,-0.006665010582978829,0.001327965893836904,6.617746979065338e-06,66768.7681476846
-0.11813792851336304,0.09026195095838556,0.03285011909416799,0.02493171781758651,-0.006378218657805285,-0.0007510709521497302,0.004475610951792886,-0.006694136634388385,0.0013332514250700785,8.897948202789887e-06,66786.84543178974
0.0027103552735145125,-0.008413324416400787,-0.0086331835988026,0.009430111337911773,-0.00979324353797693,-0.0006939494453916347,0.004380440816558181,-0.006722661226679054,0.0013384798726421398,1.1168362124406786e-05,66804.92271589486
0.19481466081457732,-0.1317983948270291,-0.048023422539738035,-0.007019831372081905,-0.013046408732227972,-0.0006304384807040508,0.004282536697131526,-0.0067505879357543435,0.0013436508529658935,1.3428960359985943e-05,66823.0
-0.23633238791665173,-0.16027829822669476,-0.07268138820602733,-0.022191613783634268,-0.01604923221435266,-0.0005603734651611313,0.004181963890560191,-0.00677792033751777,0.0013487639824541454,1.5679714525624977e-05,66840.7681476846
0.3203172586745217,-0.05775825241569473,-0.07376389993740207,-0.033876956279718304,-0.018713231958145185,-0.00048358980583703055,0.004078787693891432,-0.006804662007872833,0.0013538188775196985,1.7920596237241397e-05,66858.84543178974
0.34035058157371606,0.084293576511057,-0.05711974313380182,-0.040432596279401885,-0.020949925937399798,-0.00039992290980589906,0.003973073404172517,-0.006830816522723047,0.0013588151545753607,2.015157711105059e-05,66876.92271589486
-0.37915901223850085,0.1632648422377726,-0.030425134500860304,-0.04220208567013435,-0.022670832125910707,-0.0003092081841418929,0.003864886318450713,-0.006856387457971927,0.0013637524300339366,2.2372628763016237e-05,66895.0
-0.20491675146842983,0.1468819477314283,-0.0002782549509489936,-0.04000024084636501,-0.023808353379634332,-0.0002112810359191657,0.003754291733773282,-0.006881378389522976,0.001368630320308232,2.4583722809231344e-05,66913.7681476846
0.4049107108949157,0.058506098098074034,0.02857733674720829,-0.03455833867389441,-0.02437843208317592,-0.00010597687221186617,0.0036413549471874924,-0.0069057928932797115,0.0013734484418110508,2.6784830865788913e-05,66931.84543178974
0.13068735629968872,-0.06035532850650722,0.05002827433797799,-0.026586771136360748,-0.024417837131542348,6.810528145265532e-06,0.003526141255740601,-0.006929634545145633,0.0013782064109551992,2.897592454866187e-05,66949.92271589486
-0.38615544924480033,-0.14027241501493276,0.057472268092974094,-0.016795930217402274,-0.023963016849028435,0.0001268668156054513,0.003408715956479885,-0.0069529069210242656,0.0013829038441534828,3.1156975474044806e-05,66968.0
0.3747433208967958,-0.12215469993364025,0.046773920861364685,-0.005930305530423351,-0.02305001285348955,0.0002535709341824829,0.0032891443464525927,-0.0069756135968191005,0.0013875403578187063,3.332795525776288e-05,66986.7681476846
0.28896772321504754,-0.0208759314154504,0.023709198818678938,0.005085429775962644,-0.021714779679111396,0.00038621474422043307,0.0031674917227060037,-0.006997758148433667,0.0013921155683636775,3.5488835516047634e-05,67004.84543178974
-0.3649144243650448,0.08832658600460148,-0.0033038672174200293,0.015117332858796375,-0.019993271860079622,0.0005240870313423669,0.003043826457008377,-0.007019344151771461,0.0013966290922011984,3.763958786493665e-05,67022.92271589486
-0.30851466972117303,0.1186619135941746,-0.025803453413124126,0.02298766785897354,-0.017921443930579917,0.0006664519928662688,0.0029182415094330676,-0.007040375182735999,0.0014010805457440759,3.97801839204675e-05,67041.0
0.3698573568494714,0.06426377870336411,-0.036935319597565,0.027518698917389797,-0.015535250424797937,0.0008125214358462519,0.0027908822303173136,-0.007060854817230794,0.001405469545405115,4.191059529867778e-05,67058.7681476846
0.12464867666427021,-0.04323790828054688,-0.03639854723599965,0.027655677159307127,-0.012870645876919372,0.0009614942464809055,0.002661906890853842,-0.007080786631159347,0.0014097957075971212,4.4030793615678955e-05,67076.84543178974
-0.37972524118716494,-0.1168771010795684,-0.02634578267275583,0.02319540354770664,-0.009969153442718072,0.0011125691531102217,0.002531473920094013,-0.007100174200425175,0.0014140586487329005,4.614075048754555e-05,67094.92271589486
0.3844958267886908,-0.08336062429960932,-0.010663675871199742,0.015496073630951812,-0.006894570764320672,0.001264944884074182,0.002399741747089174,-0.007119021100931781,0.0014182579852252569,4.824043753013043e-05,67113.0
0.2096297578138306,0.0286045778049819,0.005627555846600887,0.006275484857660182,-0.0037162641054419875,0.0014178201677127703,0.0022668688008906854,-0.0071373309085826855,0.0014223933334869979,5.032982635969284e-05,67130.7681476846
-0.39353793971719275,0.12577331332731354,0.017312811638569448,-0.002748565323550758,-0.0005035997297968288,0.001570393732365976,0.002133013510549891,-0.007155107199281389,0.001426464309930926,5.240888859223342e-05,67148.84543178974
-0.28312555098259246,0.12640060892323043,0.020358412346288997,-0.00994312613770178,0.0026740560988999847,0.0017218643063737853,0.0019983343051181465,-0.007172353548931409,0.0014304705309698493,5.4477595843882115e-05,67166.92271589486
0.39955207380598634,0.04539787148087068,0.01578144939837068,-0.01428433259569635,0.005747337116933641,0.0018714306180761774,0.0018629896136468061,-0.0071890735334362525,0.0014344116130165711,5.653591973062109e-05,67185.0
-0.005403882672223583,-0.0686576390567672,0.007080771316642698,-0.01591641371952925,0.008651328032724356,0.002018293656720766,0.001727135604279595,-0.007205270728699427,0.0014382871724838975,5.858383186839556e-05,67202.7681476846
-0.3922759923120455,-0.1331612929336936,-0.001919689524677328,-0.015277535728963173,0.011345351661130747,0.0021616712719467516,0.00159091158476865,-0.007220948710624445,0.0014420968257846344,6.062130387333548e-05,67220.84543178974
0.38052951199127866,-0.08392347936885909,-0.008103320776008689,-0.012836052687488905,0.013818918660739542,0.002300814942243809,0.001454423234015637,-0.0072361110551148215,0.001445840189331586,6.264830736181092e-05,67238.92271589486
0.22521536008765902,0.032569229772182726,-0.011118958465828494,-0.009130584596985236,0.016067973908035722,0.0024349843664567975,0.001317768010567023,-0.007250761338074054,0.0014495168795375596,6.466481394941614e-05,67257.0
-0.3482099629502007,0.12596782742571652,-0.011124875043367628,-0.004897635063214128,0.01808846227950428,0.0025634393443291006,0.001181043272070772,-0.00726490313540566,0.0014531265128153584,6.667079525244733e-05,67275.7681476846
-0.26890239341132927,0.12654949627345283,-0.008455325508740718,-0.0006829935247445713,0.019876328651630183,0.002685439675604102,0.0010443463761748372,-0.007278540023013151,0.0014566687055777895,6.866622288688665e-05,67293.84543178974
0.32649986443136564,0.054702089158606755,-0.003721001419277076,0.003124084959446952,0.021427517900898443,0.0028002451600251813,0.0009077746805271816,-0.007291675576800041,0.0014601430742376565,7.065106846897489e-05,67311.92271589486
-0.1299140254107848,-0.04184632640472546,0.0017420499371891176,0.006159118105763216,0.022737974903794027,0.0029071155973357087,0.0007714255427757612,-0.007304313372669834,0.0014635492352077662,7.262530361434322e-05,67330.0
-0.32786183877571284,-0.10992891441032258,0.0064189526299650145,0.008057623630606992,0.02380364453680191,0.003005310787279078,0.0006353963205685169,-0.0073164569865260334,0.0014668868049009238,7.458889993936174e-05,67347.7681476846
0.33427932664064947,-0.10595910809962422,0.009161921834016354,0.008455119250381017,0.024620471676407112,0.00309409052959867,0.0004997843715534245,-0.007328109994272162,0.0014701553997299333,7.65418290601604e-05,67365.84543178974
0.2506541381457225,-0.04164097014005469,0.010156194250665291,0.007124049968391253,0.0251828168084699,0.0031727146240378597,0.0003646870533784261,-0.007339275971811722,0.001473354636107602,7.848406259264747e-05,67383.92271589486
-0.34569427078183984,0.036312879524069475,0.009395950086205765,0.004401345951129111,0.025478702856351836,0.0032404428703400297,0.00023020172369149104,-0.00734995849504823,0.0014764841304467338,8.041557215289748e-05,67402.0
-0.20987149490396734,0.08392954918901285,0.00667616382793149,0.0008247274747109803,0.0254945125621222,0.0032965908589161308,9.642574014056305e-05,-0.0073601611398851855,0.0014795434991601351,8.233632935698494e-05,67419.7681476846
0.34543735212060095,0.08072071795421078,0.002026946999477906,-0.003064274127446362,0.025216355288234897,0.003340747559792552,-3.65435396263898e-05,-0.007369887482226112,0.00148253235866061,8.424630582094744e-05,67437.84543178974
-0.17540331623528121,0.025241745412932195,-0.003562555261383154,-0.006727368761493998,0.02463008373869547,0.003372760784673469,-0.00016861094119095067,-0.007379141097974512,0.0014854503253609655,8.614547316085953e-05,67455.92271589486
-0.3382129727589509,-0.039621070674998995,-0.008864249723237697,-0.009626266333583114,0.02372150040056439,0.003392541728722371,-0.00029969445664883743,-0.007387925563033892,0.0014882970156740057,8.803380299275875e-05,67474.0
0.3365669658169435,-0.06395548860445367,-0.012650043154671723,-0.011222676749864867,0.022476407760902064,0.003400021539203356,-0.0004297320301963765,-0.0073962444533077695,0.001491072046012536,8.991126693275662e-05,67491.7681476846
0.27005552706524055,-0.030501811700553546,-0.0139977415995037,-0.010981744520534315,0.020884042910812854,0.003395139398968168,-0.0005586696416175409,-0.0074041013446996505,0.0014937750327893632,9.177783659681679e-05,67509.84543178974
-0.3393185474757036,0.024806539846992857,-0.013021391905158013,-0.008575619568220458,0.018953292056511164,0.0033778483815297008,-0.0006864671613574509,-0.007411499813113048,0.0014964055924172911,9.36334836010877e-05,67527.92271589486
-0.13532191782339964,0.059526446679573415,-0.00939151387110638,-0.004452955538518527,0.01672011880399255,0.0033481050244444067,-0.0008130879239047955,-0.007418443434451466,0.0014989633413091262,9.547817956155151e-05,67546.0
0.3402998181203488,0.05350683833132207,-0.0029463774723907875,0.0007443223911593219,0.014226397458186884,0.003305865865268735,-0.0009384952637482486,-0.00742493578461842,0.0015014478958776725,9.731189609426427e-05,67564.7681476846
-0.18632443677971217,0.004790557671311176,0.00493133434834939,0.006374287909511269,0.011514002324024069,0.0032510874415591275,-0.0010626525153764775,-0.00743098043951742,0.001503858872535734,9.913460481546677e-05,67582.84543178974
-0.3320456401126728,-0.050337700698395,0.012007947369319557,0.01179501470523547,0.008624807706433972,0.003183726290872031,-0.0011855230132781665,-0.007436580975051972,0.0015061958876961207,0.00010094627734103033,67600.92271589486
0.3271360434916921,-0.07108806506737302,0.015925817301049344,0.016364576467030118,0.0056006879103464805,0.003103738950763899,-0.0013070700919419918,-0.00744174096712559,0.0015084585577716338,0.0001027468852868817,67619.0
0.15610935999297837,-0.05451175002630322,0.015040299212107333,0.019495550623913168,0.0024811898540670384,0.0030110819587911694,-0.0014272570858566238,-0.007446463991641784,0.0015106464991750817,0.00010453640026939096,67636.7681476846
-0.3290991446625003,-0.02456647299952142,0.010484649259252259,0.020892625910146727,-0.000703449090596658,0.002905711852510292,-0.0015460473295107427,-0.007450753624504059,0.0015127593283192668,0.00010631479390441099,67654.84543178974
-0.04811536274639013,-0.0008081889051373199,0.00380873758142182,0.020607100902653774,-0.0039210396649425406,0.0027875851694777144,-0.0016634041573930177,-0.00745461344963906,0.0015147966696401221,0.00010808203780808556,67672.92271589486
0.3496436825430638,0.03042627826533836,-0.0035116620264113085,0.018747253428246995,-0.007122275516193277,0.0026566584472498935,-0.0017792909039921459,-0.007458047136540512,0.001516758233140677,0.00010983810359642918,67691.0
-0.2692091511909228,0.08101122371893625,-0.010000775769274413,0.015417082040220267,-0.010253571018052708,0.0025128882233832503,-0.0018936709037967712,-0.007461058576623688,0.0015186439507454948,0.00011158296288553947,67708.7681476846
-0.35237442753429277,0.11172236385183905,-0.014182829852194788,0.010720585291867434,-0.013261340544224667,0.0023562310354342544,-0.002006507491295593,-0.00746365171477846,0.001520453807853742,0.00011331658729138472,67726.84543178974
0.3282049737096671,0.07259378490177001,-0.014835638687249322,0.0047607963193434496,-0.016091998468413016,0.0021866434209593458,-0.002117764000977282,-0.007465830495894692,0.0015221877898645823,0.00011503894843022421,67744.92271589486
0.3035325243835904,-0.04416456404272135,-0.011836290923257633,-0.002278192001207934,-0.018691959164321585,0.002004081917514973,-0.002227403767330513,-0.007467598866600675,0.001523845883915596,0.000116750017917763,67763.0
-0.23082410217634391,-0.13032538176243558,-0.005688821545199968,-0.009839894081670889,-0.021007637005654244,0.0018085030626575718,-0.0023353901248439595,-0.007468960822062137,0.0015254281256818127,0.00011844976737033422,67780.7681476846
0.17907098472545782,-0.07933915191981893,0.0024676905958965966,-0.017148212945654898,-0.02298544636611482,0.0015998633939435982,-0.0024416864080062935,-0.00746992052551839,0.00152693471891183,0.00012013816840397548,67798.84543178974
0.0723354229927632,0.05932862452559418,0.009755659379272813,-0.023350274258126368,-0.02457180161940715,0.0013781194489295018,-0.0025462559513062047,-0.007470482181792511,0.0015283659089380328,0.00012181519263466893,67816.92271589486
-0.12476327203496759,0.13937450165635346,0.01276565989638833,-0.027476797374042718,-0.02571311713923511,0.0011432277651717314,-0.0026490620892323626,-0.007470649995707599,0.001529721941092807,0.0001234808116785122,67835.0
0.02004147972313528,0.05537533475698567,0.009409969606870735,-0.028901569959916402,-0.02635580729930252,0.000895144880226714,-0.0027500681562734413,-0.0074704281720867375,0.0015310030607085386,0.00012513499715154284,67853.7681476846
0.16840262806541426,-0.08415392683190848,0.0022198977253423437,-0.02768647929594054,-0.026462682388175757,0.0006338273316509181,-0.0028492374869181136,-0.007469820915753025,0.0015322095131176112,0.00012677772066982154,67871.84543178974
-0.2212264894069019,-0.1359823556292262,-0.005132491881034205,-0.023989949598785535,-0.026062325390728346,0.00035942069385790597,-0.002946533415655065,-0.00746883243152955,0.0015333415436524123,0.00012840895384947366,67889.92271589486
0.1348254624404033,-0.05368828959755222,-0.009627742877295713,-0.018029633727359787,-0.025200471354124884,7.282668868972036e-05,-0.003041919276972963,-0.007467466924239397,0.001534399397645328,0.00013002866830633816,67908.0
0.33536682181585203,0.06862585858342027,-0.010806801505984025,-0.010375710320266494,-0.02392304436238699,-0.00022486392515445717,-0.0031353584053604934,-0.007465728598705658,0.0015353833204287425,0.00013163683565665582,67926.7681476846
-0.3709648449008934,0.1241536801521603,-0.008683838601140418,-0.001853365513909344,-0.022275968499536343,-0.0005325603889754531,-0.003226814135306321,-0.007463621659751428,0.0015362935573350394,0.00013323342751654275,67944.84543178974
-0.2685216374656283,0.09983492289301307,-0.0036523969138201598,0.006745096061904635,-0.020305167849594668,-0.0008491719440741093,-0.0033162498012991224,-0.007461150312199795,0.001537130353696608,0.00013481841550183797,67962.92271589486
0.3844137270239971,0.026848413573844633,0.0024872918987787073,0.014648097041840641,-0.018056566496583572,-0.0011736078317512416,-0.0034036287378275795,-0.007458318760873846,0.0015378939548458329,0.00013639177122887458,67981.0
0.2139382445870053,-0.05557324374372875,0.007588505769040767,0.021084060060563965,-0.015576088524524776,-0.0015047772933076697,-0.0034889142793803687,-0.00745513121059668,0.001538584606115098,0.00013795346631345002,67998.7681476846
-0.3624223808427215,-0.10973415291295582,0.009504522629350587,0.02528140775273983,-0.012909658017439898,-0.001841589570044241,-0.0035720697604461685,-0.0074515918661913726,0.00153920255283679,0.00013950347237176816,68016.84543178974
0.18279530054430196,-0.10569597951034476,0.006876965787719928,0.02663103322506566,-0.010103199059350641,-0.002182953903261782,-0.0036530585155136416,-0.007447704932481024,0.0015397480403432939,0.0001410417610197742,68034.92271589486
0.3467499079032956,-0.04278184840841456,0.0014544424799162428,0.0252408710598855,-0.0072008711874018815,-0.0025277795342611006,-0.0037318438790714774,-0.007443474614288726,0.001540221313966996,0.00014256830387367197,68053.0
-0.3449007126338308,0.055161966457391694,-0.004411684981679537,0.021650592896595548,-0.004240403986178405,-0.002874975704343046,-0.0038083891856083418,-0.007438905116437565,0.0015406226190402804,0.00014408307254946213,68070.7681476846
-0.2885119320510163,0.11068338170784713,-0.00841645185943989,0.016469542901898376,-0.0012602754331764196,-0.003223451654808437,-0.003882657769612917,-0.007434000643750632,0.001540952200895535,0.0001455860386629975,68088.84543178974
0.34475730705786445,0.08687977308274944,-0.008862780924831105,0.010307693477443652,0.0017004082591607968,-0.00357211662695808,-0.003954612965573884,-0.007428765401051019,0.0015412103048651437,0.0001470771738307221,68106.92271589486
0.09565185947347274,-0.01889373101626534,-0.006419670333220361,0.0037095423724067124,0.004602540878390002,-0.00391987986209285,-0.004024218107979909,-0.0074232035931618085,0.0015413971762814897,0.00014855644966840564,68125.0
-0.3420422972582331,-0.11956923744375894,-0.0021501080297372135,-0.0029943103833685487,0.007407016212067892,-0.0042656506015135405,-0.004091436531319669,-0.007417319424906104,0.0015415130604769652,0.0001500238377921134,68143.7681476846
0.3424031834214305,-0.12764372206702557,0.0027280336196308656,-0.00931838033918031,0.010074728047751209,-0.004608338086520974,-0.00415623157008186,-0.00741111710110698,0.0015415582027839484,0.00015147930981807695,68161.84543178974
0.32719001879084164,-0.039160410707704256,0.006837338548712638,-0.01461576010948502,0.012566570172996692,-0.004946851558416011,-0.004218566558755122,-0.00740460082658754,0.0015415328485348294,0.00015292283736230612,68179.92271589486
-0.3511865750462729,0.08860745504857724,0.00877955211889977,-0.01821118679767018,0.014843436375361053,-0.005280100258499453,-0.004278404831828149,-0.007397774806170867,0.001541437243061992,0.0001543543920407277,68198.0
-0.2995590993451232,0.14346147174047819,0.007295837462727102,-0.01957164091862806,0.016870925317420616,-0.005606993428072135,-0.0043357097237896255,-0.007390643244680056,0.0015412716316978207,0.00015577394546949008,68215.7681476846
0.36179822093930025,0.09514778706938856,0.002251773034216367,-0.01878201816062153,0.018638308050678776,-0.00592644030843488,-0.004390444569128217,-0.007383210346938194,0.0015410362597747039,0.0001571814692646678,68233.84543178974
0.10547027381136571,-0.040733254370832035,-0.004052479473940673,-0.016265223732824696,0.020158972057053793,-0.006237350140888524,-0.004442572702332605,-0.007375480317768375,0.0015407313726250266,0.00015857693504216913,68251.92271589486
-0.3591177001457602,-0.1552618331021637,-0.008712173486845269,-0.01252342807842404,0.02145115770731272,-0.0065386321667338905,-0.004492057457891466,-0.007367457361993679,0.0015403572155811716,0.00015996031441823486,68270.0
0.25875471662136085,-0.145833486558681,-0.009395797342015576,-0.008166386786369972,0.022533105372222625,-0.0068291956272718175,-0.004538862170293468,-0.0073591456844372075,0.0015399140316183792,0.00016133158136596637,68287.7681476846
0.3438418071286398,-0.03297033740420338,-0.006583783195717118,-0.0037151918595888047,0.023423055422550545,-0.007107949763803102,-0.004582950174027297,-0.00735054948992205,0.0015394020542832919,0.00016269071928731127,68305.84543178974
-0.33833364617633754,0.11078281232395257,-0.0017076872199442105,0.0005793686565411615,0.024139248229063555,-0.007373803817628607,-0.004624284803581616,-0.007341672983271291,0.0015388215147654053,0.00016403771394098545,68323.92271589486
-0.3214625478131355,0.1632018475556182,0.003736785844141675,0.004530655285808731,0.024699924162528742,-0.0076256670300491585,-0.0046628293934451144,-0.007332520369308021,0.0015381726442542161,0.00016537255108601878,68342.0
0.3438047264570567,0.10235816875289394,0.008315886964739262,0.007952028552002754,0.025123323593713113,-0.007862448642365554,-0.004698547278106454,-0.007323095852855336,0.00153745567393922,0.00016669521648147816,68360.7681476846
0.06626304828270627,-0.04415289386921752,0.010843689947488067,0.010656848978912059,0.025427814882927103,-0.008083185885421982,-0.004731401792054332,-0.00731340363873632,0.0015366708350099136,0.00016800569588618105,68378.84543178974
-0.3666777744903872,-0.16750190200240778,0.0101625761687243,0.012492125228988994,0.025632377981115735,-0.008287527580697254,-0.004761356269777403,-0.007303447931774064,0.0015358183586557895,0.00016930397505916656,68396.92271589486
0.37739057924655534,-0.1636348211305296,0.005528982467270873,0.013464701031380425,0.025756504525844204,-0.0084756342362903,-0.0047883740457643565,-0.007293232936791666,0.0015348984760663472,0.00017059003975921524,68415.0
0.20680608465403966,-0.038748586254967216,-0.0015449570390700484,0.013718434109667268,0.025817302350777584,-0.00864767836400878,-0.004812418454503866,-0.007282762858612205,0.0015339114184310819,0.00017186387574547702,68432.7681476846
-0.3841814210775648,0.107502101667539,-0.008619446819039374,0.013432165230361894,0.02582198642032391,-0.00880368013729433,-0.0048334528304846,-0.007272041902058781,0.001532857416939488,0.00017312546877677867,68450.84543178974
-0.26136622329710235,0.17431891087037762,-0.013159937992298849,0.012787760169408835,0.025774621132267365,-0.008943534172396865,-0.004851440508195247,-0.007261074271954474,0.0015317367027810624,0.00017437480461209465,68468.92271589486
0.3720593234574678,0.1307438658100836,-0.013250117882710041,0.011906191173379396,0.025679089269058347,-0.009067110770688426,-0.0048663449722157704,-0.007249864023031083,0.0015305495071453001,0.00017561186901028858,68487.0
-0.008009033084252387,-0.010763963188254767,-0.009481877551154108,0.010699486089749277,0.02553927361314729,-0.009174280233541002,-0.004878130327688572,-0.0072384145894579845,0.0015292960564911781,0.00017683665246112241,68504.7681476846
-0.35971012142157,-0.14929064253661278,-0.0032063799435959103,0.009159657617049064,0.02535905694698463,-0.009264912862326662,-0.004886760952380505,-0.0072267291327800685,0.0015279765583078794,0.00017804916442359627,68522.84543178974
0.36104322909129133,-0.17658123779204518,0.004189953073778724,0.007313977374030302,0.025142322053020746,-0.009338878958417379,-0.004892201411232961,-0.007214810627367724,0.0015265912151632432,0.0001792494192782326,68540.92271589486
0.27604015202854226,-0.0746076367611749,0.011176558955915435,0.005189716979444527,0.024892951713706073,-0.00939604882318517,-0.004894416394833874,-0.007202661921944791,0.0015251402295774026,0.00018043743145348053,68559.0
-0.37650871281572684,0.08082032924496638,0.01564631244228559,0.002814148052043274,0.024614828711491035,-0.009436292758002084,-0.004893370930215312,-0.007190285528790955,0.00152362380407049,0.000181613215377676,68576.7681476846
-0.33362125304805657,0.16796549699485347,0.01532976083846149,0.00023272896560858487,0.02431183582882602,-0.009459478907072577,-0.004889032288820568,-0.007177683872942214,0.001522042141162635,0.00018277678547909954,68594.84543178974
0.38388936270045876,0.14186211099758958,0.008875965513361787,-0.0024327226855025983,0.023987855848161484,-0.009465452811736975,-0.004881390345792522,-0.0071648593785991815,0.0015203954433739707,0.00018392815618614256,68612.92271589486
-0.09428804158438006,0.005993930009695449,-0.0011191545852524316,-0.005027753750091315,0.023646771551947814,-0.009454001959391391,-0.004870493030218214,-0.007151814469962474,0.00151868391322463,0.00018506734192686396,68631.0
-0.36483862986650656,-0.12481417254648632,-0.011068419426151728,-0.007394298876505719,0.023292465722635432,-0.009424899863237824,-0.004856402245378798,-0.00713855157123271,0.001516907753234741,0.0001861943571298029,68649.7681476846
0.3488948714873239,-0.1384137608458024,-0.017384648978106685,-0.00937429271309398,0.022928821142674766,-0.009377920036478247,-0.004839179894555486,-0.00712507310661051,0.0015150671659244393,0.00018730921622322143,68667.84543178974
0.3185922107485029,-0.0489321825882713,-0.017424721062906615,-0.010812303168150801,0.022559720594516226,-0.009312835992314646,-0.0048188878810294464,-0.007111381500296488,0.0015131623538138569,0.0001884119336353078,68685.92271589486
-0.32731871628468634,0.07122383145105272,-0.012291746901837508,-0.011593429202335475,0.022189046860610216,-0.009229421243949007,-0.004795588108081852,-0.0070974791764912655,0.001511193519423123,0.0001895025237946196,68704.0
-0.2189938281739883,0.10802505597010896,-0.003912903518890562,-0.011722704216085534,0.021817991852925267,-0.00912744930458332,-0.004769342478993884,-0.007083368559395458,0.0015091608652723714,0.00019058100112919724,68721.7681476846
0.3362947853778027,0.06452634996350885,0.005670716918902491,-0.01122401658340764,0.021436604444420672,-0.009006693687419576,-0.004740212897046733,-0.007069052073209688,0.0015070645938817342,0.00019164738006737672,68739.84543178974
-0.0995507807505084,-0.0183759595332665,0.013842369622033848,-0.010117045579499802,0.02103072440924703,-0.008866927905659756,-0.004708261265521573,-0.007054532142134566,0.0015049049077713417,0.00019270167503793734,68757.92271589486
-0.34495587253488474,-0.07993419147434101,0.017841396645376775,-0.00842109092247835,0.020585811964473254,-0.00870792547250584,-0.004673549487699581,-0.007039811190370716,0.0015026820094613275,0.0001937439004685131,68776.0
0.327750944847682,-0.07753414212290913,0.015571211734143144,-0.006188827510704473,0.020087327327168288,-0.008529459901159815,-0.004636139466861954,-0.007024891642118751,0.0015003961014718227,0.00019477407078780941,68793.7681476846
0.27209390374286985,-0.04521199627562288,0.007923320365315631,-0.0036064309635189095,0.01952073071440103,-0.008331304704823655,-0.004596093106289856,-0.007009775921579292,0.0014980473863229582,0.0001957922004241623,68811.84543178974
-0.23728905086035654,-0.0018205677641819913,-0.002219480412119406,-0.0008934520805072807,0.01887148234324042,-0.008113233396699357,-0.004553472309264474,-0.006994466452952954,0.0014956360665348669,0.0001967983038056121,68829.92271589486
-0.12152391716495768,0.04041546780122354,-0.011642588578759343,0.0017305583387447947,0.01812504243075538,-0.0078750194899889,-0.004508338979066983,-0.006978965660440362,0.0014931623446276803,0.00019779239536071654,68848.0
0.12336119908087939,0.06246154235563071,-0.017131402115201574,0.004046049494651704,0.017266871194014845,-0.0076164364978942856,-0.004460755018978568,-0.00696327596824213,0.0014906264231215325,0.00019877448951766371,68865.7681476846
-0.028088554340986508,0.04449593633758667,-0.01640259724214765,0.005870646794174532,0.016282428850087724,-0.00733725793361748,-0.0044107823322804135,-0.006947399800558868,0.0014880285045365514,0.00019974460070478853,68883.84543178974
0.0068616833497188705,-0.01564337467854551,-0.010897963140715798,0.00717068047046123,0.015157175616042939,-0.007037257310360466,-0.004358482822253696,-0.006931339581591203,0.0014853687913928707,0.00020070274335041419,68901.92271589486
0.024743904584297823,-0.06764444473587418,-0.0029905672321284067,0.007947720735168024,0.013878507936987876,-0.006716208141325252,-0.004303918392179596,-0.006915097735539752,0.0014826474862106233,0.00020164893188283857,68920.0
-0.12881698440082032,-0.07678324168263487,0.004946523062392157,0.008195592887797344,0.012441567170183639,-0.006373883939713803,-0.004247150945339292,-0.00689867668660513,0.0014798647915099394,0.00020258318073041498,68938.7681476846
0.21621640022127028,-0.055423096690705394,0.010903126054788746,0.007901286474425428,0.010848330426317606,-0.006010058218728109,-0.004188242385013974,-0.006882078858987957,0.0014770209098109526,0.00020350550432135704,68956.84543178974
0.25493431788888665,-0.011670259476031633,0.014320602989665266,0.007032192939577306,0.009120372917628301,-0.005624504491570156,-0.004127254614484808,-0.006865306676888851,0.0014741160436337949,0.00020441591708408378,68974.92271589486
-0.3080564323153978,0.0485665948680115,0.014989473821906974,0.005564531225274079,0.007284169381742075,-0.005216996271441928,-0.004064249537032985,-0.006848362564508426,0.0014711503954985964,0.00020531443344678344,68993.0
-0.15789195247548776,0.10758619241453453,0.012606834072895087,0.003567944707040941,0.005366194556285275,-0.004787307071545406,-0.00399928905593969,-0.006831248946047305,0.001468124167925489,0.0002062010678379305,69011.7681476846
0.352322040951551,0.1117280696985733,0.006881790784484387,0.0012798691511616738,0.0033929231788842147,-0.004335210405082584,-0.003932435074486086,-0.006813968245706104,0.0014650375634346062,0.000207075834685667,69029.84543178974
0.08143279703472557,0.026071290120719858,-0.0013330577350698536,-0.0010237433341112679,0.0013908299871652557,-0.0038604797852554392,-0.0038637494959533666,-0.006796522887685441,0.001461890784546077,0.00020793874841844895,69047.92271589486
-0.3333458822378735,-0.08148260760250774,-0.009154141412518742,-0.0030669406405254202,-0.0006136102812452906,-0.0033628887252659563,-0.0037932942236227106,-0.006778915296185934,0.0014586840337800383,0.0002087898234644738,69066.0
0.2454691450055593,-0.12689771660174576,-0.013235098211173116,-0.004573770659828348,-0.0025939228887210423,-0.002842210738316118,-0.0037211311607753066,-0.006761147895408198,0.0014554175136566175,0.0002096290742521514,69083.7681476846
0.3098641352209613,-0.07873880525220872,-0.011285028188041384,-0.005315258529628335,-0.004523633097635699,-0.0022982193376079336,-0.0036473222106923123,-0.0067432231095528525,0.0014520914266959468,0.00021045651520966996,69101.84543178974
-0.3131393547874831,0.05119081508087986,-0.0052176665358512845,-0.005267551610048216,-0.006376266170362903,-0.0017306880363433532,-0.0035719292766549318,-0.006725143362820518,0.0014487059754181603,0.0002112721607654393,69119.92271589486
-0.24250225316328752,0.1315217573195527,0.0020666424152574287,-0.004524857844953021,-0.008123116987680399,-0.0011393903477243828,-0.0034950142619443333,-0.006706911079411808,0.001445261362343389,0.00021207602534775849,69138.0
0.34179078137741414,0.10799234374797824,0.007998788784697827,-0.003205889629534772,-0.009728189218110365,-0.0005240997849529984,-0.003416639069841707,-0.006688528683527347,0.0014417577899917642,0.00021286812338500041,69155.7681476846
0.06165780900415436,-0.018233907077264907,0.01126574753380894,-0.0014250684840686689,-0.01115977740509179,0.00011541013876880597,-0.0033368656036282225,-0.006669998599367745,0.0014381954608834184,0.00021364846930519162,69173.84543178974
-0.3557866562293433,-0.12849495169426992,0.01089275936654742,0.0006805698531621587,-0.012387806406191854,0.000779365910239042,-0.003255755766585062,-0.006651323251133625,0.0014345745775384828,0.00021441707753689442,69191.92271589486
0.22412420238208589,-0.11260350870834986,0.0065515737687868525,0.0028679402777314067,-0.01338220107897776,0.0014679940162557444,-0.0031733714619934113,-0.006632505063025604,0.0014308953424770903,0.00021517396250845858,69210.0
0.3405201073645788,-0.00448504020887682,0.00013630737202625887,0.004833428202682424,-0.014112966219454293,0.0021816008820545432,-0.0030897745931344487,-0.0066135464592442985,0.0014271579582193711,0.0002159191386479938,69228.7681476846
-0.33246843594995623,0.11038274949322353,-0.005909392538862967,0.0062643478034600224,-0.014550082885234222,0.0029204691944790147,-0.0030050270632893546,-0.006594449863990331,0.0014233626272854589,0.00021665262038403926,69246.84543178974
-0.19394322187874016,0.12450645573616038,-0.009141878679009438,0.006848013255508939,-0.014661766515730664,0.003683116022173154,-0.002919190775739313,-0.006575217701464308,0.0014195095521954849,0.00021737442214476467,69264.92271589486
0.33603089684624304,0.04971598706294708,-0.007917103755206954,0.00636050463611558,-0.014422189251458419,0.00446559443466293,-0.002832327633765501,-0.006555852395866858,0.0014155989354695795,0.00021808455835846906,69283.0
0.04050771675624365,-0.05856187808646395,-0.0037894204409100705,0.004932965629932602,-0.013837797826911467,0.005262549294575022,-0.002744499540649097,-0.006536356371398599,0.001411630979627879,0.00021878304345347916,69300.7681476846
-0.3585252303501772,-0.12810784174938933,0.0008872185987615214,0.0027916360102135745,-0.01292955570885462,0.006068391309828003,-0.002655768399671286,-0.006516732052260145,0.0014076058871905091,0.00021946989185808475,69318.84543178974
0.3670583750278363,-0.10269802088653139,0.0041624879197821405,0.00018807629724916823,-0.01174374711108979,0.006877531188340429,-0.002566196114113245,-0.006496981862652112,0.0014035238606776065,0.00022014511800066798,69336.92271589486
0.2785417049378367,-0.012842393889668754,0.0057216119460664185,-0.002640863785474696,-0.010332986434178206,0.007684379638030884,-0.0024758445872561626,-0.00647710822677512,0.0013993851026093001,0.00022080873630953715,69355.0
-0.26105885107122156,0.09164471612692582,0.005754597673879413,-0.005559489865728496,-0.008749888078681056,0.008483347366817917,-0.0023847757223812087,-0.006457113568829787,0.0013951898155057246,0.00022146076121295428,69372.7681476846
-0.36125450963224803,0.14077559223084293,0.004504044755829035,-0.008484700227625567,-0.007047066445159555,0.009268845082620108,-0.002293051422769568,-0.006437000313016732,0.0013909382018870093,0.0002221012071392554,69390.84543178974
0.3526564673453932,0.0800791654126716,0.0022342856340941456,-0.011204728591391046,-0.0052771359341749185,0.010035283493356022,-0.002200733591702421,-0.006416770883536574,0.001386630464273287,0.00022273008851677643,69408.92271589486
0.013446831491329555,-0.0500227362898341,-0.00022517183053199922,-0.01347340179453418,-0.0034907038337821687,0.010777073306944232,-0.0021078841324609536,-0.006396427704589926,0.0013822668051846898,0.00022334741977373329,69427.0
-0.3371546814234034,-0.14862166633377888,-0.001894422423797088,-0.015052575124588904,-0.001730348982011601,0.011488625231303302,-0.002014564948326345,-0.006375973200377409,0.0013778474271413494,0.0002239532153385266,69445.7681476846
0.3341976045481022,-0.13004880186899911,-0.0021004348026700415,-0.015702177346974062,-3.601935093516547e-05,0.01216434997435179,-0.001920837942579762,-0.006355409795099643,0.0013733725326633996,0.00022454748963939076,69463.84543178974
0.22084244421959787,-0.01787413297957833,-0.001393133149745033,-0.015172157526234312,0.0015560469795351652,0.012798658244008275,-0.0018267650185024003,-0.006334739912957243,0.0013688423242709691,0.00022513025710467092,69481.92271589486
-0.3391912966136832,0.1065555557520622,-0.0006042174962113219,-0.013238488628324285,0.0030150951963445957,0.013385960748191325,-0.0017324080793754359,-0.0063139659781508255,0.00136425700448419,0.000225701532162777,69500.0
-0.2315940625825758,0.14417079016956985,-0.0004918781685466721,-0.009751868202261342,0.004311585364789627,0.0139206681948195,-0.001637829028480054,-0.0062930904148810075,0.0013596167758231957,0.0002262613292418602,69517.7681476846
0.3491579478490108,0.08888539500390893,-0.0013879463933593509,-0.004789897951170943,0.0054159775501667305,0.014397191291811377,-0.0015430897690974254,-0.006272115647348418,0.0013549218408081185,0.00022680966277033041,69535.84543178974
-0.12476411498843135,-0.02978397359140961,-0.002529759400753072,0.001273146208362444,0.006298731817772404,0.014809940747085524,-0.0014482522045087423,-0.00625104409975366,0.0013501724019590895,0.00022734654717643121,69553.92271589486
-0.3519345489081689,-0.12353566626487157,-0.0027045307089919525,0.007812319593676197,0.006930308232903114,0.015153327268560493,-0.0013533782379951714,-0.006229878196297359,0.0013453686617962398,0.000227871996888554,69572.0
0.3490795388635889,-0.11530866279021394,-0.0009459318332826603,0.013954574057241449,0.007281166860855352,0.015421761564154871,-0.0012585297728379037,-0.006208620361180133,0.0013405108228397022,0.00022838602633486852,69589.7681476846
0.17508636300567704,-0.028174018998985768,0.0017566331860788724,0.01880434812938354,0.007321767766925615,0.015609654341787222,-0.001163768712318122,-0.006187273018602596,0.001335599087609608,0.00022888864994384002,69607.84543178974
-0.3412015400001016,0.05743744893611078,0.00391099986096469,0.021474279326451094,0.007021857602267115,0.015712129723519354,-0.0010691569597169957,-0.006165838592765371,0.0013306336586260902,0.00022937988214376755,69625.92271589486
-0.15944894509049695,0.07512673626092295,0.003930613285784738,0.02115237554655651,0.006367027173789311,0.01572748771135516,-0.0009747564183157141,-0.006144319507869075,0.001325614738409279,0.0002298597373629039,69644.0
0.34010028640513196,0.04276638134446583,0.0006833905432954079,0.01755963582611461,0.005416945123575276,0.015656024198210043,-0.0008806225746875718,-0.0061227181881143185,0.0013205425294793083,0.00023032823002953892,69661.7681476846
-0.27683569980515116,-0.00572325755943832,-0.003729007068431152,0.01141846802829337,0.004249977906037324,0.01549833137207394,-0.0007867849871113402,-0.006101037057701731,0.0013154172343563077,0.00023078537457194392,69679.84543178974
-0.3413894874889779,-0.0346396359907083,-0.0063728845931283135,0.0036827896275080825,0.0029444919755877734,0.01525499395837698,-0.000693265751305981,-0.00607927854083192,0.0013102390555604104,0.0002312311854186488,69697.92271589486
0.3386742066018264,-0.024128248909836784,-0.005052596965425863,-0.004649759606165896,0.001578853786638954,0.014926596421086277,-0.0006000867015274815,-0.006057445061705509,0.0013050081956117487,0.00023166567699769395,69716.0
0.22096488055505098,-0.0020414957359846287,-0.0005750827129219663,-0.0123562666906306,0.00023142979360315683,0.01451372322416899,-0.0005072696720318204,-0.006035539044523115,0.001299724857030454,0.00023208886373752625,69734.7681476846
-0.33097292369641135,0.008068507861822703,0.005312500329514111,-0.017967926931753413,-0.0010194135491072974,0.014016958831592263,-0.0004148364970749848,-0.0060135629134853525,0.0012943892423366563,0.0002325007600664816,69752.84543178974
-0.03920292366248535,-0.002419115487989448,0.009922842733478833,-0.01995076289650471,-0.0020953097870800757,0.013436887707323215,-0.0003228090109129513,-0.005991519092792848,0.0012890015540504925,0.00023290138041280367,69770.92271589486
0.33791626178847634,-0.00758642638001613,0.007597873386552039,-0.01728681562800905,-0.002931027724281275,0.012774094315328995,-0.00023120904780169957,-0.00596941000664621,0.0012835619946920875,0.00023329073920484684,69789.0
-0.22085134293740988,0.011700566675866171,-0.0033419104436674674,-0.011230848875084146,-0.0035138771981905433,0.012029163119576757,-0.00014005844199722268,-0.0059472380792460625,0.0012780707667815801,0.0002336688508708917,69806.7681476846
-0.35321622450195356,0.023598232255908493,-0.013794936842839972,-0.0036924317931119753,-0.0038443033046659074,0.011202678584033616,-4.9379027755494696e-05,-0.005925005734793019,0.0012725280728390963,0.0002340357298392927,69824.84543178974
0.3501929049752485,-0.008105063067479436,-0.014691473060026695,0.0035699330875530945,-0.003922751139565417,0.01029522517266673,4.080736066749711e-05,-0.005902715397487699,0.0012669341153847724,0.00023439139053812717,69842.92271589486
0.26008367360598855,-0.059826068817982095,-0.007339623948759421,0.009539356705735878,-0.003750376367492743,0.009308097918188865,0.00013047888901577352,-0.005880369491530722,0.0012612890969387381,0.00023473584739617444,69861.0
-0.30037538516056134,-0.06715417702810013,0.004197031713998768,0.013565161095127854,-0.003331674508267761,0.008245931708528994,0.00021961372303335645,-0.005857970441122704,0.0012555932200211243,0.00023506911484132712,69878.7681476846
-0.05611962415721156,0.011299628802265592,0.015382177506646081,0.015044883683439675,-0.0026738419713905337,0.007116062321296284,0.000308190028464254,-0.005835520670464263,0.001249846687152066,0.00023539120730206435,69896.84543178974
0.21050213469526569,0.09638982134252932,0.019684509926229655,0.013388422530517414,-0.0017969333787302081,0.005926323114333546,0.00039618597105248865,-0.005813022603756018,0.0012440497008516925,0.00023570213920669903,69914.92271589486
-0.1711609981224172,0.09077022123231741,0.012405607005890253,0.008444956316956829,-0.000771299702026654,0.004685401266812541,0.00048357971654208005,-0.005790478665198587,0.0012382024636401374,0.00023600192498347933,69933.0
-0.023189315801800354,-0.01455560601630633,-0.0018066467902470183,0.001635376724320712,0.00031693216952899964,0.003405399243220862,0.0005703494306770444,-0.005767891278992587,0.0012323051780375313,0.00023629057906078286,69951.7681476846
0.10830397419216116,-0.12248959531781502,-0.015967790390310963,-0.005229586473620245,0.0013807940023204009,0.0020992608524713257,0.000656473279201396,-0.005745262869338633,0.0012263580465640056,0.00023656811586689013,69969.84543178974
0.15808393952007435,-0.1286629567122491,-0.023093362722430448,-0.010339203503095348,0.002333915215939163,0.0007793322502687732,0.0007419294278591587,-0.005722595860437349,0.0012203612717396938,0.00023683454983009321,69987.92271589486
-0.19528010482737662,0.01424090585117757,-0.018392871136138293,-0.012298829589827085,0.0030921286892527096,-0.0005442438669577521,0.0008266960423943428,-0.005699892676489351,0.0012143150560847275,0.0002370898953787489,70006.0
0.24465265413901985,0.12870230410830796,-0.005851696666583521,-0.011394774591460216,0.003588429680671008,-0.0018618725483722286,0.000910751288550972,-0.005677155741695251,0.0012082196021192366,0.0002373341669410985,70024.7681476846
0.06665924265636268,0.07007638096154438,0.008589820236133895,-0.00839589190093085,0.003822625466565813,-0.0031643123253022702,0.000994073332073064,-0.005654387480255675,0.001202075112363356,0.0002375673789455403,70042.84543178974
-0.3322493718615013,-0.0575726978892734,0.01994737514772588,-0.004087649545124617,0.00381310311259971,-0.004444286884416788,0.0010766403387046312,-0.0056315903163712345,0.001195881789337215,0.00023778954582033638,70060.92271589486
0.17863232945511237,-0.11599032720659588,0.02347567265035734,0.0007444844490728627,0.0035808080733457834,-0.005697078301295193,0.001158430474189695,-0.005608766674242552,0.0011896398355609472,0.00023800068199374884,70079.0
0.3691546325152722,-0.07747015730525324,0.016288279974373314,0.005379667919595797,0.003147237030063859,-0.00691851987820364,0.001239421904272275,-0.005585918978070244,0.0011833494535546825,0.00023820080189422446,70096.7681476846
-0.37068004112103353,0.029753071797000718,0.002934214942839067,0.009355562163657849,0.002533886664013741,-0.00810444491740826,0.001319592794696384,-0.005563049652054927,0.0011770108458385555,0.0002383899199498406,70114.84543178974
-0.298951002511519,0.10404186418711585,-0.010178641973000035,0.012274454343292517,0.0017622536564552485,-0.00925068672117519,0.0013989213112060425,-0.005540161120397219,0.001170624214932696,0.00023856805058919186,70132.92271589486
0.3601751455207416,0.09912349216721053,-0.017848886751707732,0.013737869254452946,0.0008545970547285698,-0.010353078591770589,0.001477385619545268,-0.00551725580729774,0.0011641897633572374,0.00023873520824031866,70151.0
0.13256541324711082,0.012700520744202328,-0.019701021171084236,0.01334265772412412,-0.00016215012485798393,-0.011407453831460572,0.0015549638854580764,-0.005494336136957104,0.0011577076936323091,0.0002388914073317971,70168.7681476846
-0.35151919633172374,-0.08076900135450382,-0.016734623675720494,0.010847010411605636,-0.0012537944813290189,-0.0124096457425113,0.001631634274688486,-0.0054714045335759335,0.0011511782082780453,0.00023903666229168602,70186.84543178974
0.25221249092183085,-0.10537819653841167,-0.010626893543199886,0.006685114304542807,-0.002384518109062457,-0.013355487627188902,0.0017073749529805233,-0.005448463421354848,0.0011446015098145782,0.0002391709875485616,70204.92271589486
0.3531240128835223,-0.0486598273731196,-0.003206851799662486,0.0014952545570794363,-0.003518503102436206,-0.014240812787759518,0.0017821640860781907,-0.0054255152244944566,0.0011379778007620373,0.00023929439753048268,70223.0
-0.35673006839073806,0.05848021372384022,0.0038404210526499505,-0.004019118528771665,-0.00461993155582822,-0.015061454526489295,0.001855979839725515,-0.005402562367195382,0.0011313072836405562,0.00023940690666585915,70240.7681476846
-0.2490997938844739,0.11775036095643238,0.008987491310449493,-0.00925992503200971,-0.005652985563616415,-0.01581324614564438,0.0019288003796665116,-0.005379607273658244,0.0011245901609702666,0.0002395085293830639,70258.84543178974
0.36125003985834053,0.08788751690031155,0.011196374916590689,-0.013746247489016207,-0.006581847220178714,-0.016492020947490898,0.0020006038716452014,-0.005356652368083661,0.0011178266352712997,0.00023959928011035901,70276.92271589486
0.13780413918743797,-0.028412067517619603,0.0111046882238691,-0.017183620091072695,-0.007370698619893024,-0.017093612234294998,0.002071368481405595,-0.005333700074672245,0.0011110169090637876,0.00023967917327590498,70295.0
-0.3519463160592395,-0.13236490204742338,0.009924748716868624,-0.0194799909724887,-0.007983721857137301,-0.017613853308322814,0.0021410723746917147,-0.0053107528176246175,0.0011041611848678628,0.00023974822330826868,70313.7681476846
0.3420984037736994,-0.12932123318544655,0.00866964496977847,-0.020618892428347597,-0.00838509902628943,-0.01804857747184049,0.0022096937172475795,-0.005287813021141398,0.0010972596652036573,0.00023980644463566603,70331.84543178974
0.32999545847877537,-0.0317041008390132,0.007296698089943487,-0.02059262627575259,-0.008539111959010687,-0.018393618027114172,0.0022772106748172047,-0.005264883109423202,0.0010903125525913021,0.00023985385168631286,70349.92271589486
-0.32295234326064226,0.09770715703076628,0.005626878347641877,-0.01938209594319588,-0.008420831678678575,-0.018645417473304605,0.0023436014131446073,-0.005241965506670644,0.0010833200495509285,0.00023989045888858214,70368.0
-0.25582173361858873,0.14479112776166064,0.0035373573380911498,-0.01694569313038861,-0.008046207103969477,-0.018803637909468505,0.0024088440979738108,-0.005219062637084354,0.0010762823586026712,0.0002399162806708468,70385.7681476846
0.31772811314146804,0.09110099330658258,0.0010844971964563519,-0.013317153163218312,-0.007438446146872505,-0.018871687102157392,0.002472922116378529,-0.005196176924864937,0.0010691996822666588,0.00023993133146133194,70403.84543178974
0.10040346308289932,-0.03707389460557379,-0.0012516898301332337,-0.00858247158236317,-0.006619973907059242,-0.018853775796893745,0.002535839022085907,-0.005173310794213018,0.0010620722230630247,0.0002399356256883874,70421.92271589486
-0.32742042875670613,-0.14576802069442207,-0.0027469614419233165,-0.002979026506832985,-0.005613215484201206,-0.018754117085868206,0.0025976007154911817,-0.00515046666932921,0.0010549001835119009,0.0002399291777803445,70440.0
0.3343522431139309,-0.14504677359116847,-0.0027271005711931554,0.0030961826342973332,-0.004440595977969958,-0.018576923342605963,0.0026582123783241984,-0.005127646974414136,0.0010476837661334184,0.0002399120021653961,70457.7681476846
0.29632456330392065,-0.0467230071041215,-0.0013595774895843649,0.00918502981058882,-0.0031245404880370455,-0.018326406940632253,0.0027176791923147962,-0.0051048541336684095,0.0010404231734477104,0.00023988411327204902,70475.84543178974
-0.345635909633818,0.08317050864602556,0.0006382313300885941,0.014912737561346862,-0.0016874741140739896,-0.018006780253472264,0.002776006339192818,-0.005082090571292651,0.001033118607974908,0.0002398455255284545,70493.92271589486
-0.24381203289707168,0.14001964706162032,0.0024603325696442224,0.019928917498911493,-0.00015182195575235035,-0.01762225565465124,0.0028331990006881026,-0.005059358711487476,0.0010257702722351427,0.00023979625336296697,70512.0
0.348719751306078,0.09803166222593297,0.0033819372402750488,0.023883181235622674,0.0014599908872562999,-0.01717704551769436,0.0028892623585304944,-0.005036660978453506,0.0010183783687485468,0.000239736311203867,70529.7681476846
0.0019177523240282597,-0.02618476065174541,0.00305375101316956,0.026374463041320347,0.0031255393152804555,-0.016675362216126855,0.0029442015944498323,-0.005013999796391354,0.0010109431000352523,0.00023966571347959676,70547.84543178974
-0.3402638412029295,-0.13257701998338856,0.0013095481173113265,0.026899832957423344,0.00482239822864854,-0.01612141812347393,0.002998021890175962,-0.004991377589501644,0.0010034646686153915,0.0002395844746183953,70565.92271589486
0.3323144216704607,-0.12782643029779114,-0.002044591531053694,0.02534970185674542,0.0065281498208887385,-0.015519425613260817,0.003050728427438718,-0.004968796781984987,0.0009959432770090951,0.00023949260904838145,70584.0
0.2524565120653791,-0.02858544154710582,-0.006003397512945798,0.021878903115701055,0.008219378526622615,-0.0148735970590127,0.0031023263879679484,-0.004946259798042007,0.0009883791277364958,0.00023939013119813598,70602.7681476846
-0.3180201680966539,0.08608541170432565,-0.009236590498307086,0.01668701544510544,0.009868568346849849,-0.014188144834254813,0.0031528209534934927,-0.00492376906187332,0.0009807724233177255,0.00023927705549588407,70620.84543178974
-0.24854767319646787,0.12024805119450738,-0.010413891157079625,0.00997464448747919,0.011447176350864664,-0.013467281312512366,0.0032022173057451877,-0.00490132699767954,0.0009731233662729155,0.00023915339636986925,70638.92271589486
0.3198510026848825,0.07006486837445536,-0.008492369068839219,0.0020182147821872936,0.012926659607961306,-0.012715218867310573,0.003250520626452883,-0.004878936029661292,0.0009654321591221982,0.0002390191682485199,70657.0
-0.022157449611151066,-0.0314933101761581,-0.0036037069081441614,-0.006577356087580072,0.014278475187434006,-0.01193616987217464,0.0032977360973464103,-0.004856598582019186,0.0009576990043857057,0.00023887438555999648,70674.7681476846
-0.33822053181248407,-0.1088079352955068,0.003710717755027806,-0.015008985656002635,0.015474080158577012,-0.011134346700629783,0.003343868900155618,-0.004834317078953845,0.0009499241045835683,0.00023871906273260728,70692.84543178974
0.34818151941297426,-0.09735145768643375,0.012438140058933156,-0.022362469360831916,0.016484931590684555,-0.010313961726201215,0.003388924216610346,-0.004812093944665885,0.0009421076622359203,0.0002385532141949561,70710.92271589486
0.2031544806553863,-0.013771280528504756,0.020103258200482862,-0.027702126479824264,0.017282486553050883,-0.009479227322414156,0.0034329072284404348,-0.004789931603355925,0.0009342498798628916,0.00023837685437509256,70729.0
-0.3586410801953281,0.07139466689430063,0.023870505181250317,-0.030092276290736096,0.017838202114970225,-0.008634355862793805,0.0034758231173757296,-0.004767832479224585,0.0009263509599846154,0.00023818999770124183,70746.7681476846
-0.1280400586624065,0.09472091871115346,0.02118411977619726,-0.02888425264124157,0.01813074414226627,-0.007783559720865392,0.0035176770651460646,-0.0047457989964724764,0.000918411105121222,0.0002379926586020216,70764.84543178974
0.35456898312027024,0.05459801683667117,0.011350222679038135,-0.02457744765868621,0.01816761368688038,-0.006931051270154112,0.0035584742534812857,-0.0047238335793002234,0.0009104305177928459,0.00023778485150547686,70782.92271589486
-0.14286097853803317,-0.0295216705584656,-0.0030746243423281183,-0.017958268040333274,0.017963226738258505,-0.006080749025160305,0.0035982198641112337,-0.00470193865190844,0.0009024094005196159,0.00023756659084004983,70801.0
-0.34648835032667147,-0.0915800511301653,-0.018791200694803407,-0.0098131204834461,0.01753061221528614,-0.005235184429823844,0.00363691907876575,-0.004680116638497745,0.0008943479558216658,0.0002373378910339795,70819.7681476846
0.3458074864455917,-0.07106983588272962,-0.032422507817478755,-0.0009284116852879689,0.016881491009239698,-0.004395580900475554,0.0036745770791746764,-0.004658369963268758,0.0008862463862191274,0.00023709876651563873,70837.84543178974
0.23278820402079384,0.019405098757488193,-0.04029284264472511,0.007921859023401616,0.016026701853972373,-0.003562279696023006,0.003711199047067854,-0.004636701050422095,0.0008781048942321316,0.00023684923171325272,70855.92271589486
-0.34986702613078535,0.09960959916808762,-0.038746410464926676,0.016061378633707345,0.014976977773068896,-0.0027355163651053473,0.003746790164175122,-0.004615112324158373,0.0008699236823808109,0.00023658930105515741,70874.0
-0.1163991343925987,0.09506082505248352,-0.025394262827993327,0.023018468926153023,0.013743299472002665,-0.0019157741382503327,0.003781355612226329,-0.004593606208678217,0.0008617029531852972,0.00023631898896979268,70891.7681476846
0.34138337558730375,0.021473249759419742,-0.0028117485202968904,0.028369508536991526,0.012336709576719165,-0.001103598166457876,0.0038149005729513044,-0.0045721851281822325,0.0008534429091657233,0.0002360383098854414,70909.84543178974
-0.1837449250508772,-0.07733993870897339,0.022693994230157874,0.031690876102475535,0.010768250713163929,-0.00029953360072788437,0.0038474302280798994,-0.004550851506871046,0.0008451437528422186,0.00023574727823016015,70927.92271589486
-0.29737524172998736,-0.1239418812951357,0.04414843270297935,0.032557468417158224,0.009050447348982072,0.000495874407939729,0.003878949759341954,-0.004529607768945276,0.0008368056867349173,0.0002354459084325504,70946.0
0.26054394254587415,-0.06353533121092246,0.05580392402844412,0.030537376283629007,0.007202629943782478,0.0012820807085450522,0.003909464348467305,-0.0045084563386055335,0.0008284289133639496,0.00023513421492076344,70963.7681476846
0.05162003320971464,0.04317001049203814,0.05664129622328069,0.025372782678336446,0.005249125299535314,0.0020585401500881778,0.003938979177185799,-0.004487399640052444,0.0008200136352494486,0.0002348122121230244,70981.84543178974
-0.14252500998298362,0.13245099858896747,0.04609727650738981,0.017575982600059516,0.0032151388433761846,0.0028247075815691896,0.003967499427227271,-0.004466440097486619,0.0008115600549115465,0.00023447991446800173,70999.92271589486
-0.15645987359493496,0.14589817623112544,0.023898415196160802,0.00805690589425336,0.0011258760024406556,0.003580037851988184,0.003995030280321571,-0.004445580135108682,0.0008030683748703736,0.00023413733638368508,71018.0
-0.04161919751256688,0.044364148046204845,-0.0065094821303579966,-0.0022198810110129774,-0.0009934577961356755,0.004323985810345247,0.004021576918198535,-0.004424822177119248,0.0007945387976460627,0.00023378449229849611,71036.7681476846
0.17002090054165947,-0.1039277017586827,-0.0368969116354984,-0.012289811687670437,-0.0031176571252172114,0.005056006305640464,0.004047144522588003,-0.004404168647718935,0.0007859715257587468,0.00023342139664074684,71054.84543178974
-0.21353827288352756,-0.14844647332622915,-0.05801030940397834,-0.02118831970764996,-0.005221516557668375,0.005775554186873932,0.004071738275219821,-0.004383621971108359,0.0007773667617285542,0.00023304806383872795,71072.92271589486
0.18325041670791758,-0.05360962137526367,-0.06297558489169616,-0.027950838642882482,-0.007279830666353572,0.006482084303045731,0.004095363357823826,-0.004363184571488142,0.0007687247080756206,0.00023266450832071041,71091.0
0.3313538797822018,0.07703351688994367,-0.054196212568646436,-0.03185313053592431,-0.009267394024137208,0.007175051503155948,0.004118024952129864,-0.0043428588730589,0.0007600455673200767,0.00023227074451507413,71109.7681476846
-0.3741303578247903,0.1369404622666259,-0.03549382639350255,-0.03313227131183319,-0.011159001203883722,0.007853910636204695,0.004139728239867773,-0.004322647300021251,0.000751329541982054,0.00023186678685010887,71127.84543178974
-0.33896528222580835,0.11766196214639386,-0.010493446500054996,-0.03226363513388944,-0.01293147701086022,0.008518116551192036,0.004160478402767394,-0.004302552276575811,0.0007425768345816847,0.00023145264975414135,71145.92271589486
0.3970966961283439,0.04673253933202459,0.01672755590479123,-0.029712194218132013,-0.014572048197575247,0.00916712409711807,0.004180280622558568,-0.004282576226923197,0.0007337876476390993,0.00023102834765543367,71164.0
0.1369222158061333,-0.040889647786649025,0.04093812500780611,-0.025931766477675162,-0.01607909581946208,0.00980038812298289,0.004199140080971142,-0.004262721575264035,0.0007249621836744317,0.00023059389498230332,71181.7681476846
-0.371544046022396,-0.104705986931224,0.056629712505613876,-0.021373888808002575,-0.01745328194958446,0.01041736347778657,0.004217061959734953,-0.004242990745798933,0.0007161006452078123,0.00023014930616321557,71199.84543178974
0.2552232040243025,-0.10863517492488994,0.058857462984925266,-0.016490098104598064,-0.018695268661006147,0.011017505010529225,0.00423405144057984,-0.004223386162728515,0.0007072032347593744,0.00022969459562611848,71217.92271589486
0.3474253383015498,-0.049124296064705086,0.04640185162801551,-0.011670953358411531,-0.01980571802679089,0.011600267570210907,0.0042501137052356475,-0.0042039102502533935,0.000698270154849249,0.00022922977779969898,71236.0
-0.34459030830805715,0.04800076217589314,0.024489282648123743,-0.007063101942257771,-0.02078529212000247,0.012165106005831747,0.004265253935432217,-0.004184565432574193,0.0006893016079975679,0.0002287548671119975,71253.7681476846
-0.2876513132970874,0.10263348775888566,-0.0001832807062914949,-0.002752213324417813,-0.021634653013704624,0.012711475166391805,0.004279477312899391,-0.004165354133891527,0.0006802977967244622,0.0002282698779915717,71271.84543178974
0.350022003569406,0.08100012839323621,-0.021755892661276716,0.0011760430268273005,-0.02235446278096112,0.013238829900891176,0.004292789019367009,-0.004146278778406015,0.0006712589235500653,0.000227774824866425,71289.92271589486
0.20403925282566984,-0.014102928613368228,-0.03771667734089852,0.00463599764319657,-0.02294538349483571,0.013746625058329952,0.00430519423656491,-0.004127341790318273,0.0006621851909945092,0.00022726972216529978,71308.0
-0.3483896942339524,-0.10442953923883254,-0.04639077634372861,0.00754198105640896,-0.023408134795529004,0.014234373054845073,0.004316698146222942,-0.004108545593828923,0.0006530768015779242,0.00022675458431612564,71325.7681476846
0.3313191457140041,-0.11443667149018166,-0.04610739390995711,0.009812386439801984,-0.023743666591788972,0.014701816575120834,0.00432730593007094,-0.0040898926131385785,0.0006439339578204436,0.0002262294257473124,71343.84543178974
0.3339233478517835,-0.04501130600632202,-0.036253641742354285,0.011424935202394293,-0.023952986359500383,0.015148755870978343,0.004337022769838747,-0.004071385272447857,0.000634756862242198,0.00022569426088719604,71361.92271589486
-0.32507677007620955,0.06782115091927325,-0.020387321769732562,0.01253372207165114,-0.024037246707271913,0.015575136326962592,0.004345853847256206,-0.004053025995957381,0.0006255457173633204,0.0002251491041641495,71380.0
-0.2565239539668349,0.13147793586129747,-0.003107892817010264,0.013335919444244787,-0.023998093343728828,0.015981396427635207,0.004353804344053158,-0.0040348172078677625,0.000616300725703942,0.00022459397000641637,71398.7681476846
0.31804293652835597,0.10566083774201464,0.011613747698014687,0.01402869971684752,-0.02383701438675513,0.01636781706681649,0.004360879441959443,-0.0040167613323796245,0.0006070220897841955,0.00022402887284227722,71416.84543178974
0.004662042061148962,-0.011867600448135231,0.02232094798602612,0.014809235286131584,-0.023555598523554055,0.01673477970764604,0.004367084322704905,-0.003998860793693583,0.0005977100121242114,0.00022345382710007723,71434.92271589486
-0.3284397432789079,-0.13153815056358667,0.02818561766482829,0.01587469854876928,-0.0231554814413784,0.01708271281331295,0.004372424168019383,-0.003981118016010255,0.0005883646952441232,0.00022286884720816162,71453.0
0.33826763734477855,-0.1523667472058246,0.028379959178016802,0.017421969075641527,-0.022638298827480925,0.017412044847006335,0.004376904159632721,-0.003963535423530262,0.0005789863416640611,0.00022227394759476474,71470.7681476846
0.21847483925510655,-0.05147897609858096,0.022669444051991706,0.019545709990769256,-0.02200568636911438,0.017723204271915274,0.0043805294792747555,-0.003946115440454215,0.0005695751539041584,0.00022166914268823186,71488.84543178974
-0.3545102153638658,0.08485909962946986,0.013188227757501362,0.02193611101760313,-0.021259279753531556,0.01801661955122888,0.004383305308675331,-0.003928860490982737,0.0005601313344845462,0.00022105444691693582,71506.92271589486
-0.33701383831890297,0.16064359820453747,0.002662563544933162,0.02418231673589915,-0.020400714667985185,0.018292719148136224,0.0043852368295642895,-0.003911772999316445,0.0005506550859253567,0.0002204298747090833,71525.0
0.34966885773788564,0.13344315516791605,-0.006484011805069446,0.02587347172541323,-0.019431626799728072,0.01855193152582644,0.004386329223671475,-0.00389485538965596,0.0005411466107467216,0.00021979544049317655,71542.7681476846
-0.05947960239350128,0.0015111344877720783,-0.013038827390839466,0.02659872056590136,-0.01835365183601296,0.018794685147488603,0.004386587671990109,-0.0038781100854652782,0.000531606111468772,0.00021915115869714516,71560.84543178974
-0.32391093352477707,-0.13138614378627428,-0.016091928780454037,0.025947609514920384,-0.0171688271418935,0.019021408476311806,0.004386017187411614,-0.003861539342106602,0.0005220337906116419,0.00021849704374973144,71578.92271589486
0.3103292990784002,-0.15825350915065894,-0.01486363482900754,0.02364338794156241,-0.015882619906941335,0.019232529975485156,0.004384622121469378,-0.003845144753584095,0.0005124298506954615,0.00021783311007893887,71597.0
0.2599421780432288,-0.06796379274453292,-0.009563003789802465,0.019938092494047193,-0.014508191451786698,0.01942847810819775,0.004382406660541444,-0.003828927748746572,0.0005027944942403627,0.0002171593721132143,71614.7681476846
-0.29730122830165084,0.07362627359206485,-0.002399952203714886,0.015215856220926272,-0.013060526210374271,0.019609681337638685,0.0043793749910058435,-0.003812889756442848,0.0004931279237664775,0.0002164758442808013,71632.84543178974
-0.269152758591264,0.14570651123290093,0.003947957138240173,0.009860812170751085,-0.011554608616648724,0.01977656812699706,0.004375531299240616,-0.003797032205521736,0.00048343034179393904,0.00021578254101012816,71650.92271589486
0.30642103553481037,0.11621289286768248,0.007368402689626984,0.004240413836109017,-0.010005423104554715,0.01992956693946197,0.0043708797667238305,-0.0037813565199320805,0.00047370195084287713,0.00021507947672938318,71669.0
-0.1536899669228653,-0.001926286208491048,0.00801687772824403,-0.001351453360185736,-0.008427954108036895,0.020069106238222494,0.004365424081796905,-0.003765863630486075,0.00046394295343342516,0.00021436666586693918,71687.7681476846
-0.32224039606186916,-0.11076578329098656,0.006648747802016182,-0.006672214576830035,-0.006837186061039976,0.02019561448646776,0.004359166024009453,-0.003750552559204114,0.0004541535520857142,0.0002136441228510952,71705.84543178974
0.3260039659360765,-0.11676020359103635,0.004055154872305521,-0.011515071385958005,-0.005248103397508611,0.020309520147386854,0.004352106860395547,-0.0037354218155910427,0.00044433394931987677,0.00021291186211022423,71723.92271589486
0.24618318466679065,-0.03380162746695494,0.0010190999118997299,-0.015680457001583877,-0.003675690551387482,0.020411251684168876,0.004344247848244561,-0.0037204698994070134,0.0004344843476560448,0.00021216989807244048,71742.0
-0.3249654948374996,0.06079217580835642,-0.0017379066282316826,-0.01896880463772191,-0.002134931956621224,0.020501237560002914,0.004335590244845873,-0.0037056953104121788,0.0004246049496143491,0.00021141824516622773,71759.7681476846
-0.15511019217925634,0.08957117422713506,-0.0035097269275737282,-0.021180547508386327,-0.0006408120471545289,0.02057990623807807,0.004326135307488858,-0.003691096548366692,0.00041469595771492253,0.00021065691781990348,71777.84543178974
0.325086965680086,0.056637984930960866,-0.003860796542790638,-0.022113969346730038,0.0007924668490174968,0.02064768618158346,0.004315884293462896,-0.003676672113030708,0.00040475757447789657,0.0002098859304616744,71795.92271589486
-0.15077157114622122,-0.010690784851797034,-0.003380536186265013,-0.021616907670668036,0.002154674182906998,0.020705005853708144,0.004304838460057361,-0.0036624205041643773,0.000394790002423403,0.00020910529751993188,71814.0
-0.3300667404472394,-0.0625754982000927,-0.0026981194039069427,-0.01976924448174085,0.0034397349323108317,0.02075229371764124,0.00429299906456163,-0.003648340221527855,0.0003847934440715742,0.00020831503342295645,71831.7681476846
0.3314949840296828,-0.058836020800339166,-0.002264778261817317,-0.01672060805075944,0.004642417430234665,0.020789978236571843,0.004280367364265081,-0.003634429764881296,0.0003747681019425419,0.00020751515259901022,71849.84543178974
0.18279543844189788,-0.018432682506635392,-0.0020571900479507505,-0.012659027163690606,0.0057574900096842305,0.02081848787368906,0.004266944616457088,-0.003620687633984849,0.0003647141785564375,0.000206705669476503,71867.92271589486
-0.3306002062460706,0.022313813453992547,-0.0018712956964910914,-0.007844228394524254,0.006779721003665175,0.020838251092181976,0.004252732078427029,-0.0036071123285986682,0.00035463187643339325,0.00020588659848362305,71886.0
-0.06654179057454987,0.03401877535937503,-0.001472616670866176,-0.0025663577880062805,0.007703878745183175,0.020849693426638127,0.0042377339360658494,-0.0035937023484829116,0.00034452139809354086,0.0002050579540488506,71903.7681476846
0.3329180471948326,0.02475762058703844,-0.0006945251867535334,0.002868977984969067,0.008524731567243957,0.020853229786229856,0.004221965000679672,-0.003580456193397726,0.00033438294605701255,0.00020421975060045818,71921.84543178974
-0.2748957902828363,0.010622471111386497,0.0003193050377150681,0.008133228242370259,0.00923704780285318,0.020849277354859346,0.00420543780884481,-0.003567372363103271,0.00032421672284394,0.0002033720025664388,71939.92271589486
-0.34370399943130625,-0.0011086406359426763,0.0013638868302798615,0.012875844377895759,0.009835595785016539,0.02083825779488822,0.004188160418678096,-0.0035544493573596942,0.0003140229309744548,0.00020251472437557525,71958.0
0.3500440122513326,-0.00849297114896999,0.002239623593506245,0.016740887210418935,0.010315143846739701,0.020820593616045203,0.004170140040929276,-0.0035416856759271503,0.0003038017729686891,0.00020164793045598185,71976.7681476846
0.0037152022542013808,-0.01498214190892584,0.0027471644405581766,0.019372171848214544,0.01067046032102838,0.02079670732805903,0.0041513838863480885,-0.0035290798185657946,0.00029355345134677506,0.00020077163523576366,71994.84543178974
-0.35641732051672853,-0.017337925813896794,0.002625941035348582,0.02047473084880836,0.01089631354088824,0.020767021440658437,0.004131899165684273,-0.003516630285035777,0.00028327816862884394,0.00019988585314354294,72012.92271589486
-0.04143040748335186,-0.012552822774651364,0.0015072773401195937,0.0200396388251996,0.010989370405464891,0.020731812884186403,0.0041116930896875755,-0.0035043355750972536,0.0002729761273350276,0.0001989905986074344,72031.0
