IMF_1,IMF_2,IMF_3,IMF_4,IMF_5,IMF_6,IMF_7,timestamp
0.022890569476075862,-0.022941545577176727,0.05316712561639788,0.00048344645417530496,-0.04305047014643051,-0.33414405038854594,0.28300812221043176,62397.25
-0.050823735157551425,-0.03728367406838805,0.05852068514234542,0.0003937128367444723,-0.04385603059760934,-0.3341014244839637,0.28281216397335024,62415.5
-0.017781658708594727,-0.015757026958206435,0.06218921636320931,0.00017596995618422581,-0.04430703733818931,-0.33402319979219414,0.2825949341227183,62433.75
0.022730752292475464,0.014296275647831523,0.06157695094918489,-0.0001827209790862465,-0.04438284566140747,-0.33390955273110917,0.28235633812703903,62452.0
0.011468901772899845,0.033949383588825,0.05346454784188304,-0.0006722863407841414,-0.04406118146684303,-0.33376046396329195,0.2820962962122393,62470.25
0.032536683878705334,0.023345888685338698,0.035785418291910176,-0.001277712955069363,-0.0433227047064471,-0.3335751536144913,0.28181477806498195,62488.5
-0.06098519677090895,-0.009587081501086989,0.011100533359936838,-0.0019742963818386774,-0.04215887458781912,-0.3333526520509854,0.2815117655776307,62506.75
0.0852222645194159,-0.03289379763220233,-0.016856037746236095,-0.002729928955729051,-0.04056855354381855,-0.333091989639053,0.28118724064254996,62525.0
-0.10971734332685715,-0.006214072494702126,-0.043610267921961536,-0.0035104422420521382,-0.03855266477662997,-0.3327921967449721,0.2808411851521033,62543.25
0.11986162889719261,0.04158626130091262,-0.06180417052225379,-0.004280689056213244,-0.03611311023834441,-0.33245230373502127,0.2804735809986549,62561.5
-0.03748143905973438,0.039907197434923776,-0.06523484323690532,-0.005001165007469323,-0.033256621584977185,-0.3320713412457461,0.2800844103448356,62579.75
-0.08815152009996707,0.0008635003529667755,-0.054739887270459586,-0.005623937670875385,-0.03000027310632214,-0.33164836795342195,0.2796736833930067,62598.0
-0.022397786716655686,-0.052706040408071766,-0.03422615839622773,-0.0060960420896973375,-0.026366742555625097,-0.33118255063923896,0.27924151845044365,62616.25
0.03378728678352458,-0.07921627297713055,-0.007853548299695085,-0.0063560766538190965,-0.022387168947986227,-0.330673083043049,0.2787880607830839,62634.5
0.03022282961112459,-0.06761986916067592,0.020406271493947675,-0.006336322519121185,-0.018099008532508693,-0.33011915890470395,0.27831345565686505,62652.75
-0.027037452909555997,-0.016887636858221686,0.045834189438816446,-0.005964825453365831,-0.013543952946414112,-0.32951997196405575,0.2778178483377245,62671.0
-0.1063539300658427,0.06538530009405955,0.06349548453730718,-0.005166362728416821,-0.008766962322822643,-0.32887471596095647,0.2773013840915999,62689.25
0.1355202519962528,0.10646959760319326,0.06845443290730238,-0.003864674852433319,-0.0038140335585586573,-0.3281825846352576,0.27676420818442826,62707.5
-0.022896608694862687,0.08198766329336148,0.05759401474867955,-0.002016299742801565,0.0012687338852146986,-0.32744277172681135,0.2762064658821473,62725.75
-0.15199200398160834,0.010559478225852322,0.03507202658929423,0.0002906247888306755,0.006435240547334614,-0.3266544709754696,0.2756283024506946,62744.0
0.14144894540979372,-0.05697215176267493,0.006864969038996532,0.00293506095725047,0.011639386966637973,-0.32581687612108406,0.27502986315600736,62762.25
0.020618453433554684,-0.09362675551598576,-0.021050657292363446,0.005795970977244761,0.016835073681961875,-0.32492918090350686,0.27441129326402325,62780.5
-0.10110615173963995,-0.08235689172352015,-0.043424436165746406,0.00875231706360046,0.021976201232143368,-0.32399057906258977,0.27377273804067964,62798.75
-0.012025903961154267,-0.03822887996515659,-0.058111828429614355,0.011683061431104588,0.02701667015601945,-0.3230002643381847,0.27311434275191404,62817.0
-0.0009481110195706831,0.02321947690427877,-0.06451442601640596,0.014481054590678707,0.03191038099242722,-0.3219574304701435,0.27243625266366384,62835.25
0.06918947593740857,0.05082635899334064,-0.062267766899690075,0.017071553490116756,0.03661123428020365,-0.32086127119831814,0.2717386130418664,62853.5
-0.061733770790608135,0.039214930478217246,-0.05128850523290285,0.019299823742136374,0.041073130558185796,-0.31971098026256056,0.2710215691524594,62871.75
-0.02474837584544762,-0.005119486946185705,-0.03351723843691194,0.020982813649605327,0.04524997036521068,-0.3185057514027226,0.27028526626138016,62890.0
0.07272744113585401,-0.027246224209377296,-0.01366892367242057,0.021936178874845513,0.049095654240115374,-0.317244778358656,0.26952984963456605,62908.25
-0.07095253954292763,-0.012895481326930518,0.003928351045128256,0.02197555906784416,0.05256409873407149,-0.3159272548702129,0.2687554645379547,62926.5
-0.06856509972831591,0.022440963253703514,0.018673638282462712,0.020914732662064756,0.05561108161477453,-0.3145523746772451,0.26796225623748354,62944.75
0.09977752166394009,0.030076464015556775,0.030880314745055353,0.018559234529173674,0.058200624211716956,-0.3131193315196045,0.2671503699990901,62963.0
-0.1030687897195324,-0.007749525539537769,0.0405275335572006,0.014704836423591744,0.060306510971636876,-0.31162731913714287,0.2663199510887114,62981.25
0.10840902202743544,-0.047215828429324924,0.04645655410323242,0.009131029510330978,0.061918806930681254,-0.3100755312697126,0.2654711447722857,62999.5
-0.04182657730828309,-0.024038250518307748,0.04752066015731871,0.00165704310344677,0.06303138755216872,-0.30846316165716503,0.2646040963157497,63017.75
-0.1420504502659945,0.04248081175668744,0.043690657945897514,-0.00766849703676922,0.06363812829941769,-0.30678940403935223,0.2637189509850412,63036.0
-0.025280517397508483,0.07354529024671037,0.035009439311330944,-0.018532321041322772,0.06373294289349456,-0.3050534904138738,0.26281585404609775,63054.25
0.17705836113906334,0.08781576493371442,0.021410837562065358,-0.030564809031907402,0.06330991085227745,-0.30325481857514097,0.2618949507648563,63072.5
-0.1762322102139319,0.034146517478156634,0.0033222327606021065,-0.043396054163232486,0.06236327748620983,-0.301392952110131,0.26095638640725505,63090.75
-0.08906908424338254,-0.0366146759834791,-0.016063032277348413,-0.05665614959000754,0.06088763119255011,-0.2994677976926354,0.2600003062392309,63109.0
0.11961344398014814,-0.09216026485048891,-0.032846946916622745,-0.06997518846694187,0.05887773457955703,-0.2974794362074458,0.2590268555267214,63127.25
0.10971656840163563,-0.10294456838814559,-0.04313511967161589,-0.08298326394874496,0.056328374690356585,-0.29542797297422213,0.25803617953566427,63145.5
0.01173347071396294,-0.10025648532367942,-0.04360145063975064,-0.09530858589305401,0.05323433856807478,-0.2933135133126234,0.25702842353199673,63163.75
-0.10451529231001981,-0.09255742293818028,-0.03374019393243135,-0.10659587666962532,0.04959041325583761,-0.29113616254230873,0.2560037327816561,63182.0
0.1121640306090796,-0.06986435379597157,-0.016078507123859286,-0.11655258440873509,0.045391385796771086,-0.288896025982938,0.25496225255058047,63200.25
-0.12464370300265289,-0.030003735107760377,0.005968581335705856,-0.12478390796490287,0.040632043234001186,-0.2865932089541698,0.2539041281047064,63218.5
0.12379213146345537,0.026959261115107526,0.028939416970009752,-0.13086347244860727,0.03530717261065393,-0.284227816775664,0.2528295047099721,63236.75
0.1006619552216636,0.06402780261034235,0.04938320894815838,-0.1343649029703269,0.029411560969855314,-0.2817999547670794,0.25173852763231447,63255.0
0.04117029137931582,0.04246649075095394,0.06423463091087116,-0.13486233493658734,0.022940505650778143,-0.27930972824807604,0.2506313421376717,63273.25
-0.09735957745338396,-0.0011201859912453008,0.07196570989720674,-0.1319394720511788,0.015898872289860446,-0.2767572425383125,0.24950809349198041,63291.5
-0.079740747277379,-0.03319169888288089,0.07147300136044207,-0.12525649580310996,0.008327814244125039,-0.27414260295744836,0.2483689269611785,63309.75
-0.19892456366446581,-0.014374869749098868,0.06244863127053852,-0.11464576107068633,0.00029868787257969536,-0.271465914825143,0.24721398781120327,63328.0
0.16764875666113926,0.016486950219885436,0.04715345288106679,-0.09989961847056016,-0.008111481493540991,-0.2687272834610557,0.24604342130799253,63346.25
0.23708610449504705,0.016152562701318204,0.028215609805430773,-0.08074896936650285,-0.016825668523002546,-0.26592681418484565,0.24485737271748334,63364.5
-0.23042391615541435,-0.004672960183355356,0.007058181678957378,-0.056914634800129746,-0.025766847884570405,-0.26306461231617206,0.2436559873056131,63382.75
0.015261215490829993,-0.0210844362126296,-0.016302622863962047,-0.028117591685925133,-0.03485799424700997,-0.2601407831746946,0.24243941033831962,63401.0
0.14742737127695424,0.0060368040365741,-0.04174439621977082,0.005772145828789992,-0.04402208227908682,-0.25715543208007235,0.24120778708154014,63419.25
-0.10282542215624915,0.040350461887252304,-0.0675260530366823,0.04427669915092483,-0.05318208664956622,-0.25410866435196466,0.2399612628012123,63437.5
0.05307552111484168,0.04552819451048445,-0.09152922380329033,0.08672229039686362,-0.06226098202721384,-0.2510005853100308,0.2386999827632733,63455.75
0.034094473037080755,0.01584723705084304,-0.112648174372123,0.1324226130501919,-0.071181743080795,-0.24783130027393002,0.23742409223366076,63474.0
0.023471563232936886,-0.035572153883593215,-0.1327031871015226,0.18058649796119142,-0.07986734447907519,-0.24460091456332164,0.23613373647831196,63492.25
-0.042056229271318725,-0.08765868091789565,-0.15381317196915673,0.22998151342881964,-0.0882407608908199,-0.2413095334978654,0.23482906076316493,63510.5
-0.03236762898453801,-0.08557001801463185,-0.17768111134590467,0.2791309750178605,-0.09622496698479456,-0.23795726239722,0.23351021035415642,63528.75
0.04787008032742684,-0.02455676932710961,-0.20531337515217343,0.32648807529036933,-0.10374293742976462,-0.2345442065810449,0.23217733051722422,63547.0
0.01875063811024574,0.055295603078084156,-0.23764874977501924,0.3703692579768059,-0.11071764689449555,-0.23107047136899944,0.2308305665183055,63565.25
-0.06443958061667872,0.12044621160334758,-0.2753453833730448,0.40875011853646137,-0.11707207004775275,-0.22753616208074307,0.22947006362333816,63583.5
0.07202240823948294,0.10165527904031646,-0.3175875337246212,0.439652642585727,-0.12272918155830172,-0.22394138403593494,0.2280959670982594,63601.75
-0.07239254185960935,-0.010501158833518563,-0.3574595892486764,0.4611332640268679,-0.12761195609490802,-0.22028624255423435,0.22670842220900664,63620.0
0.07198638766704696,-0.10810259388130347,-0.38631287584284524,0.47124841676214885,-0.13164336832633688,-0.21657084295530082,0.2253075742215176,63638.25
-0.07360315532321621,-0.10439123267716373,-0.3961734345504104,0.46820860433067857,-0.13476586197789708,-0.21279529055879334,0.22389356840172947,63656.5
0.06085093126408306,-0.031122763797653642,-0.38342103106747405,0.4509569589158332,-0.13699954691628677,-0.2089599007691544,0.22246655001557988,63674.75
0.049276453538363484,0.03382865818456637,-0.35120902499524465,0.41933343764381015,-0.13838316172561557,-0.20506582932995743,0.22102666432900614,63693.0
-0.025251120533252444,0.04549375296363014,-0.30517536251249777,0.3744125480938709,-0.13895523490521047,-0.20111444206955903,0.21957405660794563,63711.25
0.009986912520010736,0.022896046119230556,-0.24936950883602588,0.3175812754940911,-0.13875429495439837,-0.19710710481631596,0.21810887211833613,63729.5
-0.043045424466811345,-0.0024886042773724745,-0.18130636172106376,0.2502353857551516,-0.13781896172748265,-0.19304509204360815,0.216631256126115,63747.75
0.05706497834198769,0.0009667236117584791,-0.09541146969018958,0.1737706447877338,-0.13618822049867316,-0.1889293128049091,0.21514135389721942,63766.0
-0.06592705187601998,0.00875080266596517,0.017672050350748467,0.08958281850251874,-0.13390114789715615,-0.18476058479871618,0.21363931069758715,63784.25
-0.051346231325076624,-0.028593142727312264,0.16123217336961715,-0.0009323271898123838,-0.13099682055211803,-0.1805397257235265,0.21212527179315557,63802.5
0.09568799011833476,-0.10217647337380831,0.32535919319969914,-0.09637902637857833,-0.12751431509274508,-0.17626755327783697,0.21059938244986204,63820.75
-0.004033751859075757,-0.2252211266193698,0.49672739465119625,-0.19536151315309805,-0.12349270814822365,-0.17194488516014508,0.20906178793364413,63839.0
-0.08020706199648293,-0.3271242799056972,0.6609005430560477,-0.29648402160269066,-0.11897107634774,-0.1675725390689476,0.2075126335104393,63857.25
0.011919772920649023,-0.3683829469334342,0.8021654220514248,-0.39835078581667405,-0.1139884963204805,-0.16315133270274176,0.2059520644461848,63875.5
0.041015847631474124,-0.34284058058983674,0.8978698729364963,-0.4995660398843678,-0.10858404469563143,-0.15868208376002493,0.20438022600681827,63893.75
-0.016289826387794158,-0.2631889249842065,0.9156343665301249,-0.5986482729297997,-0.10279679810237921,-0.15416560993929415,0.20279726345827717,63912.0
0.07204459143030044,-0.14814956538005855,0.8270238860277251,-0.6937964743905811,-0.09666583316991008,-0.1496027289390462,0.2012033220664988,63930.25
0.08995672163597755,0.06602744239052,0.6246657809442318,-0.783217809438034,-0.09023022652741038,-0.14499425845777866,0.19959854709742098,63948.5
-0.12816816669649497,0.4138230918150648,0.32789018312566204,-0.8651429234182303,-0.0835290548040665,-0.1403410161939885,0.19798308381698093,63966.75
0.12271302133257594,0.9135421327715431,-0.03461435779782861,-0.9378024616772407,-0.07660139462906469,-0.13564381984617285,0.19635707749111594,63985.0
-0.022403714943896532,1.4258201155495351,-0.41976399704091777,-0.999427069561137,-0.0694863226315913,-0.13090348711282893,0.19472067338576382,64003.25
-0.0534374761356793,1.856386866592509,-0.7808760660294859,-1.0482473924159919,-0.062222915440832666,-0.12612083569245364,0.19307401676686173,64021.5
-0.03381345715082894,2.1467631852062836,-1.07674177475348,-1.0824940755878758,-0.054850249685975114,-0.12129668328354438,0.1914172529003473,64039.75
0.1381686153996998,2.2761402931510775,-1.2894792239543438,-1.1003977644228609,-0.04740740199620493,-0.11643184758459806,0.1897505270521582,64058.0
0.24979258290296952,2.1700782959576967,-1.4136319661421308,-1.1001925463492352,-0.03993000691849168,-0.11152714629411202,0.1880739844882313,64076.25
0.6605103475751197,1.7913148837168065,-1.4500791992158275,-1.0801264381604194,-0.032439769634673564,-0.10658339711058322,0.1863877704745047,64094.5
1.258009710333199,1.101787915041579,-1.4004353669308793,-1.0389423642440627,-0.0249543090993144,-0.1016014177325089,0.18469203027691466,64112.75
2.0181501117151495,0.11404760892428882,-1.2643516275749094,-0.9773466954919017,-0.017491083230713536,-0.09658202585838617,0.18298690916140026,64131.0
2.8138239766724826,-1.0468158000563532,-1.040988318068584,-0.8965366241626328,-0.010067549947170289,-0.09152603918671202,0.18127255239389817,64149.25
3.3600914653563803,-2.1648818125213154,-0.7295057753325668,-0.7977093425149483,-0.002701167166983995,-0.08643427541598389,0.17954910524034554,64167.5
3.8899855537233834,-3.001402744896915,-0.32906433628752785,-0.6820620428075416,0.0045906071915459935,-0.08130755224469871,0.17781671296668058,64185.75
3.363662310264172,-3.5356627767504314,0.15651243275268736,-0.5507919172991066,0.011790315210120151,-0.0761466873713536,0.1760755208388403,64204.0
2.6805591788627288,-3.5476922988138084,0.697808801245588,-0.4050961582483373,0.018880498970439422,-0.07095249849444586,0.17432567412276223,64222.25
-7.169707187518301,-2.293459578912438,1.2326754066634782,-0.2461719579139265,0.02584370055420397,-0.06572580331247228,0.17256731808438275,64240.5
-7.523025384720952,-0.019090125537676958,1.6907699759492985,-0.07521650855456875,0.032662462043114966,-0.06046741952393038,0.1708005979896426,64258.75
6.742713930584088,2.259620629616137,2.0014368200776302,0.10657299757104279,0.03931932551887264,-0.055178164827317064,0.16902565910447648,64277.0
10.0851394354282,3.375487521152589,2.094020250023051,0.29799936820421397,0.045796833063177764,-0.04985885692112954,0.1672426466948218,64295.25
8.496649999040736,2.573308395756538,1.9162091179969842,0.49723276557018886,0.05207752675773107,-0.04451031350386486,0.16545170602661496,64313.5
3.7515400418607348,0.5746543660200101,1.4894472226503555,0.6995359883378186,0.05814394868423314,-0.03913335227402033,0.16365298236579542,64331.75
-2.3294109380184924,-1.5012668288400066,0.8550300298395055,0.898032063691327,0.0639786409243846,-0.033728790930093115,0.16184662097830213,64350.0
-7.2921792500718166,-2.5152335420383345,0.054629786912902864,1.0854672373228,0.0695641455598859,-0.02829744717057991,0.16003276713007092,64368.25
5.8062781472065685,-1.692204853657199,-0.8456502828942607,1.2545877549243216,0.07488300467243787,-0.022840138693978298,0.15821156608703665,64386.5
2.995718827384219,0.21355532061257768,-1.6819830527999422,1.3981398621879761,0.0799177603437414,-0.01735768319878524,0.1563831631151403,64404.75
-3.798075817769846,1.4422138709919945,-2.2661104201353854,1.5088698048058478,0.08465095465549646,-0.011850898383497874,0.15454770348031932,64423.0
3.977168291765352,0.7481459923051593,-2.407643775086904,1.5795238284700208,0.08906512968940444,-0.006320601946613605,0.15270533244850795,64441.25
-4.9261499301856775,-0.3674929830070608,-1.9093365954272787,1.6045122950387611,0.09314282752716524,-0.0007676115866288367,0.15085619528564778,64459.5
6.296881234842593,-0.37902715731083014,-0.6822931934279937,1.5848909128629947,0.09687770842253272,0.004807254997958456,0.14900043725767206,64477.75
-7.806288302673592,0.16223082451181178,0.9024673529784397,1.523335033771626,0.10030790531746964,0.010403180108651544,0.14713820363052127,64496.0
9.00339153545828,-0.15518713852862787,2.180520254250698,1.4225088914215,0.103482669325992,0.0160193460469532,0.14526963967013184,64514.25
-9.208601037175203,-0.36026061252208663,2.4177570505538286,1.2850767194694652,0.1064512515621152,0.02165493511436645,0.14339489064244215,64532.5
8.250188972584628,0.985591703929061,1.3302859495402986,1.1156944370253028,0.10926290313985522,0.02730912961239408,0.14151410181338858,64550.75
-4.995134543729352,1.0635822954039464,-0.25908566450487985,0.9269847050105379,0.11196687517322787,0.03298111184253882,0.13962741844890905,64569.0
-6.46557178428933,-0.9513427079295301,-1.647743548633331,0.7335618697996267,0.11461241877624885,0.038670064106303755,0.13773498581493943,64587.25
7.745389382569914,-3.4024302871790684,-2.280591078458493,0.5500402777670289,0.11724878506293375,0.04437516870519157,0.13583694917742073,64605.5
-10.061460446560087,-0.3297621431029087,-1.8224756588003752,0.3879839592180063,0.11992522514729846,0.05009560794070518,0.13393345380228777,64623.75
11.270913257883919,4.740043651601601,-0.7701875912348155,0.24675568018103988,0.12269099014335864,0.05583056411434744,0.13202464495547692,64642.0
-10.319218603082755,3.2035271053845378,0.27480158613204936,0.12266789061541308,0.12559533116513,0.06157921952762137,0.13011066790293074,64660.25
8.524018205189734,-1.2742322575731546,1.1242382858287034,0.012033040480410515,0.12868749932662843,0.06734075648202961,0.12819166791057837,64678.5
-0.8780285243568322,-3.1561951590411534,1.693173408042287,-0.08883642026468379,0.1320167457418698,0.0731143572790752,0.126267790244365,64696.75
-8.706198404243557,-3.984479015326227,1.8966578529599403,-0.18362804166058494,0.13563232152486943,0.07889920422026085,0.1243391801702233,64715.0
11.330488336361224,-5.1015522260879145,1.6496517588520792,-0.275938611831289,0.13958347778964333,0.08469447960708958,0.12240598295409437,64733.25
-13.7216598924101,-1.5651869649272006,0.9388197509629521,-0.3690018712339088,0.14391946565020697,0.09049936574106428,0.12046834386191506,64751.5
13.728237305055021,4.798959870511955,0.03900583118290985,-0.4659607984088383,0.1486895362205765,0.09631304492368756,0.11852640815961966,64769.75
-11.875572500180025,2.6972253591897686,-0.7462612106527233,-0.5699583718964709,0.1539429406147676,0.10213469945646254,0.11658032111314663,64788.0
10.672701289900427,-4.355423620102855,-1.2869835714915676,-0.6841375702371995,0.15972892994679566,0.10796351164089192,0.11463022798843596,64806.25
7.892248116440729,-4.629333045007988,-1.496546194976975,-0.8116413719714172,0.16609675533067653,0.1137986637784788,0.11267627405142375,64824.5
-12.399459430345688,0.4327007398894564,-1.3262499616889745,-0.9533257608290647,0.17309566788042635,0.11963933817072572,0.11071860456804816,64842.75
12.868331180129688,4.678937258134331,-0.8790594999542635,-1.100898741298268,0.18077491871006043,0.1254847171191359,0.10875736480424482,64861.0
-12.161184257391485,1.1371920258048591,-0.29388138959650456,-1.2437813230566999,0.18918375893359465,0.131333982925212,0.10679270002595084,64879.25
11.398188630374332,-4.670621161321462,0.29827373131948354,-1.3713945157820338,0.19837143966504492,0.1371863178904567,0.10482475549910468,64897.5
6.643172740509837,-4.382238463911263,0.7824364573738493,-1.4731593291519418,0.20838721201842647,0.14304090431637337,0.10285367648964633,64915.75
-12.253791820443633,0.09615955908914837,1.099906371967778,-1.5384967728440977,0.21928032710775544,0.14889692450446443,0.10087960826351162,64934.0
12.855612664019164,4.11022179156431,1.206050305707712,-1.5568278565361744,0.23110003604704818,0.15475356075623298,0.09890269608663331,64952.25
-12.578261284950258,4.118380200906463,1.0726862227343463,-1.5203752367119192,0.24384341506815826,0.16060999537318166,0.09692308522495657,64970.5
-5.5227650104031545,1.9617375990903354,0.7420465935615997,-1.4325681570793787,0.25729884087429894,0.16646541065681364,0.09494092094441413,64988.75
9.991701731004275,-0.19932778909535587,0.29125491118258495,-1.2996375081526745,0.27120251528652134,0.17231898890863157,0.09295634851094496,65007.0
-9.046096285248934,-1.1252404432333591,-0.19795535917335352,-1.1278141804459259,0.2852906401258768,0.1781699124301384,0.09096951319048491,65025.25
8.23097671367832,-1.8208500402684953,-0.6438507522768679,-0.9233290644732561,0.29929941721341696,0.1840173635228369,0.08898056024897187,65043.5
9.06516295386687,-2.3624761103853156,-0.9646978028986113,-0.6924130507487847,0.31296504837019296,0.18986052448823015,0.08698963495234743,65061.75
-9.425750136221998,-2.3430537292099536,-1.090968711939906,-0.4412317205948347,0.3260237354172568,0.1956985776278209,0.08499688256654482,65080.0
9.63994888960395,-1.2299383630301526,-1.0097404376659223,-0.17657772503921937,0.33821168017565917,0.20153070524311179,0.08300244835749938,65098.25
0.36246135413799885,0.3062447994596593,-0.7514239758372342,0.09126836819129061,0.34926508446645305,0.20735608963560598,0.0810064775911535,65116.5
-9.579938739308078,1.2675181883604312,-0.35421241505560036,0.35113768489723896,0.3589201501106877,0.2131739131068063,0.079009115533441,65134.75
9.413190649011781,0.9469595005630002,0.13435275285304643,0.5918613508791649,0.366913078929416,0.21898335795821539,0.07701050745030495,65153.0
-6.318928025078281,-0.14850580525554521,0.618245058198439,0.8022704919376142,0.37298007274368883,0.22478360649133644,0.07501079860767672,65171.25
-8.78064379205113,-0.7772022210264286,0.947724168195635,0.9711962338731259,0.3768573333745582,0.23057384100767223,0.07301013427149267,65189.5
8.354286189822451,-0.10789489197286203,1.0047152311495924,1.0874697024862454,0.3782810626430745,0.23635324380872547,0.07100865970769953,65207.75
-8.079283328587762,0.7071033433112819,0.8390609640552581,1.143031839117635,0.37698753079109926,0.2421209287751905,0.06900652018222536,65226.0
-6.38557426898341,0.3534562084979971,0.5364195320526023,1.1422255109745383,0.3727513225454677,0.24787503159672103,0.0670038609610107,65244.25
8.37742121096488,-0.4963436937637623,0.2013307417335081,1.0923332939262076,0.36552001596316097,0.2536108015109382,0.06500082730999501,65262.5
-8.728347694660771,-0.7734384768257991,-0.05616773606212951,1.0005173807384897,0.3553622767123679,0.25932278324765756,0.06299756449511258,65280.75
-4.9274174691210675,-0.13852029473227004,-0.16133451245924962,0.8739192024748711,0.3423675321636464,0.26500552153669465,0.060994217782302386,65299.0
9.137154250292587,0.6462633803626873,-0.1806133264420974,0.7196801901988312,0.32662520968755115,0.27065356110786487,0.05899093243750337,65317.25
-9.1076004885176,0.7158491142695943,-0.21497984015319288,0.5449417749738537,0.30822473665464,0.2762614466909835,0.05698785372664931,65335.5
-2.950192060286864,0.04256497017995554,-0.3368814904786017,0.35684538786342146,0.28725554043547,0.28182372301586567,0.05498512691568071,65353.75
8.640838850608475,-0.5735377980010846,-0.5161181953769362,0.16253245993101742,0.26380704840059593,0.28733493481232725,0.05298289727053343,65372.0
-8.131949279050597,-0.41616185775107273,-0.6889368125814332,-0.030855577759877528,0.23796868792057652,0.2927896268101837,0.05098131005714642,65390.25
2.115957155305677,0.24727362412917378,-0.756126528290818,-0.21617729414577908,0.20982988636596675,0.29818234373925007,0.048980510541457085,65408.5
5.95491864955861,0.41464535631652394,-0.5978264831245478,-0.3863446705317258,0.17948007110732403,0.3035076303293421,0.046980643989400245,65426.75
-4.187055214978157,-0.38387636293200267,-0.15991366266352078,-0.5340928182737884,0.14700866951520514,0.3087600313102747,0.04498185566691588,65445.0
2.4493042988452163,-0.43215976612696017,0.3417193571190586,-0.6506481834043593,0.11250510896016604,0.31393409141186357,0.04298429083994243,65463.25
-1.4711983674689675,0.45555537909158633,0.6508536116039878,-0.7268466925327821,0.07605881681276327,0.3190243553639247,0.0409880947744142,65481.5
-0.7158382437943268,0.4331798807974271,0.6020069506436152,-0.755927391077886,0.0377592204435543,0.3240253678962725,0.0389934127362706,65499.75
2.1512175098497472,-0.14978801029998662,0.3140316868383462,-0.7408005218296178,-0.0022455306437321704,0.32893167373872306,0.037000389991448425,65518.0
-2.9274739084213905,-0.35270058182346553,-0.014256868204418259,-0.6870410182115151,-0.043545715121260195,0.33373781762109167,0.03500917180588568,65536.25
3.309016754068101,0.09606984403033916,-0.22618622286391343,-0.6003892689459552,-0.08556615636235683,0.3384383442731935,0.03301990344551906,65554.5
-3.142191386220947,0.14680096011374083,-0.346443564353335,-0.4866123460467276,-0.12770499444893457,0.3430277984248441,0.031032730176286744,65572.75
2.7130966386450317,-0.01919975274312572,-0.4381266655890783,-0.3523211752749788,-0.16936036946290514,0.34750072480585886,0.029047797264125864,65591.0
2.081593488192652,0.010519770542295234,-0.46952276181585056,-0.20737879590901642,-0.2099304214861806,0.3518516681460535,0.02706524997497383,65609.25
-2.3668808804981327,-0.1135748041238901,-0.30881963604836116,-0.061322597834027194,-0.2488132906006729,0.35607517317524306,0.025085233574768044,65627.5
2.7309359802393507,-0.44851803908389126,-0.02334982411774099,0.07913851954281373,-0.28540711688829346,0.36016578462324295,0.023107893329446943,65645.75
-3.3108252602738446,-0.10085529236385518,0.22309781492299688,0.20797195406577043,-0.3191100404309548,0.36411804721986873,0.021133374504946633,65664.0
-3.6367758890919504,0.8311006351788547,0.35745282122734495,0.31914510357910664,-0.34932020131056846,0.3679265056949358,0.019161822367204782,65682.25
3.5748554153305476,1.3428009001522256,0.33186457547065173,0.40841995934013037,-0.37543573960904664,0.3715857047782595,0.017193382182160082,65700.5
-3.0830274739173578,0.12041156204004849,0.1288812587936578,0.4785632577214769,-0.39685479540830115,0.37509018919965537,0.015228199215747605,65718.75
-1.4689537250338744,-1.6697444607095662,-0.12043484460565299,0.5334418143614185,-0.4129755087902439,0.3784345036889389,0.013266418733907605,65737.0
2.6429994736409936,-1.86034217508743,-0.2474442764117257,0.5767488163613762,-0.4231960198367867,0.3816131929759251,0.0113081860025758,65755.25
-3.3458813305892994,0.3834046711013267,-0.14337091427069112,0.6095763919553135,-0.42691446862984156,0.3846208017904296,0.009353646287689981,65773.5
4.30612010567906,1.7127478132677922,0.061108020324574686,0.6226124339073655,-0.42352793516269294,0.38745081477364046,0.007402944855188198,65791.75
-3.4005944614181054,0.3199978506906089,0.198826888149089,0.604141482110889,-0.41262696507079605,0.39009247621223647,0.005456226971005912,65810.0
-4.645623286748409,-1.235065179266458,0.19424843782341006,0.5451101855187299,-0.3945918678876976,0.3925339703042682,0.0035136379010831135,65828.25
3.782056175977393,-0.49854436882631886,0.02715263879027601,0.4438846066880589,-0.3700006591436252,0.39476348124778743,0.001575322911356689,65846.5
-2.956965530124291,0.6710847521599468,-0.16684205304563562,0.29964836251510535,-0.33943135436880534,0.39676919324084475,-0.0003585727322369952,65864.75
3.018586983391618,0.16904404354804575,-0.2354038841316725,0.11132163721267077,-0.3034619690934654,0.3985392900432065,-0.0022879033254750106,65883.0
-4.042986028491617,-0.2442466204017016,-0.12385779662638384,-0.11537527023804092,-0.26267051884783243,0.40006195366149877,-0.004212521410994397,65901.25
0.10797716940797913,-0.0397244584134904,0.1374389955003084,-0.3472635762586511,-0.21763501916213326,0.4013253656640624,-0.00613227909314775,65919.5
6.390991851045191,0.10323293992966917,0.3708584935018359,-0.5433322804081255,-0.1689334855665954,0.4023177076192387,-0.008047028476287993,65937.75
-6.384820026798188,-0.17405132172589063,0.3783694279664849,-0.6686507876366359,-0.11714393359144515,0.40302716109536785,-0.00995662166476523,65956.0
-0.9515368512818047,0.21259457940686557,0.08796309186229456,-0.7137351013164601,-0.06290351792382445,0.4034419076045649,-0.01186091070670811,65974.25
4.025514831516587,0.5743720146623398,-0.28899492487741807,-0.6757951506107233,-0.0071019540545609145,0.4035501284340351,-0.013759747425332829,65992.5
-3.0330946215588868,-0.11122000084019994,-0.5140740651061393,-0.5520697227414585,0.04924788666448273,0.4033400048147584,-0.015652983587628757,66010.75
3.0447126201969534,-1.1497243945669668,-0.5028921054522328,-0.34613329825536576,0.10511712870541395,0.4027997179777132,-0.017540470960587334,66029.0
-2.352477523490076,-0.36151555702734706,-0.2295438585187277,-0.08696714770193963,0.1594768965403388,0.40191744915387884,-0.01942206131119909,66047.25
-5.286335062616297,1.3059571236256753,0.16309228795777958,0.19009576086862592,0.21129831464136467,0.40068137957423433,-0.021297606406455078,66065.5
6.069780337312288,1.8972950329073663,0.4883541280821267,0.44972245940613675,0.25955250748059777,0.3990796904697592,-0.023166958013347387,66083.75
-5.468522658020774,0.014317067224152696,0.6048620138784322,0.6565799798603992,0.3032105995301449,0.3971005630714328,-0.02502996789886033,66102.0
-5.439123645622544,-2.1467291460040543,0.5491360167256377,0.7785658665035313,0.3412437152621147,0.394732178610233,-0.026886487829990657,66120.25
4.270969781031173,-2.21349880258331,0.38402281825958007,0.8021555730454589,0.3726229791486121,0.39196271831714014,-0.028736369573726314,66138.5
-3.8412002797512015,-0.6903935061694696,0.14924736326510252,0.7394691531195787,0.3965288686548434,0.38878036342313277,-0.030579464897058352,66156.75
4.231106084962871,0.013586887326532316,-0.10452182599055265,0.6074451085354583,0.41297927321840744,0.38517329515919035,-0.032415625566977815,66175.0
-5.033668249977047,0.5365852911128463,-0.32237185827626047,0.42281258810956823,0.4222014352700028,0.3811296947562916,-0.034244703350474213,66193.25
-5.532020365491101,1.5277411741673395,-0.44938984236089197,0.20230074065837625,0.4244199987046617,0.37664034198108154,-0.03606655001453755,66211.5
5.154049310010528,2.267949452957911,-0.4305066091400193,-0.0375175628749502,0.4198485439095813,0.371707080108039,-0.03788101732616095,66229.75
-4.150838705747185,0.260083080885041,-0.24313271376055381,-0.27926361036364544,0.4086953752755992,0.36633702840800475,-0.0396879570523334,66248.0
3.47026163392908,-2.3601763853481703,0.0011998501277364151,-0.49813278344904477,0.39116812782837773,0.3605379755169927,-0.04148722096004413,66266.25
0.5412701660641632,-1.7013163113466472,0.17384623803657737,-0.663741380957476,0.36747443659358037,0.35431771007101615,-0.04327866081628549,66284.5
-4.16883760686998,0.8792596116605924,0.23902544455866595,-0.7580090806192639,0.33782193659687004,0.34768402070608984,-0.04506212838804672,66302.75
4.696106014130625,2.5400316808682755,0.1910858837587021,-0.7728448645924926,0.3024182628639104,0.34064469605822706,-0.04683747544232119,66321.0
-4.815225753714652,1.1992451428261024,0.05112428871083519,-0.7117787152332353,0.2615807640385301,0.3332075247634422,-0.04860455374609479,66339.25
0.8173966219407907,-1.2744852007619625,-0.09619173076927923,-0.5814022163932356,0.21606564323722538,0.3253802954577488,-0.05036321506636076,66357.5
4.462322079999553,-2.2991429871775733,-0.14769071228543282,-0.3916834856933302,0.16673881719465916,0.31717079677716115,-0.05211331117010977,66375.75
-4.519034975773377,-0.3765065679730008,-0.036087807682115135,-0.16586297710543366,0.11446620264549283,0.3085868173576931,-0.053854693824331175,66394.0
4.598996617033136,1.7489930490204422,0.11335307196950806,0.0687318122581096,0.06011371632438921,0.2996361458353585,-0.05558721479601902,66412.25
-4.157872684221958,1.4268599108778661,0.16064452149141586,0.28456832953757905,0.004547274966011238,0.29032657084617114,-0.05731072585215761,66430.5
-4.071212912896776,-0.06808984755874703,0.10174596785884378,0.4550887926701837,-0.05136720469497939,0.2806658810261452,-0.059025078759742666,66448.75
3.8533736511610748,-0.7345240456954621,-0.039365129226143165,0.559947787603846,-0.1067638059239204,0.2706618650112947,-0.060730125285762125,66467.0
-4.047524418789948,0.09143453154322788,-0.2162550077380404,0.5890736125960097,-0.16082241420674637,0.2603223114376332,-0.06242571719720756,66485.25
4.560843476405062,0.40711282368692847,-0.2540663408248934,0.5347883337552747,-0.2128033980575498,0.24965500894117487,-0.0641117062610695,66503.5
-1.1805905115925486,-0.3210117068225521,-0.029416422467153435,0.3970580614076779,-0.2616020247940907,0.23866774615793368,-0.06578794424433862,66521.75
-4.824785588540502,-0.5446436888003564,0.24444212037566476,0.2077827616800995,-0.30601083587989686,0.2273683117239234,-0.06745428291400453,66540.0
4.114718998452513,0.720442940928119,0.32110371623501033,0.0048869945696820415,-0.3448223727784958,0.21576449427515812,-0.06911057403705817,66558.25
-3.3993375866567868,0.9200565584855295,0.16717804775020126,-0.18156975804776196,-0.3768291769534152,0.20386408244765164,-0.07075666938049097,66576.5
3.5215353027069853,-0.650359816453194,-0.1294538892776559,-0.3232200536291505,-0.4008237898681828,0.19167486487741808,-0.07239242071129241,66594.75
2.991341884261268,-1.136114673637896,-0.3347248888174312,-0.39162332157870505,-0.4155987529863261,0.1792046302004711,-0.07401767979645292,66613.0
-5.644118878830894,-0.306562450049766,-0.2599270186275212,-0.36822219464439515,-0.42023142885235815,0.16646116705282496,-0.07563229840296237,66631.25
6.082435548912503,0.9807420489331655,-0.03498395268951729,-0.27399211894917075,-0.41493941178906973,0.15345321152483,-0.07723612829781505,66649.5
-0.12264449924142373,0.7507097581138539,0.15936832147362096,-0.1397917439597275,-0.40022890701758346,0.1401932895241831,-0.07882902124799614,66667.75
-4.238319391978605,-0.18625847044446822,0.2575918010317015,0.0035202808572390946,-0.3766090968843311,0.12669690408389092,-0.0804108290204997,66686.0
2.827663028207228,-0.3990197294253801,0.21962868118943354,0.12771322655474632,-0.3445972824196353,0.11298767692085036,-0.0819814033823148,66704.25
-1.921446532031001,0.2514137195361665,0.04639591329318937,0.21631952784886624,-0.3047127943247918,0.09909125942293151,-0.08354059610043306,66722.5
1.365015725649895,0.2551034690068198,-0.096327544059031,0.2605054663121796,-0.2574749633010959,0.08503330297800438,-0.08508825894184449,66740.75
2.4085060274048007,-0.19439308189834775,-0.151333648213548,0.25279461790798863,-0.2035089328563655,0.07083945897393898,-0.0866242436735394,66759.0
-3.353168325240527,-0.47924884187411115,-0.11814101080857345,0.18990391760502529,-0.14397401877298296,0.056535378798605165,-0.08814840206250801,66777.25
4.202375261260708,-0.5369659110126423,-0.021366892395585924,0.08546964566207584,-0.08057903383375967,0.042146713839872924,-0.0896605858757409,66795.5
0.2147602384630441,-0.5281550163079184,0.0836826231724681,-0.03616940441806581,-0.015143711869983124,0.02769911548561235,-0.0911606468802301,66813.75
-4.364878915837272,0.014234574218463065,0.14047722306595375,-0.14941569537000518,0.05051221328705876,0.013218235123693323,-0.09264843684296444,66832.0
3.6545853583684975,1.164737897656826,0.10563380101216219,-0.2347967838096876,0.11456900780607829,-0.001270275858014103,-0.09412380753093563,66850.25
-2.934408972492992,1.1325935896102983,-0.027254742720478235,-0.29022523782491555,0.17520693785578775,-0.015740766071640055,-0.09558661071113245,66868.5
0.38693585890393467,-0.577922018713623,-0.18792334089985765,-0.31802402430794174,0.23078900494227733,-0.030167584129314466,-0.09703669815054702,66886.75
3.329787233212664,-1.6189309759227963,-0.28740015980622147,-0.321376345574267,0.280538445994885,-0.044525078643167494,-0.09847392161616919,66905.0
-4.5083351991620555,-0.04864709402665969,-0.25768518112203465,-0.30425978867052655,0.32438579172652354,-0.05878759822532905,-0.0998981328749902,66923.25
5.651489711057172,1.7902138914795345,-0.1153009981263621,-0.27115912711233814,0.3624203955288492,-0.07292949148792907,-0.1013091836940005,66941.5
-1.7722507214485155,1.2300882253729077,0.09957734117318197,-0.22665360751413188,0.3947389929447707,-0.0869251070430978,-0.1027069258401884,66959.75
-5.89535347876333,-0.24464024348646932,0.33668758145138133,-0.1753224764903374,0.4214383195171965,-0.10074879350296519,-0.1040912110805465,66978.0
5.2168475692321445,-0.7617473766127604,0.5432456655536196,-0.12174498065538418,0.4426151107890346,-0.1143748994796612,-0.10546189118206534,66996.25
-4.829280738958461,-0.9915413439043311,0.6664675363252804,-0.07050036662370247,0.4583661023031939,-0.12777777358531586,-0.10681881791173611,67014.5
5.312603603194879,-1.9911610832859534,0.6523435353735225,-0.024942279771496274,0.46879048094493087,-0.14093421577440735,-0.10816184303654783,67032.75
2.0414463602459723,-1.8282155826567819,0.4640379792865782,0.0166668514945615,0.4739972389688943,-0.153830831370806,-0.10949081832349165,67051.0
-7.471344543176136,-0.09070582826054246,0.1524665736172733,0.058045448072539904,0.4740989874167159,-0.16645784448536535,-0.11080559553955825,67069.25
7.783258833468323,2.23541350393007,-0.20669271427995478,0.10310074287713675,0.469213007108568,-0.178810149007479,-0.11210602645173699,67087.5
-7.365330077539333,1.8515532134440353,-0.5424249842938867,0.15573996882304916,0.45945774630925734,-0.1908838062711754,-0.11339196282701881,67105.75
2.5711943248431766,-0.897935518110132,-0.8050534871538054,0.21987035882497574,0.44495165328359104,-0.2026748776104833,-0.11466325643239551,67124.0
6.647222009826095,-2.60553943958175,-0.950236011299119,0.2993991457976135,0.425813176296376,-0.21417942435943102,-0.11591975903485635,67142.25
-7.220861994248077,-0.6250038092966935,-0.9483515793320484,0.39781214716276764,0.4021607636124191,-0.22539350785204706,-0.11716132240139314,67160.5
8.19570082335039,2.3934171306547682,-0.8270339451824975,0.5152793130470957,0.3741128634965277,-0.2363131894223605,-0.11838779829899357,67178.75
-8.956979532534882,2.928778293724173,-0.6221172756489002,0.64502835679008,0.34178792421350823,-0.24693453040439917,-0.11959903849465234,67197.0
-3.5602380893559737,1.3333063634229283,-0.36689276997027687,0.7786567864076323,0.3053043940281677,-0.25725359213219173,-0.12079489475535761,67215.25
9.583861374932328,-0.8958687751782327,-0.09100057844228075,0.9077621099156653,0.26478072120531343,-0.2672664359397672,-0.12197521884810279,67233.5
-9.972617494206832,-2.4528900226623414,0.17683191087528163,1.0239418353300898,0.22033535400975224,-0.2769691231611537,-0.12313986253987039,67251.75
10.591449731307783,-3.006565662230527,0.4078773099226007,1.1187934706668172,0.17208674070629143,-0.28635771513038005,-0.12428867759765844,67270.0
-0.27622182759197067,-2.3572677692705364,0.5778397299758664,1.18391452394176,0.12015332955973726,-0.2954282731814746,-0.12542151578845487,67288.25
-11.907727501094003,-0.6700127653943494,0.6801492796552688,1.2108257571767962,0.06473031482893257,-0.3041768586484663,-0.12653822887925387,67306.5
12.293229624406017,1.4849833846578187,0.7117032707404352,1.1916537429227276,0.006371376420350766,-0.31259953286538256,-0.12763866863703716,67324.75
-12.491471218357665,2.5642404670158268,0.6646913021810068,1.1229500138803494,-0.054087053079535326,-0.32069235716625344,-0.12872268682880406,67343.0
-5.194041267100722,1.8531284839906468,0.5347711128457193,1.0064680354286921,-0.11575703941276194,-0.32845139288510644,-0.12979013522153993,67361.25
12.606508026080927,0.20838537519819292,0.348088107842036,0.848359903783345,-0.17775064832136592,-0.3358727013559705,-0.13084086558223842,67379.5
-12.49384916398898,-1.209164100934089,0.13862224086804067,0.655664740838102,-0.2391799455473835,-0.3429523439128742,-0.131874729677888,67397.75
6.3778584119428325,-1.7243943904082992,-0.059646534378184166,0.4354216684867549,-0.2991569968328497,-0.3496863818898462,-0.13289157927548176,67416.0
11.913456279898382,-1.6606719907313818,-0.21561988946244567,0.1946698086231,-0.3567938679198035,-0.35607087662091463,-0.1338912661420061,67434.25
-11.605844399025179,-1.513634400330651,-0.3108271301053242,-0.05955171685907251,-0.4112026245502793,-0.36210188944010857,-0.1348736420444547,67452.5
11.430199380434631,-1.4307463041380095,-0.3340837196881364,-0.32020378606596644,-0.46149533246631486,-0.36777548168145585,-0.13583855874982012,67470.75
7.87451449728484,-1.015635951839037,-0.28059407932223246,-0.5794996283646234,-0.5067840574099458,-0.37308771467898577,-0.13678586802508721,67489.0
-11.341000200196808,-0.37239385882338916,-0.16719066787626022,-0.8261851389314294,-0.5461808651232088,-0.37803464976672574,-0.13771542163725323,67507.25
11.155007984356603,0.1957477873217613,-0.018222745424513083,-1.0460295876287784,-0.5787978213481396,-0.3826123482787057,-0.13862707135329888,67525.5
6.016202141676983,0.27435148971464174,0.14017652509887396,-1.223037426529618,-0.603746991826776,-0.3868168715489534,-0.13952066894022455,67543.75
-10.22840191548101,0.057503150830498964,0.2722895596851085,-1.340595508012005,-0.620140442301153,-0.39064428091149794,-0.1403960661650161,67562.0
9.63436906255282,-0.09102095430774844,0.3080090266355728,-1.3832819462273773,-0.6270902385133074,-0.3940906377003671,-0.14125311479466143,67580.25
6.619490944462142,-0.0040279045031176115,0.2000541288476829,-1.347362594917786,-0.6239763231541612,-0.3971523864936739,-0.14209166659615943,67598.5
-8.65605830873223,0.06769284740364902,-0.006746759684694912,-1.2414328564492652,-0.6112480887468874,-0.39982956280914955,-0.14291157333649437,67616.75
8.37241403128413,-0.046874342265949,-0.24600128957398582,-1.076577124844456,-0.5896145729104185,-0.40213081726173733,-0.1437126867826568,67635.0
7.594778256440383,-0.18078274046917475,-0.44937484406940037,-0.8645770018251742,-0.5597827553004044,-0.404066858429662,-0.14449485870163728,67653.25
-8.062981716506025,-0.11600406506462684,-0.5533907921408957,-0.6200655773194516,-0.5224596155724929,-0.4056483948911497,-0.14525794086043095,67671.5
5.410670173147312,0.2162085741308356,-0.53095304021288,-0.3579784557875584,-0.4783521333823334,-0.4068861352244257,-0.14600178502602165,67689.75
7.779264590411752,0.4607792310111467,-0.3826396965403708,-0.09073260787890258,-0.42816728838557566,-0.40779078800771595,-0.14672624296540662,67708.0
-7.693211651479643,0.25557762737514195,-0.12150610831010539,0.16990031856221693,-0.372612060237868,-0.40837306181924526,-0.14743116644556967,67726.25
1.44959549993382,-0.30830776826986594,0.20836429135507875,0.4121486756915004,-0.31239342859486013,-0.408643665237239,-0.14811640723350603,67744.5
7.899034256021612,-0.6509463288774419,0.5547899518844367,0.6242408156646488,-0.24821837311220124,-0.40861330683992303,-0.1487818170962046,67762.75
-8.183905646859637,-0.33644031254052414,0.8670639828594446,0.7944050906373615,-0.18079387344553904,-0.4082926814362915,-0.14942726156988761,67781.0
-4.418785613443314,0.29625926999140056,1.06626108760814,0.9108698527653405,-0.11082690925052463,-0.40769242875841166,-0.1500526612677031,67799.25
8.6090746191209,0.6131050180709372,1.0631509024236498,0.9644952435533989,-0.03902446018280596,-0.40682314719785156,-0.15065797814329934,67817.5
-5.4445388529316245,0.21216102381777563,0.7918841961388676,0.9578886584412981,0.03390778147511498,-0.4056953248611087,-0.15124328443539511,67835.75
-8.262254983320735,-0.37745826608461086,0.3196131079824791,0.9011719107819797,0.10726703052320459,-0.4043194222834126,-0.15180867995397723,67854.0
7.8933273308122,-0.4789137353790925,-0.2526019328806025,0.8057020158904137,0.18033668371103329,-0.40270589999999146,-0.1523542645090309,67872.25
-0.31997112241569353,0.018069694538906663,-0.814120144891408,0.6828627746238383,0.25237335224590585,-0.4008652185460759,-0.15288013791054578,67890.5
-7.309069658358773,0.48515789082936744,-1.2123875315748822,0.5440441236225253,0.32262751155209013,-0.3988078384568943,-0.1533863999685048,67908.75
7.189968103768552,0.2783033209156821,-1.3125044928593326,0.400635999526747,0.39034963705385484,-0.3965442202676752,-0.15387315049289968,67927.0
3.763443625965784,-0.3146971537051672,-1.1407760479198763,0.26241688293608095,0.45479020417546895,-0.3940848245136486,-0.15434048929371433,67945.25
-7.012244470161463,-0.6735086591151764,-0.7599154637959744,0.13271943028731875,0.5151996883412018,-0.39144011173004406,-0.1547885161809351,67963.5
2.0185067862044903,-0.3289272700690864,-0.24374685202571442,0.013264841976557404,0.5708285649753214,-0.3886205424520902,-0.1552173309645492,67981.75
6.560004935799541,0.3531122428630302,0.3017980017499268,-0.09422568160010703,0.6209273095020965,-0.3856365772150158,-0.1556270334545451,68000.0
-6.344482276726181,0.8359499982550254,0.7630734188318214,-0.18803094004657792,0.6647463973457968,-0.38249867655405123,-0.15601772346090642,68018.25
-6.070650813396023,0.795382459101838,1.0375187827732282,-0.2664297329667587,0.7015363039306899,-0.37921730100442486,-0.15638950079362154,68036.5
6.278739908099302,0.5294865984776906,1.084157422715488,-0.3277008599645529,0.7305475046810451,-0.37580291110136604,-0.15674246526267777,68054.75
-3.3388551720756725,0.31990618303500706,0.9424928327392353,-0.370543437016608,0.7510304750211307,-0.37226596738010376,-0.15707671667806108,68073.0
-6.519041790400391,0.16620355949165277,0.670953468994624,-0.395337845590546,0.762235690375217,-0.3686169303758683,-0.1573923548497607,68091.25
6.501086452432926,-0.041393461221738634,0.3283881040045503,-0.40288478352673346,0.7634136261675708,-0.3648662606238874,-0.15768947958775842,68109.5
1.994399093772049,-0.41611660621452107,-0.02635448970808998,-0.3942490975994132,0.7540775990409784,-0.36102311094403033,-0.15796819070204576,68127.75
-5.974656019633804,-0.655254611997491,-0.3344255396204001,-0.37155223031833734,0.7347922905122863,-0.35709140329471845,-0.15822858800260767,68146.0
3.166165267049369,-0.48574606553198474,-0.5423019308437371,-0.3371797731271349,0.7063852233168607,-0.3530737519190151,-0.15847077129943044,68164.25
5.335155876829807,0.06513247161363034,-0.6192741420566585,-0.2935173174694352,0.6696839201900646,-0.34897277105998054,-0.1586948404025024,68182.5
-5.196811190173437,0.6427068705151741,-0.54636262409442,-0.24258999238716755,0.6255159038672635,-0.34479107496067785,-0.15890089512180752,68200.75
0.7174953410832797,0.4542402850687491,-0.3223417351439565,-0.18498107731546176,0.5747086970838206,-0.34053127786416737,-0.1590890352673351,68219.0
4.784517762176124,-0.33291649625625586,-0.01488714689971006,-0.12091338928774804,0.518089822575101,-0.3361959940135117,-0.15925936064907145,68237.25
-4.051885036883987,-0.9310164997223614,0.2561784852410381,-0.0506097453374564,0.4564868030764682,-0.33178783765177183,-0.15941197107700386,68255.5
3.0405052523892095,0.01904716226420382,0.3849629735493707,0.025707037501982832,0.3907271613232875,-0.3273094230220102,-0.15954696636111584,68273.75
-2.2254952851974648,1.2977648413150409,0.35980084096005477,0.10665519119506071,0.3216384200509222,-0.32276336436728753,-0.1596644463113983,68292.0
-1.2028204859454565,0.9111211749016346,0.20649414418653686,0.18634204917597758,0.2500481019947371,-0.3181522759306662,-0.15976451073783607,68310.25
1.9642681293756785,-0.5856552963683805,-0.009736949635803755,0.25821561578896096,0.17678372989009677,-0.3134787719552079,-0.1598472594504166,68328.5
-2.2801038046132946,-1.913547482610682,-0.2141074835166255,0.3158563423006649,0.10266528502796424,-0.30874546668397357,-0.1599127922591255,68346.75
1.206219227060007,-2.0264757742925634,-0.3318325004655867,0.35287484575534617,0.028482582921701548,-0.30395497436002555,-0.1599612089739509,68365.0
3.2597990581512204,-1.1138813917202102,-0.3089129045599225,0.36379392086843626,-0.04503196646329179,-0.2991099092264253,-0.15999260940487878,68383.25
-3.172242793593822,0.34121281658745223,-0.17522367078089637,0.3475011938452933,-0.11736106952496873,-0.2942128855262343,-0.16000709336189703,68401.5
-4.741593214686629,1.6180221953132037,0.015651858287765375,0.30677407344934665,-0.18809993656125354,-0.2892665175025149,-0.16000476065499053,68419.75
0.12246376153471607,2.1294680359663953,0.20939971342861455,0.24513625502685113,-0.25685943781917503,-0.2842734193983283,-0.1599857110941469,68438.0
6.7126160232632195,2.0013392679518227,0.3581431659976757,0.16611143392406427,-0.32325044354576393,-0.2792362054567358,-0.15995004448935288,68456.25
-7.701916494406875,1.5547368087929705,0.4439069635282739,0.07302409429000203,-0.3868838239880467,-0.2741574899207995,-0.15989786065059786,68474.5
-0.266094685646431,1.2023794539603019,0.4718830550034735,-0.03171802985791919,-0.44737044939305387,-0.26903988703358106,-0.1598292593878633,68492.75
9.264494236515242,0.9966750150965608,0.4513042958266994,-0.14579480823647814,-0.5043211900078137,-0.26388601103814197,-0.15974434051114225,68511.0
-9.770233361427971,0.8680036143212883,0.3891585314093562,-0.2646411005704331,-0.5573469160793556,-0.25869847617754393,-0.15964320383041422,68529.25
3.202000285587076,0.7272604151847722,0.29184237832918253,-0.38310053775087594,-0.606058497854708,-0.253479896694849,-0.15952594915567084,68547.5
10.259203397120782,0.5138314667400474,0.16575245316391019,-0.49601675066889556,-0.6500668055808985,-0.24823288683311848,-0.15939267629689993,68565.75
-10.277629310191614,0.21742756096530094,0.017285372491279392,-0.598233370215582,-0.6889827095049579,-0.2429600608354139,-0.15924348506408315,68584.0
7.442784935346857,-0.09337687522300245,-0.147162247110978,-0.6845940272820239,-0.7224170798739148,-0.23766403294479704,-0.1590784752672135,68602.25
9.880855710955124,-0.3030441470987836,-0.3211800623966992,-0.7499423527593145,-0.749980786934797,-0.23234741740432976,-0.15889774671627466,68620.5
-9.451975233128818,-0.2555671903667224,-0.4974314727080321,-0.7891219775385407,-0.7712847009346337,-0.22701282845707396,-0.15870139922125032,68638.75
8.87772288584237,-0.019704680274420405,-0.6565453703535492,-0.7969765325107946,-0.7859396921204554,-0.2216628803460903,-0.15848953259213244,68657.0
8.554318094481927,0.1277570535177225,-0.7441007370949183,-0.7682129492904245,-0.7936933300160296,-0.21630018731444167,-0.15826224663890476,68675.25
-7.562961310974787,0.06962242339504277,-0.7106675795456209,-0.699078399200865,-0.7948403818254114,-0.21092696303187322,-0.15801964117155715,68693.5
7.019602584593548,-0.13178387131968472,-0.5629424628783076,-0.5940315015530304,-0.7898137256287134,-0.2055440095688113,-0.15776181600007227,68711.75
6.808717709329576,-0.23560508335000452,-0.3272942764245841,-0.4596179124738892,-0.7790458773035934,-0.20015249119813758,-0.15748887093444106,68730.0
-6.455516159658514,-0.19251220674493474,-0.034566017156128635,-0.3023832880904043,-0.7629691620337674,-0.19475376288667692,-0.15720090578464618,68748.25
3.4471370708383406,-0.02783458823334101,0.2745861045343549,-0.12887328452954536,-0.7420159050029504,-0.18934917960125405,-0.15689802036067704,68766.5
6.511090916830559,0.24654722834268394,0.557718452566034,0.054366442081720076,-0.7166184313948574,-0.1839400963086937,-0.15658031447251988,68784.75
-6.6406290567673105,0.5809455117034916,0.772555829391504,0.24079023561642732,-0.6872090663932047,-0.17852786797582024,-0.15624788793015995,68803.0
-4.468342153043451,0.79613669857216,0.8768230374633624,0.4238524399476072,-0.6542201351817057,-0.17311384956945888,-0.15590084054358616,68821.25
6.759680795907862,0.6450505100391376,0.8410244289881555,0.5970430938330682,-0.6180839629440766,-0.16769939605643414,-0.15553927212278576,68839.5
-1.012348728877803,0.006347251129239397,0.6866271185775786,0.7543175765612612,-0.5792328748640336,-0.16228586240357068,-0.15516328247774355,68857.75
-6.485609563491762,-0.7723014981681231,0.44705830691875825,0.8911549235074846,-0.5380991961252898,-0.15687460357769367,-0.15477297141844626,68876.0
6.259514217161566,-1.2238028434313166,0.1547988891445215,1.0041475999822285,-0.49511525191156164,-0.1514669745456275,-0.1543684387548823,68894.25
4.287321215594455,-1.125957616036321,-0.15773670846729948,1.0900857885318938,-0.4507133674065644,-0.1460643302741968,-0.15394978429703793,68912.5
-5.876241040468011,-0.6394402438745124,-0.4583281883362909,1.1457596717028817,-0.4053258677940133,-0.14066802573022646,-0.1535171078548989,68930.75
1.516885336025408,0.0013689263400167276,-0.7175004933854722,1.1679594320415934,-0.3593850782576228,-0.13527941588054126,-0.15307050923845353,68949.0
5.679277912186925,0.6710834900532855,-0.9064976887589494,1.153416250073516,-0.3132643219601953,-0.12989985569196572,-0.15261008825768715,68967.25
-5.583143508843247,1.2319468066833121,-0.9965638396008286,1.0986300978148296,-0.2671057135552248,-0.12453070013132476,-0.152135944722587,68985.5
-5.163562851117159,1.560783962840378,-0.9596176041604835,1.0007357366634524,-0.2210115639726769,-0.11917330416544308,-0.1516481784431415,69003.75
5.291570580508841,1.4555266835312892,-0.7813003260036819,0.8610321553158237,-0.17508898371686485,-0.11382902276114562,-0.15114688922933425,69022.0
-0.7209688158969475,0.811430521207089,-0.49202519338279527,0.6873371567860945,-0.1294450832921017,-0.10849921088525659,-0.15063217689115424,69040.25
-5.060997748891171,-0.1306006074640137,-0.13322970744552678,0.4889295993915272,-0.08418697320269962,-0.10318522350460119,-0.1501041412385871,69058.5
2.822891572057594,-1.0115482849018718,0.25364863066041893,0.2750883414493848,-0.039421763952972075,-0.09788841558600396,-0.14956288208162127,69076.75
5.233944130738459,-1.3456842867840357,0.6271723197873378,0.05509224127692905,0.00474343395276889,-0.09261014209628968,-0.14900849923024248,69095.0
-5.4675815932096725,-0.7729788020555283,0.9427607762052165,-0.16177984280857752,0.048201510010210336,-0.08735175800228313,-0.14844109249443754,69113.25
-2.7191775432744985,0.2268842337944639,1.1432610858547974,-0.3662490524898722,0.0908453537150389,-0.08211461827080882,-0.14786076168419274,69131.5
5.7948311737801745,0.8897461311351758,1.1692417412334168,-0.5499010185885946,0.13256785456294232,-0.07690007786869167,-0.1472676066094959,69149.75
-3.793184991359539,0.6867121493640157,0.9835156083720962,-0.7081166519381633,0.17326190204960795,-0.07170949176275669,-0.14666172708033276,69168.0
-5.485552370700872,0.05651945648410464,0.6249057103530705,-0.8384906463355799,0.21282038567072256,-0.06654421491982809,-0.14604322290669017,69186.25
5.1983550224987605,-0.3508096917731551,0.15102148723665285,-0.9389550190340166,0.25113619492197353,-0.06140560230673077,-0.14541219389855695,69204.5
3.3660968834996057,-0.22844194671363469,-0.3746194223972383,-1.0074417872866464,0.2881022192990483,-0.05629500889028962,-0.14476873986591682,69222.75
-4.8758054255225565,0.05889063967686346,-0.8570703462042834,-1.041907819566699,0.3236361995176917,-0.051213789637329164,-0.14411296061875814,69241.0
4.9391644872854785,0.08577920208925961,-1.1782041281943114,-1.0403994956917246,0.357745387637968,-0.04616329951467434,-0.14344495596706872,69259.25
4.315845001406803,-0.04924397492593418,-1.2729899498666275,-1.000936837837722,0.39041067807839086,-0.04114489348914974,-0.142764825720832,69277.5
-5.215999637446212,-0.10204665102116864,-1.1281857642488453,-0.9230797862709651,0.4215565328497378,-0.036159926527580245,-0.14207266969003865,69295.75
5.241139721369134,0.1079353353510924,-0.8042242485068412,-0.8127620485318239,0.45109577924482974,-0.031209753596790436,-0.14136858768467417,69314.0
2.0023188424133846,0.20700214167408224,-0.38164093916201736,-0.677513682658681,0.47894124455648773,-0.026295729663605053,-0.1406526795147236,69332.25
-5.2978677736006485,0.040697719792514145,0.06638719675047057,-0.524864746689918,0.5050057560775334,-0.02141920969484907,-0.13992504499017522,69350.5
5.605738946827424,-0.3255822102486751,0.49250495120767107,-0.36234529866391707,0.5292021411007876,-0.01658154865734683,-0.1391857839210164,69368.75
-3.6671304925717494,-0.2811752088644303,0.8396691664162519,-0.1974853966190608,0.5514432269190718,-0.011784101517923234,-0.13843499611723184,69387.0
-6.576916468055371,0.1239472168461185,1.0819012112549176,-0.0378150985937306,0.5716418408252071,-0.007028223243403139,-0.13767278138881145,69405.25
6.8352423030378455,0.5062575363381651,1.2039755191295614,0.1091355373736907,0.5897108101120149,-0.0023152688006112332,-0.1368992395457379,69423.5
-5.009658772937391,0.23920412594804552,1.1981384722963613,0.23629587381996883,0.6055629620723164,0.002353406843627799,-0.1361144703980016,69441.75
-6.676427194687337,-0.36105189856460596,1.0843106560514322,0.339275635879603,0.6191111239989325,0.006976448722489434,-0.13531857375558778,69460.0
6.5365113173206515,-0.6972869410884672,0.885872930851041,0.41781291493635203,0.6302681231846853,0.0115525018691486,-0.13451164942848273,69478.25
-3.936165599263811,-0.2594660265935138,0.6259402418765077,0.47368138061324355,0.6389467869223947,0.01608021131678064,-0.1336937972266743,69496.5
-6.363641030889123,0.4889522921910412,0.33440796168088066,0.5089529270188332,0.6450599425048832,0.020558222098560907,-0.1328651169601498,69514.75
6.135788296990316,0.8541774385776658,0.04294112578152601,0.5256994482616789,0.6485204172249714,0.02498517924766465,-0.1320257084388924,69533.0
-2.974326375258514,0.37177912358226994,-0.21999388382902035,0.5259837970108417,0.6492500798149778,0.029359727797267084,-0.1311756714728943,69551.25
-5.189360893697323,-0.4473686412512211,-0.4387252992575343,0.5118097341601412,0.6472299917841925,0.03368041177881131,-0.130315105872139,69569.5
4.63638478131759,-0.9582274765594722,-0.6007800061356209,0.4850802750948984,0.6425423641573343,0.03794537121681095,-0.1294441114466135,69587.75
1.1060699113495367,-0.9149425992130871,-0.6946539157805546,0.44767550918318416,0.6352921512119816,0.042152928900171645,-0.1285627880063042,69606.0
-3.9237525025542443,-0.6367597079545853,-0.7162488971216232,0.4014755257930695,0.6255831721612141,0.046302542682295986,-0.12767123536119945,69624.25
1.710207704969518,-0.46178302067949656,-0.6762889952863209,0.3480941453278138,0.6135189624519894,0.05039395418270955,-0.12676955332128473,69642.5
3.978361607689305,-0.23871660881923115,-0.5883790209138869,0.2884960988330863,0.5992030575312636,0.05442690502093892,-0.1258578416965473,69660.75
-4.146093439197879,0.22327487476628374,-0.4675214616853449,0.2250437943963373,0.5827389928459951,0.058401136816510185,-0.12493620029697368,69679.0
-3.1144376921646444,0.8279943888867324,-0.32913479178336574,0.16051562660666863,0.564230303843139,0.06231639118894963,-0.12400472893255143,69697.25
4.320301148114854,1.1153661365533445,-0.18863748539062067,0.09768999005317866,0.5437805259696536,0.06617240975778331,-0.12306352741326636,69715.5
-2.1391586259946815,0.7478589011946308,-0.06010779014591658,0.03934527932496864,0.5214931946724953,0.06996893414253758,-0.12211269554910562,69733.75
-4.1721527644431635,-0.07303509762174733,0.047736952487396456,-0.011740110988861801,0.4974718453986208,0.07370570596273862,-0.12115233315005587,69752.0
1.867868632396813,-0.9094612164493026,0.127519627589834,-0.05278778629921298,0.4718200135949876,0.0773824668379127,-0.12018254002610432,69770.25
4.053087364014253,-1.2193477117031515,0.17206453707916422,-0.08122076885423803,0.4446412347085517,0.08099895838758592,-0.11920341598723712,69788.5
-4.090821789241569,-0.5902389323400731,0.17791797500286888,-0.09544766135041288,0.4160390441862708,0.08455492223128458,-0.11821506084344184,69806.75
-1.1791794540492193,0.5315153329854305,0.15416953654360732,-0.09548008948490601,0.38612234606618423,0.08805009998853489,-0.11721757440470401,69825.0
4.19631576233135,1.3072056645188497,0.11553148236533434,-0.08426950632929864,0.3550536179608401,0.09148423327886294,-0.11621105648101085,69843.25
-3.501324943447235,1.0997269120043867,0.07546868489586774,-0.06557771556211298,0.3231291029145772,0.09485706372179503,-0.11519560688235134,69861.5
-4.179483492218854,0.1921640363178952,0.039750122917875275,-0.0431986200720494,0.2906771431819126,0.09816833293685748,-0.1141713254187086,69879.75
4.189592500963272,-0.8616665340341406,0.012220801802738036,-0.020926122747806978,0.2580260810173619,0.10141778254357631,-0.11313831190007255,69898.0
4.4630198418931935,-1.4016129913925075,-0.0033374688746207488,-0.0024909306816291517,0.22550425867544197,0.10460515416147788,-0.11209666613642792,69916.25
-4.881759183254352,-1.2279783209173047,-0.004487427359368116,0.008924909292957315,0.1934400184106688,0.10773018941008827,-0.1110464879377615,69934.5
1.6825423068577454,-0.7413055526854991,0.006112274047705797,0.012082926731200316,0.16213048989890427,0.11079262990893383,-0.1099878771140619,69952.75
5.847826847187087,-0.2626794828331794,0.0220484482583377,0.008864277142277747,0.13171182408817791,0.11379221727754074,-0.10892093347531463,69971.0
-6.0005272478077885,0.07009271300263484,0.03627632546308408,0.0019574249880618664,0.10214444569500583,0.11672869313543516,-0.10784575683150778,69989.25
-0.4535512604415905,0.5493678559581697,0.04203427942622982,-0.006196180430090358,0.0733526510226902,0.11960179910214326,-0.1067624469926239,70007.5
5.410596727377243,1.0646579667633753,0.03330045306211395,-0.01389485896087548,0.045260736374532776,0.12241127679719142,-0.105671103768655,70025.75
-4.920178025095097,1.3509868249835817,0.004700658669443929,-0.02008459983735828,0.017792998053835492,0.1251568678401057,-0.10457182696958424,70044.0
-4.220186122003276,1.2647429903063294,-0.046152907477936864,-0.023837092989100115,-0.009126267636099788,0.1278383138504123,-0.10346471640540082,70062.25
4.211081535168516,0.9464427866441236,-0.11020531599162636,-0.024229243969393525,-0.0355675487682399,0.13045535644763762,-0.10234987188609053,70080.5
-0.004586182453227745,0.5629922820201535,-0.17554095420458266,-0.020359279114075965,-0.06158001263300693,0.13300773725130766,-0.10122739322163996,70098.75
-4.287267798358208,0.055755639073794654,-0.23024420944976415,-0.011332473533193648,-0.08720577774661395,0.1354951978809487,-0.10009738022203596,70117.0
4.5851473280255535,-0.589329143617252,-0.2623994690601288,0.0037454393755874003,-0.1124865043376545,0.137917479956087,-0.09895993269726579,70135.25
3.53457846610195,-1.0060761963071998,-0.2595267964543883,0.025192419354339458,-0.13745186968870646,0.14027432509624876,-0.09781515045731543,70153.5
-5.197908741333437,-0.9005707119892452,-0.21097507004697902,0.05100703258287246,-0.1620694531770702,0.14256547492096025,-0.09666313331217267,70171.75
2.9216107184508253,-0.18083661098160195,-0.12187328694892433,0.07855487389587823,-0.1862381867491739,0.14479067104974747,-0.0955039810718233,70190.0
5.240490432786587,0.560847922449811,-0.0014365549239562512,0.10518737200683409,-0.20984283623023164,0.14694965510213695,-0.09433779354625309,70208.25
-5.05914842839801,0.6858431214427833,0.141120018264193,0.12825595562921766,-0.23276816744545745,0.14904216869765463,-0.09316467054545297,70226.5
-2.4084246610322424,0.1849204826105384,0.29297202723376997,0.14513668068867372,-0.25492357343223276,0.1510679534558268,-0.09198471187940585,70244.75
4.687619532214157,-0.375465100221153,0.4268578761309349,0.15330411195951552,-0.27631695607660733,0.15302675099617968,-0.09079801735809982,70263.0
-0.8687994508376458,-0.47090923609939733,0.5119066714838271,0.1502199526100938,-0.2969433556586686,0.15491830293823955,-0.08960468679152092,70281.25
-4.568990582425988,-0.18021216959061326,0.5235423824248724,0.1333278935107668,-0.3166478571859865,0.15674235090153252,-0.08840481998965619,70299.5
4.523224563981287,0.20537523365304583,0.46145246253417993,0.10147787458132375,-0.33523805684799984,0.15849863650558485,-0.08719851676249399,70317.75
-0.23124282583361014,0.3249816223118546,0.33075628495699233,0.057315642593937156,-0.35252155083414927,0.16018690136992278,-0.08598587692001904,70336.0
-4.303070115170574,0.18901314896687293,0.14881470205040748,0.004402910290241881,-0.368305935333874,0.16180688711407246,-0.08476700027221917,70354.25
1.5879283170393894,-0.0744215863144324,-0.05639546568376905,-0.05369860958812558,-0.382398806536614,0.16335833535756017,-0.08354198662908016,70372.5
4.043366709749319,-0.26879496317514373,-0.2549436359172307,-0.11342720429952985,-0.3946077606318088,0.1648409877199121,-0.08231093580059035,70390.75
0.30915498356027343,-0.24130328534553572,-0.4168885838824966,-0.17122116110233512,-0.4047403938088982,0.16625458582065447,-0.08107394759673525,70409.0
-3.9243350433357205,-0.05003193332052919,-0.5166498056384055,-0.22351876725490558,-0.4126043022573222,0.16759887127931344,-0.0798311218275019,70427.25
1.8414880359485013,0.1942758436026915,-0.5462493171366766,-0.26675831001560585,-0.41800708216651977,0.16887358571541522,-0.07858255830287765,70445.5
3.974895147017268,0.335261767992793,-0.5014647924196922,-0.2980257091351459,-0.4207563297259316,0.17007847074848614,-0.07732835683284978,70463.75
-0.020330308916975154,0.2218615978239075,-0.38208668657404005,-0.31699741433361833,-0.4206598757349037,0.17121350260795923,-0.07606861722740252,70482.0
-4.212786401566066,-0.06458279395120181,-0.21367106624830146,-0.32399750782346254,-0.4175266886060533,0.1722797951365378,-0.07480343929652421,70500.25
1.7079680823452243,-0.3882858063532612,-0.028377309104643353,-0.3192832317233522,-0.41123360815024096,0.1732794934814035,-0.0735329228502032,70518.5
4.690372949681693,-0.5316492172553953,0.14361619245760338,-0.30284446777689594,-0.4019250337270344,0.17421494196338047,-0.07225716769842423,70536.75
-0.3609788976632727,-0.32945242502431116,0.2817002715040973,-0.274604257633937,-0.3898122047897676,0.17508848490329304,-0.07097627365117436,70555.0
-5.283329045580255,0.11268183683986087,0.37382788401789047,-0.23448564294431923,-0.375106360791773,0.17590246662196532,-0.06969034051844064,70573.25
0.2531053255097536,0.5831492449537563,0.40959727039567634,-0.182411665357886,-0.35801874118638466,0.17665923144022153,-0.06839946811020998,70591.5
5.732839975458923,0.7776651356608576,0.37909924728270333,-0.11879794277303644,-0.33876058542693593,0.177361123678886,-0.06710375623646778,70609.75
-3.4596014194940667,0.4633002721604729,0.2807658093650065,-0.04624251437130313,-0.31754313296676023,0.17801048765878302,-0.06580330470720484,70628.0
-6.049166166664875,-0.1717284258243537,0.1390050197634191,0.03131553926159509,-0.2945776232591908,0.17860966770073672,-0.06449821333240317,70646.25
4.364466300025443,-0.8085530687228394,-0.015404185354664889,0.10972502125103177,-0.27007529575756134,0.17916100812557123,-0.06318858192205216,70664.5
6.496565958504337,-0.976054578812705,-0.15168286982185136,0.1848347347223799,-0.24424738991520523,0.1796668532541111,-0.06187451028613808,70682.75
-3.4817911712684735,-0.37296696206416835,-0.24366685345444658,0.2527365804449388,-0.2173051451854559,0.1801295474071803,-0.06055609823464722,70701.0
-6.913450132692704,0.5394539722710898,-0.2836509800035582,0.31049484976371106,-0.18945980102164675,0.18055143490560313,-0.0592334455775669,70719.25
6.86362539208268,1.0654451120304085,-0.26905630466546393,0.3559283871290952,-0.16092259687711122,0.1809348600702039,-0.057906652124883384,70737.5
-0.6649100862647197,0.6347869842941348,-0.20312813655189887,0.3889018588373713,-0.13190477220518282,0.1812821672218068,-0.05657581768658462,70755.75
-6.1655835353756405,-0.3033177772607362,-0.10473696851436984,0.40979138664628967,-0.10261756645919493,0.181595700681236,-0.05524104207265555,70774.0
2.4408561315451793,-1.075368461323642,0.0034682745260410514,0.41897309231359986,-0.07327221909248106,0.1818778047693159,-0.053902425093085085,70792.25
5.504870747886881,-1.1347633108353066,0.10013487530566284,0.416821266467473,-0.04407813842879521,0.1821308238068706,-0.05256006655785863,70810.5
-4.959470280879428,-0.22525908111717768,0.17133205685958386,0.40370029030414356,-0.015234823359955796,0.1823571021147243,-0.05121406627696271,70828.75
-5.639708337072761,0.8183986139655546,0.21337368855675173,0.37996237423579515,0.013070398006271359,0.18255898401370144,-0.04986452406038492,70847.0
5.916330395890057,1.182066851976398,0.22470054112959176,0.3460530310975387,0.040667103444829766,0.182738813824626,-0.04851153971811205,70865.25
-1.048714835978572,0.6032003593558933,0.20511919813049137,0.30291459872189724,0.06744215460702621,0.18289893586832245,-0.047155213060129986,70883.5
-6.262366859891605,-0.3352297510050119,0.1615526189762851,0.25203840488281287,0.09329673411325816,0.1830416944656149,-0.04579564389642618,70901.75
0.342384023052109,-1.0093868140232176,0.10273040912632743,0.1950290530054456,0.11813202458392354,0.18316943393732754,-0.04443293203698764,70920.0
5.9074920908447535,-1.2514807437066586,0.0373821740399728,0.13349114651495583,0.14184920863941938,0.18328449860428475,-0.04306717729180156,70938.25
-0.36184387961292386,-1.0941126792937017,-0.026936754501552574,0.06902928883650311,0.1643494689001437,0.18338923278731062,-0.04169847947085228,70956.5
-5.123171492695615,-0.7063562840347627,-0.08736813942953806,0.0032480833952480744,0.18553398798649381,0.18348598080722947,-0.040326938384129485,70974.75
0.2952472768881887,-0.292247577168325,-0.14222801735340249,-0.06224786638364928,0.2053039485188673,0.18357708698486555,-0.03895265384161786,70993.0
4.386261260977684,0.11596461551943764,-0.18983242488256397,-0.1258539570750291,0.22356053311766177,0.18366489564104302,-0.03757572565330536,71011.25
-0.9808052386760584,0.5098759983304771,-0.2284973986264411,-0.18596558525373155,0.24020492440327523,0.18375175109658629,-0.036196253629179116,71029.5
-3.8544049688909285,0.8538206241357046,-0.2565389751944523,-0.24097814749459584,0.2551383049961047,0.18383999767231934,-0.03481433757922409,71047.75
-1.39238169871811,1.1332623680393317,-0.27227319119601634,-0.2892870403724621,0.26826185751654796,0.18393197968906658,-0.033430077313429736,71066.0
3.4580474507153243,1.296305257221451,-0.2740111162944818,-0.3292926274082402,0.2794767645850028,0.18403004146765228,-0.0320435726417811,71084.25
-2.6927014210288736,1.3242688981733355,-0.25982308217192995,-0.35963601010410623,0.2886842088218659,0.1841365273289006,-0.03065492337426434,71102.5
-3.1733486651270204,1.2464157452139124,-0.2279999275206587,-0.3799724800416097,0.2957853728475364,0.1842537815936356,-0.029264229320867412,71120.75
-1.5025669191316238,1.0835757273966509,-0.18104743981296648,-0.39068116838064826,0.3006814392824105,0.18438414858268198,-0.027871590291577118,71139.0
3.0601125777311107,0.910691472538306,-0.12258036126539965,-0.39229255669507496,0.3032991988155013,0.1845299726168634,-0.02647710609637922,71157.25
-1.6100689218272437,0.7438375165178549,-0.05621343409450453,-0.38544883725268014,0.3036771528297584,0.18469359801700452,-0.02508087654526194,71175.5
-3.0988578467675434,0.5155958768867033,0.01443859948317208,-0.37085492406778753,0.30191710932064775,0.1848767842379466,-0.02368300144821065,71193.75
-1.0385028152136901,0.16872416035930035,0.08576099725108431,-0.3492250095741999,0.2981324941670459,0.1850789512705996,-0.02228358061521319,71212.0
3.1130906875374684,-0.2943297591769529,0.15413901699268553,-0.32127328620571993,0.29243731811381257,0.18529893423989033,-0.020882713856255314,71230.25
0.3207643002683325,-0.7908467319139102,0.21595791649142898,-0.2877139463961502,0.2849455919058066,0.18553556827074613,-0.019480500981325477,71248.5
-2.943666739130029,-1.0643541071520908,0.2676029535307687,-0.24926118257929386,0.2757713262878877,0.1857876884880939,-0.01807704180040863,71266.75
2.807966439870531,-0.8711920110801388,0.30501873014520536,-0.2066291871889532,0.2650285320049151,0.18605413001686066,-0.01667243612349277,71285.0
-0.04681802228440792,-0.27562301680832163,0.3223872253734298,-0.1605321526589316,0.2528312198017487,0.1863337279819735,-0.015266783760563788,71303.25
-2.115517046997599,0.4082262201503807,0.31337117279476573,-0.11160568171261746,0.2392934004232471,0.1866253175083595,-0.013860184521609227,71321.5
-2.617707164475269,0.8088003530864595,0.27149080610840376,-0.06034287719326751,0.22452908461427076,0.1869277337209456,-0.012452738216615399,71339.75
2.733458982342296,0.6963093676924021,0.19426398548127174,-0.00784568807981135,0.20865228311967807,0.18723981174465898,-0.011044544655568747,71358.0
-2.0833939080474897,0.25056578689475656,0.09293555137006305,0.04461207768730016,0.19177700668432898,0.18756038670442662,-0.009635703648457105,71376.25
-3.0816503160081345,-0.20935746785108167,-0.01786087543646276,0.09575661216761513,0.17401726605308263,0.18788829372517557,-0.00822631500526701,71394.5
3.1381406257200632,-0.4400198227129167,-0.1234916741495494,0.1443141074206822,0.15548707197079856,0.18822236793183286,-0.0068164785359842274,71412.75
1.5369716145418963,-0.46729897738689186,-0.20930278059719262,0.18901075550605,0.1363004351823365,0.18856144444932543,-0.005406294050596072,71431.0
-0.9052478495270053,-0.3481698041140394,-0.262420760673342,0.2285727484832675,0.11657136643255543,0.18890435840258052,-0.003995861359089731,71449.25
-2.60788777920223,-0.09540349139165279,-0.27745575776796755,0.2617806848953901,0.09641387646631468,0.18924994491652505,-0.002585280271451873,71467.5
2.3473485796670994,0.2233344090154449,-0.25118958444690115,0.28772442886239336,0.07594197602847416,0.1895970391160861,-0.0011746505976683887,71485.75
-2.167153056838517,0.3346388834128095,-0.18082501833104597,0.30591590120332646,0.055268584219891066,0.1899444761261907,0.00023592785227249846,71504.0
-1.0270901416241136,0.047550249032654056,-0.070066638625316,0.31596302895613715,0.03450225356541547,0.19029109107176617,0.0016463552683849616,71522.25
2.19300610658677,-0.3144477633098268,0.05174032770089365,0.31747599231026574,0.013749283438404543,0.19063571907773894,0.0030565318406818786,71540.5
-0.08728746074123428,-0.38641949639917245,0.14985765708975282,0.310069860773238,-0.006888916105869101,0.19097719526903656,0.004466357759176775,71558.75
-2.449478901049134,-0.14192669046200063,0.1995753323311489,0.29336183851254194,-0.027313069672096603,0.1913143547705861,0.0058757332138824,71577.0
-2.138017018717635,0.30299771611417464,0.2007588869018262,0.26724916739752197,-0.04742414515308708,0.19164603270731426,0.007284558394812473,71595.25
2.3870445797460618,0.5368254421313615,0.15805223851146732,0.23281025000155914,-0.06712311044164969,0.19197106420414822,0.008692733491979677,71613.5
-2.1546113308581036,0.2361469272133718,0.0793668761307229,0.1916512155081178,-0.08631093343059398,0.19228828438601517,0.01010015869539825,71631.75
-0.4921202456698837,-0.31925891056049427,-0.012266502834637403,0.14544017614974974,-0.10488858201272895,0.19259652837784189,0.011506734195080361,71650.0
1.5869502597401142,-0.6874603705511306,-0.09002190310779386,0.09584524415900643,-0.12275702408086406,0.19289463130455575,0.012912360181039596,71668.25
0.6337979823899161,-0.5436624498433421,-0.13286500427665068,0.04453453176843979,-0.13981722752780867,0.1931814282910837,0.0143169368432892,71686.5
-1.4295380909120463,-0.07946463585344082,-0.14292818538800964,-0.006823848789398584,-0.15597016024637153,0.19345575446235241,0.01572036437184251,71704.75
0.4138218622531092,0.384509423256534,-0.12812688871741607,-0.05657039691793773,-0.17111679012936246,0.1937164449432894,0.01712254295671207,71723.0
1.7710335680655211,0.7031311755632861,-0.09626399318647486,-0.1031581753745473,-0.18515808506959044,0.1939623348588215,0.018523372787911958,71741.25
-2.061567252413848,0.778870074262697,-0.054821298840735055,-0.14536132579265273,-0.197995012959865,0.194192259333876,0.019922754055455367,71759.5
-2.2681118249764896,0.6933250677271632,-0.01046399681722323,-0.18203434703826246,-0.2095285416929951,0.1944050534933796,0.021320586949354983,71777.75
-1.3454323822975474,0.5624699045089759,0.033203185984651135,-0.2121471955112451,-0.21965963916179018,0.1945995524622596,0.022716771659623877,71796.0
2.6223750410799553,0.43432568335236443,0.07373999813840475,-0.23509805140845622,-0.22828927325905923,0.19477459136544267,0.02411120837627668,71814.25
-1.130727098189275,0.32772881180383123,0.10881268406116038,-0.2503915907703571,-0.23531841187761196,0.19492900532785637,0.025503797289324386,71832.5
-2.024905461882518,0.24362961584186224,0.1360874881700406,-0.25753248963740927,-0.24064802291025722,0.19506162947442734,0.02689443858878214,71850.75
-2.7202281876706937,0.1757478973385868,0.1532306548821681,-0.2560170910031592,-0.24418740729671912,0.19517129893008286,0.02828303246466289,71869.0
2.6506873253048835,0.1091007196365256,0.15790842861466536,-0.2452875966661463,-0.245900007171729,0.19525684881974986,0.02966947910697854,71887.25
0.6000583937593241,-0.008256569778222096,0.14798205536324857,-0.22488964092719063,-0.24584071988923997,0.19531700041126474,0.03105367870574307,71905.5
-0.9371526479326721,-0.16269564107914983,0.12217729749832663,-0.19521256545445598,-0.2440847963821912,0.19535001954410025,0.032435531450970195,71923.75
-2.3745450988725154,-0.33610053096364007,0.07987154748688077,-0.15729734201267817,-0.24070737372643175,0.1953540582006394,0.033814937532672604,71942.0
0.9826120460395492,-0.47632558033023875,0.021111657849996288,-0.11285440242069715,-0.23578358899781,0.1953272683632642,0.03519179714086402,71960.25
2.3608935341396764,-0.4868878300368071,-0.053416585343819684,-0.06415515432186106,-0.2293885792721746,0.19526780201435706,0.03656601046555737,71978.5
0.7372643425179723,-0.27675135705790094,-0.14009549277636754,-0.013581602246467475,-0.22159748162537432,0.1951738111363006,0.03793747769676536,71996.75
-1.6065013652594173,0.04575711554862253,-0.22519151552218497,0.036484249275185995,-0.2124854331332575,0.19504344771147683,0.03930609902450169,72015.0
-2.5330480401414603,0.3467224037689323,-0.2924616291847217,0.08366039571280187,-0.20212757087167307,0.19487486372226837,0.04067177463877957,72033.25
2.52600673250189,0.47324985801018205,-0.3257330927089667,0.1256351158776212,-0.1905990319164697,0.1946662111510578,0.04203440472961273,72051.5
0.7207473252341184,0.30001033931326826,-0.3127678253277966,0.160716780301592,-0.17797495334349578,0.19441564198022718,0.04339388948701357,72069.75
-0.702876624599731,-0.04839388179374663,-0.2560121373025577,0.18863987627640866,-0.1643304722286,0.19412130623726462,0.04475013105589019,72088.0
-2.355118974698438,-0.3743634711718001,-0.16156586581632879,0.20947784944831727,-0.14974072564763113,0.19378134514726,0.04610304038354852,72106.25
1.014261826012252,-0.5304287230871437,-0.03591462841990303,0.22330414546356367,-0.13428085067643747,0.19339389404912616,0.04745253430346971,72124.5
2.564855818921479,-0.4049858949968368,0.11132043021184465,0.2301922099683942,-0.11802598439086817,0.19295708729895616,0.04879853063195877,72142.75
-1.6821697892864462,0.012988993327508866,0.2637627624234223,0.23021587322905088,-0.10105164848676787,0.19246905925284227,0.05014094718531692,72161.0
-3.3391025100628053,0.43699754590309914,0.40344341490611374,0.22345487961745683,-0.08343927876566211,0.191927944266877,0.051479701779848765,72179.25
-1.448090143108134,0.5517096549963929,0.5123934343512009,0.21000686062831347,-0.06528819815185498,0.19133187669715332,0.052814712231856166,72197.5
4.488719059931651,0.3731476023340046,0.5768609299351951,0.18998075566668393,-0.046709037480012296,0.19067899089976345,0.05414589635764161,72215.75
-0.859045152629132,-0.026221580258595566,0.5999186297258947,0.16355686432592048,-0.02784015672347205,0.18996742123080013,0.05547317197351135,72234.0
-5.475850252873903,-0.3768908030434221,0.5885417043200483,0.1312370384403214,-0.008826848140238328,0.1891953020463558,0.05679645689576557,72252.25
-2.8555548397711714,-0.44911574939740206,0.5491013102335194,0.09412714392506748,0.010185596011683682,0.18836076770252316,0.05811566894070775,72270.5
5.905803792806493,-0.3021670596329123,0.4872107600638689,0.05347314245315427,0.029051883474289147,0.18746195255539463,0.059430725924641666,72288.75
0.37340843187029227,-0.07729986230413782,0.4060123737666928,0.010520995697577102,0.047626721989573496,0.18649699096106312,0.060741545663867386,72307.0
-5.816611516828577,0.12241374345523216,0.3080307231370956,-0.03348333466866786,0.06576481929953218,0.18546401727562062,0.06204804597469223,72325.25
-4.512187024956269,0.21945217739869688,0.1960784385003483,-0.07729388697258464,0.08332088314615961,0.18436116585516038,0.0633501446734173,72343.5
5.500159159212695,0.22295480718990177,0.07400197887993866,-0.11966469954117773,0.10014962127145155,0.18318657105577468,0.06464775957634372,72361.75
2.189023817621204,0.15228780629070063,-0.05483703271626389,-0.1593498107014512,0.11610574141740324,0.18193836723355591,0.06594080849977983,72380.0
-2.967612781693123,0.050572458914611366,-0.18839247012678154,-0.19510325878040938,0.13104395132600988,0.18061468715599363,0.0672292108486265,72398.25
-5.096524230121902,-0.059981018439629566,-0.3249174800461213,-0.22567908210505605,0.14481895873926612,0.1792136572361648,0.0685128923822059,72416.5
5.028211803121697,-0.1428007314517315,-0.4626652091687903,-0.2498313190023962,0.15728547139916849,0.17773340229854231,0.06979178044843685,72434.75
4.59349937561668,-0.1246205208154036,-0.597923195967473,-0.26631400779943304,0.1682981970477103,0.17617204716760043,0.07106580239524544,72453.0
-1.6829863253629214,-0.01563651775796636,-0.7180618180762645,-0.27390030847065827,0.17773096507437505,0.17452771666781214,0.07233488557055047,72471.25
-4.920172004729648,0.1517593417109633,-0.8047445561603974,-0.2714533948765189,0.1855476187546005,0.17279853562365122,0.07359895732227595,72489.5
3.9389945718253196,0.3112341466417525,-0.8404906551664411,-0.2579096717089884,0.19178523219535096,0.17098262885959098,0.0748579449983438,72507.75
4.821559887899695,0.32308766724848914,-0.8094091698423208,-0.23269849160731382,0.19649440679959856,0.16907812120010537,0.07611177594667493,72526.0
-1.63030106366057,0.07562814651462181,-0.7046725543484929,-0.1971668898158084,0.19972574397031742,0.16708313746966724,0.07736037751519255,72544.25
-4.887366119039545,-0.3141572263929045,-0.53902405934762,-0.15314132223004995,0.20152984511047933,0.16499580249275078,0.07860367705181782,72562.5
5.094042957988767,-0.5813016463727784,-0.32982502384680434,-0.10244824474561769,0.20195680978578892,0.16281474293109863,0.07984160190447448,72580.75
3.730556915753424,-0.41753133906943385,-0.09539666821045811,-0.0469141132580896,0.20105442290194786,0.16054090010645525,0.08107407942108212,72599.0
-4.739155359952834,0.05902791926793561,0.14215180033808253,0.011634616336955138,0.19886873828369261,0.15817694642153135,0.08230103694956373,72617.25
-5.909064498198961,0.5996964049903867,0.3597650368369234,0.07137148814393889,0.1954455024448355,0.15572586158996013,0.08352240183784483,72635.5
5.891218448879375,0.9094618175156925,0.5343876963241687,0.13047004626728206,0.1908304618991897,0.15319062532537614,0.0847381014338422,72653.75
-4.035577208906869,0.6173997854845984,0.6487786426683304,0.18710383481140686,0.1850693631605675,0.15057421734141319,0.0859480630854806,72672.0
-5.2399421585536805,-0.03879580097684123,0.7089535750595463,0.23944639788073438,0.17820795274278176,0.14787961735170502,0.08715221414068118,72690.25
4.801724040530969,-0.6758227881609892,0.7267424015183613,0.2856712795796867,0.17029197715964453,0.14510980506988594,0.08835048194736718,72708.5
-1.4150824200316572,-1.0042011733894403,0.713918578129567,0.3240084759484373,0.16136718292496907,0.1422677602095897,0.08954279385346169,72726.75
-4.170125417256821,-1.0845148874256618,0.6818065886367818,0.35313675744672657,0.1514793165525675,0.13935646248445058,0.0907290772068839,72745.0
1.3207045606846957,-1.0432503534201114,0.639164009533841,0.37279670532658943,0.14067412455625308,0.13637889160810213,0.09190925935555797,72763.25
4.091839545525641,-0.8458031194563551,0.5880787870662336,0.38339872594639385,0.1290044636214318,0.13333802729417873,0.0930832676474049,72781.5
-4.231573798740622,-0.45057574924894145,0.5291199586994701,0.38543607440602273,0.11655383384233758,0.13023684925631415,0.09425102943034663,72799.75
-3.327781702849613,0.04197076618111268,0.4628812839344158,0.3793856962554953,0.10342204486306762,0.12707833720814263,0.09541247205230717,72818.0
4.605714901411789,0.48790033686415285,0.38995652227193056,0.3657207803685079,0.08971266300404332,0.1238654708632978,0.09656752286120585,72836.25
-4.704457964255875,0.7613219193430986,0.3109394332128829,0.34491412713028713,0.07552964307415344,0.12060122993541385,0.09771610920496716,72854.5
-4.569909974650892,0.8489806306352559,0.22625481228257868,0.3174385369260625,0.0609769398822866,0.11728859413812481,0.09885815843151205,72872.75
4.569320705599352,0.6754648177103669,0.1362982148829897,0.2837668101410609,0.046158508237332176,0.11393054318506456,0.09999359788876293,72891.0
-2.5108891524287817,0.23307349269444133,0.043882695556071105,0.24437174716051066,0.031178302948178697,0.11053005678986716,0.10112235492464018,72909.25
-4.166276080503512,-0.29599434522081325,-0.04753207537733711,0.19972614836963973,0.0161402788237152,0.1070901146661665,0.10224435688706884,72927.5
3.209024692709002,-0.6427394999457521,-0.13448642759639468,0.15030281415367555,0.001148390672830844,0.1036136965275967,0.10335953112396826,72945.75
3.920560186614582,-0.6167667078701105,-0.2123680063728589,0.09657454489784648,-0.01369340669558568,0.10010378208779148,0.10446780498326345,72964.0
-1.8490251868706415,-0.14445039504670606,-0.2724123598257188,0.039014140987380014,-0.02828115847264528,0.0965633510603851,0.10556910581287429,72982.25
-4.104477494179329,0.38499586832042143,-0.3065369135739444,-0.021905597192495456,-0.042510909849459204,0.09299538315901139,0.10666336096072322,73000.5
4.304935223975661,0.553459926784271,-0.30711773371335044,-0.08571186925655243,-0.05627870601713838,0.0894028580973044,0.1077504977747327,73018.75
2.02431949224669,0.25345408117152013,-0.2697757465681087,-0.15171623623010244,-0.06948059216679398,0.08578875558889824,0.10883044360282464,73037.0
-4.6269013867676145,-0.21829065908183953,-0.20322260496197928,-0.21825641919445016,-0.08201261348953699,0.08215605534742669,0.10990312579292097,73055.25
2.213530745873612,-0.5375306192431556,-0.11987038600052383,-0.2829989365879947,-0.09377081517647849,0.07850773708652382,0.11096847169294467,73073.5
4.596223274712666,-0.6414615501812113,-0.0322841392106143,-0.3434573344278243,-0.10465124241872956,0.07484678051982359,0.11202640865081663,73091.75
-0.42556435636790224,-0.5181321046348081,0.048445306701860896,-0.39713473702224145,-0.11454994040740124,0.07117616536096001,0.11307686401446006,73110.0
-4.281197812423416,-0.21441192089402866,0.11709351752016235,-0.44153426867954765,-0.12336295433360467,0.06749887132356695,0.11411976513179611,73128.25
2.7282184143052497,0.18214924992653822,0.16963199903761061,-0.4741590537080457,-0.13098632938845087,0.06381787812127865,0.115155039350747,73146.5
3.9752757224528112,0.5979584414666439,0.20196008141759703,-0.4925122164160375,-0.13731611076305092,0.060136165467728805,0.11618261401923541,73164.75
-3.9113991327210638,0.8930953307410847,0.21051341130403725,-0.4946331975923486,-0.14224834364851582,0.056456713076551576,0.11720241648518276,73183.0
-3.7787923306869176,0.9631598301829334,0.19405244015989515,-0.48089557906029445,-0.14570843770858133,0.05278250066138098,0.11821437409651148,73201.25
-0.19642923673761972,0.848592115885749,0.15359241643058116,-0.4529647595732964,-0.14773926049748065,0.049116507935850894,0.11921841420114358,73219.5
3.973063491649077,0.6592951571596197,0.09432942711487681,-0.4126950129971706,-0.14841304404207184,0.0454617146135953,0.12021446414700183,73237.75
-3.960887632295231,0.49487302769118224,0.022459884125669297,-0.36194061319773513,-0.1478020072712673,0.04182108731030286,0.1212024512820063,73256.0
-1.909126726855583,0.4391316180919075,-0.05558238603235448,-0.302555834040806,-0.1459783162827903,0.038197539810472664,0.12218230295408167,73274.25
-0.3671596214694428,0.3982053352402569,-0.1323353619690743,-0.23639494939220015,-0.14301405792970864,0.03459390665394879,0.12315394651114844,73292.5
3.739890256143678,0.23683471574166884,-0.19984939266652796,-0.1652838941905051,-0.13898106106936736,0.031012764384852332,0.12411730930112923,73310.75
-3.703598788702165,-0.156254032015551,-0.2505005876321034,-0.09093524766539116,-0.1339510901700324,0.02745662515822511,0.1250723186719458,73329.0
0.369120062363001,-0.6992423290048223,-0.2773106884006275,-0.015045840713283545,-0.12799590969997016,0.023928001129109647,0.12601890197152024,73347.25
3.0922154248531584,-1.1563438204474308,-0.27343302541294284,0.06067051177926587,-0.12118728412744653,0.020429404452548074,0.12695698654777496,73365.5
4.007574775044832,-1.2003746819968106,-0.23310168238954798,0.13462091787496744,-0.11359697792072797,0.01696334728358272,0.12788649974863245,73383.75
-4.228974712683976,-0.6541027430666425,-0.15689956577798556,0.20524586402234324,-0.10529675554808038,0.013532341777255619,0.12880736892201355,73402.0
-1.7073214142590158,0.1953186396421666,-0.05627390443481771,0.27098583666991505,-0.09635838147776996,0.010138900088609083,0.12971952141584076,73420.25
4.545315481176052,0.8721416456662744,0.054851949763737085,0.3302813222662046,-0.08685362017806293,0.006785534372685471,0.1306228845780365,73438.5
-3.1906896784338743,1.0090353188737033,0.162716843521539,0.3815728072597345,-0.07685423611722533,0.0034747567845265915,0.13151738575652375,73456.75
-4.268572823149501,0.8142798937136081,0.25613271096691986,0.4233007780990263,-0.06643199376352349,0.00020907947917496567,0.1324029522992234,73475.0
-4.092635501574156,0.5571682521810806,0.331770857224895,0.45390572123260187,-0.055658657585223315,-0.003008985388327225,0.13327951155405732,73493.25
3.554277314555014,0.34324880630087845,0.3882268805246316,0.4718281231089835,-0.04460599205059122,-0.006176925662937653,0.13414699086894857,73511.5
-3.223830904903304,0.18840792650193208,0.42409637909529596,0.4755084701766925,-0.03334576162789314,-0.009292229189614382,0.13500531759181852,73529.75
-2.79434421706188,-0.015123289815378593,0.43797495116605506,0.4633873602735483,-0.02194984217469161,-0.012352383813315148,0.13585441907058987,73548.0
-0.05521725130070875,-0.2311383729834453,0.4277761636109356,0.43458786814969447,-0.010490555105734477,-0.015354877378997494,0.13669422265318376,73566.25
2.9040200009902057,-0.3651526913246506,0.38868545788339615,0.39096130536513823,0.0009596667749343295,-0.0182971977316194,0.13752465568752398,73584.5
-2.9990821142446356,-0.3419080967248514,0.31613289031072483,0.3350410148350279,0.012328390663270707,-0.02117683271613866,0.13834564552153006,73602.75
-2.7323586938720825,-0.19865332158934987,0.21148584055100678,0.26936033947451016,0.023543183755230523,-0.02399127017751295,0.13915711950312606,73621.0
0.5275933653752586,-0.026825698346348476,0.08596128815098174,0.19645262219873363,0.03453161324676987,-0.026737997960700182,0.13995900498023336,73639.25
3.509208488046984,0.07437212754072653,-0.046994595589589946,0.11885120592284615,0.04522124633384465,-0.02941450391065804,0.14075122930077444,73657.5
-1.5604729407527813,0.06666882254422295,-0.17470721186124755,0.03908943356199561,0.05553965021241055,-0.03201827587234434,0.14153371981267118,73675.75
-3.7392090909721025,-0.006174743787308867,-0.2878386098785428,-0.040299351968670426,0.06541439207842391,-0.03454680169071695,0.14230640386384555,73694.0
-1.583973522261734,-0.04173509439450916,-0.3789104566641522,-0.1167818077540037,0.07477303912784032,-0.03699756921073357,0.14306920880222,73712.25
3.7174343549776174,-0.05126178571496473,-0.4406129349938489,-0.1878245908788568,0.08354315855661595,-0.039368066277351906,0.1438220619757159,73730.5
3.8491710247021853,-0.02383516454960301,-0.4666967316370061,-0.2508943584280815,0.09165231756070653,-0.04165578073552997,0.14456489073225676,73748.75
-0.7189139950711915,0.00805243250913321,-0.45648841164397197,-0.30365933347464824,0.09902808333606823,-0.04385820043022531,0.14529762241976268,73767.0
-3.9884764875576697,0.01472099239377857,-0.40952815584705626,-0.34486554560254373,0.10559802307865677,-0.045972813206395825,0.14602018438615794,73785.25
-1.7534540109606742,-0.04612481388752137,-0.3258200179436148,-0.3745467606180531,0.11128970398442811,-0.047997106908999325,0.14673250397936163,73803.5
3.692287808920844,-0.14732067405465835,-0.21394328274889482,-0.39300828688600675,0.11603069324933858,-0.04992856938299366,0.14743450854729953,73821.75
4.456571428162929,-0.19411990485716582,-0.08893488792350004,-0.4005554327712345,0.11974855806934359,-0.05176468847333633,0.148126125437891,73840.0
0.1436878991152704,-0.15000197062331969,0.035471580177071034,-0.3975124376684526,0.12238979667028549,-0.05350295202498538,0.14880728199905915,73858.25
-4.80792715280096,-0.0109477220623221,0.1488656485067526,-0.38427926509192284,0.12397663139755212,-0.05514084788289858,0.14947790557872598,73876.5
-4.251945272455255,0.17912742515570523,0.2415525792710735,-0.3612748095857932,0.12455066839981008,-0.056676316665426676,0.15013792352481337,73894.75
1.0187643158167554,0.3497507348267706,0.3038376346755626,-0.3289179656942117,0.1241556048313004,-0.05810938999649444,0.15078726318524435,73913.0
5.0596521803538215,0.3990926780725081,0.32602607692574875,-0.28762762796132635,0.1228367102676643,-0.05944167192142719,0.15142585190793853,73931.25
1.5903713866153815,0.29421195946400946,0.30219051484430165,-0.23790376811857974,0.12063953419654508,-0.06067504639755199,0.15205361704082176,73949.5
-3.0571512028101986,0.06474340872406434,0.24172114739322031,-0.18081887031736135,0.11760962610558552,-0.061811397382195765,0.1526704859318131,73967.75
-4.9198090251787665,-0.18934581401017353,0.15876833483471955,-0.11851931057943084,0.11379253548242915,-0.06285260883268581,0.1532763859288355,73986.0
-1.239618901794477,-0.3905253645532429,0.06773064110178305,-0.05339966859731638,0.10923381181471904,-0.06380056470634911,0.15387124437981167,74004.25
4.812257452689026,-0.4593542053701953,-0.016993369872605548,0.012145475936454025,0.10397900459009826,-0.0646571489605126,0.15445498863266227,74022.5
4.53998352780403,-0.3719569632816418,-0.08341887398583055,0.07572154332935248,0.09807366329620996,-0.06542424555250365,0.15502754603531155,74040.75
-0.14321258184982733,-0.1702856108540799,-0.12931275440868234,0.1350307018407892,0.09156333742069736,-0.06610373843964909,0.15558884393567954,74059.0
-4.971285005364954,0.036136642868408946,-0.15524262595007368,0.18816211153792903,0.0844935764512035,-0.06669751157927609,0.1561388096816894,74077.25
-4.204994854693976,0.20323437170196135,-0.1619972250069662,0.23342605407598502,0.07690992987537167,-0.06720746355896894,0.15667738525151975,74095.5
1.7302628082397422,0.28982689943345086,-0.1510968732141657,0.2698643963480159,0.06885794718084502,-0.06763555148734035,0.15720457114437938,74113.75
5.5307327804649535,0.3061133050040232,-0.12510744272260046,0.2975797416568123,0.060383177855266486,-0.0679837471032601,0.15772038248973244,74132.0
1.1153645295936288,0.24610520788199192,-0.0873223074869878,0.31690878399856953,0.05153117138627943,-0.06825402214559842,0.15822483441704374,74150.25
-4.381340122729757,0.1448597603160516,-0.043313728274933,0.32818821736948495,0.04234747726152701,-0.06844834835322497,0.15871794205577916,74168.5
-6.1686591780517315,0.044206908299466295,0.00048206359239485054,0.3317551650469258,0.032877215687480206,-0.06856869746500971,0.15919972053540254,74186.75
-0.37957252597881475,-0.01635184994479689,0.037603172624112315,0.3279497134667329,0.023162543712137697,-0.06861704121982269,0.15967018498537852,74205.0
6.4606169831852425,-0.048654123316385,0.06259977114918379,0.3171173624810592,0.013240204967185932,-0.0685953513565337,0.16012935053517235,74223.25
2.5727316335612196,-0.06030752605721521,0.07424425476292151,0.29977050562723634,0.0031456970505265897,-0.06850561081567036,0.16057724351590927,74241.5
-3.0457209264607847,-0.06992362359538203,0.07550065092898656,0.27699389149109926,-0.007085482439938746,-0.0683498473443903,0.16101393506533795,74259.75
-6.621846845348233,-0.056161767791804824,0.06877010844562167,0.2496627306142899,-0.017417835906308476,-0.0681300998915093,0.1614395075228708,74278.0
-0.17264349118707997,-0.05136035895160971,0.0566537536000352,0.21850502411218642,-0.027815865750680957,-0.06784840740584218,0.16185404322791888,74296.25
6.583350883186763,-0.03851636858167253,0.04148241209843625,0.18423452963287004,-0.03824407437515461,-0.06750680883620463,0.16225762451989062,74314.5
2.22426231945963,-0.011200940614493766,0.02378378755041176,0.14756500482442145,-0.048666964181827865,-0.06710734313141196,0.1626503337381987,74332.75
-2.8933055989488183,0.005666688519157503,0.003703034330493213,0.10921020733492194,-0.059049037572798994,-0.06665204924027958,0.1630322532222511,74351.0
-6.334232230114456,0.028542221184350146,-0.018353990487091215,0.06988389481245236,-0.06935479695016657,-0.06614296611162282,0.16340346531146166,74369.25
1.6154667930537856,0.033142414881030674,-0.04155701012993216,0.030299824905093666,-0.0795487447160288,-0.06558213269425715,0.16376405234523556,74387.5
6.022762307537149,0.017671475846088,-0.06357546645274072,-0.008828244739073201,-0.08959538327248423,-0.06497158793699777,0.16411409666298774,74405.75
1.8086896776819974,-0.02476472776677675,-0.08183429059216109,-0.046786556471967236,-0.09945921502163112,-0.06431337078866028,0.16445368060412643,74424.0
-2.7764133663757855,-0.0707037541154268,-0.09381235316278802,-0.08286135264550741,-0.10910474236556801,-0.06360952019805988,0.16478288650806347,74442.25
-5.394520757711681,-0.08766909861941113,-0.0969226662546511,-0.11640973366313093,-0.1184964677063931,-0.06286207511401207,0.16510179671420708,74460.5
2.9274056731989635,-0.05146471189238241,-0.08902252052975458,-0.14711576876233068,-0.12759889344620495,-0.06207307448533221,0.16541049356197013,74478.75
5.000830135531078,0.029213898634317524,-0.0708152849192411,-0.17490853174405113,-0.13637652198710193,-0.0612445572608355,0.16570905939076194,74497.0
1.400083222474811,0.1150488617540483,-0.04375641196618201,-0.19976063303722025,-0.14479385573118236,-0.06037856238933751,0.16599757653999145,74515.25
-3.499404331866306,0.1679600585552444,-0.00928693958857459,-0.2216651909043088,-0.15281539708054462,-0.059477128819653606,0.16627612734907077,74533.5
-4.727938791683546,0.13043850909947663,0.030696984951433352,-0.2406973549419604,-0.16040564843728713,-0.05854229550059915,0.166544794157411,74551.75
4.3263321302845865,-0.039141755291165294,0.07217115951194597,-0.25695278258036164,-0.16752911220350833,-0.05757610138098944,0.1668036593044201,74570.0
4.806714278090291,-0.21832711940697272,0.11057424127274487,-0.27052713124969907,-0.1741502907813065,-0.056580585409639984,0.16705280512951096,74588.25
0.0870611291583153,-0.2803066014107855,0.14134488741361162,-0.2815160583801591,-0.1802336865727803,-0.055557786535365965,0.1672923139720919,74606.5
-4.912720639738751,-0.19030902255487678,0.1607913588559201,-0.2900152214019285,-0.18574380198002785,-0.054509743706983034,0.16752226817157492,74624.75
-1.122708897150779,0.05832092626457253,0.16875517367018786,-0.29617511992796985,-0.19064513940514763,-0.05343849587330626,0.1677427500673694,74643.0
4.783971458476498,0.3159319803056542,0.16612194096419505,-0.3003207408669153,-0.19490220125023794,-0.05234608198315122,0.16795384199888475,74661.25
2.571586534128027,0.4252658693957723,0.15363407779306237,-0.30263387907473815,-0.19847948991739728,-0.051234540985333275,0.16815562630553463,74679.5
-3.2010387736998323,0.4115129859706859,0.13211593368193664,-0.30317741724342456,-0.2013415045624971,-0.050105911828667804,0.1683481853267275,74697.75
-4.112544827405254,0.3154313898397218,0.10317674118323131,-0.3019899961226833,-0.20345847778999032,-0.04896223346197007,0.1685316014018721,74716.0
3.8694628901496464,0.1803432133959089,0.06862658072960007,-0.29908433467341683,-0.20482657610552935,-0.047805532721662644,0.16870595687038184,74734.25
2.540067087544131,0.06155119759089614,0.030275532753697047,-0.2944556482187334,-0.20545962095482595,-0.04663768514190294,0.1688713340716644,74752.5
-0.3592058005918282,-0.06235634267437117,-0.010066322311824054,-0.288096212780665,-0.2053749052349542,-0.04546003410656195,0.16902781534513261,74770.75
-3.4114891413246164,-0.21976479080259886,-0.0505889040343096,-0.2799983043812438,-0.20459025920414878,-0.04427338563835039,0.16917548303019556,74789.0
3.19351553403839,-0.4285993659554961,-0.0894821319811059,-0.27015419904250143,-0.20312362174776102,-0.043078437132861754,0.16931441946626338,74807.25
3.3787844453462865,-0.6365480384512436,-0.12493592571955815,-0.2585561727864708,-0.20099293175114247,-0.04187588598569012,0.1694447069927473,74825.5
1.410079107398925,-0.7656510735587828,-0.15514020481701357,-0.24519650163518347,-0.19821612809964426,-0.040666429592428985,0.16956642794905646,74843.75
-3.514169636946269,-0.7287494984042502,-0.1787604550411933,-0.2300674616106718,-0.19481114967861807,-0.03945076534867252,0.16967966467460258,74862.0
1.358501496536458,-0.47327551668060813,-0.19634329758945626,-0.21318245810683215,-0.190795935373415,-0.03822959065001426,0.16978449950879554,74880.25
3.7820308270792142,-0.06602080088679972,-0.20882640237207892,-0.19463941400501866,-0.18618842406938665,-0.03700360289204793,0.16988101479104525,74898.5
2.210092505716471,0.4108261446758686,-0.2171263099274739,-0.17455738155844994,-0.1810065546518842,-0.035773499470367606,0.16996929286076387,74916.75
-4.17125351645858,0.767238515647372,-0.2221595607940526,-0.1530554130203448,-0.1752682660062594,-0.03453997778056664,0.1700494160573593,74935.0
-2.7630914212604436,0.8747976405753803,-0.22484329432434372,-0.13025196182980583,-0.1689914970178633,-0.03330373521823934,0.1701214667202434,74953.25
1.654064941706777,0.7312682967024039,-0.2257222172942984,-0.10625869490775441,-0.16219418657204734,-0.03206546917897936,0.17018552718882599,74971.5
4.745288652370235,0.3682894553606623,-0.22382631881598003,-0.08118512045996476,-0.15489427355416316,-0.030825877058380115,0.17024167980251886,74989.75
-0.11221193358311461,-0.1491404069721846,-0.21774595670128427,-0.055201158897621734,-0.14710969684956174,-0.029585656252035953,0.17029000690072993,75008.0
-4.902576217059879,-0.6256395572249127,-0.20605235208118397,-0.028495867312832688,-0.1388583953435947,-0.028345504155540487,0.17033059082287205,75026.25
-0.14078781996175693,-0.8537760413312115,-0.18731594320288097,-0.0012590856814756635,-0.13015830792161362,-0.027106118164487082,0.1703635139083535,75044.5
4.43748226022157,-0.8185899335312025,-0.16060976441915817,0.026319346020571375,-0.12102737346896955,-0.02586819567447007,0.17038885849658642,75062.75
4.838697766247432,-0.521408663889697,-0.1270172345051218,0.05404958781743034,-0.11148353087101405,-0.024632434081083038,0.1704067069269806,75081.0
-3.644641233996535,-0.007647891496228818,-0.08812436834145888,0.08174179973322315,-0.1015447190130984,-0.02339953077991981,0.1704171415389453,75099.25
-4.811925509752806,0.5013255616897738,-0.04551718080885664,0.10920614179207212,-0.09122887678057413,-0.022170183166574178,0.17042024467189343,75117.5
-1.4923371784491126,0.7639942218941429,-0.0007816867880020772,0.13625277401809882,-0.08055394305879254,-0.02094508863663998,0.17041609866523252,75135.75
4.818319905173552,0.708546093192276,0.044159358304116283,0.16269185643542536,-0.06953785673310497,-0.019724944585711064,0.17040478585837537,75154.0
0.3129080597101849,0.3551816400043618,0.08612056536972065,0.18833354906817376,-0.058198556688862965,-0.01851044840938092,0.17038638859073005,75172.25
-4.734783631796639,-0.11427061101833937,0.12191711863239284,0.2129880119404659,-0.046553981811417774,-0.017302297503243656,0.17036098920170878,75190.5
-3.0724470198585574,-0.482937628134778,0.1484485307801308,0.236465405076424,-0.034622070986120815,-0.016101189262892855,0.17032867003072114,75208.75
2.2317604398481197,-0.6513453744392269,0.16261431450093283,0.2585758885001699,-0.02242076309832363,-0.014907821083922428,0.17028951341717813,75227.0
4.473594975319505,-0.5580205006342657,0.1622693819842353,0.279148626670266,-0.009967997033377446,-0.01372289036192632,0.17024360170048958,75245.25
-3.0717696268926153,-0.2085574317216572,0.14907902058739025,0.29810002462087554,0.002718288323366324,-0.012547094492497924,0.17019101722006677,75263.5
-4.370554937090193,0.22570786021468656,0.12561902581784437,0.31541038317194636,0.01562015408655638,-0.011381130871231476,0.17013184231531847,75281.75
-3.1861525667654123,0.5142586442810928,0.09445137056436839,0.33107382576210204,0.028719661370841216,-0.010225696893720267,0.1700661593256563,75300.0
4.291588261476073,0.5438430006973543,0.058127612497258306,0.3450948910484415,0.04199887129086941,-0.009081489955558667,0.16999405059049078,75318.25
-0.05659896218370212,0.2975727943188093,0.01935634770225253,0.3574807818493885,0.055439844961289696,-0.007949207452340257,0.1699155984492305,75336.5
-4.094056040835061,-0.06499842703392206,-0.018515033522958215,0.36823871707848893,0.06902464349675048,-0.006829546779658629,0.16983088524128773,75354.75
-2.6889580656856524,-0.33582882999965835,-0.051979438303914015,0.3773759156492873,0.08273532801190078,-0.005723205333107756,0.16973999330607317,75373.0
1.6341775532248426,-0.45859026238519224,-0.07752977376615516,0.38489959647532945,0.09655395962138882,-0.004630880508281452,0.16964300498299537,75391.25
3.7346479839001567,-0.3825707759598338,-0.09250260140925956,0.3908312587633082,0.11046259943986324,-0.003553269700773176,0.16954000261146573,75409.5
-2.3928921438778614,-0.1199373879474563,-0.09760910022894724,0.3952495228925025,0.12444330858197286,-0.0024910703061774204,0.1694310685308953,75427.75
-3.793546276623551,0.17316783480514295,-0.09439169105924038,0.3982348769996038,0.13847814816236623,-0.0014449797200873837,0.16931628508069355,75446.0
-2.4199144926625475,0.33310045726246573,-0.08433132640423922,0.39980634089138306,0.1525491792956917,-0.00041569533809717157,0.1691957346002711,75464.25
4.192938951946991,0.3491428632615218,-0.0688559146243942,0.3999233764936208,0.1666383356939509,0.000596085444199791,0.16906949942903793,75482.5
0.6690438057772952,0.2506827836981455,-0.04942389758239335,0.3985342758266408,0.18072690278762554,0.0015896652312093018,0.1689376619064054,75500.75
-4.735425717962632,0.13439387448848847,-0.02756350679801526,0.3955885457343003,0.19479495118366508,0.0025643466273378383,0.1688003043717828,75519.0
-3.3364324931079232,0.05914796572211217,-0.00481876092031033,0.3910379859944645,0.20882025855501082,0.0035194322369913604,0.16865750916458194,75537.25
-0.23598436463074274,0.019673282407720673,0.017301697619560238,0.38483502237982453,0.22277997657977724,0.004454224664576313,0.16850935862421168,75555.5
5.343191436252485,-0.027618567457583506,0.037415029646292106,0.37693276888104793,0.2366505687181043,0.005368026514498753,0.16835593509008404,75573.75
-0.3698234822870285,-0.08389632055387708,0.05409870127412859,0.3672869991030349,0.25040583881589773,0.006260140391165062,0.16819732090160688,75592.0
-5.4905019583525965,-0.14176630780896468,0.06586541913956641,0.35585415155424355,0.26401892581550485,0.007129868898981231,0.16803359839819304,75610.25
-3.629957034195009,-0.19230239153766954,0.07121562541359303,0.3425906647431359,0.27746296865927195,0.007976514642353381,0.16786484991925169,75628.5
-0.30041539494889624,-0.19909270370266438,0.06865448111643212,0.3274661392274636,0.29071113792271075,0.008799380225688056,0.16769115780419377,75646.75
5.395497515090017,-0.15410001606407758,0.05731192377016911,0.31048767148900686,0.3037367307139907,0.009597768253391245,0.16751260439242988,75665.0
0.9763709155414713,-0.07317317215631779,0.03874621416586743,0.29161491096622183,0.3165130757744467,0.010370981329869364,0.16732927202336895,75683.25
-5.206066515462228,0.03395027714185974,0.015121514199520406,0.2707923548244119,0.3290135018454135,0.011118322059528275,0.16714124303642292,75701.5
-4.966926945793797,0.12815262695671473,-0.011398014232869964,0.24796450022887942,0.34121133766822437,0.01183909304677426,0.1669485997710011,75719.75
-1.6292951842562544,0.20429581334481892,-0.03864820923530919,0.22307584434492717,0.35307991198421534,0.01253259689601383,0.16675142456651554,75738.0
2.3622463163487297,0.21387158350459848,-0.06447407605500614,0.19607088433785846,0.36459255353471975,0.013198136211652946,0.16654979976237477,75756.25
4.630499994539367,0.17052802902386716,-0.08704335564844073,0.16689411737297474,0.37572259106107286,0.013835013598097825,0.16634380769798982,75774.5
-1.9800157480669607,0.04085471408025474,-0.1056772246610816,0.1354900406155802,0.386443353304609,0.014442531659754652,0.16613353071277207,75792.75
-4.28566933029555,-0.11912890956948025,-0.11998292687484183,0.10180315123097741,0.3967281690066622,0.015019993001029712,0.16591905114613045,75811.0
-2.0782984327156373,-0.2498896284246435,-0.12956770607163268,0.06577794638446852,0.40655036690856733,0.01556670022632916,0.1657004513374761,75829.25
-1.511970875744962,-0.32351408913603685,-0.13404395487336196,0.027364072081350374,0.4158832757516589,0.01608195594005931,0.16547781362621902,75847.5
3.874257034699374,-0.31906740140621076,-0.13289661084888013,-0.013417332175023368,0.4247002242772718,0.016565062746626284,0.16525122035177006,75865.75
3.124362263224815,-0.19321042912396375,-0.1253275614813274,-0.05631369330531042,0.43297454122673934,0.017015323250436074,0.16502075385353893,75884.0
-1.3705079632421275,0.012647495122733384,-0.1116071049623958,-0.10093032114151122,0.4406795553413969,0.017432040055895288,0.16478649647093715,75902.25
-3.278376863679595,0.22417019519331438,-0.09231134307388708,-0.14684803246826733,0.4477885953625793,0.01781451576740982,0.16454853054337462,75920.5
-3.8167067628803073,0.40033300076178996,-0.06801682781352726,-0.19364719385429477,0.4542749900316201,0.018162052989385984,0.16430693841025992,75938.75
-3.716033922190967,0.4941615780561568,-0.03930011117904155,-0.24090817186831118,0.460112068089854,0.018473954326229936,0.16406180241100685,75957.0
0.9232967551185824,0.47792562883800577,-0.006752738778613489,-0.2882113330790338,0.46527315827861615,0.018749522382347898,0.16381320488502338,75975.25
4.086063062331776,0.382410287294791,0.02900651480043356,-0.3351370440551796,0.46973158933924053,0.018988063150541443,0.16356122478332472,75993.5
1.9403719445953846,0.1966085475103529,0.06747486321105367,-0.3812656713654655,0.47346069001306207,0.019188898189449355,0.16330592549109027,76011.75
-1.0405726778292956,-0.03479531700867412,0.10817918023326673,-0.4261744962429902,0.4764337890414144,0.019351362313330168,0.1630473571378761,76030.0
-3.7746287993559826,-0.2668047180806463,0.1505969991509652,-0.46939145942472515,0.4786242151656325,0.01947479962146318,0.16278556056822074,76048.25
-4.507550671147054,-0.4445509107752581,0.19405242295755318,-0.5102910713571539,0.48000529712705114,0.01955855603131878,0.1625205748084708,76066.5
-3.4054850282099003,-0.5358112663171891,0.23782316213179283,-0.5482014499721173,0.4805503636670045,0.019601977460366984,0.1622524388849701,76084.75
-0.22430116886246793,-0.5453286044240662,0.28116499061569783,-0.5824483648612105,0.4802324443235153,0.019604709029390547,0.16198119182406828,76103.0
3.6374929536727283,-0.4833697795422546,0.3227827719845944,-0.6123575856160262,0.4790233718213525,0.019567592672423258,0.1617068726521103,76121.25
4.776604433017333,-0.370728874443059,0.35947155129458347,-0.6372548818281609,0.47689467968197713,0.019491769526811222,0.16142952039544348,76139.5
2.4845737838103323,-0.1946438353344412,0.3875538160210859,-0.6564660230892078,0.47381790142684604,0.01937838072990025,0.16114917408041146,76157.75
0.28378603199070507,-0.01193111972435633,0.4034306865718411,-0.669395411923081,0.4697645705774182,0.019228567419037113,0.16086587273336403,76176.0
-2.0428281702108477,0.16539618858751481,0.4038406040302794,-0.6757847715293857,0.46470622065515327,0.019043470731567116,0.1605796553806455,76194.25
-4.6488596238070095,0.29534845904488244,0.3856918365840958,-0.6755468405049343,0.45861557347445236,0.018824231804837225,0.16029056104860434,76212.5
-5.055808370233752,0.3647588015147386,0.34591559491255425,-0.6686255342147316,0.45147358512634195,0.01857199177619293,0.15999862876358328,76230.75
-2.334088572962788,0.33144972606128204,0.28244134991974423,-0.6549856937379176,0.4432820990296927,0.018287891782981007,0.15970389755193293,76249.0
2.549974386036286,0.23338420543081168,0.1975383283255419,-0.6346187397205587,0.43406953817030386,0.017973072962547014,0.1594064064399968,76267.25
5.278286751953388,0.09108438952501825,0.09586145253491019,-0.6075218674242426,0.42387010014949433,0.01762867645223753,0.159106194454121,76285.5
3.5525042800356506,-0.051477450273252894,-0.017587486585550646,-0.5736922721105552,0.412717982568582,0.017255843389398468,0.15880330062065637,76303.75
0.9569410143654351,-0.19190083141638895,-0.1378066981692401,-0.5331271490410837,0.4006473830288861,0.016855714911376024,0.1584977639659433,76322.0
-3.2550250110066195,-0.2705832613250532,-0.2597943913495578,-0.48582369347741505,0.38769249913172493,0.016429432155516396,0.1581896235163316,76340.25
-5.401836683508081,-0.2771844403413154,-0.37844276086029044,-0.43177910068113573,0.3738875284784171,0.015978136259165877,0.1578789182981679,76358.5
-0.6977994613166244,-0.18930460001292837,-0.48735249947943576,-0.37099056591383234,0.35926666867028134,0.015502968359670246,0.15756568733779674,76376.75
5.229844865075586,-0.04583830159884203,-0.5772612379593016,-0.30345528443709235,0.3438641173086364,0.015005069594375864,0.15724996966156485,76395.0
4.883533710908856,0.11776556276530671,-0.6408900819079848,-0.2291704515125024,0.32771407199480107,0.014485581100628992,0.15693180429582038,76413.25
1.389709117280701,0.27445260488996226,-0.6715242629651385,-0.14828186617337466,0.31085073033009347,0.01394564401577557,0.15661123026690948,76431.5
-1.225012593637433,0.39673315551162563,-0.6617505917329362,-0.061633748490500385,0.29330828991583263,0.013386399477161763,0.1562882866011765,76449.75
-4.3769784562319165,0.4825329019246261,-0.6035912512395336,0.02936505389131059,0.27512094835333745,0.012808988622133966,0.15596301232496884,76468.0
-3.6193575927767103,0.5023272798237839,-0.490781079075419,0.12320168737667567,0.25632290324392576,0.01221455258803805,0.1556354464646334,76486.25
2.3321662046728298,0.44294664276558054,-0.32474716091134626,0.21836329837021037,0.23694835218891672,0.011604232512220376,0.15530562804651663,76504.5
3.644936072477851,0.2801783807504702,-0.11310454727854417,0.31333703327653134,0.2170314927896292,0.010979169532026788,0.15497359609696354,76522.75
-0.4725429255889412,0.026821036106583967,0.12509163155252218,0.4066100385002555,0.19660652264738143,0.010340504784803804,0.1546393896423224,76541.0
-1.8541342003262788,-0.2773400815217941,0.36674845256667454,0.4966694604459988,0.17570763936349218,0.009689379407897302,0.15430304770893846,76559.25
-3.4690131335881436,-0.5596328060127345,0.5881071073263352,0.5820024455183789,0.15436904053927977,0.00902693453865351,0.15396460932315842,76577.5
-2.3817636276273864,-0.7313823243045802,0.7648666608530716,0.6610961401220113,0.13262492377606355,0.008354311314418692,0.15362411351132862,76595.75
3.9824447152343088,-0.6543502981188382,0.8750643530204485,0.7324376906615133,0.11050948667516129,0.007672650872538949,0.15328159929979632,76614.0
-0.7796384150392427,-0.2640115028725147,0.8985917451120266,0.7945142435414999,0.08805692683789257,0.0069830943503601875,0.15293710571490574,76632.25
-4.839613856429469,0.2455068048771471,0.8152958621240862,0.8459528905393544,0.06530144186557527,0.00628678288522867,0.15259067178300467,76650.5
-5.371783963960387,0.573040225748558,0.6044037074287811,0.8859405049235162,0.042277229359528296,0.005584857614490854,0.15224233653044042,76668.75
5.718090839170542,0.5045474633958493,0.26141590416322713,0.9138039053351898,0.019018486921070457,0.004878459675492646,0.15189213898355772,76687.0
-1.3929625974379112,0.046671288126018076,-0.15251266398456387,0.928869757091683,-0.004440434524581857,0.004168730205580147,0.15154011816870372,76705.25
-5.799751159802463,-0.3255053592761727,-0.5598135481888518,0.9304628909458823,-0.02806334948779144,0.003456810342099621,0.15118631311222505,76723.5
1.4341999417544906,-0.23640983938587856,-0.8821235739583015,0.9179028009066532,-0.05180873573489969,0.002743841222397103,0.15083076284046737,76741.75
5.138739881416579,0.060368193824179135,-1.040784257910039,0.8905065663347815,-0.07563265638416901,0.002030963983818855,0.15047350637977835,76760.0
-4.795371715894576,0.18088568506107097,-0.9682730512919303,0.8479872534591996,-0.09949087620904971,0.0013193197637110122,0.15011458275650258,76778.25
-0.6523522637522673,-0.06322850662063156,-0.6318270220562626,0.7916430693606727,-0.12333915998299157,0.000610049699419545,0.14975403099698795,76796.5
4.715364789550747,-0.22881713868068673,-0.12446387213448443,0.7231685063329253,-0.14713327247944458,-9.570507170925101e-05,0.14939189012757945,76814.75
-5.054994090879682,0.03210213691130159,0.41952467765318957,0.644258056669681,-0.17082897847185882,-0.0007968034123291779,0.1490281991746254,76833.0
-4.204209214234913,0.3617351831226247,0.8852266658468584,0.5566062126646647,-0.19438204273368445,-0.0014921041850940375,0.1486629971644712,76851.25
5.921915468096104,0.39693936016828424,1.1636302759365051,0.4619074666115998,-0.2177482300383712,-0.002180466252657891,0.1482963231234635,76869.5
-3.413150238328729,-0.022687205220769193,1.1766025103504583,0.3618509684030647,-0.2408833051593693,-0.00286074847767441,0.14792821607794715,76887.75
-5.913966139708104,-0.41518088070578274,0.9695868407736793,0.2580433048237905,-0.26374303287012846,-0.0035318097227977534,0.1475587150542701,76906.0
5.431372306129628,-0.3126698605795979,0.613422633566601,0.15184094624429656,-0.2862831779440991,-0.004192508850681383,0.14718785907877874,76924.25
-0.0520431368460546,0.04766981788363787,0.162305869776399,0.04453916953183553,-0.308459505154731,-0.004841704723979278,0.14681568717781984,76942.5
-4.134032963011428,0.26193766779607425,-0.3100404615902977,-0.06256674844633976,-0.33022777927547414,-0.005478256205345322,0.1464422383777389,76960.75
2.765929369628647,0.06713786160774476,-0.7303222672361567,-0.16818153082297657,-0.3515437650797786,-0.006101022157433495,0.14606755170488192,76979.0
3.536502316492706,-0.16714016537086426,-1.0582336301476973,-0.27100990073082126,-0.37236322734109445,-0.006708861442897259,0.1456916661855962,76997.25
0.46506212129933383,-0.07808640187895173,-1.2604589975617977,-0.3697565813026222,-0.39264193083287136,-0.00730063292439103,0.14531462084622762,77015.5
-3.8669335523728328,0.1459204218221264,-1.307402295053236,-0.46312629567112523,-0.41233564032855985,-0.007875195464568094,0.14493645471312258,77033.75
3.3515126681176377,0.24191111114327044,-1.2047025671051688,-0.5499286927957469,-0.4314001206016097,-0.008431407926082752,0.14455720681262826,77052.0
4.129424162664372,0.03638157946935178,-0.9770471646706365,-0.6295360303921903,-0.4497911364254707,-0.008968129171588582,0.14417691617109077,77070.25
0.23253741742003778,-0.45014969199637084,-0.6901863651549619,-0.7019971138013005,-0.4674644525735931,-0.009484218063739449,0.14379562181485572,77088.5
-3.3558950915790846,-0.6569520434148978,-0.4201624090332048,-0.7675036538135382,-0.4843758338194269,-0.009978533465189413,0.1434133627702703,77106.75
0.1255250342296001,-0.09771164802954349,-0.22624502622442969,-0.8262473612193657,-0.5004810449364221,-0.010449934238592019,0.14303017806368012,77125.0
1.1716440769390029,0.7873029951620759,-0.10061390442370767,-0.8784199468092454,-0.5157358506980286,-0.010897279246601393,0.14264610672143263,77143.25
1.3793918982964541,1.3314878969519177,-0.01867622077011222,-0.9242131213736374,-0.5300960158776964,-0.01131942735187127,0.14226118776987368,77161.5
-1.2257583137020278,0.7984867337466907,0.04575245573384958,-0.9638185957030025,-0.5435173052488759,-0.01171523741705555,0.14187546023534914,77179.75
1.3908523498095504,-1.0611324714631503,0.12522298863195158,-0.9974280805878059,-0.5559554835850167,-0.012083568304807855,0.1414889631442062,77198.0
-1.4883015841607496,-2.075414121965788,0.25387784960453275,-1.0252332868185074,-0.5673663156595686,-0.012423278877782346,0.1411017355227915,77216.25
0.5209737515030343,-0.5323246254605932,0.4533219746352192,-1.0474259251855675,-0.577705566245982,-0.012733227998632761,0.14071381639745018,77234.5
0.9309081863190308,1.852993590737741,0.6950101569207964,-1.0641977064794506,-0.586929000117707,-0.013012274530012946,0.1403252447945296,77252.75
-0.7187501619689503,2.7129256467855525,0.9378596539613343,-1.075740341490615,-0.5949923820481936,-0.013259277334576625,0.13993605974037596,77271.0
0.9114928718542338,1.2594535088047645,1.1459566298199884,-1.0822455410095242,-0.6018514768108919,-0.01347309527497799,0.13954630026133585,77289.25
-0.7196463585220192,-0.9878236718092874,1.304062874812242,-1.0839050158266412,-0.6074620491792506,-0.013652587213870481,0.13915600538375494,77307.5
-2.4688556712621703,-2.761446878370487,1.40210908581666,-1.080904706855311,-0.6117856338038358,-0.013796612013908359,0.13876521413398119,77325.75
1.6058019743213328,-3.2929943530447345,1.4300259597118088,-1.0734011318611956,-0.6148131884828976,-0.013904028537744986,0.13837396553835832,77344.0
5.312223113425098,-2.779699962514135,1.3810501935648758,-1.0615149343573922,-0.616566815448719,-0.013973695648034603,0.13798229862323538,77362.25
5.5586713231310645,-1.6800639353747453,1.2616424851975325,-1.0453414949436373,-0.6170749605728132,-0.014004472207430944,0.13759025241495748,77380.5
5.2369864785942895,-0.43566492830288917,1.0815695326200747,-1.0249714644011383,-0.6163657805468754,-0.013995506258405298,0.13719786593987174,77398.75
2.885995003141709,0.7563098538532291,0.8505980338427955,-1.000495493511101,-0.6144662753433316,-0.013947102494532411,0.13680517815615847,77417.0
-1.4472320154125657,1.8080305417582327,0.5784946868759903,-0.9720042330547315,-0.611403155754791,-0.013859847788104247,0.13641222102089814,77435.25
-6.6365081860465835,2.6772225628688973,0.2750261897299533,-0.9395883338132365,-0.607203132573863,-0.013734302029487494,0.13601899950924717,77453.5
-7.603328764575437,3.312802791479053,-0.050040759585020175,-0.9033384465678231,-0.6018929165931558,-0.013571018380609723,0.13562551186792024,77471.75
-3.4538639983251915,3.6583818933934924,-0.386939463058637,-0.8633452220996959,-0.5954992186052787,-0.013370550003397643,0.1352317563436353,77490.0
