IMF_1,IMF_2,IMF_3,IMF_4,IMF_5,IMF_6,IMF_7,IMF_8,IMF_9,timestamp
-0.05615346297892584,-0.003013653077076395,-0.13233157400700682,-1.7528514885014386,1.7910988604744906,-2.0904011034305037,5.835929496324665,0.14443298300027396,3.4267752934586806,57780735.712555066
0.04090177666618448,0.04718653828859251,-0.11305882107786096,-1.4465805294684733,1.571152532348664,-2.190789529452899,5.83763505887461,0.1434098986169742,3.4267744264673667,57780753.80837005
0.05568402720372915,-0.019571887472441943,-0.10342953946385876,-1.1334685479262605,1.3389035766062476,-2.2863516562328785,5.838319466766663,0.14235078423352895,3.4267651275484288,57780771.90418502
-0.04614470930918274,-0.01248320114986963,-0.1006797725359059,-0.8156118469806255,1.0972562874250569,-2.3767944424944574,5.837974915104204,0.1412557175943542,3.426747403609584,57780790.0
0.0003251684844201557,-0.017933462833287,-0.0981490662513591,-0.49482782940195424,0.8492057512339666,-2.461824846961629,5.836593375692848,0.14012499974160178,3.4267212615585514,57780807.712555066
0.03451510937573212,0.010646596868694194,-0.09601320486025543,-0.17268004700113332,0.5977482648798232,-2.5411498283584057,5.834166776271746,0.1389589757839066,3.4266867083030497,57780825.80837005
-0.06225647967134385,0.023288107603591356,-0.09491693359760033,0.14934210499498446,0.3458801111815761,-2.6144763454087854,5.830687044580023,0.13775799082991888,3.4266437507507947,57780843.90418502
0.04475140154677672,-0.0049015414141864305,-0.09511371666196396,0.469438568892339,0.09659760158236826,-2.681511356836789,5.8261461083568316,0.13652238998827848,3.4265923958095033,57780862.0
-0.002824072446155313,-0.026950321917423414,-0.09718549351480042,0.7852374647803831,-0.1471164683682536,-2.7419618213664143,5.820535895341304,0.13525251836762214,3.4265326503868963,57780879.712555066
-0.007319948485915362,0.010787304536366777,-0.10138595589046881,1.093745558809769,-0.38235348572478667,-2.7955346977216755,5.8138483332725865,0.13394872107659428,3.426464521390689,57780897.80837005
-0.0011335175497855109,-0.01542624618490278,-0.10897550743604471,1.3913416736931306,-0.6063158154749161,-2.841936944626567,5.806075349889807,0.13261134322383739,3.4263880157286,57780915.90418502
-0.01777385000310414,-0.00454154415058624,-0.12152008096817839,1.673763358821272,-0.8163907547895912,-2.880875520805112,5.797208872932122,0.13124072991799005,3.426303140308348,57780934.0
0.02127527743216637,-0.014869076393218647,-0.13789497774511997,1.9362705216493012,-1.0103109671426678,-2.912057384981307,5.787240830138658,0.1298372262677015,3.426209902037645,57780951.712555066
-0.017077017747562644,0.030346338539818593,-0.15911301537977993,2.173889387023489,-1.1858634797480212,-2.9351894958791602,5.776163149248557,0.1284011773816005,3.4261083078242174,57780969.80837005
0.009833685979402469,0.0155817858626114,-0.18673623990544336,2.3822437988664453,-1.340605918262255,-2.9499788122226875,5.763967758000973,0.12693292836833317,3.4259983645757788,57780987.90418502
-0.010260763965325713,-0.013544610557933545,-0.2189883633110212,2.558555186066904,-1.471781291905195,-2.956132292735888,5.750646584135025,0.12543282433654832,3.425880079200045,57781006.0
0.01328055141772886,-0.0031756435996237197,-0.25143193229051713,2.7014982865411614,-1.5765312390523034,-2.95335561657882,5.736190275825916,0.12390121039488093,3.4257534586047367,57781024.712555066
-0.003796155153074023,0.03621328051186591,-0.2801999701241763,2.8102348231254277,-1.6519785867837224,-2.9413507202325375,5.720585738569833,0.12233843165197356,3.4256185096975695,57781042.80837005
0.0010329873870818572,0.0006254809999131909,-0.30662801326102934,2.8836842419765545,-1.6951987561269517,-2.9198266066575287,5.703826944342387,0.12074483321646745,3.4254752393862633,57781060.90418502
0.028474817791669535,-0.06606230790936783,-0.3317486875349044,2.9203777332649135,-1.7030244793154892,-2.8885747554506844,5.685920615641487,0.11912076019700157,3.425323654578533,57781079.0
-0.025681394593149113,-0.06042539916657533,-0.35346855346966427,2.91789957901891,-1.6718637722299976,-2.847696246882138,5.666876318701452,0.11746655770222118,3.4251637621821005,57781096.712555066
0.019909421231284048,-0.10555924314386182,-0.3696835536346816,2.8704287756943083,-1.5985455113285898,-2.797473297257331,5.646703619756584,0.1157825708407684,3.424995569104677,57781114.80837005
-0.04107643952826465,-0.10191438394090094,-0.37869818271902395,2.769791997144549,-1.4819869763476514,-2.7382159753620168,5.625412085041201,0.11406914472128177,3.4248190822539857,57781132.90418502
0.0663174656589556,-0.16075886684644064,-0.3865244756356939,2.608652894767997,-1.3238655304794573,-2.670234349981947,5.603011280789598,0.11232662445240252,3.4246343085377435,57781151.0
-0.05011721319478262,-0.16270761075136156,-0.41126914559619693,2.381291327661609,-1.1287389001957644,-2.5938384899028786,5.579510773236092,0.11055535514277455,3.424441254863668,57781169.712555066
-0.018409235141778117,-0.1101537849712532,-0.46135443303032686,2.082604920133185,-0.902993890471603,-2.509338463910561,5.554920128614988,0.10875568190103282,3.4242399281394755,57781187.80837005
0.046602511693745116,0.06180067814573025,-0.5435803881736542,1.711678269191314,-0.6532835770725358,-2.41704434079075,5.529248913160598,0.10692794983582976,3.424030335272883,57781205.90418502
-0.022612356552646866,0.27145417850999204,-0.6633868770855008,1.2764718535483381,-0.38624493816244937,-2.317266189329217,5.502506693107234,0.10507250405579717,3.423812483171611,57781224.0
-0.033042439099529426,0.5149418496526842,-0.8097737819335723,0.7871736497583979,-0.10851495190528022,-2.210314078311699,5.4747030346892,0.10318968966958213,3.423586378743376,57781241.712555066
-0.033046025531402554,0.9019476925465533,-0.939783774711951,0.2541177471263199,0.17326940353506634,-2.096498076523956,5.44584750414081,0.10127985178582492,3.423352028895893,57781259.80837005
-0.10116724254278485,1.1702566024381273,-0.9847145055926914,-0.3117058440288538,0.4524711499946779,-1.9761282527517294,5.4159496676963625,0.09934333551316457,3.4231094405368854,57781277.90418502
-0.016962553580661902,1.267307490124566,-0.8876494876873072,-0.8960479292467863,0.7224533093096581,-1.849514675780791,5.385019091590169,0.09738048596024587,3.4228586205740656,57781296.0
0.14823779678387644,0.996750289227053,-0.620565721765077,-1.4748550681092902,0.9765789033160686,-1.7169674143968867,5.353065342056553,0.09539164823570646,3.4225995759151555,57781314.712555066
0.6865528565851634,0.282351253568479,-0.19266154622633846,-2.015763095374261,1.2082109538500256,-1.578796537385769,5.320097985329799,0.09337716744819162,3.422332313467868,57781332.80837005
1.1381839160951948,-0.6317017931969697,0.3812372128679844,-2.4871901702079526,1.4107124827475914,-1.4353121135331932,5.286126587644238,0.0913373887063394,3.422056840139926,57781350.90418502
1.6351193237239618,-1.7125951672278061,1.0869994386859383,-2.8581880793308883,1.5774465118448693,-1.2868242116249253,5.251160715234175,0.08927265711879373,3.421773162839042,57781369.0
1.016478226877683,-1.8758130816705059,1.8956221123873047,-3.0978272437745153,1.701794697288859,-1.1336429004466946,5.215209934333896,0.08718331779419315,3.4214812884729384,57781386.712555066
-0.7889100039848396,-1.0286121137976385,2.6969123562053827,-3.1762890890393747,1.7782496996956556,-0.9760782487842892,5.17828381117775,0.08506971584118247,3.4211812239493296,57781404.80837005
-3.3103793981178224,0.6419204644129404,3.2789963867917638,-3.0684773095144795,1.8060264485698394,-0.8144403254234295,5.140391912000005,0.08293219636840338,3.4208729761759384,57781422.90418502
-3.5449901134738746,2.0318017605751306,3.4082981699047044,-2.7525631295177697,1.7876176459474356,-0.6490494417524302,5.101543803034996,0.08077110448449393,3.4205565520604733,57781441.0
3.547387301831264,1.9015046669117217,2.8842181436849263,-2.2203904058712793,1.7261219925037665,-0.4802741421230174,5.06174905051702,0.0785867852980976,3.420231958510661,57781458.712555066
-3.072636615363252,-0.447259731654367,1.6775291606655727,-1.5167566874444878,1.6246774817297693,-0.3085222637025446,5.021017220680397,0.07637958391785563,3.4198992024342143,57781476.80837005
0.5758724835900652,-2.3232509680748117,-0.05015335478822027,-0.7015512888725949,1.4864630752038321,-0.13424261174579458,4.97935787975942,0.07414984545240788,3.419558290738855,57781494.90418502
1.865202008117578,-1.939775482756232,-2.070145906900882,0.16484225047481485,1.3147925566409426,0.04198118635582991,4.936780593988414,0.07189791501039916,3.4192092303322945,57781513.0
-0.568121878725705,0.8116092677652397,-4.024541737395988,1.0220403912281795,1.1130134152902509,0.21953179767678438,4.893294929601671,0.06962413770046892,3.4188520281222563,57781530.712555066
-1.011269078269511,2.889825039555069,-5.452564236213949,1.8096595940179196,0.8844731404008886,0.39779188929151355,4.848910452833517,0.0673288586312575,3.4184866910164518,57781548.80837005
-0.29906144936467877,2.5709863756976925,-5.966247982853154,2.4702996795345658,0.6325192212220071,0.5761441282744568,4.803636729918252,0.06501242291140966,3.4181132259226064,57781566.90418502
0.5734919364339621,0.029006092688510746,-5.55201207658394,2.9664289275336095,0.36049914700276153,0.7539711817000786,4.7574833270901795,0.0626751756495604,3.4177316397484363,57781585.0
2.1167529327938728,-2.7128577624706445,-4.3193429543013675,3.295192299666573,0.07176040699228,0.9306557166428111,4.71045981058362,0.06031746195436033,3.417341939401653,57781603.712555066
2.4577229737126856,-4.19145393840117,-2.387681842580353,3.46145765303316,-0.23032440003557822,1.1055804001771152,4.662575746632876,0.057939626934442164,3.4169441317899807,57781621.80837005
-2.875145014894075,-4.241999471213334,0.08416258103806387,3.4695006785502422,-0.5418372625870087,1.2781278993774303,4.6138407014722524,0.0555420156984552,3.416538223821132,57781639.90418502
-3.5880167233066462,-3.7798761404758863,2.8008089986670677,3.321453644570587,-0.8567167466041024,1.4476808813182065,4.56426424133607,0.053124973355030795,3.416124222402832,57781658.0
-3.67228376824127,-2.0354368596925956,5.384659152790882,3.017650186606029,-1.1671027851880131,1.6136220130738859,4.51385593245863,0.05068884501282004,3.4157021344427894,57781675.712555066
-1.9160202518566019,1.0094669741016662,7.445143754867272,2.5580855256134427,-1.4647968968849823,1.77533396171893,4.462625341074242,0.04823397578046057,3.4152719668487275,57781693.80837005
6.8926085213589365,4.759039166201739,8.591693516354011,1.9427548825497347,-1.7416006002412026,1.9321993943277733,4.4105820334172074,0.04576071076659406,3.414833726528369,57781711.90418502
6.709037822508989,6.437733946310472,8.424432354799642,1.1809602722809802,-1.9893154138029263,2.08360097797488,4.357735575721845,0.04326939507985905,3.414387420389414,57781730.0
3.7860249319183845,3.378440851262277,6.669678742739505,0.31997233833370986,-2.1997428561163606,2.2289213797346776,4.304095534222467,0.0407603738289008,3.4139330553395997,57781747.712555066
9.976913979060596,-3.953423165845721,3.698131281293852,-0.5806656697618384,-2.3646844457277205,2.367543266681633,4.249671475153366,0.03823399212236007,3.4134706382866313,57781765.80837005
8.798587422406868,-8.410854664561354,0.04391030220648341,-1.4606690494517494,-2.4759417011832427,2.4988493058901797,4.194472964748865,0.03569059506888078,3.413000176138227,57781783.90418502
-18.558145982075395,-4.131315311002518,-3.7376820537049062,-2.259753098182142,-2.5253842501644046,2.622290273570039,4.1385095692432685,0.033130527777098344,3.412521675802113,57781802.0
20.037753040873167,6.517467786069527,-6.999585722271198,-2.917633113399115,-2.505210275913891,2.7376455014921204,4.081790854870884,0.030554135355658898,3.4120351441860044,57781820.712555066
-19.556774735074253,11.686363462182186,-9.045436082025786,-3.3740243925487774,-2.407910546890138,2.844986906643081,4.024326387866027,0.027961762913200988,3.4115405881976137,57781838.80837005
-10.787269836921265,8.271496720226803,-9.376384366638817,-3.568546401670895,-2.226186793528433,2.9444425250297357,3.9661257344629957,0.025353755558368076,3.411038014744666,57781856.90418502
-1.6738734507677786,-0.4778010628368709,-8.288636311237534,-3.46017061203334,-1.9567564545509635,3.036140392658873,3.9071984608960997,0.022730458399800046,3.4105274307348705,57781875.0
5.53821853740854,-10.340474956428295,-6.1904175238875245,-3.0867139869113083,-1.6100771574773076,3.1202085455373005,3.847554133399662,0.020092216546139016,3.410008843075952,57781893.712555066
6.412105661441668,-17.830292249778577,-3.4668219453408153,-2.5057288204334363,-1.2000028662871052,3.196775019671794,3.7872023182079784,0.017439375106028,3.4094822586756224,57781911.80837005
-3.675156379642938,-20.71889274430183,-0.5091289693579197,-1.7747674067283046,-0.7403875449600981,3.2659678510691736,3.7261525815553593,0.014772279188110015,3.4089476844416033,57781929.90418502
2.6100477298737013,-15.571512593170707,2.3013009453657114,-0.9513820399245843,-0.24508515747594262,3.327915026713748,3.664414538698603,0.012091273901015992,3.4084051272816143,57781948.0
-2.9958041480600395,1.2734076688254745,4.715564875521842,-0.09312501415084985,0.2720503321856318,3.3827443374998696,3.6019980009844614,0.009396704353397898,3.4078545941033687,57781965.712555066
-2.2388122106461013,20.61030421894879,6.519420644901198,0.7424513764642572,0.797164960044969,3.430583525299406,3.5389128287821614,0.006688915653897406,3.4072960918145725,57781983.80837005
5.6857561525207245,29.720910426854175,7.4986260772944755,1.4977948377921246,1.3164047621223538,3.4715603319842265,3.47516888246095,0.003968252911147237,3.4067296273229806,57782001.90418502
-6.606176301734293,21.18345362799536,7.518905546689851,2.116108913287807,1.8159157744380874,3.5058024994262134,3.4107760223900594,0.0012350612337984608,3.406155207536278,57782020.0
-5.458051058128514,5.709830848244131,6.75474768054222,2.554722444064205,2.2818440330124954,3.533437769497226,3.3457441089387228,-0.0015103142695144093,3.4055728393621827,57782037.712555066
6.982456007201785,-5.201010882889903,5.414606679181548,2.8177210861402453,2.7003355738658716,3.5545936545236665,3.2800832320216577,-0.004267528490146568,3.404982529708432,57782055.80837005
-4.445400782430414,-8.17353973534641,3.6894620434975547,2.9266742287940994,3.0575273991995773,3.5693967351690863,3.2138044132163963,-0.007036236319457238,3.4043842854827266,57782073.90418502
-7.163677669065227,-10.705839513712009,1.7687000863506974,2.904375081595907,3.339925878952245,3.57797330862807,3.14691895756949,-0.009816092648806984,3.4037781135927916,57782092.0
-1.6375723998185225,-17.338889037497474,-0.15829287939861367,2.770521204813856,3.537133032364469,3.580449658614295,3.0794381836083513,-0.012606752369545633,3.4031640209463427,57782110.712555066
8.750918743309109,-27.495393211328924,-1.9021305408899245,2.5372544107213555,3.646306626671635,3.5769520688414387,3.011373409860417,-0.015407870373044487,3.4025420144510927,57782128.80837005
8.71956782492722,-38.72650210644261,-3.273426585262822,2.210355597686016,3.670924906901766,3.5676472126876178,2.942736001301844,-0.01821910155065382,3.4019121010147773,57782146.90418502
-11.414587247611294,-46.34107375681808,-4.082794699656869,1.7943861033659667,3.6155215558319393,3.552865700696486,2.87353750870366,-0.021040100793738224,3.4012742875450996,57782165.0
-11.950521897615594,-45.660440194284895,-4.197583797902119,1.2945763006218183,3.4845803060953804,3.532988000982015,2.8037895754104425,-0.023870522993648863,3.40062858094976,57782182.712555066
13.448122186952117,-34.71016978397787,-3.7115998314054406,0.7206684978493753,3.2825825118176026,3.508396775666637,2.733504029265973,-0.026710023041752125,3.399974988136514,57782200.80837005
4.9428952392078855,-15.700768676263735,-2.7756811265660524,0.09264984259042197,3.0140095271241356,3.479474628364918,2.662692756621925,-0.02955825582940007,3.3993135160130588,57782218.90418502
-5.679562214252857,6.756603621100983,-1.5519011894663335,-0.5559376740196945,2.6833427061405213,3.4466041131591765,2.591367693362202,-0.032414876247950135,3.3986441714871125,57782237.0
-15.42254666523243,27.675961218757475,-0.2157203460176346,-1.178165241016593,2.295063402992278,3.41016777174864,2.5195407877538005,-0.035279539188768694,3.3979669614663903,57782254.712555066
-7.366705875371736,42.70233809718554,1.0546125291721569,-1.7243154987394225,1.8536529718049466,3.370548145832568,2.447223988063693,-0.038151899543212735,3.3972818928586204,57782272.80837005
15.631734924365771,49.938864806187546,2.0815440813752595,-2.145366607407394,1.3635927667040557,3.3281277771101974,2.374429242558857,-0.041031612202633426,3.3965889725714944,57782290.90418502
10.36084962531643,48.58755739711717,2.7180650730663904,-2.3953494682933996,0.8293641418151341,3.2832892072807778,2.3011684995062716,-0.04391833205839044,3.3958882075127748,57782309.0
-15.069400482850748,40.45759801840008,2.928909937328672,-2.430297145391149,0.25567244797151495,3.236414978043549,2.2274537071729315,-0.04681171400185419,3.3951796045901554,57782326.712555066
-13.733354594476781,28.112853926323137,2.715063285963204,-2.217073719389838,-0.350704749867113,3.1878876310977753,2.1532968138257993,-0.049711412924371354,3.394463170711344,57782344.80837005
-6.917547916094441,12.58566438936493,2.1187547596457974,-1.7694422035137145,-0.9773359830807248,3.1380897081426764,2.078709767731869,-0.05261708371730206,3.393738912784067,57782362.90418502
2.9545443517048295,-4.306510329937282,1.2198719990129956,-1.1429586690498776,-1.6076547249471633,3.087403750877511,2.003704517158113,-0.05552838127200732,3.3930068377160407,57782381.0
10.418745895530908,-20.88329785624754,0.10559510943253267,-0.40143382864589466,-2.2241322721150243,3.0362123010015205,1.9282930103715192,-0.05844496047984904,3.3922669524149844,57782399.712555066
12.935839882092992,-35.06792529432923,-1.1368958037278607,0.39105747461127754,-2.8089757907934763,2.984897900213952,1.8524871956390618,-0.06136647623217928,3.391519263788617,57782417.80837005
-12.263621303991867,-44.680141966853576,-2.420420635100441,1.1696465344343787,-3.343598583991427,2.93384309021406,1.7762990212277214,-0.0642925834203604,3.3907637787446556,57782435.90418502
-13.557480766794114,-46.57383170780428,-3.6577992793174716,1.8692666337307169,-3.8092159439123185,2.88343041270107,1.699740435404487,-0.06722293693575386,3.3900005041908163,57782454.0
14.622350067374587,-37.39987633760663,-4.749344322328473,2.424851055407609,-4.187043162759624,2.8340424093742462,1.6228233864363264,-0.07015719166971082,3.3892294470348214,57782472.712555066
-9.46732046412571,-16.475780675088526,-5.545339115352013,2.772193605570961,-4.459156055935391,2.786061621932815,1.5455598225902303,-0.0730950025135914,3.388450614184375,57782490.80837005
-18.353132369505186,9.307268897809589,-5.883559700923911,2.851265794601189,-4.6118081431161935,2.739870592076043,1.467961692133175,-0.0760360243587611,3.387664012547215,57782508.90418502
0.8071565766844258,32.19526616548883,-5.618955160270474,2.6267560929245573,-4.638796865333958,2.6958518615031624,1.390040943332139,-0.07897991209656748,3.3868696490310377,57782527.0
23.172368127500654,46.01342878474107,-4.672959227248566,2.1455370440228925,-4.5495580714723864,2.6543269593401875,1.311809524454107,-0.08192632061838052,3.3860675305435985,57782544.712555066
8.403747474993306,46.656037663677516,-2.980616956191902,1.4665651737794483,-4.356988532358357,2.615337384420071,1.2332793837660616,-0.0848749048155532,3.3852576639925624,57782562.80837005
-27.432369723573604,36.738436219340656,-0.5525764734482597,0.6465895059461286,-4.073780086245009,2.5787197030020437,1.1544624695349748,-0.08782531957943933,3.3844400562856665,57782580.90418502
-25.009280380451948,20.65979838019556,2.3682961527277806,-0.2576409357251549,-3.7125885913853756,2.5442745013452153,1.0753707300278317,-0.09077721980140442,3.383614714330652,57782599.0
-5.887053598268007,1.3223492779805832,5.482397441182836,-1.1893771274824936,-3.2860699060324654,2.5118023657086765,0.9960161135116183,-0.09373026037280635,3.382781645035217,57782616.712555066
15.448513706041762,-18.27202554125579,8.490123910763531,-2.0918700455739727,-2.80687988843931,2.4811038823515488,0.9164105682533071,-0.09668409618500613,3.3819408553070867,57782634.80837005
31.05668651584667,-34.96156983177082,11.091872080316493,-2.9083706662476776,-2.287674396858939,2.4519796375329306,0.8365660425198832,-0.09963838212935447,3.3810923520539653,57782652.90418502
30.813154739851633,-46.131264673157375,12.988038468688345,-3.5821299657517045,-1.7411092895443665,2.4242302175119326,0.7564944845783206,-0.1025927730972133,3.3802361421835836,57782671.0
16.671665052109713,-51.33272031035649,13.879019594725724,-4.056398920334142,-1.1798404247486112,2.397656208547647,0.6762078426956127,-0.1055469239799454,3.3793722326036524,57782689.712555066
-4.060639182880466,-50.499389544558696,13.545201520589295,-4.28676671925209,-0.6162681252257913,2.372058196899189,0.5957180651387278,-0.10850048966890284,3.3785006302218985,57782707.80837005
-20.37429504799334,-43.44000751415566,12.085107824386357,-4.279257102521257,-0.060862894343843066,2.3472365174507677,0.5150373515495542,-0.11145312505545021,3.377621341946022,57782725.90418502
-28.303102921355986,-30.376469213523876,9.669968998299742,-4.056850487860872,0.48008267939478677,2.3229895107953102,0.4341798958612338,-0.11440448503094272,3.3767343746837635,57782744.0
-26.906912078855054,-12.496382060638664,6.46919487720264,-3.6447756709309655,1.0023503640964322,2.299111310984228,0.3531640985484541,-0.117354224486736,3.3758397353428267,57782761.712555066
-11.947802387466492,7.772783117613949,2.6521952959682613,-3.068553117196112,1.5020135976720015,2.275395063277267,0.2720093488775541,-0.1203019983141933,3.374937430830923,57782779.80837005
1.236349963534266,27.488488816647436,-1.6116199105302,-2.353703292120916,1.975145818032415,2.2516339125000213,0.19073503654902457,-0.12324746140467698,3.374027468055781,57782797.90418502
26.154047806758143,43.55517250998892,-6.152840907419546,-1.525746661169958,2.4178204630885847,2.227620985361939,0.10936056937949235,-0.12619026864953461,3.373109853925139,57782816.0
26.24993907986811,52.79058656611344,-10.802057859826574,-0.6102036898078325,2.82611097075142,2.2031493398205293,0.0279054239375482,-0.12913007494013123,3.372184595346669,57782833.712555066
-23.45533525939297,52.4991072009792,-15.370718800441113,0.3674051565008737,3.1960907789318287,2.1780120062557926,-0.05361089563072631,-0.1320665351678279,3.3712516992280985,57782851.80837005
-28.862979622981392,42.25199608456243,-19.575208546271853,1.381559412291559,3.523833325540732,2.152002012248263,-0.13516888237977912,-0.13499930422398065,3.370311172477178,57782869.90418502
-4.974824007042293,23.440092394858258,-23.038791038157573,2.4067386120996526,3.805412048489038,2.1249123853784617,-0.21674902936405055,-0.1379280369999416,3.3693630220016058,57782888.0
28.641795794472284,2.0012472217354826,-25.36623553100376,3.4174222904605407,4.03690038568766,2.0965361532269253,-0.29833182963798227,-0.140852388387082,3.3684072547090933,57782905.712555066
34.51531828933669,-15.894092846663453,-26.16697448265275,4.392753184846396,4.214371775047511,2.066666343374174,-0.37989777625602,-0.14377201327675035,3.3674438775073665,57782923.80837005
20.297549945233765,-28.806553882104648,-25.061599663019287,5.3230333448018525,4.333899654479515,2.035095983400741,-0.46142736227260134,-0.146686566560309,3.3664728973041393,57782941.90418502
2.5176385253851397,-36.64841725189297,-21.645375928564395,6.173237906417828,4.391549512469846,2.0016260503118657,-0.5429010807421697,-0.1495957031291172,3.365494321007128,57782960.0
-15.635925520883694,-39.261506710110915,-15.559511464630397,6.900784035340291,4.383355039805876,1.966089318811634,-0.6242994247191713,-0.1524990778745306,3.364508155524066,57782978.712555066
-22.37790133249032,-36.499797447949035,-6.9011033135158995,7.463072779522645,4.305317333584493,1.9283511572945964,-0.7056028872580479,-0.15539634568790925,3.3635144077626435,57782996.80837005
-27.099901985097606,-28.436052311150636,3.2116510737784956,7.8175051869182655,4.15333891383957,1.8883755112183225,-0.786791961413236,-0.15828716146061603,3.362513084630598,57783014.90418502
-30.60213347863106,-15.95729044385242,13.418654468908281,7.919711697294545,3.9250682645252186,1.8461509703061392,-0.8678471402391886,-0.16117118008400025,3.36150419303564,57783033.0
-36.538511638486426,-0.8512911647208466,22.359809643528905,7.717706898472799,3.6257697215416353,1.8016661242813634,-0.948748916790338,-0.16404805644942835,3.3604877398854947,57783051.712555066
-26.443650526405996,13.8003474439242,28.67501936929578,7.155601093279778,3.2646119057835796,1.7549095628673268,-1.0294777841211302,-0.16691744544825907,3.359463732087876,57783069.80837005
10.831723310846382,21.27979778478437,31.004186417864396,6.176971165340091,2.8512968573479465,1.7058698757873496,-1.1100142352860098,-0.16977900197184492,3.358432176550493,57783087.90418502
22.6040968233784,14.168340534900622,28.357518354075545,4.754044433882127,2.3955266163316185,1.6545356527647535,-1.1903387633394187,-0.17263238091154917,3.3573930801810596,57783106.0
-15.959127208260428,-7.35008337428429,21.22644191551141,2.973649960549293,1.9070032228315008,1.6008954835228704,-1.2704318613357986,-0.1754772371587288,3.356346449887333,57783123.712555066
9.507866107165322,-15.764421350802566,10.472688632939471,0.9512672425887808,1.3954287169444808,1.5449379577850166,-1.3502740223295913,-0.17831322560474033,3.355292292576983,57783141.80837005
-4.79852407246319,1.946609102007533,-2.537975583212506,-1.1976242227522138,0.8705051387674512,1.4866516652745199,-1.429845739375241,-0.1811400011409448,3.35423061515775,57783159.90418502
2.7180476230477977,15.538322966490178,-14.654629724511773,-3.3575449382265083,0.3419345283973031,1.4260251957147028,-1.5091275055271893,-0.18395721865870007,3.353161424537347,57783178.0
-3.138632808759733,11.308616299312098,-23.555277178196366,-5.413015406586912,-0.18058107406906895,1.3630471388288885,-1.5880998138398759,-0.18676453304937163,3.3520847276234935,57783195.712555066
-0.11112509765838273,-2.170726527764769,-28.785020123284937,-7.248556130586244,-0.6873396285347715,1.2977060843404036,-1.66674315736775,-0.18956159920430482,3.3510005313239093,57783213.80837005
4.418731816263087,-15.750672288876217,-30.297989831582246,-8.748687612977307,-1.1686390949029164,1.229990621972572,-1.7450380291652443,-0.19234807201486961,3.3499088425463146,57783231.90418502
12.528922223317242,-23.077756988559415,-28.023483369256695,-9.822764562149278,-1.6147774330766054,1.1598893414487168,-1.8229649222868123,-0.19512360637241496,3.34880966819841,57783250.0
19.18205361508589,-20.418124785559872,-22.046872026992045,-10.47947850903676,-2.0160526029589505,1.0873908324921613,-1.90050432978689,-0.19788785716830853,3.347703015187933,57783268.712555066
0.9874599220215651,-6.596392089250535,-13.450337078079073,-10.752355190210737,-2.3627625644530545,1.012483684826229,-1.9776367447199201,-0.2006404792939011,3.3465888904225873,57783286.80837005
-21.600519342125395,12.654112154758614,-3.5714708428693096,-10.673104987868435,-2.6470206318357588,0.9351564881742469,-2.054342660140348,-0.20338112764056085,3.3454673008100997,57783304.90418502
-32.057753721610425,29.94522575886346,6.252134358285643,-10.265750086723417,-2.868628316867579,0.8553978322595369,-2.1306025691026114,-0.2061094570996353,3.3443382532581807,57783323.0
33.962626320395486,38.16349565437539,14.682886205034215,-9.55079019716051,-3.0309096056377527,0.7731963068054233,-2.206396964661159,-0.20882512256248775,3.343201754674581,57783340.712555066
32.22716309893163,33.242672231754916,20.607198339665445,-8.548298249575813,-3.137615264224279,0.688540501535231,-2.2817063398704276,-0.2115277789204828,3.342057811966934,57783358.80837005
-32.86829892760682,19.195172975984534,23.867442366590485,-7.278347174365398,-3.1924960587051494,0.6014190061722823,-2.356511187784865,-0.21421708106496576,3.3409064320430586,57783376.90418502
-25.7044138161122,3.739302378454133,24.769726929539985,-5.761004532364693,-3.1993027551583593,0.5118204104399031,-2.4307920014589093,-0.21689268388730573,3.3397476218106075,57783395.0
-12.810640740668276,-11.19447336381484,23.68455654708766,-4.0207996476923595,-3.1618110178927057,0.41975820229222377,-2.5045292739470035,-0.21955424227886236,3.3385813881773236,57783412.712555066
22.863886317064306,-24.85143804622406,21.003318848694974,-2.103144955354782,-3.0838961041402206,0.3253454626066051,-2.577703498303592,-0.22220141113098638,3.337407738050915,57783430.80837005
5.718061074359626,-35.67907396310994,17.133706762728572,-0.06975818926351363,-2.9694581693637425,0.22872017049121493,-2.650295167583116,-0.22483384533504058,3.336226678339104,57783448.90418502
-8.84622154255406,-43.97065041776307,12.486368731899912,2.0146874023250505,-2.8223973690261084,0.13002030505422144,-2.7222847748400194,-0.22745119978238645,3.3350382159496177,57783467.0
-11.522431827810335,-50.62406199311217,7.471953198920473,4.085518571154518,-2.6466204424475177,0.02939042926115597,-2.793652813128744,-0.23005312936437378,3.33384235779015,57783485.712555066
-2.147286871588574,-55.47720347604019,2.5011086065017087,6.078062068968494,-2.446068852459669,-0.072990170410953,-2.864379775503732,-0.23263928897236807,3.332639110768438,57783503.80837005
4.760328885448454,-53.965171339791944,-2.078301565799639,7.927644647510588,-2.2247241980798083,-0.17690207129952942,-2.9344461550194265,-0.23520933349772677,3.331428481792182,57783521.90418502
10.141081658193388,-41.84115806808326,-6.152038483511247,9.56959305852441,-1.986576466407231,-0.2821174626599493,-3.0038324447302664,-0.23776291783181178,3.3302104777691266,57783540.0
-2.264787206753929,-16.540479143320418,-9.598587445177552,10.939234053753571,-1.7356156445412276,-0.38840853374758955,-3.072519137690701,-0.24029969686597244,3.328985105606973,57783558.712555066
-16.557871415480765,15.021614497242924,-12.27891854180844,11.971894384941661,-1.475831719581087,-0.49554747381782777,-3.1404867269551655,-0.24281932549157878,3.3277523722134377,57783576.80837005
19.98335428419244,42.81903315808624,-14.054001864413843,12.60290080383231,-1.2112146786261107,-0.6033064721260396,-3.2077157055781096,-0.24532145859997698,3.326512284496238,57783594.90418502
23.707639928732192,56.09201155940211,-14.784807504003654,12.767580062169113,-0.945754508775582,-0.7114577179276038,-3.274186566613969,-0.24780575108253702,3.3252648493630943,57783613.0
-21.338404398552075,47.564996006475575,-14.39785997854824,12.423042212054005,-0.6829755024621396,-0.8197734004778954,-3.339879803117191,-0.25027185783061145,3.3240100737217286,57783630.712555066
-29.886794474553096,23.972474492535728,-13.082188082669262,11.613817075831777,-0.4245391734517787,-0.928025709032292,-3.4047759081422164,-0.25271943373555944,3.3227479644798534,57783648.80837005
-5.855837944023472,-5.117409289393031,-11.093521313187122,10.407364051443832,-0.1716413408438364,-1.0359868328461699,-3.468855374743487,-0.25514813368874023,3.3214785285451858,57783666.90418502
29.579057309976644,-31.75706320797877,-8.687875735731751,8.871429105641107,0.07452217626235304,-1.1434289611749069,-3.532098695975446,-0.25755761258151083,3.3202017728254396,57783685.0
35.405947006632914,-48.45661653413536,-6.121267415933111,7.073758205174568,0.3127555587674502,-1.2501242832738784,-3.5944863648925383,-0.2599475253052327,3.3189177042283453,57783702.712555066
12.249173747799237,-52.44230222144492,-3.649712419421139,5.0820973167951635,0.5418629875721203,-1.3558449883984636,-3.6559988745492005,-0.262317526751265,3.317626329661615,57783720.80837005
-2.7312438909064483,-45.71857485694571,-1.4849343521336507,2.9641924072538566,0.760648643577024,-1.460363265804037,-3.716616717999881,-0.2646672718109608,3.3163276560329633,57783738.90418502
-18.78386491403307,-31.495491486277842,0.3385040031341535,0.7877984589276568,0.9679167076828282,-1.563451304745977,-3.776320388299019,-0.2669964153756823,3.315021690250096,57783757.0
-37.986209309977426,-12.854607630925656,1.8306428001892134,-1.379640022716427,1.1624713607901915,-1.6648812944796594,-3.8350903785010573,-0.2693046123367897,3.3137084392207647,57783775.712555066
-36.85632016900654,7.0523072894967065,3.0041292606423946,-3.4732856000153105,1.343116783799784,-1.7644254242604636,-3.8929071816604406,-0.2715915175856396,3.3123879098526627,57783793.80837005
-32.80323514116232,25.69422191515001,3.8785733045922886,-5.43526353379363,1.5086571576122614,-1.8618558833437617,-3.9497512908316077,-0.2738567860135916,3.3110601090535043,57783811.90418502
-20.413059400600442,40.55748441030876,4.484401409981732,-7.218515642720265,1.6579171472866445,-1.9569653451432867,-4.005603199069006,-0.27610007251199997,3.309725043731022,57783830.0
32.08157090428591,49.06106391348501,4.867754887804845,-8.79169857851539,1.7898033545153416,-2.049628419706163,-4.060443399427074,-0.27832103197222713,3.308382720792925,57783847.712555066
32.99229199807928,49.30874029410738,5.089981567610452,-10.138293615346221,1.9032428651491229,-2.1397402012378706,-4.114252384960255,-0.2805193192856345,3.3070331471469236,57783865.80837005
-30.00988991831259,42.318192022712346,5.208897639769597,-11.24812946563523,1.9971627650387507,-2.2271957839438894,-4.16701064872299,-0.28269458934357417,3.3056763297007423,57783883.90418502
-24.14616338523467,31.94779286243604,5.240114942988033,-12.114075241486503,2.0704901400349938,-2.3118902620297,-4.218698683769724,-0.28484649703741294,3.3043122753621024,57783902.0
-8.702920908530405,19.878643003776624,5.18997924629132,-12.731140647187546,2.1221520759886188,-2.3937187297007796,-4.269296983154904,-0.2869746972584966,3.3029409910387257,57783919.712555066
3.0043276221099626,7.4608958210791085,5.067597044803345,-13.0970961131242,2.151075658750388,-2.4725762811626075,-4.318786039932964,-0.28907884489819563,3.3015624836383193,57783937.80837005
15.139012888638222,-6.4905251829535535,4.888452882303327,-13.216090021970006,2.156202535327105,-2.5483726681443297,-4.367146347158348,-0.2911585948478647,3.3001767600686063,57783955.90418502
7.0494051992092635,-22.925487931821486,4.671987988683318,-13.096359814241971,2.1366794915134832,-2.621090409432387,-4.414358397885502,-0.29321360199886315,3.2987838272372985,57783974.0
-10.2626898141893,-39.26686027285757,4.446221191693962,-12.755526401470311,2.0925303916331535,-2.690783229187499,-4.460402685168869,-0.29524352124254377,3.2973836920521293,57783991.712555066
-7.057930122740782,-50.90938905022372,4.244289941196988,-12.217561837368462,2.0250257570445376,-2.757518988533041,-4.505259702062887,-0.29724800747027347,3.29597636142081,57784009.80837005
11.732442870559744,-50.85188978091433,4.09279920646885,-11.51304863113817,1.935711049823814,-2.821365548592381,-4.548909941622004,-0.2992267155734057,3.2945618422510417,57784027.90418502
9.01450917031701,-34.548248016581375,3.971133743113899,-10.673635451251242,1.8261317320471577,-2.882390770488894,-4.591333896900653,-0.30117930044330316,3.2931401414505537,57784046.0
-0.296739954708914,-6.190205011600075,3.8573763659559517,-9.729794586831064,1.6978332657907447,-2.940662515345947,-4.632512060953288,-0.30310541697131976,3.2917112659270664,57784064.712555066
-22.463866243968848,25.052790379384273,3.731051061503585,-8.710253890204823,1.5523611131307504,-2.996248644286913,-4.672424926834342,-0.3050047200488188,3.290275222588298,57784082.80837005
-0.7913546348788915,46.90701549969166,3.5702484467929585,-7.642307844227307,1.391260736143351,-3.049217018435162,-4.711052987598268,-0.30687686456715185,3.2888320183419606,57784100.90418502
29.565600861180364,53.216349766606605,3.3504319418437967,-6.5506237347368605,1.2160775969047208,-3.0996354989140675,-4.748376736299498,-0.3087215054176839,3.2873816600957904,57784119.0
-30.978356344372653,43.44594985227739,3.0489251979912924,-5.451385756550119,1.0283571574910366,-3.147571946847001,-4.784376665992479,-0.3105382974917711,3.285924154757464,57784137.712555066
-26.134658168548633,28.82116141793271,2.6770432660532157,-4.353396214617594,0.8296448799784787,-3.1930942233573325,-4.819033269731654,-0.3123268956807736,3.284459509234741,57784155.80837005
-7.492887423398759,12.585255897504599,2.2530197620285373,-3.262032656733809,0.6214862264432146,-3.2362701895684314,-4.852327040571467,-0.31408695487604515,3.282987730435319,57784173.90418502
17.998725929090256,-3.281209425139393,1.794549542942129,-2.1821338717192083,0.4054266589614332,-3.277167632952843,-4.884238545217187,-0.3158181299689513,3.281508825266924,57784192.0
22.002444296353772,-17.39181783555379,1.3192703701144715,-1.1184815526898133,0.18301163960929376,-3.3158540463797865,-4.914748644977407,-0.31752007585084546,3.280022800637265,57784209.712555066
10.288917243161038,-31.040082226626996,0.8440399507992948,-0.07507733869492804,-0.044213369537015275,-3.3523968490676572,-4.9438382748115455,-0.31919244741308994,3.2785296634540577,57784227.80837005
-11.361174691380103,-43.42857586558604,0.38345221154979003,0.9463409119167037,-0.27470290640132144,-3.386863460234844,-4.971488369679031,-0.32083489954703776,3.277029420625039,57784245.90418502
-12.053209780144305,-52.621219607675386,-0.04845059232989919,1.9445870120453734,-0.5069115089074558,-3.4193212990997357,-4.99767986453928,-0.3224470871440544,3.275522079057906,57784264.0
3.154210492743662,-55.36844349688947,-0.4376262055356133,2.9184747745913646,-0.7392937149792289,-3.449837784880733,-5.022393694351719,-0.3240286650954896,3.2740076456603964,57784281.712555066
10.970840503565913,-45.19455495699077,-0.7704428534019679,3.866818012454964,-0.9703040625404684,-3.4784803367962263,-5.045610794075762,-0.32557928829271343,3.272486127340196,57784299.80837005
-4.5091605430698865,-18.196873317512328,-1.034217072223914,4.7877369269417525,-1.1983970895150027,-3.5053163740646043,-5.067312098670836,-0.32709861162707565,3.270957531005053,57784317.90418502
-15.204046528500777,15.791243388596355,-1.2130922645079394,5.675768104930063,-1.42202733382666,-3.5304133159042554,-5.087478543096363,-0.32858628998993644,3.269421863562672,57784336.0
-10.539062778774865,43.73041865309679,-1.287881405137459,6.5221177056751705,-1.6396493333992537,-3.553838581533583,-5.106091062311759,-0.33004197827265985,3.2678791319207714,57784354.712555066
21.670765381596503,55.79276834621376,-1.2413155924199024,7.319910011856353,-1.849717626156613,-3.5756595901709676,-5.123130591276454,-0.33146533136659534,3.266329342987063,57784372.80837005
-10.95266870614874,46.55313299016288,-1.0650597569481366,8.064421900698207,-2.0506867500225656,-3.5959437610348086,-5.138578064949863,-0.3328560041631097,3.2647725036693025,57784390.90418502
-25.626200011029546,25.341437098377206,-0.7792352796097133,8.752261748759466,-2.241011242920935,-3.614758513343494,-5.15241441829141,-0.3342136515535559,3.263208620875144,57784409.0
1.7402569018317717,3.4348520181332582,-0.41114024211458655,9.380433395681134,-2.4191456427755362,-3.632171266315423,-5.164620586260519,-0.33553792842929403,3.2616377015123525,57784426.712555066
16.033318092906,-14.584194028885515,0.011888725840187788,9.945979229091325,-2.583544487510197,-3.648249439168983,-5.175177503816606,-0.3368284896816856,3.2600597524886292,57784444.80837005
23.570137972468242,-29.40704627079998,0.46251499455755696,10.44594163661814,-2.732662315048748,-3.6630604511225635,-5.184066105919095,-0.3380849902020894,3.2584747807116967,57784462.90418502
11.096130399100346,-41.92830198403777,0.9134019343404605,10.877363005889693,-2.8649536633150086,-3.676671721394558,-5.191267327527415,-0.3393070848818547,3.2568827930892725,57784481.0
-2.813843566843418,-51.18464824679893,1.3372129154918464,11.237285724534095,-2.978873070232807,-3.6891506692033627,-5.196762103600975,-0.3404944286123515,3.255283796529053,57784498.712555066
-8.073682530350181,-55.44352957194211,1.7066113083146628,11.52275218017944,-3.072875073725952,-3.700564713767366,-5.200531369099203,-0.34164667628493284,3.253677797938795,57784516.80837005
0.37707796050129366,-51.160129517307794,1.9964957480853496,11.730662383553836,-3.145414211718286,-3.7109812743049586,-5.202556058981523,-0.34276348279095703,3.2520648042261966,57784534.90418502
-5.304326715619517,-33.433307119778675,2.1906974239718253,11.857355343787864,-3.1949450221336257,-3.7204677700345385,-5.202817108207352,-0.3438445030217841,3.2504448222989732,57784553.0
-18.572084215432746,-6.225043268921351,2.274954006614767,11.899540356366886,-3.220105922649853,-3.7290916201744944,-5.201295423662708,-0.34488941994218136,3.2488178590648396,57784570.712555066
-21.093497358701978,23.705950308741087,2.232704384510686,11.857196830725691,-3.220515658961383,-3.736911247731944,-5.197971761105555,-0.34589806764495623,3.2471839214315095,57784588.80837005
24.2711114570745,47.113613464420204,2.0426466249046507,11.73617212846052,-3.1969498325971055,-3.743955350789532,-5.192826692882773,-0.3468704636340196,3.2455430163067462,57784606.90418502
17.69205653559812,54.20082434812786,1.6824020313780443,11.543626187620264,-3.1504038144038287,-3.7502686709009616,-5.185840752506825,-0.347806664247683,3.243895150598182,57784625.0
-28.54367080177417,43.58846803839267,1.1426486843247268,11.286508223269092,-3.0818667153077843,-3.7558976362780143,-5.176999046752696,-0.34870672582426077,3.242240331213594,57784643.712555066
-13.635308767108508,19.682243431855486,0.46571254709336174,10.971503782827227,-2.9923276462351938,-3.7608703820823726,-5.1663049754454615,-0.34957070470208235,3.2405785650607,57784661.80837005
19.266234538000532,-9.36662673914214,-0.293178173903341,10.605242224478568,-2.8827757181122853,-3.765210470213195,-5.153766511672729,-0.3503986572194548,3.2389098590472023,57784679.90418502
34.01252928835376,-33.95047051865405,-1.0787952722526601,10.194352906407014,-2.7542000418652877,-3.7689414625696434,-5.139391628522091,-0.3511906397147072,3.237234220080828,57784698.0
35.908641087186915,-48.55224437916902,-1.8359105415418764,9.745465186796443,-2.60758972842041,-3.7720869210508785,-5.123188299081157,-0.35194670852614807,3.2355516550692895,57784716.712555066
13.626691969015285,-51.99101472445534,-2.5092957753582756,9.265208423830758,-2.443933888703892,-3.7746704075560573,-5.105164496437524,-0.35266691999209954,3.2338621709203075,57784734.80837005
-12.27948409795021,-44.845017179151206,-3.051517480114889,8.760211975693858,-2.264221633641952,-3.7767154839843453,-5.085328193678796,-0.35335133045088274,3.232165774541583,57784752.90418502
-26.062325653157654,-28.289331508932847,-3.4463210135277325,8.237105200569623,-2.069442074160815,-3.778245712234896,-5.063687363892568,-0.35399999624081635,3.2304624728408604,57784771.0
-32.73116555444331,-5.589011448262513,-3.685246446138572,7.7025174566419565,-1.8605843211867044,-3.779284654206876,-5.04024998016645,-0.35461297370021505,3.2287522727258406,57784788.712555066
-37.951691542255084,18.354840151009153,-3.759833848489178,7.163078102094748,-1.638637485645851,-3.779855551303793,-5.015024336083686,-0.3551903191673976,3.2270351811042426,57784806.80837005
-38.34021402601491,38.27320730600554,-3.660614600149106,6.624407804139687,-1.4045906784644824,-3.7799782112577187,-4.9880221588989615,-0.355732088980689,3.225311204883796,57784824.90418502
-22.50448613285054,49.45034795155588,-3.3740428991852665,6.0880500484858,-1.159433010568802,-3.7796635145497355,-4.959264103117972,-0.35623833947839634,3.2235803509721985,57784843.0
32.67828611235819,47.33710016627344,-2.8945673650370924,5.5543786961826624,-0.9041535928850571,-3.7789201899720744,-4.928772974935236,-0.35670912699884694,3.221842626277162,57784861.712555066
-2.547790103614696,30.635212201245643,-2.2532853307297485,5.023760137737566,-0.6397415363394607,-3.777756966316976,-4.896571580545278,-0.3571445078803549,3.220098037706469,57784879.80837005
-24.15432349296683,11.822437452563603,-1.4904669120882879,4.496569500425696,-0.36718595185824604,-3.7761825723766664,-4.862682726142632,-0.35754453846124,3.2183465921677588,57784897.90418502
20.1445792297149,3.5351073187076603,-0.6463822249377649,3.9731819115222344,-0.08747595036762879,-3.7742057369433923,-4.827129217921812,-0.35790927507982134,3.2165882965687804,57784916.0
2.1268155878674433,1.744317960134306,0.23869861489677785,3.453972498302369,0.19839935720615626,-3.771835188809382,-4.7899338620773495,-0.35823877407442084,3.2148231578172584,57784933.712555066
2.2036805777800823,-8.66331493555228,1.1245054915902835,2.939316388041277,0.48945085993689497,-3.769079656766873,-4.751119464803775,-0.35853309178334464,3.2130511828208945,57784951.80837005
-2.036025444714348,-25.326532040291482,1.9707682893177005,2.429588708014153,0.7846894468983553,-3.7659478696081035,-4.710708832295607,-0.35879228454492723,3.2112723784874198,57784969.90418502
-10.088430038740452,-40.46233011106525,2.7372168922539823,1.9251645854961694,1.083126007164323,-3.7624485561253165,-4.66872477074737,-0.3590164086974774,3.2094867517245422,57784988.0
-12.460451567183837,-46.674404101094495,3.383581184574073,1.4264191477625185,1.383771429808559,-3.758590445110729,-4.625190086353594,-0.35920552057931754,3.2076943094399835,57785005.712555066
-11.755988760982975,-38.700768497391294,3.879825952296887,0.9337275220883802,1.6856366039048414,-3.7543822653565884,-4.580127585308809,-0.3593596765287583,3.2058950585414774,57785023.80837005
-20.520166836274356,-17.337443909145485,4.236838656744476,0.44748176782164517,1.9877324185269556,-3.7498326069535426,-4.533560212509118,-0.3594789328841269,3.2040890059367033,57785041.90418502
-22.60009188401341,10.155766027428038,4.475640608253848,-0.031825002860779265,2.28906976274867,-3.7449493652599526,-4.4855116075829295,-0.3595633459837421,3.202276158533416,57785060.0
-20.52537385361004,34.30428953456886,4.617083732233374,-0.503530292853371,2.5886595256437577,-3.739739737228831,-4.436006108563987,-0.35961297216591503,3.20045652323931,57785077.712555066
28.27521807905089,46.33298206099152,4.682042072462082,-0.9669937234212407,2.8855125962859987,-3.73421077988727,-4.385068193411964,-0.3596278677689698,3.198630106962121,57785095.80837005
33.04924898169185,41.65717960613537,4.68936835880764,-1.4220493962503113,3.178639863749161,-3.7283695502623426,-4.332722340086539,-0.3596080891312234,3.196796916609551,57785113.90418502
-31.353636660447787,24.486063129251537,4.648024290477857,-1.868623559695278,3.467052217107033,-3.722223105381142,-4.278993026547397,-0.35955369259099085,3.1949569590893305,57785132.0
-14.444466454720931,6.394412076515541,4.564846207280139,-2.307012897042584,3.7497605454333747,-3.7157785022707435,-4.223904730754205,-0.35946473448659727,3.1931102413091623,57785150.712555066
23.92134933720623,-9.010792851583796,4.446723808385261,-2.737567450942042,4.025775737801974,-3.709042797958239,-4.167481930666648,-0.35934127115635817,3.191256770176775,57785168.80837005
7.693456196917168,-20.884246097807317,4.300117393487855,-3.1602078645673366,4.2941086832866,-3.702023049470702,-4.109749104244409,-0.3591833589385906,3.1893965525998915,57785186.90418502
3.369181289235114,-32.41484118815563,4.1309646188090285,-3.574332137618608,4.553770270961028,-3.6947263138352207,-4.050730729447161,-0.35899105417161237,3.187529595486216,57785205.0
-3.644537401095177,-42.377029068550854,3.9447408937972663,-3.9788760230233815,4.803771389899035,-3.6871596480788753,-3.990451284234583,-0.3587644131937462,3.1856559057434763,57785222.712555066
-7.006928876448216,-47.497609697795866,3.746823592402732,-4.372677238210864,5.0431229291743955,-3.679330109228752,-3.928935246566349,-0.3585034923433068,3.1837754902793844,57785240.80837005
-1.5706299610010512,-43.678061135464326,3.5397700229095754,-4.754572512370894,5.270835777860887,-3.6712447543119353,-3.86620709440215,-0.35820834795861073,3.1818883560016515,57785258.90418502
-8.283046472470064,-26.69600613788397,3.314861183895333,-5.123398574693304,5.48592082503228,-3.6629106403555016,-3.8022913057016505,-0.3578790363779816,3.1799945098180147,57785277.0
-14.205221661490814,-1.3694349510367183,3.0605589965108955,-5.4779921543679215,5.687388959762351,-3.6543348243865377,-3.7372123584245367,-0.3575156139397363,3.1780939586361754,57785295.712555066
-24.340734240229946,24.866320840626596,2.7653253819071644,-5.817189980584589,5.874251071124882,-3.6455243634321306,-3.6709947305304835,-0.35711813698219236,3.1761867093638565,57785313.80837005
22.534529957496023,43.75838597430503,2.417622261235026,-6.139828782533131,6.045518048193637,-3.6364863145193547,-3.6036628999791733,-0.3566866618436702,3.174272768908785,57785331.90418502
29.56079963423609,48.952655850832095,2.005911555645369,-6.444745289403383,6.200200780042404,-3.627227734675303,-3.535241344730281,-0.3562212448624828,3.1723521441786433,57785350.0
-29.07641056104206,38.05100111118918,1.523104199722562,-6.730776230385178,6.3373101557449445,-3.617755680927049,-3.4657545427434866,-0.35572194237695287,3.1704248420812,57785367.712555066
-26.78491698714616,21.482660250399196,0.979907181784837,-6.996758334668354,6.455857064375045,-3.608077210301683,-3.395226971978469,-0.3551888107253987,3.168490869524146,57785385.80837005
6.4401741061339965,5.872658841033665,0.3914765035838933,-7.241528331442738,6.554852395006477,-3.598199379826285,-3.323683110394903,-0.35462190624613954,3.166550233415192,57785403.90418502
17.4376681842736,-6.511118059600889,-0.2270318331285676,-7.463922949898168,6.633307036713015,-3.588129246527938,-3.251147435952474,-0.3540212852774896,3.1646029406620677,57785422.0
16.66952135783141,-17.354382539281502,-0.8604618266008447,-7.6627792845286855,6.690232243872645,-3.577873867433725,-3.177644426610852,-0.35338700415777524,3.162648998172489,57785440.712555066
1.1393122773252984,-28.78965572574433,-1.493657475081235,-7.836953737953075,6.72465857898809,-3.5674402995707295,-3.103198560329721,-0.35271911922530486,3.1606884128541615,57785458.80837005
-12.260014390371646,-40.71638596308076,-2.1114627768180423,-7.985413207072348,6.735722607414881,-3.556831108536601,-3.0278343150687594,-0.3520176868184053,3.1587211916148386,57785476.90418502
2.491086550375885,-50.85175332414433,-2.6987217300595687,-8.107323112614207,6.722735588616451,-3.5460250302102225,-2.9515761687876427,-0.3512827632753912,3.1567473413621885,57785495.0
14.1667225741809,-49.537631774030295,-3.240723419790204,-8.202006167140704,6.685138126457061,-3.534972853036941,-2.874448599446054,-0.35051440493458,3.15476686900397,57785512.712555066
3.5877555360808593,-29.632322311313732,-3.724537277938865,-8.268895889048059,6.622475766634129,-3.5236195014610896,-2.796476085003664,-0.34971266813429275,3.1527797814478697,57785530.80837005
-11.538048332563067,1.3184237758425519,-4.137677823170519,-8.307567588683327,6.534435870158778,-3.511909923289887,-2.7176831034201574,-0.3488776092128468,3.150786085601628,57785548.90418502
-27.127768563009624,31.45407256189575,-4.467659574150184,-8.317802501528211,6.420914494952925,-3.4997918381066757,-2.638094132655211,-0.3480092845085585,3.1487857883729515,57785567.0
27.44042252970803,50.24044850507742,-4.701987687513158,-8.29970332606194,6.2821305365673235,-3.4872236715472913,-2.55773368127703,-0.3471077503597521,3.146778896669575,57785584.712555066
34.044976187955484,51.99894310622038,-4.828117209882098,-8.253995957745138,6.118878655846009,-3.474166228765321,-2.476626556660592,-0.346173063104741,3.14476541739918,57785602.80837005
-34.43854009280569,36.62787042838355,-4.83690547871001,-8.181615016874664,5.932119813977518,-3.460579578815174,-2.3947983022800523,-0.3452052790818425,3.1427453574695146,57785620.90418502
-8.079260252538255,18.557776431338414,-4.733113841883684,-8.083378497426557,5.72282349497515,-3.4464236143786007,-2.3122746379822243,-0.34420445462938115,3.1407187237882956,57785639.0
18.2109647770728,3.5583687819007475,-4.525233108410886,-7.95981964757799,5.491959182852208,-3.4316582281373487,-2.2290812836139287,-0.3431706460856686,3.1386855232632227,57785656.712555066
23.42437114405054,-6.648566932821734,-4.221810055851998,-7.8114157469534975,5.240496361621993,-3.4162433127731657,-2.145243959021979,-0.3421039097890289,3.1366457628020292,57785674.80837005
19.057793441504888,-14.17880327080818,-3.831386278454749,-7.638675159148926,4.969430415956472,-3.400138760967804,-2.060788384053197,-0.3410043020777763,3.134599449312431,57785692.90418502
-4.789984817309544,-23.095272910182402,-3.36250275505233,-7.442219602674033,4.679869470026967,-3.3833044654030093,-1.9757402785543952,-0.3398718792902287,3.1325465897021356,57785711.0
-14.696238602507412,-35.33395724569898,-2.823700464477909,-7.2227562841477875,4.373007136114008,-3.365700318760531,-1.8901253623723915,-0.33870669776471063,3.130487190878871,57785729.712555066
-1.8598002702821788,-49.28122648603367,-2.2235203855646715,-6.981100939171673,4.050145555480646,-3.3472862137221195,-1.8039693553540053,-0.3375088138395368,3.128421259750359,57785747.80837005
16.079516433511625,-52.88623665020111,-1.5705034971458112,-6.718121271944207,3.712638837986967,-3.3280220429695198,-1.7172979773460513,-0.33627828385302544,3.1263488032242863,57785765.90418502
8.213451184969287,-35.75874126022257,-0.8758926969977976,-6.434692218815298,3.3618483256444374,-3.307867699184483,-1.6301369481953483,-0.3350151641434936,3.1242698282084254,57785784.0
-10.791740629894981,-4.902895872264927,-0.16173855867033274,-6.131688716134841,2.999135360464519,-3.2867830750487577,-1.5425119877487128,-0.3337195110492608,3.1221843416104456,57785801.712555066
-26.475419941654025,28.157085093035267,0.547206425343585,-5.809985700252729,2.6258612844586753,-3.2647273538775785,-1.454449525219476,-0.33239138090864623,3.120092350338085,57785819.80837005
28.748053774799185,51.00198415936158,1.2261897625509617,-5.470458107518866,2.2433874396383646,-3.241656881520113,-1.365978827287033,-0.33103083005996964,3.1179938612990674,57785837.90418502
26.2865744318786,52.76076286309064,1.8504589604587995,-5.113980874283142,1.8530751680150506,-3.217527294459022,-1.2771298699972922,-0.3296379148415461,3.115888881401086,57785856.0
-24.46912887299928,38.182030127157,2.40072535501365,-4.741428936895457,1.4562858116001964,-3.1922942291769605,-1.1879326293961634,-0.3282126915916948,3.113777417551875,57785874.712555066
-25.331909056517375,18.5463310748364,2.879555595920303,-4.353677231705712,1.0543807124052627,-3.1659133221565856,-1.0984170815295549,-0.3267552166487376,3.111659476659158,57785892.80837005
-0.09199891243647892,2.8591587780429126,3.2949801613230916,-3.951600695063802,0.648721212441712,-3.1383402098805537,-1.0086132024433754,-0.32526554635098964,3.109535065630643,57785910.90418502
8.869808988266117,-7.497740314092912,3.655029529366345,-3.5360742633196205,0.24066865372100543,-3.1095305288315207,-0.9185509681835344,-0.32374373703676973,3.1074041913740484,57785929.0
11.986287044345975,-15.449545422173376,3.9677341781944113,-3.1079728728230713,-0.16841562174539423,-3.0794399154921432,-0.8282603547959436,-0.32218984504439746,3.1052668607970957,57785946.712555066
3.0622503008638122,-23.98640561310593,4.241124585951616,-2.668171459924047,-0.5771702719460244,-3.04802400634508,-0.7377713383265055,-0.3206039267121933,3.1031230808075136,57785964.80837005
-4.230958311825601,-33.926314139092064,4.483231230782301,-2.217544960972444,-0.9842339548694251,-3.015238437872987,-0.647113894821135,-0.3189860383784698,3.100972858312978,57785982.90418502
-5.018820418279019,-44.928599297421776,4.702084590830798,-1.756968312318162,-1.3882453285041332,-2.981038846558517,-0.5563180003257419,-0.317336236381547,3.09881620022125,57786001.0
9.093935579511118,-51.88431790794937,4.905715144241453,-1.2873164503111003,-1.7878430508386856,-2.945380868884332,-0.4654136308862302,-0.3156545770597495,3.0966531134400404,57786019.712555066
-0.41843601193259455,-40.87047352119238,5.099672391306842,-0.8094643113011528,-2.181665779861621,-2.9082201413330844,-0.37443076254851393,-0.3139411167513892,3.094483604877057,57786037.80837005
-18.012613951650827,-15.040820710698185,5.279581920912572,-0.32428683163821637,-2.5683521735614803,-2.869512300387433,-0.28339937135850063,-0.3121959117947832,3.0923076814400097,57786055.90418502
-24.825932673942454,17.803563603095867,5.438588344092487,0.1673410523278096,-2.946540889926798,-2.8292129825300356,-0.1923494333620957,-0.3104190185282573,3.0901253500366352,57786074.0
28.03232802657132,45.085908860074724,5.569834933164703,0.6645457429627737,-3.314870586946115,-2.787277824243546,-0.10131092460521213,-0.3086104932901231,3.087936617574659,57786091.712555066
20.922862788080753,51.81968806731189,5.666448076574479,1.1664705265053616,-3.671979922607966,-2.743662462010622,-0.010313821133759758,-0.3067703924187056,3.0857414909617153,57786109.80837005
0.10164254704920367,41.568282949934186,5.716910123893282,1.67228571174159,-4.0165075549008895,-2.6983225323139206,0.08061190100635511,-0.3048987722523164,3.0835399771056613,57786127.90418502
-23.32556439062316,23.398865928937578,5.69180886506151,2.1805881017826922,-4.3470921418134285,-2.6512136716360972,0.17143626576922127,-0.3029956891292782,3.0813320829141193,57786146.0
-9.774130625275317,4.870047247883573,5.559609623959217,2.6874799494737567,-4.662372341334112,-2.6022915164598106,0.26212929710893157,-0.3010611993879102,3.0791178152948295,57786163.712555066
-1.1751579064400959,-12.136618300472442,5.291527498957097,3.1863137331692437,-4.960986811451486,-2.5515117032677157,0.3526610189795779,-0.29909535936652853,3.076897181155506,57786181.80837005
8.966267393029021,-26.970264400054432,4.860665848730112,3.6685536709193483,-5.241574210154086,-2.4988298685424684,0.44300145533524377,-0.2970982254034474,3.074670187403868,57786199.90418502
-5.742179625770008,-38.794270808737814,4.239794143802151,4.125997868925329,-5.502773195430452,-2.4442016487667275,0.5331206301300264,-0.29506985383699086,3.0724368409476392,57786218.0
-3.740634005278723,-48.93836824085848,3.4014976601463065,4.550628627939244,-5.743222425269115,-2.3875826804231464,0.6229885673180187,-0.2930103010054813,3.070197148694529,57786236.712555066
8.076399516619807,-53.15884671531082,2.3183616737356654,4.934428248713164,-5.961560557658621,-2.328928599994385,0.712575290853307,-0.29091962324722936,3.067951117552266,57786254.80837005
4.311026906951607,-44.80706219260492,0.9858821972499259,5.269379031999147,-6.156426250587504,-2.2681950439631002,0.8018508246899853,-0.28879787690055564,3.065698754428572,57786272.90418502
-4.21473787581221,-25.527361571522363,-0.5088018098047858,5.547463278549262,-6.326458162044305,-2.2053376488119465,0.8907851927821426,-0.2866451183037801,3.063440066231138,57786291.0
-22.602816585326877,0.8034692245749703,-2.0556406512157204,5.760663289115572,-6.470284806460054,-2.1403221945810875,0.979348419083872,-0.2844614037952197,3.0611750598677,57786308.712555066
-11.612705157235153,29.182142454312743,-3.5445846307701467,5.901067776716249,-6.58660053630188,-2.0731550355406974,1.0675105275492562,-0.28224678971319467,3.0589037422459793,57786326.80837005
29.753794024731846,49.82558482440497,-4.865584052255318,5.961194127668846,-6.6745182337787785,-2.0038526695184684,1.1552415421323978,-0.2800013323960218,3.056626120273704,57786344.90418502
26.027122450225175,54.5228451681835,-5.908589219458501,5.933788494974437,-6.733379547783263,-1.9324315943420833,1.242511486787382,-0.2777250881820212,3.054342200858537,57786363.0
-20.550686093184144,45.72083639631104,-6.582051811417793,5.812056742511742,-6.762985838085512,-1.858908307839228,1.3292903854683016,-0.2754181168701966,3.0520519943689446,57786380.712555066
-27.010780204058737,29.8125270865873,-6.868429008174614,5.589523558721459,-6.76342298141536,-1.7833336154398836,1.4155482621292423,-0.27308049210230706,3.0497555250160606,57786398.80837005
-15.11492292722877,12.125612218330343,-6.771371311258258,5.263004995644843,-6.73523904145699,-1.7058955529832411,1.5012551407243009,-0.27071229098079874,3.0474528204717317,57786416.90418502
4.459067548042653,-5.1876005047088105,-6.3057989599196596,4.840732783202803,-6.679093714450289,-1.6268164639107883,1.5863810452075662,-0.2683135906081169,3.0451439084078014,57786435.0
14.811337921493333,-20.47444698778006,-5.491331950741082,4.335638408647567,-6.595646696635127,-1.5463186916640155,1.6708959995331312,-0.26588446808670246,3.0428288164961126,57786453.712555066
2.185916077508362,-33.40753314078058,-4.34809223307837,3.761155312004953,-6.485557684251389,-1.464624579684402,1.754770027655079,-0.26342500051900564,3.040507572408508,57786471.80837005
-9.907670690121002,-44.51447238301373,-2.8962017562873625,3.13071693330077,-6.349486373538947,-1.3819564714134458,1.8379731535275095,-0.26093526500747083,3.038180203816851,57786489.90418502
4.09738525679882,-52.71183277818518,-1.1557824697239156,2.457756712560837,-6.1880924607376935,-1.2985367102926266,1.9204754011045109,-0.2584153386545438,3.035846738392958,57786508.0
12.046648858400028,-49.60352327537802,0.8215072606949388,1.7557080898109614,-6.002035642087496,-1.214587639763437,2.0022467943401745,-0.2558652985626686,3.03350720380868,57786526.712555066
-2.5333271513474798,-28.35215295126826,2.857863402807361,1.0380045050769597,-5.791975613828239,-1.1303316032673616,2.083257357188588,-0.2532852218342896,3.031161627735882,57786544.80837005
-18.921805104931988,2.798757600487502,4.743945507890313,0.318079398384646,-5.558572072199803,-1.045990944245886,2.163477113603844,-0.25067518557185436,3.028810037846389,57786562.90418502
23.35103432134045,32.21924613005041,6.270413127220762,-0.390633790240169,-5.3024847134420625,-0.9617880061405111,2.242876087540039,-0.24803526687780997,3.026452461812047,57786581.0
23.451087100640287,47.12634373810511,7.227925812075673,-1.074701620771669,-5.024373233794902,-0.8779451323927066,2.321424302951254,-0.24536554285459866,3.024088927304713,57786598.712555066
2.875785237887856,43.69083805308055,7.461880684054,-1.7211627830002252,-4.7248973294982015,-0.7946846664439707,2.3990917837915853,-0.24266609060466257,3.0217194619962284,57786616.80837005
-22.2535593692225,29.33490504860847,7.037021632463735,-2.3193409724020118,-4.4047166967918265,-0.7122289517357999,2.4758485540151307,-0.23993698723045423,3.0193440935584186,57786634.90418502
-15.013869893696267,12.591598528514597,6.0744160626191075,-2.860617959953643,-4.06449103191568,-0.6308003317096544,2.5516646375759633,-0.23717830983441443,3.0169628496631504,57786653.0
-2.9334783907807207,-3.152358221133532,4.695527866255422,-3.3366738349316094,-3.704978199230816,-0.5506211498070441,2.6265100584281864,-0.23439013551898852,3.0145757579822607,57786670.712555066
7.72037790052761,-15.912589430519132,3.0218209351079928,-3.7387960141276326,-3.3273287355830865,-0.4719137494694552,2.7003548405258946,-0.23157254138662628,3.0121828461875952,57786688.80837005
7.617287894137605,-24.273980682730826,1.1747591609121155,-4.058173746212234,-2.932791345939526,-0.3949004741383732,2.7731690078231686,-0.22872560453976587,3.009784141950992,57786706.90418502
-4.14964219431571,-29.090374062583386,-0.7241935645968977,-4.285989339332216,-2.522621675790907,-0.3198036672552828,2.844922584274107,-0.22584940208085755,3.0073796729443107,57786725.0
-1.282428067478035,-32.143969136610856,-2.553573349683748,-4.413235261209322,-2.098265211053041,-0.24684567226167117,2.9155855938327933,-0.22294401111234527,3.0049694668393774,57786742.712555066
2.1320945796546593,-31.19022808710323,-4.186890994506902,-4.429912224406589,-1.6621591928004602,-0.17624883259902838,2.9851280604533277,-0.22000950873667616,3.0025535513080546,57786760.80837005
-3.0444421278011915,-23.61534233796452,-5.4935658777232135,-4.324418220098716,-1.2183435834960252,-0.10823549170884435,3.0535200080897926,-0.2170459720562915,3.000131954022162,57786778.90418502
0.015271626266767539,-11.250178068507726,-6.402031313576492,-4.084436186943277,-0.7715733981197263,-0.04302799303260367,3.1207314606962826,-0.2140534781736402,2.997704702653571,57786797.0
5.801076432739907,2.51554617810844,-6.8555183470613965,-3.698766505969609,-0.3266982894522274,0.01915131998821083,3.186732442226885,-0.21103210419116622,2.995271824874114,57786815.712555066
12.791083826272336,14.314357514952528,-6.785843859886857,-3.167623721492787,0.11143208972581493,0.07808010391209666,3.2514929766357037,-0.20798192721131892,2.9928333483556457,57786833.80837005
13.1831363622343,20.667593634376956,-6.0972477335193735,-2.5187993780702915,0.5379680866337256,0.13353601529757636,3.314983087876815,-0.20490302433653645,2.990389300769988,57786851.90418502
3.5667355304353907,19.492021519219655,-4.733497433010369,-1.787057061599585,0.9480600484908555,0.1852967107031636,3.377172799904314,-0.20179547266926592,2.987939709788999,57786870.0
-9.990496524364403,12.682068213333496,-2.8421199896906257,-1.0072619076640807,1.3368583225165347,0.2331398466873692,3.4380321366722923,-0.19865934931195936,2.985484603084535,57786887.712555066
-20.35831843170807,3.3865800248626665,-0.6885925248792275,-0.21427905184722865,1.6995132559301096,0.2768430798087006,3.497531122134841,-0.1954947313670518,2.9830240083284174,57786905.80837005
-0.21939908351408752,-5.503439459407308,1.4437452238388586,0.5570263702675482,2.0311751959509063,0.31618406662567405,3.5556397802460524,-0.19230169593699706,2.980557953192511,57786923.90418502
17.326670865994284,-11.546073490386128,3.2715535188786906,1.2717892230968264,2.32699448979825,0.3509404636968059,3.6123281349600163,-0.18908032012423867,2.9780864653486536,57786942.0
22.88656781529707,-12.536858620412804,4.533859271381342,1.8951443710571543,2.582121484691514,0.3808899275805972,3.667566210230819,-0.18583068103121703,2.9756095724686764,57786959.712555066
10.732646086400472,-7.410586411530892,5.101782878666262,2.3922266785651263,2.791706527849996,0.40581014020851164,3.721324004639619,-0.18255285576038235,2.9731273022244507,57786977.80837005
-15.516242269040273,0.5511936307449019,5.036082002490916,2.7314079594213747,2.950899966493065,0.42547888500376624,3.773571415275791,-0.17924692141417956,2.9706396822877954,57786995.90418502
-21.307979280229297,7.215357790485152,4.420020661042101,2.9011805622713487,3.0548521478400295,0.4396740871875983,3.824278197430708,-0.17591295509505483,2.968146740330572,57787014.0
20.093868776380738,9.13838719900903,3.3049349738891336,2.921537601024445,3.099140552463668,0.44817413768157816,3.873413640695395,-0.17255103390544677,2.9656485040246086,57787032.712555066
-0.8955981826452023,4.746036875666695,1.7774018422443547,2.8163075095037016,3.0826311926230563,0.45080656038448036,3.9209467873921082,-0.1691612349478092,2.9631450010417764,57787050.80837005
-16.761023947947162,-1.7842766287921599,0.09365224312557907,2.60237605225443,3.0108897944344135,0.4476423579904918,3.9668461564682533,-0.16574363532458256,2.960636259053891,57787068.90418502
-7.248422011068576,-6.036142791665805,-1.4476693274980175,2.295000109840869,2.8908724319391013,0.4389912000934484,4.011080136027533,-0.16229831213821208,2.9581223057328154,57787087.0
12.460310366338385,-6.527547080143754,-2.5479183736572755,1.9094365628272325,2.7294877665916175,0.4252102928333363,4.053616990214377,-0.15882534249114766,2.955603168750387,57787105.712555066
7.144010347870302,-3.481291349385773,-2.9829112966615448,1.4609422917777684,2.533644459846429,0.406657338187227,4.094424487336126,-0.15532480348583363,2.9530788757784547,57787123.80837005
-3.036647623225397,1.0189005949116847,-2.8265567337361026,0.9650228240584895,2.3102511731580195,0.3836901620914561,4.133470271740859,-0.1517967722247091,2.950549454488859,57787141.90418502
-5.982080457634155,4.111268588263538,-2.2299429023215214,0.4399023699721701,2.0662165679808826,0.35666743286273284,4.170721145396289,-0.1482413258102234,2.9480149325534457,57787160.0
-4.228816534593082,4.182480995248759,-1.3516372187230337,-0.08696072182608915,1.8084493057694795,0.3259511883392319,4.206140540748658,-0.1446585413448241,2.9454753376440586,57787177.712555066
-2.3999572672645177,2.1577988938695287,-0.36004630899990797,-0.578027572425176,1.5438580479783164,0.29190430873949486,4.239691047863829,-0.14104849593095425,2.942930697432545,57787195.80837005
-0.21494793430157647,-0.5054479620745903,0.5489752818503636,-0.9936701942823335,1.2793514560618542,0.25488916749704005,4.271335763592715,-0.13741126667105874,2.9403810395907453,57787213.90418502
1.7166902016127672,-2.3025593973056426,1.1727945713817822,-1.2942605998548509,1.0218381914745969,0.21526611090528613,4.3010398119262945,-0.13374693066758064,2.9378263917905065,57787232.0
-1.653207645159488,-1.9903636864058065,1.3577787754557327,-1.4432055270922237,0.7782269156710027,0.17339497847265137,4.328768823640585,-0.13005556502297516,2.935266781703679,57787249.712555066
-0.636703295572223,-0.2650061004193397,1.1632652778410795,-1.426221224838255,0.5542936648703579,0.1296356097075225,4.354488429511597,-0.12633724683967637,2.932702237002096,57787267.80837005
2.1487940880106993,1.1669453961350387,0.7654691593257875,-1.2725788363597126,0.3511217075802146,0.08434784411830877,4.378164260315349,-0.12259205322013632,2.9301327853576082,57787285.90418502
-2.3073375462232146,1.0009831409550252,0.3344690220906539,-1.0212673356907105,0.16820890891487836,0.0378915212134149,4.399761946827844,-0.11882006126679275,2.9275584544420608,57787304.0
-0.6773977474762816,0.35304604327425676,-0.05232990582964798,-0.7118985857954144,0.005676022918702324,-0.009373519498762431,4.419247119825109,-0.11502134808209988,2.9249792719272976,57787321.712555066
1.027332273731106,-0.16376042904716354,-0.3416283375047723,-0.38428049476727794,-0.13615990743872722,-0.05708743850981939,4.4365854100831505,-0.11119599076849994,2.922395265485163,57787339.80837005
1.611739337428927,-0.5287233982843873,-0.47941225567612417,-0.07923094144312895,-0.25698183918782314,-0.10489039631134678,4.451742448377977,-0.10734406642843689,2.919806462787503,57787357.90418502
1.354281668672983,-0.35987996615964524,-0.43331135727952746,0.16547318395588298,-0.35647272935899743,-0.15242255339494432,4.464683865485603,-0.10346565216435513,2.9172128915061575,57787376.0
-1.3744915138452163,0.09799512255773558,-0.2719052580251121,0.3393821593943173,-0.4343155349826745,-0.19932407025221985,4.475375292182055,-0.09956082507870495,2.914614579312977,57787394.712555066
-0.7712923136158049,0.42631381087482084,-0.08884386774597926,0.43913079136492894,-0.4901932130892511,-0.24523510737476592,4.4837823592433335,-0.09562966227392536,2.912011553879801,57787412.80837005
1.1352427080525074,0.36156230682537016,0.03937269651667655,0.4616248854651932,-0.5240597198138863,-0.2897958252541662,4.48987069744545,-0.09167224085246797,2.9094038428784805,57787430.90418502
0.21555933182787412,-0.09101301883147525,0.10425319723296249,0.41012368550896144,-0.5368592337216335,-0.33264638438204097,4.493605937564428,-0.08768863791677227,2.906791473980854,57787449.0
-1.0771878457027049,-0.40870590936813983,0.11472922313949192,0.30873913000717534,-0.5299355562284462,-0.37342694524997216,4.494953710376273,-0.08367893056928716,2.9041744748587677,57787466.712555066
0.0977407791958678,-0.27831991119743577,0.08257607219606984,0.184444349059081,-0.5065647851106052,-0.4117664768084315,4.493879646657002,-0.07964319591245707,2.901552873184066,57787484.80837005
0.07761565148339271,0.15883482913702673,0.021755812618788756,0.06193118111577318,-0.47058110043333873,-0.4472395854209826,4.49034947036277,-0.0755816042288673,2.898926696628595,57787502.90418502
0.9105275435669867,0.3450336611587466,-0.035137598669869874,-0.03489124759246797,-0.42586704902212463,-0.47937251069093517,4.484329278170276,-0.07149469852165335,2.8962959728642,57787521.0
0.9266054974885208,0.17424449486249616,-0.06295650786326015,-0.0844827599535939,-0.37611851011497777,-0.5076867376810276,4.475785259936372,-0.06738311497409429,2.8936607295627232,57787538.712555066
-0.09974275054817852,-0.1314813953702718,-0.0657671913003135,-0.07923025200430425,-0.3241752077337587,-0.5317049619244548,4.4646836055178944,-0.06324748976946334,2.89102099439601,57787556.80837005
-0.7785833682170622,-0.26275573648769285,-0.03902824535176767,-0.03498740530162152,-0.27149185514084767,-0.5509498789544045,4.45099050477169,-0.059088459091043155,2.888376795035906,57787574.90418502
0.6151996150931451,0.04844654984233935,0.014681622129834695,0.019838755492221062,-0.21608765457705,-0.5649441843040887,4.434672147554606,-0.05490665912210385,2.885728159154255,57787593.0
-0.21994033540967303,0.174695971577589,0.058287947125985534,0.05403947396170822,-0.15514524458621234,-0.5732105735066996,4.415694723723488,-0.05070272604592806,2.8830751144229017,57787611.712555066
0.07167315698495749,-0.020675187433541502,0.05659347674367031,0.04652783268817108,-0.0884080012277521,-0.5752767813313263,4.394029462371078,-0.04647729604578679,2.880417688513688,57787629.80837005
-0.14722824702896498,-0.11613002555269338,0.0159686587803671,0.017151638385923908,-0.0256526271580297,-0.5706915265200099,4.369668576563064,-0.042231005304960906,2.877755909098463,57787647.90418502
-0.02503431975304187,0.053675273756816765,-0.027668082942112582,-0.012090065458030815,0.022651480266847067,-0.5590120901513649,4.342612841701703,-0.037964490006726775,2.8750898038490695,57787666.0
0.1541915445566116,0.0176030202011283,-0.017065647387933282,-0.02499879851146373,0.051045938416550744,-0.5397974402656283,4.312864720150903,-0.03367838633436122,2.8724194004373516,57787684.712555066
-0.14053422918810599,-0.08265301353632452,0.03532031773577746,-0.009051579153392445,0.05826932996970945,-0.5126067598861723,4.280426889257651,-0.029373330471138825,2.8697447265351537,57787702.80837005
0.014007268070206382,-0.14563706944145746,0.0887040994148525,0.036117215021186644,0.04567809521977523,-0.47718536945585166,4.2453102612204585,-0.025049958600334633,2.867065809814323,57787720.90418502
-0.20326530533229076,0.017992122045083016,0.09645096802002993,0.10695102634772437,0.01606522059288242,-0.4340231390957257,4.2075586876439885,-0.020708906905231285,2.8643826779466983,57787739.0
0.23454709937707535,0.21116859696955342,0.0249336963655929,0.19370731185394377,-0.026749078976068194,-0.38379607634637497,4.167224254984409,-0.016350811569102917,2.861695358604132,57787756.712555066
0.13360737592809332,0.19922055731985305,-0.12897557671496773,0.2725549022782262,-0.07916733918079721,-0.32718018874839766,4.124359049697912,-0.011976308775225462,2.8590038794584625,57787774.80837005
0.06682751135294733,-0.10958346277387288,-0.3035238932212894,0.3182170390463812,-0.13895975101395705,-0.2648514838423914,4.07901515824068,-0.007586034706874399,2.856308268181535,57787792.90418502
-0.2709431178464812,-0.23505573443959768,-0.39660287165258995,0.30655946943130447,-0.20486501902730045,-0.1974859691689364,4.031244667068894,-0.0031806255473337125,2.8536085524451993,57787811.0
0.27988496513402095,0.006470155943223769,-0.32372861160684563,0.22059763344860822,-0.2751998444673822,-0.12575965226863028,3.981099662638739,0.0012392825201314067,2.850904759921294,57787828.712555066
-0.23095221479594844,0.15537984000340363,-0.09577768206819397,0.0712195440325823,-0.34673579822691447,-0.05034854068206419,3.9286322314063917,0.0056730533122333945,2.8481969182816687,57787846.80837005
0.391330109992873,-0.05054829169890402,0.24664898335135835,-0.12697246496957348,-0.41587290913467745,0.028071358050171625,3.873894459828044,0.010120050645706613,2.8454850551981608,57787864.90418502
-0.5556911159734041,-0.08971152535000676,0.6375090693863463,-0.36028317820760336,-0.4790112060194229,0.10882403638748953,3.8169384343598742,0.014579638337261709,2.8427691983426233,57787883.0
0.6573848027088245,0.08817899549866776,1.0277468766533757,-0.6150268897256823,-0.5325507177099067,0.19123348678928404,3.7578162414580696,0.019051180203629912,2.840049375386897,57787901.712555066
0.6600326619706669,0.06422941425660017,1.3997553182806364,-0.8775178935680018,-0.5728914730348914,0.27462370171498635,3.6965799675788045,0.023534040061534398,2.837325614002824,57787919.80837005
-0.7988696625067832,-0.10791307273094544,1.7285561747105527,-1.1340704837787332,-0.5964490319584752,0.3583342047593215,3.6332816991782724,0.028027581727697894,2.834597941862251,57787937.90418502
0.11300288418491687,-0.15146780017884262,1.9850509058786205,-1.3710082820623388,-0.5997422743867792,0.44180783945906593,3.56797352271265,0.03253116901884268,2.831866386637024,57787956.0
0.6775913528045411,0.005280306606302131,2.147868893332345,-1.5749332369939,-0.5794703929638675,0.5246677620889403,3.5007075246381203,0.03704416575169105,2.8291309759989853,57787973.712555066
-0.2658916550443209,0.24215356439549662,2.2101990344082156,-1.7340741058599025,-0.5323737757344735,0.6065783243243207,3.4315357914108717,0.04156593574296794,2.8263917376199834,57787991.80837005
-0.4104012985424416,0.2697606787844333,2.172382611057798,-1.8402116586022255,-0.45519281074332707,0.6872038778405923,3.360510409487077,0.046095842809392974,2.8236486991718595,57788009.90418502
0.34709300881167704,0.1369591634234261,2.0382504691720387,-1.8893511826815532,-0.3446424861926375,0.7662087743131252,3.287683465322928,0.05063325076769558,2.8209018883264583,57788028.0
-0.04887329137495497,-0.12709016151511301,1.8208169940149375,-1.8804039930639629,-0.1982794637798789,0.8432573654173081,3.213107045374603,0.05517752343459446,2.8181513327556256,57788045.712555066
-0.2465990582996041,-0.37270423878543196,1.5358040014585053,-1.8088574614990554,-0.017940215296064238,0.9180140393297677,3.136833199597023,0.059728024626813675,2.8153970601312044,57788063.80837005
0.2088567471195134,-0.36682520712120864,1.1970535043067358,-1.6678471122032936,0.1914670407030302,0.9901441796027554,3.058912982569507,0.06428411816107955,2.81263909812504,57788081.90418502
-0.3132394185034237,0.049687436214476785,0.7985808324065942,-1.4528877269642635,0.4245019671868022,1.0593166037717887,2.9793940148880944,0.06884516785410988,2.809877474408979,57788100.0
0.4608844593741066,0.3289084441701388,0.2849259996496,-1.160783579754035,0.6757242271246416,1.1252009787429023,2.898323067778308,0.07341053752263456,2.807112216654862,57788117.712555066
-0.33836660636556887,0.1875868496044129,-0.39365582451648734,-0.7921093783508422,0.9396934834859239,1.1874669714221324,2.81574691246568,0.0779795909833705,2.804343352534537,57788135.80837005
-0.11892618496784185,-0.10824788802242549,-1.2159213391024046,-0.3609558065483477,1.2109693992400332,1.24578424871551,2.7317123201757423,0.082551692053044,2.8015709097198496,57788153.90418502
-0.5019632083096165,-0.029549461617895713,-2.1290210786341195,0.11522480237432448,1.4841116373563679,1.2998224775290599,2.646266062134019,0.08712620454837688,2.7987949158826413,57788172.0
-0.4128707529144083,0.38926204216576943,-3.0611920392462735,0.6189801151380433,1.7536798608043125,1.3492513247688227,2.5594549095660395,0.09170249228609817,2.7960153986947547,57788190.712555066
0.02730551909207005,0.8485488281949153,-3.9921179229898835,1.1328577984636872,2.0142337325532442,1.393740457340834,2.4713256336973286,0.09627991908292208,2.793232385828041,57788208.80837005
0.6518041441789821,1.142450258448531,-4.930403287623505,1.639405519072137,2.2603329155725564,1.432959542151113,2.3819250057534274,0.10085784875557668,2.7904459049543386,57788226.90418502
0.651858749437219,1.1559598748711326,-5.8742959614929475,2.1211709436842856,2.486537072831638,1.4665782461057015,2.2912997969598465,0.10543564512078743,2.7876559837454953,57788245.0
-0.7126522539725809,0.8986007598745744,-6.699355697481069,2.560701739020979,2.6874058672998644,1.4942656394005742,2.1994973752521862,0.110012671995273,2.784862649873356,57788263.712555066
-0.26310194886267685,0.6048569652584646,-7.102638267508332,2.942318515425805,2.857498961946647,1.5156883502962444,2.106567550501482,0.1145882931957597,2.782065931009764,57788281.80837005
0.19114004816616514,-0.04578387820969448,-6.7973967835873035,3.2579820781551043,2.9913760197413377,1.530512189962347,2.012560949669666,0.11916187253896937,2.779265854826565,57788299.90418502
-0.29735224018412726,-1.1576816904616514,-5.6983514032588936,3.5036185893900758,3.0835967036533485,1.538402914473293,1.917528254813886,0.12373277384162697,2.7764624489956016,57788318.0
-0.380766136987458,-2.393347447108128,-3.796943829489428,3.6756975581921507,3.1286715988720055,1.539075332871162,1.8215201728036827,0.12830036092045166,2.7736557411887204,57788335.712555066
0.1406020311118288,-3.9717705999135924,-1.162738017135594,3.770381114784872,3.1211743653108814,1.53248714147253,1.7245875589622943,0.13286399759217332,2.7708457590777655,57788353.80837005
-0.645540246887961,-6.999704187415487,1.9279588500762532,3.7823297378944605,3.0569443381689148,1.5188317481189124,1.6267815332999787,0.13742304767350705,2.768032530334581,57788371.90418502
3.139165793808826,-11.297676571892785,4.958976636363911,3.703613847001753,2.9343641872824944,1.4983490988503687,1.528153402236396,0.14197687498118278,2.765216082631013,57788390.0
2.8927552598427146,-12.983798785008483,7.383286533484348,3.5213262117282063,2.756794232347372,1.4712792367608445,1.4287543751373315,0.1465248433319223,2.762396443638902,57788407.712555066
-6.4117272175833,-9.729259711476542,8.862115761683018,3.221384491652268,2.5287699031023076,1.437862239972345,1.3286356263405146,0.15106631654244748,2.7595736410300966,57788425.80837005
-6.5476336911035915,-1.4871249282325405,9.427382094223585,2.7920313693932113,2.254826629286031,1.3983381866068496,1.2278483301836918,0.1556006584294824,2.7567477024764386,57788443.90418502
0.23413843055749808,9.315074942184761,9.182523924102549,2.235369509530575,1.9394998406372879,1.3529471547863756,1.1264436610045803,0.16012723280974972,2.75391865564978,57788462.0
10.84288273561405,19.512691480298184,8.21041506208736,1.5740661588729834,1.5873249668948175,1.3019292226329024,1.0244727931409245,0.16464540349997447,2.7510865282219656,57788480.712555066
2.7388696156974204,26.550729163213273,6.5893694291483875,0.8353484540261116,1.2028374377973705,1.2455244682684463,0.9219869009304493,0.16915453431687621,2.7482513478648167,57788498.80837005
-7.555421605449164,29.658333403996263,4.415052078183458,0.046443531595652884,0.7905726830836896,1.1839729698149801,0.8190371587108969,0.1736539890771826,2.7454131422502024,57788516.90418502
-13.684926216335821,28.638584485489684,1.8552178045674035,-0.7654214718126975,0.3550661324925073,1.1175148053945205,0.7156747408199926,0.17814313159761191,2.74257193904996,57788535.0
-15.169176487756271,23.429412038190573,-0.8944929616958115,-1.5730194195932663,-0.09914678423742307,1.0463900531290564,0.6119508215954707,0.18262132569489448,2.739727765935935,57788552.712555066
-10.23475571129092,14.839507624083195,-3.6365800013027654,-2.3491231751403654,-0.5675306373673633,0.9708387911405899,0.5079165753750707,0.18708793518574537,2.7368806505799714,57788570.80837005
1.115111849258284,2.695394963740257,-6.173749451316953,-3.0665056018482986,-1.0455499971585684,0.8911010975511093,0.4036231764965182,0.19154232388689454,2.7340306206539142,57788588.90418502
16.664677834971435,-13.65111744714757,-8.30870744880186,-3.697939563111386,-1.5286694338722995,0.8074170504826236,0.2991217992975455,0.19598385561506557,2.7311777038296032,57788607.0
7.477004937345974,-33.125741183306985,-9.844160130820963,-4.216197922323939,-2.0123535177698026,0.720026728057116,0.19446361811589322,0.2004118941869736,2.7283219277788824,57788624.712555066
-17.881557725448747,-48.640053066136566,-10.582813634437763,-4.594053542880268,-2.4920668191123503,0.629170208396595,0.08969980728928618,0.2048258034193512,2.7254633201736476,57788642.80837005
18.825330408166337,-52.043634730444616,-10.321600930626467,-4.810052454263966,-2.9632739081611907,0.5350875696230549,-0.015118458844535955,0.20922494712891393,2.7226019086856255,57788660.90418502
2.1765916500852036,-38.586269059040596,-8.926730832481802,-4.867515919420372,-3.421490781909088,0.4380188898584921,-0.11994000594784204,0.21360868913239123,2.7197377209867746,57788679.0
-11.478254907866516,-14.371707705410472,-6.628113012919865,-4.781826515618564,-3.8628812724588113,0.3382042472249033,-0.22471365968290408,0.21797639324650228,2.7168707847488895,57788696.712555066
-21.692337419222127,13.948637424632498,-3.7480256513344092,-4.568042952306892,-4.285667075570004,0.23588371984428255,-0.32938824571197794,0.22232742328797064,2.7140011276438147,57788714.80837005
-17.92975147813438,40.68714586589447,-0.6087469271191719,-4.239830113992291,-4.6894637119437075,0.13129738583863684,-0.43391258969734325,0.22666114307352492,2.7111287773434185,57788732.90418502
21.454814883858425,58.46528359056723,2.4674449803320817,-3.8106149609923565,-5.074124626470298,0.024685323329949507,-0.538235517301259,0.23097691641988424,2.708253761519506,57788751.0
16.084823630117135,61.204084575943284,5.15827189162563,-3.2938244536246897,-5.4395032640401695,-0.0837123895597738,-0.6423058541859923,0.2352741071437664,2.7053761078439824,57788769.712555066
-12.953628805458138,51.28177836246705,7.202069593676661,-2.7029482304284733,-5.785390391322115,-0.19365567470853365,-0.7460724260138151,0.23955207906190484,2.702495843988624,57788787.80837005
-16.923521708849997,33.63535934522979,8.579629738636187,-2.051726642829265,-6.111326062098553,-0.3049044539943387,-0.8494840584469895,0.24381019599101655,2.6996129976253105,57788805.90418502
-14.753277251253897,12.539383538226694,9.332357944964157,-1.3539627204742286,-6.416787651930307,-0.41721864929518865,-0.9524895771477857,0.24804782174782822,2.696727596425886,57788824.0
6.586511517911307,-9.368889966323666,9.50165244370207,-0.6234521055920426,-6.70125253637821,-0.5303581824890896,-1.0550378077784677,0.2522643201490608,2.6938396680621928,57788842.712555066
12.208646925614065,-28.989354252589994,9.129124403073169,0.12579662240683487,-6.964198091003081,-0.644082975454041,-1.1570775760013046,0.25645905501143706,2.6909492402060726,57788860.80837005
1.2774832886001224,-44.28482419451833,8.257461851105592,0.8786980243070702,-7.2051016913657495,-0.7581529500680475,-1.2585577074785625,0.26063139015168146,2.6880563405293825,57788878.90418502
-12.782962025182746,-55.15430601725671,6.930052501886796,1.6194669748340147,-7.423440713027045,-0.8723280282091107,-1.3594270278725087,0.2647806893865185,2.6851609967039565,57788897.0
-1.8964483344139682,-61.09523425932597,5.1903983693051785,2.3322040489120743,-7.618692531547794,-0.9863681317552345,-1.459634362845411,0.26890631653266744,2.6822632364016186,57788914.712555066
17.467726330192196,-58.01640885856286,3.1058105785998515,3.0010098214656526,-7.790334522488822,-1.1000331825844218,-1.559128538059533,0.2730076354068563,2.6793630872942495,57788932.80837005
9.243343092664192,-42.662269352949686,0.8388367004127891,3.609984867419157,-7.937844061410952,-1.213083102574676,-1.6578583791771466,0.27708400982580866,2.6764605770536645,57788950.90418502
-11.49674665619434,-17.20686765859464,-1.4241665832633141,4.143229761697015,-8.060698523875024,-1.3252778136039978,-1.7557727118605126,0.2811348036062388,2.673555733351736,57788969.0
-26.847198147945047,12.998661930759317,-3.4968425904357487,4.5848450792236095,-8.15837528544185,-1.4363772375503925,-1.8528203617719023,0.28515938056487977,2.670648583860291,57788986.712555066
14.98782473210014,41.14138977511955,-5.192834639111823,4.918931394923359,-8.230351721672255,-1.5461412962918613,-1.9489501545735841,0.2891571045184534,2.667739156251184,57789004.80837005
28.98069555130538,57.16057678181733,-6.325786047298835,5.129721122574904,-8.276237046981308,-1.6543299117064085,-2.04411091592782,0.2931273392836792,2.664827478196248,57789022.90418502
-0.19231695014596484,53.784894027591754,-6.75734447523114,5.201969901969911,-8.296163701797088,-1.760703005672036,-2.13825147149688,0.29706944867728174,2.661913577367325,57789041.0
-25.42154815943405,38.04357078545361,-6.54442228498702,5.123849100639618,-8.290432521351482,-1.865020500066747,-2.231320646943033,0.3009827965159887,2.658997481436275,57789059.712555066
-4.186499028966057,19.51401283586777,-5.8067128258260885,4.89878765246213,-8.259812545148243,-1.967055033889254,-2.323267267928542,0.30486674661651786,2.6560792180749284,57789077.80837005
2.1391212863053393,3.336090061844565,-4.674306032788713,4.541755176805218,-8.206151683173246,-2.066644475365063,-2.4140401601156753,0.30872066279559146,2.65315881495514,57789095.90418502
14.832169268391485,-11.19093419056964,-3.279079154126551,4.069781362783809,-8.131500441851761,-2.1636968528161753,-2.5035881491666996,0.3125439088699381,2.6502362997487547,57789114.0
5.652641475752035,-24.355804551776835,-1.7529094380912131,3.4998958995128797,-8.037894966865174,-2.2581345553085392,-2.591860060743883,0.3163358486562792,2.647311700127605,57789131.712555066
-5.755322069426887,-36.18609571590546,-0.22767413293432606,2.8491284761073645,-7.927371403894826,-2.3498799719081043,-2.6788047205094907,0.3200958459713338,2.644385043763553,57789149.80837005
-9.53190935218587,-46.69769186985726,1.1647495130924792,2.134508781682221,-7.801965898622071,-2.438855491680818,-2.7643709541257926,0.3238232646318314,2.641456358328429,57789167.90418502
9.841189055296768,-53.9220349133962,2.2924842517375676,1.3730665053524034,-7.663714596728274,-2.5249835036926314,-2.848507587255052,0.327517468454493,2.6385256714940852,57789186.0
12.99064869206203,-49.66496454771862,3.051635308928056,0.5816475522671063,-7.51465364389479,-2.6081863970094905,-2.9311634455595397,0.3311778212560416,2.635593010932372,57789203.712555066
2.7433484560584156,-31.757673593780208,3.45048953498898,-0.22388903597050627,-7.356819185802969,-2.6883865606973454,-3.012287354701517,0.33480368685319833,2.632658404315106,57789221.80837005
-22.494748065553026,-3.1141442519622005,3.5267244525929184,-1.0292761998918214,-7.192226618824034,-2.765527133132275,-3.0918281403432566,0.3383944290626894,2.6297218793141517,57789239.90418502
-3.6572549679897253,30.436863959732648,3.3185028090750226,-1.8207321046907854,-7.022808342088702,-2.8396342499308864,-3.1697346281470247,0.3419494117012385,2.6267834636013703,57789258.0
31.722046092996333,53.964801083836136,2.858902028138043,-2.57938959192898,-6.8504760054175176,-2.9107547960199134,-3.2459556437750856,0.34546799858556737,2.6238431848485786,57789276.712555066
-26.42757434596952,54.4978549959497,2.1886248552704908,-3.2850098504006855,-6.677141258631069,-2.978935656326092,-3.3204400128897067,0.34894955353239654,2.620901070727639,57789294.80837005
-38.79318363326728,35.06251035621961,1.3853821364213874,-3.9173540689001722,-6.504715751549909,-3.0442237157761594,-3.393136561153154,0.3523934403584532,2.617957148910388,57789312.90418502
4.544081538772377,4.218895885195953,0.5399625010865876,-4.456183436221711,-6.335111133994628,-3.1066658592968484,-3.463994114227699,0.3557990228804619,2.615011447068667,57789331.0
30.62867465768709,-25.854981678687917,-0.25582521898959776,-4.88125914115961,-6.1702390557857685,-3.166308971814901,-3.5329614977756063,0.3591656649151409,2.61206399287433,57789348.712555066
44.598249471156755,-46.67162345714089,-0.910172192062899,-5.172342372508134,-6.012011166743919,-3.2231999382570446,-3.599987537459138,0.3624927302792169,2.609114813999213,57789366.80837005
37.652623053014665,-55.45386049802527,-1.331269586389007,-5.309194319061572,-5.862339116689637,-3.2773856435500237,-3.665021058940568,0.3657795827894118,2.6061639381151616,57789384.90418502
25.05201545444801,-53.30278737389446,-1.4589483604435463,-5.272111714620814,-5.722421772879773,-3.3289129726205675,-3.7280108878821614,0.3690255862624505,2.60321139289402,57789403.0
9.045067852333109,-42.01068717233976,-1.354122041373886,-5.049010065221124,-5.590606872316296,-3.3778288103954166,-3.788905849946183,0.37223010451505445,2.6002572060076465,57789421.712555066
-5.782474523765412,-23.49554048097796,-1.0864416471264549,-4.651242721325187,-5.464529369437454,-3.4241800418013035,-3.8476547707949003,0.3753925013639468,2.597301405127871,57789439.80837005
-20.040999417408752,-0.7797269143000298,-0.7160978810836486,-4.099623347959796,-5.341824218681467,-3.4680135517649653,-3.904206476090583,0.37851214062585514,2.5943440179265527,57789457.90418502
-41.84019922551796,23.157384566562865,-0.3022855160387796,-3.415961540740746,-5.220126374486598,-3.5093762252131375,-3.958509791495494,0.3815883861174965,2.5913850720755027,57789476.0
-31.833362953300043,44.192354908765594,0.09580067521479296,-2.6220668952838344,-5.097070791291082,-3.548314947072561,-4.010513542671904,0.38462060165559664,2.5884245952466003,57789493.712555066
31.622847533998783,55.26868471950216,0.4189659198837459,-1.7397490072048787,-4.970292423533171,-3.5848766022699583,-4.06016655528208,0.3876081510568819,2.5854626151116853,57789511.80837005
32.493389888648586,49.82463939350828,0.6181749401167872,-0.7908174721196943,-4.837426225651089,-3.619108075732078,-4.107417654988284,0.39055039813807146,2.582499159342585,57789529.90418502
-27.764978249064633,29.78615515773552,0.6850304378308399,0.2029181143559089,-4.696107152083083,-3.651056252385656,-4.152215667452786,0.39344670671588977,2.5795342556111556,57789548.0
-3.772877196489432,8.927098174827993,0.6239864391037215,1.2169563273872614,-4.543970157267413,-3.68076801715742,-4.194509418337855,0.3962964406070605,2.5765679315892425,57789566.712555066
2.655893093231371,-3.174838848775951,0.45103810024445945,2.2152546119084637,-4.378650195642312,-3.7082902549741106,-4.234247733305753,0.3990989636283037,2.5736002149486876,57789584.80837005
13.457774702425752,-13.23388100410877,0.18816998815857983,3.1557810022571458,-4.197782221646015,-3.7336698507624644,-4.271379438018755,0.4018536395963501,2.5706311333613345,57789602.90418502
4.7163607816144015,-26.15527094239562,-0.14130130787547376,3.995171510398008,-3.9990011897167723,-3.7569536894492206,-4.305853358139118,0.4045598323279145,2.5676607144990324,57789621.0
0.18251886841073758,-39.81682732895437,-0.5157862704082811,4.691789220124766,-3.7799420542928237,-3.7781886559611046,-4.337618319329119,0.40721690563973106,2.56468898603362,57789638.712555066
-3.285694150079786,-50.94406397859496,-0.919494917553401,5.209796750794136,-3.538239769812415,-3.7974216352248558,-4.366623147251015,0.4098242233485075,2.5617159756369468,57789656.80837005
5.7008119987831165,-53.94028749166214,-1.344956169868833,5.521675624207259,-3.2715292907137825,-3.8146995121672185,-4.39281666756708,0.41238114927098163,2.5587417109808603,57789674.90418502
-0.004512877790364839,-40.21466716923712,-1.7694696933408576,5.603615101512478,-2.977589399187543,-3.8300691717149205,-4.416147705939578,0.41488704722386993,2.5557662197371904,57789693.0
-17.88664915934521,-13.009383790312095,-2.102024221797715,5.439567834275701,-2.655100535333736,-3.843577498794699,-4.436565088030777,0.4173412810238956,2.5527895295777956,57789710.712555066
-29.06954542669045,19.369623901218194,-2.2345307560280983,5.016912782460991,-2.3044540145235444,-3.855271378333291,-4.4540176395029425,0.41974321448778185,2.5498116681745127,57789728.80837005
33.36866342651471,46.208150474309235,-2.0654248735739356,4.330926469360718,-1.9274141387032289,-3.8651976952574323,-4.468454186018344,0.4220922114322527,2.5468326631992007,57789746.90418502
26.460230270416574,54.49524273411094,-1.5227601118415568,3.4067650380504326,-1.5260068697378284,-3.873403334493858,-4.479823553239247,0.4243876356740358,2.5438525423236884,57789765.0
-36.90214650535839,45.594647969902304,-0.5881448679174507,2.2931838876766326,-1.1022581694923743,-3.879935180969309,-4.488074566827918,0.42662885102984677,2.5408713332198167,57789782.712555066
-24.47530292206911,25.618409596284557,0.6214861221765509,1.0544423418843616,-0.6581939998319262,-3.884840119610508,-4.493156052446625,0.4288152213164132,2.5378890635594415,57789800.80837005
-1.4418435970845007,0.3867702275780872,1.9562464508976238,-0.24220420776958435,-0.19584032262149006,-3.8881650353442123,-4.4950168357576334,0.4309461103504578,2.534905761014411,57789818.90418502
21.21703536821779,-24.313175637887984,3.2662497107029713,-1.5295003697284046,0.2827769002738642,-3.8899568130971356,-4.4936058771039304,0.4330210166294221,2.531921453256561,57789837.0
32.05859250136584,-42.69940573069023,4.401609494049775,-2.740190752435297,0.77563170698911,-3.8902517372490024,-4.488883276098407,0.4350399773736348,2.5289361679577405,57789855.712555066
24.365870610474058,-52.894914561991605,5.212439393395225,-3.807019964333458,1.280698135659215,-3.8890388627238663,-4.480856496490337,0.4370031644841367,2.5259499327897963,57789873.80837005
18.539520823738084,-56.20165036303625,5.556366542805606,-4.670246155475175,1.7959502244191297,-3.8862773348284083,-4.469562911646356,0.4389107498619743,2.522962775424564,57789891.90418502
5.867862875282766,-52.60160909741335,5.349823291691178,-5.306258164840924,2.319362011403818,-3.8819207679411214,-4.455045425861293,0.44076290540818935,2.5199747235338883,57789910.0
-8.541152282447383,-40.789750052694906,4.631732323238906,-5.7233369412677355,2.849007416491321,-3.8759199247345624,-4.437349795135934,0.4425598030238311,2.516985804789618,57789927.712555066
-13.697413014912662,-19.455383724963983,3.46965775569194,-5.936129869205284,3.383359886531915,-3.8682247159666394,-4.4165226273856755,0.44430161460994383,2.5139960468636042,57789945.80837005
-29.685997156677377,8.8796148588004,1.9311363038305713,-5.958781511881737,3.9204174506172453,-3.8587848687577693,-4.392610714163429,0.44598851206756523,2.5110054774276875,57789963.90418502
9.061869006804859,36.57046312250854,0.08370468243509391,-5.803259139056191,4.456000844369872,-3.847549081167355,-4.3656618760831165,0.44762066729774863,2.5080141241537013,57789982.0
29.77694265335249,53.868211026798654,-2.0051003937141845,-5.4814503391373695,4.9858511220619945,-3.8344641336209486,-4.335725851392518,0.4491982522015307,2.505022014713529,57790000.712555066
10.515697291437318,53.43788570106537,-4.246072709246749,-5.005366605071823,5.505833242503619,-3.8194758344171333,-4.302853350466364,0.45072143867996295,2.502029176778954,57790018.80837005
-28.42653875576908,37.58134993071056,-6.456531919499048,-4.387019429806109,6.011812164504779,-3.8025278744065854,-4.2670972011273065,0.4521903986340893,2.4990356380218564,57790036.90418502
-9.931028213484032,11.716025841206303,-8.404943671488885,-3.6384203062867817,6.499652846875495,-3.783563035196575,-4.228511140441401,0.4536053039649504,2.4960414261140835,57790055.0
17.70542013345318,-15.72438110928541,-9.852977485302006,-2.771580727460393,6.9652202484257915,-3.762522578868738,-4.187150425000332,0.45496632657359304,2.493046568727475,57790072.712555066
25.95731343305987,-35.938767995459195,-10.56153337918659,-1.799281688111051,7.404379327965692,-3.7393473876232988,-4.143070691277203,0.4562736383610632,2.4900510935338724,57790090.80837005
19.994082508959334,-45.07494716761567,-10.284585968095444,-0.741229586318204,7.812995044305223,-3.713978343660484,-4.096327575745113,0.4575274112284022,2.487055028205108,57790108.90418502
-0.975657819021673,-44.296875842725136,-8.85234980906451,0.36647229238802204,8.1869323562544,-3.6863563291805086,-4.046976714877162,0.45872781707665466,2.4840584004130597,57790127.0
-15.523072705501365,-35.61801834517782,-6.460788173989703,1.482922059202442,8.522056222623256,-3.656422226383607,-3.9950737451464526,0.4598750278068705,2.481061237829539,57790145.712555066
-25.965225853852207,-21.297924621076042,-3.398263362468211,2.566980023487378,8.814231602221806,-3.6241169174699985,-3.9406743030260767,0.46096921532008717,2.4780635681264194,57790163.80837005
-31.327468494224078,-4.698346089744592,0.0468623259027502,3.5775064946051702,9.05932345386008,-3.58938128463991,-3.8838340249891434,0.46201055151735765,2.47506541897552,57790181.90418502
2.1777449981125523,10.205037974612265,3.5862265915259726,4.473361781918156,9.2531967363481,-3.5521562100935675,-3.8246085475087463,0.462999208299719,2.4720668180487024,57790200.0
37.837245320765234,20.897082224912282,6.931467134804267,5.213406194788651,9.391716408495885,-3.51238257603119,-3.7630535070579882,0.46393535756822063,2.469067793017793,57790217.712555066
25.97928323584864,25.459456249566035,9.794221656140428,5.7565000425790025,9.470747429113464,-3.470001264653002,-3.699224540109969,0.4648191712239046,2.466068371554654,57790235.80837005
-31.503381024280568,24.928575891635244,11.889282131044151,6.061503634651541,9.486154757010858,-3.4249531581592345,-3.633177283137783,0.4656508211678129,2.463068581331137,57790253.90418502
-38.123615635737586,20.836571658861445,13.0120972788172,6.087264088462902,9.43380895249572,-3.3771715483420444,-3.564967372614537,0.46643047930099535,2.4600684500190595,57790272.0
-39.18798208377188,14.439791519555621,13.22687271737577,5.797801876040329,9.310958922588457,-3.326585478326592,-3.49465044501333,0.46715831752449943,2.4570680052902834,57790289.712555066
-42.602931202558445,6.9754431475899406,12.627786052904268,5.189872621573564,9.12028293869608,-3.2732208526910007,-3.42228213680726,0.46783450773936053,2.4540672748166514,57790307.80837005
-51.53167946575643,-0.4298261436793377,11.255083520457696,4.312833492624835,8.865815212947856,-3.2171296889786607,-3.347918084469422,0.46845922184662786,2.451066286270007,57790325.90418502
-66.36099752085269,-6.535185867068223,9.137167499796183,3.2278855120511727,8.551589957473054,-3.1583640047329453,-3.2716139244729234,0.46903263174734533,2.448065067322193,57790344.0
-64.79966916304717,-10.023625387679635,6.302440370679947,1.9962297027095839,8.181641384400937,-3.0969758174972384,-3.193425293290862,0.46955490934256044,2.4450636456450474,57790361.712555066
-44.00452139015583,-9.527523237885065,2.803746882753703,0.679067087457101,7.76000370586076,-3.0330171448149255,-3.1134078273963333,0.4700262265333122,2.442062048910433,57790379.80837005
-24.97598097332579,-4.773404545661299,-1.1588448454012803,-0.6624013108492622,7.290711133981789,-2.966540004229383,-3.031617163262446,0.4704467552206538,2.4390603047901758,57790397.90418502
0.12468087630790434,2.0750106975259524,-5.139803291726968,-1.9669744693524893,6.777797880893291,-2.897596413283996,-2.9481089373622895,0.47081666730562166,2.4360584409561303,57790416.0
76.5432414848294,7.669701769598912,-8.551321140772407,-3.173451365195556,6.225298158724532,-2.826238389522146,-2.8629387861689723,0.4711361346892654,2.433056485080145,57790434.712555066
79.11220983308304,8.868548417078378,-10.841668600445454,-4.2206309755214475,5.637246179604765,-2.752517950487212,-2.7761623461555875,0.4714053292726263,2.430054464834053,57790452.80837005
52.34908147143764,5.464249272261273,-11.787144733954522,-5.0473122774731465,5.017676155663268,-2.6764871137225814,-2.6878352537952375,0.4716244229567486,2.427052407889713,57790470.90418502
32.0743352006561,-0.6394477521096676,-11.581435024200355,-5.597778259341202,4.370622299029289,-2.598197896771629,-2.5980131455610245,0.47179358764268164,2.424050341918956,57790489.0
20.552445761877852,-7.387803625797633,-10.477236245732074,-5.848197475638402,3.7001188218321017,-2.517702317177741,-2.5067516579260425,0.47191299523146396,2.4210482945936347,57790506.712555066
19.163784206181468,-13.555312028504941,-8.68196307542352,-5.819955422154067,3.0101347798021787,-2.4350523924842977,-2.4141064273633983,0.4719828176241461,2.4180462935855886,57790524.80837005
9.840700771902435,-18.152502227190848,-6.393080668516527,-5.544408723709803,2.304660836070331,-2.35030014023468,-2.320133090346186,0.47200322672176753,2.4150443665666668,57790542.90418502
-12.427717028253342,-20.35513045957824,-3.825719883859741,-5.053977780710317,1.5887514293504865,-2.2634975779722737,-2.22488728334751,0.4719743944253798,2.412042541208719,57790561.0
-27.08272853070847,-19.90459999537682,-1.238593099186468,-4.381542822763684,0.8679208275599319,-2.174696723240455,-2.128424642840466,0.47189649263601596,2.4090408451835743,57790579.712555066
-28.366862669547494,-15.893452832300069,1.203659033435697,-3.560694464309494,0.14839368344746542,-2.08394959358261,-2.0308008052981568,0.4717696932547356,2.406039306163083,57790597.80837005
-32.159895664686466,-7.0499799661838685,3.3771261458930653,-2.6252009159952063,-0.5634277540302403,-1.9913082065421164,-1.9320714071936818,0.4715941681825724,2.4030379518190896,57790615.90418502
-40.54973309370174,6.224700717693345,5.161310117174809,-1.6088303884682795,-1.261141235916508,-1.8968245796623586,-1.8322920850001374,0.471370089320571,2.40003680982346,57790634.0
-43.243266162085334,22.048171461968774,6.435712826270119,-0.5453510923761815,-1.9383445132546613,-1.8005507304867194,-1.7315184751906265,0.47109762856978127,2.397035907848006,57790652.712555066
35.12066051345231,36.25268692049808,7.079836152168172,0.5314687616336297,-2.5886353370880286,-1.7025386765585782,-1.6298062142382495,0.4707769578312466,2.394035273564604,57790670.80837005
28.314904397071718,42.5267566662659,6.973445981053514,1.5875969557183203,-3.2056114584599333,-1.6028404354213166,-1.5272109386161057,0.4704082490060104,2.3910349346450444,57790688.90418502
0.2950111424910868,38.19832527375167,6.059022516220653,2.5869997638727016,-3.7828706284136993,-1.501508024618318,-1.4237882847972931,0.46999167399511843,2.3880349187612464,57790707.0
-18.921340141133005,24.089459126206027,4.525943121473294,3.4895975353727655,-4.314010597992652,-1.398593461692963,-1.3195938892549117,0.4695274046996105,2.3850352535849955,57790724.712555066
-16.84237878798221,2.292218241270223,2.625243448943617,4.254365140113636,-4.792629118240117,-1.2941487641886338,-1.2146833884620647,0.4690156130205404,2.3820359667881643,57790742.80837005
12.134216487549208,-22.61005098320183,0.607959150763787,4.840277447990435,-5.212323940199417,-1.1882259496487133,-1.1091124188918462,0.46845647085894476,2.3790370860425867,57790760.90418502
13.3129960829637,-42.47447726125298,-1.2748741209340229,5.2063093288982945,-5.566692814913881,-1.0808770356165804,-1.0029366170173608,0.46785015011586983,2.3760386390201096,57790779.0
0.9758815107328385,-55.151825421895175,-2.7722207140176365,5.311435652732328,-5.849333493426826,-0.9721540396356178,-0.8962116193117063,0.46719682269236085,2.3730406533925934,57790796.712555066
2.4152846502328336,-60.13464766104501,-3.6330449763548907,5.116255849244605,-6.055448289580081,-0.8621289763076514,-0.7889930622479816,0.46649666048946475,2.3700431568318723,57790814.80837005
4.705408223179571,-54.519943858147734,-3.671097185054588,4.588404358044894,-6.186657768409421,-0.7509538484682658,-0.6813365822992905,0.4657498354082264,2.367046177009772,57790832.90418502
-2.6664736376621767,-36.787888668453554,-2.97970691360903,3.7197228397394477,-6.2461870577491405,-0.6388006560114907,-0.5732978159387274,0.4649565193496851,2.3640497415981576,57790851.0
-21.680674957548028,-8.548235430381277,-1.8011498146871254,2.5867498753001055,-6.237242780821106,-0.5258599034437641,-0.4649323996393968,0.4641168842148899,2.3610538782688533,57790868.712555066
-22.62819222668782,25.27265718260452,-0.4078084494064971,1.2961309541474368,-6.162957542397564,-0.4123961137211487,-0.3562959698743961,0.4632311019048863,2.3580586146937375,57790886.80837005
25.845822646203715,52.95543411554415,0.9255167888579446,-0.043070602040703454,-6.026445442638351,-0.29869231441211536,-0.24744416311682654,0.4622993443207169,2.355063978544634,57790904.90418502
16.119631748174587,62.547511517715186,1.9240255067312766,-1.321791471586457,-5.830820581703307,-0.1850315330851384,-0.138432615839783,0.4613217833634229,2.3520699974933725,57790923.0
-27.64597196847863,52.80167020111519,2.3716323757993694,-2.439225725741333,-5.579197059752277,-0.07169679730868597,-0.029316964516371162,0.4602985909340536,2.349076699211836,57790941.712555066
-22.568503703914637,28.21790404207143,2.296849805324556,-3.3373344853076707,-5.2746889769450895,0.04102886534876514,0.07984715438031231,0.4592299389336533,2.346084111371839,57790959.80837005
-4.4410522867767765,-4.283082726635666,1.8264447888817752,-4.005875783369,-4.92041043344159,0.1528624273187539,0.18900410437716178,0.45811599926326685,2.3430922616452334,57790977.90418502
30.545848291815012,-34.06910770974905,1.099280229952672,-4.4463204447691,-4.5198586475480775,0.2635208610327973,0.2980982490010895,0.4569569438239354,2.3401011777038723,57790996.0
26.159459873576456,-50.41291934484729,0.25480864003723414,-4.659139910615924,-4.078119829325021,0.37272113892243125,0.40707395177898353,0.4557529445167096,2.3371108872195796,57791013.712555066
5.143041470737303,-52.70494024002308,-0.5675174693645467,-4.644057669515651,-3.601028141334662,0.4801802334191816,0.5158755762377507,0.454504173242628,2.3341214178642318,57791031.80837005
-4.417374835622554,-43.409177824603525,-1.2505791599019627,-4.4022924730910855,-3.0952315575889586,0.5856151169545815,0.6244474859042883,0.4532108019027375,2.331132797309635,57791049.90418502
-16.971404582258153,-26.00206071961841,-1.7661335538273963,-3.9438097989291316,-2.568325855995151,0.6887427619601506,0.7327340443054998,0.4518730023980835,2.3281450532276624,57791068.0
-30.67371687934458,-4.851105325061789,-2.101812341184603,-3.2871409428876333,-2.028109076013811,0.789280140867428,0.840679614968281,0.45049094662971023,2.3251582132901643,57791085.712555066
-37.73106105562783,15.485599177643165,-2.2248814109751507,-2.471183001866615,-1.4823792571054928,0.8869442261079333,0.9482285614195358,0.4490648064986634,2.322172305168943,57791103.80837005
-10.67803918461086,30.571936351830253,-2.092145066017197,-1.545294658949512,-0.9389344387307662,0.9814519901131992,1.0553252471861632,0.4475947539059847,2.3191873565358923,57791121.90418502
37.27647955312946,36.28010086790718,-1.6583323556923244,-0.5609098506563364,-0.405572660350191,1.0725204053147552,1.1619140357950632,0.446080960752718,2.316203395062842,57791140.0
25.856634714881697,30.123524835220106,-0.9110695913100325,0.43118657161693075,0.1099080385756641,1.15986644414413,1.267939290773138,0.4445235989399144,2.3132204484216143,57791158.712555066
-33.56438964681112,16.72886357507634,0.032806319643771974,1.3804276454351156,0.5997096185862438,1.2432070790328467,1.373345375647284,0.44292284036861196,2.3102385442840707,57791176.80837005
-31.652490156431544,1.9753592626126033,1.0242102928793015,2.2362464083630593,1.0560340402209731,1.3222592824124415,1.4780766539444055,0.4412788569398572,2.3072577103220597,57791194.90418502
-22.346974799434623,-9.889204566061808,1.914057244106761,2.9480758979655697,1.471083264019305,1.3967400267144363,1.5820774891913962,0.4395918205546995,2.304277974207417,57791213.0
-4.506924134151012,-17.38590680196205,2.5532620890363638,3.465349151807497,1.8370592505206524,1.4663662843703655,1.6852922449151664,0.4378619031141759,2.3012993636119994,57791231.712555066
8.493928983198105,-20.14207903821273,2.7927397433783225,3.737499207453647,2.1461639602644773,1.5308550278117585,1.7876652846426053,0.43608927651933527,2.298321906207638,57791249.80837005
16.825818055532267,-17.63942447459874,2.5348296064403963,3.7286082054005374,2.391760014780535,1.5899232294701386,1.8891409719006194,0.4342741126712211,2.295345629666183,57791267.90418502
13.494304880873297,-10.00396559608552,1.884123369322003,3.464523884894199,2.5721291351356714,1.6432878617770372,1.989663670216108,0.4324165834708809,2.2923705616594834,57791286.0
1.8996891791129593,0.881703942971994,0.9828546363258166,2.99761933997027,2.688620021923433,1.69066589716398,2.0891777431159735,0.43051686081935403,2.2893967298593765,57791303.712555066
-8.401554625529467,9.285577783891318,-0.030188630844050626,2.3802348667534203,2.7460598162469307,1.7317743080624997,2.187627554127111,0.4285751166176893,2.286424161937706,57791321.80837005
-1.2096044525528562,10.199848381065271,-1.0136079398406286,1.6639102651348403,2.7500761554427275,1.7663300669041238,2.284957466776425,0.426591522766927,2.2834528855663243,57791339.90418502
5.675114960773876,5.390377091821543,-1.8283258834817662,0.9001853350057335,2.7062736003228705,1.7940732226448952,2.3811118445908153,0.4245662511681174,2.280482928417075,57791358.0
-2.309936512049713,-1.4671320369776693,-2.383707354888283,0.140599876257262,2.6201644056013405,1.8148361303389453,2.4760350510971776,0.4224994737223039,2.2775143181617934,57791375.712555066
-4.737895052899418,-6.052785995358325,-2.601880454917538,-0.5633063112193352,2.4971765707800295,1.8285354002524645,2.56967144982242,0.42039136233052715,2.2745470824723313,57791393.80837005
3.580002305806206,-5.467041094677313,-2.435915510798761,-1.1659198292872721,2.3424933806106085,1.835332357401887,2.6619654042934333,0.4182420888938348,2.2715812490205347,57791411.90418502
3.4586330513889814,-1.7781273824641233,-1.9602566538657862,-1.6487940592729435,2.161236941157168,1.835449505491219,2.752861278037126,0.4160518253132706,2.2686168454782463,57791430.0
4.125454146200327,1.3198127310985717,-1.2717576787692564,-2.0122056315623342,1.9585293584838228,1.8291093482244412,2.8423034345803972,0.4138207434898813,2.2656538995173072,57791447.712555066
1.778659526080047,2.394877633402214,-0.46906864868624165,-2.2557009790775,1.7394927386546557,1.816531735228775,2.9302388915269337,0.41154901532470656,2.2626924388095664,57791465.80837005
-1.479252958590505,1.9617645129296002,0.3483458150958823,-2.377778692263113,1.5092491877337886,1.7979248221269504,3.016626360484889,0.40923681271879764,2.259732491026868,57791483.90418502
-3.216452577919099,0.882820562655127,1.076440207287276,-2.3768649697866406,1.272848420008105,1.7734880404945341,3.101433277109605,0.4068843075731942,2.256774083841057,57791502.0
-1.6435550145070503,-0.1241368104365675,1.5893462210813911,-2.2506171516619573,1.034571291110925,1.7434127074851453,3.184635191478356,0.4044916717889417,2.253817244923975,57791520.712555066
-0.9590887877099451,-0.4629698111475209,1.7569039982126287,-1.995096197900848,0.7971022766734815,1.707888381071203,3.266209412849606,0.40205907726708606,2.250862001947467,57791538.80837005
-0.18817361387302903,-0.1984421390601513,1.5010823359318235,-1.6112074525342903,0.5642192725997808,1.6671046192251715,3.346133250481802,0.3995866959086709,2.247908382583381,57791556.90418502
0.8655468063488774,0.07910963291370296,0.9415383556777593,-1.120898904096624,0.3400933527482579,1.621250979919473,3.424384013633411,0.3970746996147409,2.244956414503559,57791575.0
-0.003414974839437116,0.12372075240443606,0.2692965154876788,-0.5724519511224713,0.12889559097733483,1.570517021126553,3.500939011562877,0.3945232602863414,2.242006125379847,57791592.712555066
0.5660883783667662,-0.11268357880445962,-0.3476978527907617,-0.019793603709944006,-0.06520293885456581,1.5150923008188635,3.5757755535286555,0.3919325498245193,2.239057542884086,57791610.80837005
-0.17614904505095869,-0.20869155734937797,-0.7827867720668227,0.4831491280428521,-0.2380311628890177,1.4551663769688366,3.648870948789209,0.3893027401303137,2.2361106946881253,57791628.90418502
-0.9037114265915601,-0.08336452984456352,-0.9713383675345938,0.8838317567809866,-0.38541800726758646,1.3909288075489097,3.720202506602987,0.386634003104772,2.233165608463808,57791647.0
-1.045617120143548,0.3456162401731394,-0.9623798383841322,1.1431549584576624,-0.5031923981318557,1.3225656873040759,3.7897509994558978,0.38392651064894123,2.2302223118829767,57791664.712555066
1.4267537623457285,0.42469077972137925,-0.8603725173319667,1.2568150100569018,-0.5871832616234052,1.2502492580695224,3.857511052743658,0.3811804346638608,2.2272808326174793,57791682.80837005
-1.4518069999657892,0.026848573449518607,-0.7533979653105014,1.2369306271501959,-0.6339770829924027,1.1741482984529605,3.9234807550894413,0.37839594705057916,2.2243411983391566,57791700.90418502
-1.2948567183576853,-0.45914871919266537,-0.6469273577722617,1.105615247588073,-0.6440440396108289,1.0944315870621177,3.987658195116412,0.3755732197101419,2.221403436719856,57791719.0
0.3780626780089422,-0.5870476595710391,-0.5315760062935031,0.8951186659000759,-0.6220799086885922,1.0113221204845224,4.05004146144774,0.3727124245435899,2.2184675754314225,57791737.712555066
1.2788120814727073,-0.37881926178033415,-0.40429518160469724,0.6373887226864955,-0.5739178241131622,0.9253267962978847,4.110628642706597,0.36981373345197094,2.215533642145697,57791755.80837005
1.1209165230715012,-0.00841931565814868,-0.27643340648966425,0.35966514764456525,-0.5057132540359784,0.8372748463438783,4.16941782751615,0.3668773183363272,2.2126016645345286,57791773.90418502
0.6006103514813731,0.327873867267786,-0.16007890261697094,0.08670607340823157,-0.4236886956794933,0.748062531535195,4.2264071044995735,0.36390335109770394,2.2096716702697594,57791792.0
-1.4427617951514222,0.48599125984722763,-0.06515764629904587,-0.15846818659237782,-0.33406664626618654,0.6585861127845493,4.28159456228003,0.36089200363714774,2.206743687023236,57791810.712555066
-0.08004743279458232,0.4322321602804268,0.00016439611632477314,-0.3547465001283372,-0.24306960301851568,0.5697418510046457,4.334978289480694,0.35784344785570377,2.2038177424667977,57791828.80837005
1.7403375026710546,0.22086887313501502,0.02939995763506701,-0.4844080207786586,-0.15692006315894189,0.48242600710817907,4.3865563747247345,0.3547578556544133,2.200893864272296,57791846.90418502
-0.09420715598532434,-0.10065745570100856,0.020914838533286902,-0.5362023935980142,-0.08173670967485762,0.3975348420078701,4.4363269066353155,0.35163539893431883,2.197972080111574,57791865.0
-0.22231664562815365,-0.35321817972876945,-0.015482841058519853,-0.5123716235759491,-0.02210561645040898,0.3159646166163955,4.484287973835622,0.3484762495964724,2.1950524176564694,57791882.712555066
-2.433077917973371,-0.24309291287253226,-0.0584994590622332,-0.4309761652615642,0.021960365516818233,0.23861159184649128,4.5304376649488,0.34528057954191427,2.192134904578835,57791900.80837005
-0.10157880822401577,0.15816893440797716,-0.08228904499808824,-0.31426369374593305,0.051650139114882095,0.16628762688809512,4.57477406859804,0.3420485606716883,2.1892195685505134,57791918.90418502
2.6426052725378506,0.36682783410849545,-0.0605747244174199,-0.18354329466546435,0.06849021412280365,0.09946697404020491,4.617295273406501,0.3387803648868421,2.186306437243346,57791937.0
-1.6115354850633832,-0.03932524924518016,0.01600140942653918,-0.05611938019118156,0.07414786800452973,0.03848311791688038,4.657999367997356,0.3354761640884167,2.183395538329181,57791954.712555066
-2.347069358275826,-0.4588861940675816,0.10142601780741468,0.053707493791854743,0.07056087243671764,-0.016600951080509664,4.696884440993766,0.3321361301774597,2.1804868994798627,57791972.80837005
1.6567718779052516,-0.21770063337379839,0.1478835373746016,0.13219124837055002,0.05990348651422142,-0.06595872996882975,4.733948581018913,0.32876043505501273,2.177580548367234,57791990.90418502
1.7043497489787542,0.29903159735697643,0.15107542606479432,0.16917295221835052,0.04464173279197057,-0.10980874612891488,4.769189876695964,0.32534925062212366,2.17467651266314,57792009.0
-0.5098964225536616,0.6367711401503007,0.1030618963533101,0.16912561441054283,0.028088664376955237,-0.14836952694163055,4.8026064166480795,0.32190274877983827,2.1717748200394245,57792027.712555066
-0.7376476281343208,0.4160191763390749,0.001261345377311367,0.14228835491790645,0.01289081345544321,-0.18185959978782432,4.834196289498436,0.31842110142919816,2.168875498167933,57792045.80837005
0.4732670779029288,-0.31956914839887063,-0.11487460514208685,0.1002526562569168,0.0001402236306541919,-0.21049749204834642,4.863957583870204,0.3149044804712454,2.1659785747205125,57792063.90418502
0.30099876543190074,-0.7033095872300046,-0.19529430571515535,0.05482139449980838,-0.00940783592870293,-0.23451850946996025,4.891888294499239,0.3113530578070307,2.163084077369004,57792082.0
-0.36636274506533584,-0.6337677994176866,-0.20228379238590352,0.01676228674116596,-0.014920515046483937,-0.25423671998145514,4.917987597296011,0.30776700533759294,2.1601920337852536,57792099.712555066
-0.5951060190830785,-0.043779950009099663,-0.14914061226176234,-0.00896354710080464,-0.015475609785839195,-0.2700679770695181,4.942267099968176,0.30414649496398144,2.157302471641105,57792117.80837005
0.5800063703844329,0.5403130687367637,-0.06815997550682709,-0.024789266083581254,-0.010299578952396188,-0.28259404661490267,4.964765162104025,0.3004916985872396,2.1544154186084037,57792135.90418502
0.40743425394117505,0.5559411470439616,0.008502075661461746,-0.0332923250162952,-3.8368491433156826e-05,-0.2924379603542986,4.985526838011185,0.2968027881084101,2.151530902358993,57792154.0
-0.4358856574981675,0.09234244233571763,0.06014468577053232,-0.03542856043227262,0.013166737523029931,-0.300224948146788,5.004598765717847,0.29307993542853933,2.14864895056472,57792171.712555066
-0.11196604751204889,-0.37803174173738624,0.08404724973934158,-0.03160988503573655,0.02696052906215163,-0.3065806357816134,5.022027979182351,0.2893233124486722,2.145769590897426,57792189.80837005
-0.28435396887618586,-0.3058050264833112,0.08549169791653631,-0.023210636250921308,0.03948147954320244,-0.3121315610245395,5.037862424339566,0.2855330910698508,2.142892851028961,57792207.90418502
0.2814328892454144,0.052594240648580315,0.08415071243782417,-0.01326736228976877,0.04967438391378817,-0.3175079095474736,5.052153695030508,0.28170944319312174,2.140018758631164,57792226.0
-0.07864410883744041,0.1506402514406571,0.10083731879402492,-0.004885957119593142,0.056678446816227995,-0.3233388685660951,5.064952386639965,0.2778525407195297,2.137147341375882,57792243.712555066
0.130111813453978,0.0485207920035628,0.13755314388041592,0.0014831511834527953,0.060026799000045664,-0.3302415129044589,5.076296982161082,0.27396255555012095,2.1342786269349587,57792261.80837005
-0.0010995343728201663,-0.07843795064346366,0.15484844120885224,0.005462858797493251,0.060636481800728115,-0.338759419605827,5.086206171512021,0.27003965958593396,2.1314126429802402,57792279.90418502
-0.348590489426792,0.023479970179573866,0.11352130669121387,0.007739842476296559,0.059720981710725325,-0.34921522513916353,5.094692522859716,0.2660840247280215,2.1285494171835677,57792298.0
0.40754717715352823,0.09283616578542754,0.027431496391680743,0.009592427291437316,0.05833913248184494,-0.36186642899337623,5.1017605810584,0.26209582287742356,2.1256889772167913,57792316.712555066
-0.04811944374137851,-0.004406160899530219,-0.0659293315033685,0.013055494863001171,0.0569227437426754,-0.37685158940579067,5.107405039611997,0.25807524784380165,2.1228313507517504,57792334.80837005
-0.40053964501231704,-0.10996152961639616,-0.11320948871553986,0.02063618109053528,0.05509290851635204,-0.39390429676620575,5.111609075235137,0.25402258107129916,2.1199765654602936,57792352.90418502
0.3812429954710816,-0.024689610106909655,-0.07750755762666922,0.03367825486584041,0.052370412991918115,-0.4126272594416321,5.1143533401826025,0.24993812591266507,2.1171246490142606,57792371.0
-0.3542881414646096,0.07166754623940724,0.001856066102579412,0.048620660081012616,0.04862787871151417,-0.43261495992207194,5.115618461323094,0.24582221110673008,2.114275629085502,57792389.712555066
0.32908660864541966,-0.032535578451569715,0.06567180918201884,0.06066587823849292,0.0438247500828433,-0.45346188069755533,5.115384963981062,0.24167526693658808,2.1114295333458584,57792407.80837005
0.14932917123373737,0.02600003014039552,0.07222246763341575,0.06534457825576966,0.03792312162448134,-0.47476250425809885,5.11363334809487,0.23749774907141105,2.1085863894671757,57792425.90418502
-0.6089071138229062,0.08020901255733755,0.02587570931566959,0.05986702100244851,0.031015583399765886,-0.4961113130937083,5.1103441136028875,0.2332901131803665,2.1057462251212975,57792444.0
0.7962905260021679,-0.052646285251836594,-0.04333092874144307,0.04348403038957709,0.02337815520293086,-0.5171027896944076,5.105497760443476,0.22905281493262283,2.102909067980071,57792461.712555066
-0.9625486573174231,-0.1529394459462782,-0.09372485258651327,0.01578518768760092,0.015420491708284032,-0.5373314165502069,5.099074788555009,0.22478630999734983,2.100074945715337,57792479.80837005
-0.5469896036366336,0.13092438240704923,-0.08844876188221887,-0.022316006586790484,0.007577379194370536,-0.5563916761511308,5.0910556978758565,0.2204910540437141,2.097243885998942,57792497.90418502
1.1612119038346944,0.2969583234401314,-0.017658313792247818,-0.06409352275996247,0.00028360393973371343,-0.5738780509871926,5.081420988344386,0.2161675027408832,2.0944159165027325,57792516.0
-0.10561064702214512,0.024193825173638876,0.10470458584253882,-0.09978067796090559,-0.006026047777109942,-0.5893850235484006,5.070151159898963,0.21181611175803086,2.0915910648985485,57792533.712555066
-0.078725185730174,-0.49888726616319407,0.2060865273154742,-0.11908926625708852,-0.010916789677600978,-0.6025070763247723,5.057226712477958,0.20743733676431522,2.08876935885824,57792551.80837005
-1.204521228888166,-0.3609013504519311,0.21539527443402812,-0.11271616030610346,-0.014048597220633029,-0.6128386918063333,5.042628146019733,0.20303163342891903,2.0859508260536455,57792569.90418502
1.1393232217119298,0.3153308446635673,0.12868699718715396,-0.07791837310859269,-0.015440898748084117,-0.619974352483103,5.026335960462671,0.19859945742099858,2.083135494156617,57792588.0
0.8087237340130383,0.8916059374562186,-0.02852577199638027,-0.023016918010348015,-0.01513540034813774,-0.6235085408450789,5.008330655745126,0.1941412644097286,2.0803233908389926,57792606.712555066
-1.0617107454546229,0.8256506393076081,-0.22313093777448315,0.04117613206957481,-0.013177783144996747,-0.6230365441122448,4.988593536535428,0.18965751006427434,2.07751454377262,57792624.80837005
-0.20984177986180916,0.1439940980524,-0.4045533315571561,0.10385459648778843,-0.009619620538544047,-0.6181609206280967,4.967113178625429,0.1851486500538038,2.074708980629344,57792642.90418502
0.788449109457113,-0.7250954731806041,-0.5156818918849201,0.1542122946008912,-0.0045124859286607534,-0.6085018684341361,4.943895797504979,0.1806151400474898,2.071906729081006,57792661.0
0.8124514601123826,-1.2249936200892135,-0.5009768177386988,0.18359300608788817,0.0021071564006394775,-0.59370125150437,4.918954165480576,0.17605743571449992,2.069107816799455,57792678.712555066
-0.21331423616670814,-1.2267380167918385,-0.3255974023818683,0.19219221979087017,0.009947837897218932,-0.573462796276967,4.892301681011919,0.17147599272399808,2.0663122714565336,57792696.80837005
-0.7518230526181899,-0.6716574096157287,-0.015206771401995995,0.18310603158419977,0.01772826098307202,-0.5475085376961689,4.8639517425587275,0.16687126674515537,2.0635201207240867,57792714.90418502
-0.20378324928657093,0.28979770773729474,0.35260525649992175,0.1586528630359758,0.024942792138010126,-0.5156228731632788,4.833917748580706,0.1622437134471411,2.060731392273959,57792733.0
0.6221359878986346,1.061019627480546,0.6902920025927565,0.12088533875963088,0.03159784523465977,-0.47783645051775936,4.802213097537574,0.15759378849912414,2.057946113777994,57792750.712555066
-0.22163672895393902,1.0842341404426947,0.9120294914918629,0.07185384032603641,0.03776363979775742,-0.4342419358997677,4.768851643580209,0.15292194757027022,2.055164312908035,57792768.80837005
-0.43427447466772856,0.5877646286237003,0.9563580462343646,0.013358846645052687,0.04351754564914081,-0.38494096851129084,4.733849063624239,0.14822864632975088,2.0523860173359303,57792786.90418502
-0.42682178518021796,-0.1981920977078346,0.8324654627954922,-0.05282960346614435,0.04898607674590431,-0.3300847873807625,4.697221490276466,0.14351434044673186,2.0496112547335232,57792805.0
0.6873474881614283,-0.7383344952483801,0.563136339981624,-0.1213146916467866,0.05438506913025077,-0.2699139536217049,4.658985056143686,0.13877948559038333,2.0468400527726573,57792822.712555066
-0.8035911043781804,-0.30963190246918865,0.17796058621098249,-0.1857304289849299,0.059950901791382155,-0.20468957129465642,4.6191558938326995,0.13402453742987153,2.0440724391251783,57792840.80837005
0.9148902494840104,0.4988567387849931,-0.2569905487431262,-0.23971082656867568,0.06591995371849418,-0.13467274446014307,4.577750135950308,0.12924995163436748,2.0413084414629306,57792858.90418502
-0.7055100040435831,0.3765088572293258,-0.6565312195927028,-0.2768904528274174,0.07252916124213898,-0.06012457717871398,4.534783915103313,0.12445618387304054,2.0385480874577566,57792877.0
-1.1181916479431657,-0.1535747266971927,-0.9711106435829455,-0.29103090959813577,0.08014249410041747,0.018693826489108542,4.490273363898511,0.11964368981505642,2.0357914047815053,57792895.712555066
1.3522176431302997,-0.3072034785774459,-1.1612752602644056,-0.27575736070718715,0.08898748402080357,0.1015213624827932,4.4442346149426974,0.11481292512958624,2.033038421106016,57792913.80837005
-1.5516484728058237,0.11958924990317994,-1.187602202256751,-0.22371926204483955,0.09687080129397704,0.18809692674180156,4.396683800842681,0.10996434548579256,2.0302891641031393,57792931.90418502
-2.10649758206911,0.3411714651192181,-1.0231551798082592,-0.1354645164914184,0.10095962710430498,0.2781594152055961,4.347637054205261,0.10509840655285053,2.027543661444714,57792950.0
2.8107936160743257,-0.11716656337047329,-0.6632651115281508,-0.024014649405664754,0.0984203232397245,0.3714477238136473,4.2971105076372345,0.10021556399992544,2.024801940802589,57792968.712555066
-0.16171964940259545,-0.5032961301808301,-0.20713595799736645,0.09485149176016246,0.08644901578521942,0.46767098420837455,4.245120293745401,0.09531627349618657,2.0220640298486057,57792986.80837005
-3.295620915612244,-0.522985128022588,0.259573284384219,0.205355059553824,0.06240025199281157,0.5663799068651564,4.191682545136567,0.09040099071080057,2.0193299562546114,57793004.90418502
-5.090198393194058,-0.14830406929949047,0.6652159124368419,0.2917172065230538,0.023860088521664855,0.6668936928522322,4.136813394417524,0.08547017131294075,2.0165997476924495,57793023.0
-1.774182076961651,0.5509405720032013,0.9261189687364138,0.3381590852155901,-0.031363236020317695,0.7683093612891136,4.080528974195074,0.08052427097177176,2.013873431833962,57793040.712555066
5.892833560149677,0.8370833857405359,0.954451268796765,0.32828750738859214,-0.10408056693278113,0.869656997336894,4.022845417076016,0.07556374535646063,2.011151036351001,57793058.80837005
-5.851717885383809,0.22296403886428462,0.7006679397714471,0.2507009102083676,-0.18981917188157185,0.9699610249657047,3.9637788556671554,0.0705890501361787,2.0084325889154004,57793076.90418502
-3.9397763680994857,-0.49065326462704384,0.2788639755247644,0.1231793443364923,-0.2827043847716665,1.068245868145701,3.90334542257529,0.06560064098009302,2.005718117199013,57793095.0
3.5540378330437683,-0.822935849805161,-0.15578075306542788,-0.029048150993974398,-0.376839551601343,1.1635359508470253,3.8415612504072167,0.06059897355737316,2.003007648873681,57793112.712555066
4.393171697226157,-0.6160163615526848,-0.4666463134494583,-0.18075253654996953,-0.46632801836888216,1.2548556970398153,3.778442471769743,0.055584503537186615,2.0003012116112515,57793130.80837005
-0.36985567089362686,0.1272106077644246,-0.5969360756563281,-0.30666064851490527,-0.5452731310725718,1.3412295306942368,3.714005219269664,0.05055768658870091,1.9975988330835646,57793148.90418502
-3.214732110166615,0.7030046463478414,-0.5295295569619091,-0.38254081288322517,-0.6077782357106881,1.4216818757804306,3.6482656255137713,0.045518978381087594,1.9949005409624652,57793167.0
0.6609264543250906,0.3199581353647792,-0.2750821011186935,-0.3935949231356855,-0.6479183910530546,1.495235382083737,3.581241597293673,0.040468834583511935,1.992206362919801,57793185.712555066
2.405883593973406,-0.37274878783718224,0.04808409265234269,-0.3441508470478515,-0.6602133617490579,1.5609484856388103,3.512958138140133,0.03540771086514348,1.9895163266274143,57793203.80837005
1.9773828278573577,-0.6985844092320597,0.2939033530248507,-0.24075361247806995,-0.6417403038046904,1.618074947474751,3.4434420257687153,0.030336062895153098,1.9868304597571518,57793221.90418502
-0.9257556345054627,-0.5250518730974826,0.35303537653753786,-0.08811850673439132,-0.5916372244903755,1.6660996393347904,3.3727200378949815,0.02525434634270338,1.9841487899808565,57793240.0
-1.7614789449913508,0.0007485852384713515,0.24296536287784543,0.10422312435712355,-0.5097402257849355,1.7048768354841661,3.3008189522344966,0.020163016876968115,1.9814713449703734,57793257.712555066
-1.7933265227144795,0.753322666179089,0.03168012562743773,0.30527945258268874,-0.39597136849132336,1.734346769012262,3.2277655465028228,0.015062530167115269,1.978798152397546,57793275.80837005
1.6581048667924738,0.9169466672801443,-0.2070174242765474,0.4750991016390475,-0.2502527134124805,1.7544496877953168,3.153586583628672,0.009953341882310346,1.9761292399342207,57793293.90418502
-1.4153952921323125,-0.04563738101075785,-0.40457426057823065,0.5713266971415442,-0.07250632135136617,1.7651261004972563,3.0783085657530607,0.004835907691723772,1.973464635252241,57793312.0
0.328623721753641,-0.8312858100307753,-0.47855508212637365,0.5514660167562412,0.13657394482342086,1.7663162031358968,3.0019583076631293,-0.0002893167354751419,1.9708043660234529,57793329.712555066
0.40450943336304473,-0.9455458968074255,-0.3571141550975588,0.3932922503785322,0.3722233193619156,1.7579558573929381,2.924566958482133,-0.005421875730120893,1.9681484599196994,57793347.80837005
0.9189425069887985,-1.0929097360351456,-0.028494751278911698,0.13289365234195172,0.6249704559732987,1.7399797909559593,2.8461668013274255,-0.01056131362304283,1.9654969446128263,57793365.90418502
0.899173049527278,-0.8499942646283708,0.43781099554901703,-0.17946726679120437,0.8843603137479014,1.7123227315125724,2.7667901193163624,-0.015707174745071197,1.9628498477746739,57793384.0
-1.525381937006813,0.04773237978943846,0.8660412571963784,-0.49352799645864986,1.1399378517760967,1.6749194067503572,2.686469195566297,-0.020859003427040935,1.9602071970770945,57793402.712555066
-0.6662334249681366,0.8519775444725063,1.0549251596591651,-0.7590854907922506,1.3812480291482296,1.6277045443569196,2.60523631319458,-0.026016343999782737,1.9575690201919278,57793420.80837005
2.0382290169568185,0.8499679420415164,0.835937357093883,-0.933587001119018,1.5978358049546482,1.570612872019848,2.5231237553185695,-0.031178740794125727,1.9549353447910178,57793438.90418502
-2.096145878963599,-0.06559204602316557,0.21378550218859424,-1.004599395779497,1.7796737869531551,1.5035791174267448,2.4401638050556165,-0.036345738140903285,1.9523061985462127,57793457.0
0.5336257965038095,-0.5718990470933173,-0.6091664821508499,-0.9703360224285953,1.919985239164953,1.4265903929856791,2.356388745523073,-0.04151688037094744,1.9496816091293536,57793474.712555066
1.6688264930871002,-0.4693921673038917,-1.3888339847722841,-0.8358040878837806,2.0185949959139426,1.3398433499865756,2.2718308598383,-0.04669171181508889,1.9470616042122864,57793492.80837005
-0.15730123570596782,0.20108199878781813,-1.9000435098809059,-0.6076579463186098,2.076922654159629,1.2435870244398517,2.186522431118645,-0.051869776804159884,1.9444462114668566,57793510.90418502
-0.834526079823752,0.6508260381711946,-2.0004902454967612,-0.2937001814428136,2.0963794833764733,1.1380924551014362,2.1004957424814656,-0.057050619668989555,1.9418354585649051,57793529.0
0.27903405890014776,0.3841455068509749,-1.5998204070763213,0.09035409334019213,2.0782733759808703,1.023734057785316,2.0137830770441103,-0.062233784740413065,1.9392293731782821,57793546.712555066
0.04607286486470129,-0.5658240201856682,-0.7669428106516947,0.5141579599876147,2.023828757339573,0.9009697153551232,1.9264167179239402,-0.06741881634925977,1.9366279829788287,57793564.80837005
-0.052430883901308345,-1.9028152789288086,0.30829195768332884,0.943990187865786,1.9342546867433081,0.770272676750524,1.8384289482383023,-0.07260525882636236,1.9340313156383897,57793582.90418502
0.013848062959820202,-3.1141788180003327,1.3805293521378814,1.3461295463409964,1.8107602234828137,0.6321161909111657,1.7498520511045546,-0.07779265650255086,1.9314393988288108,57793601.0
-0.40115537971713205,-3.516710646416365,2.2220961228382365,1.6866495365268046,1.6547596951015655,0.486973506776721,1.6607183096400497,-0.08298055370865777,1.9288522602219367,57793619.712555066
1.661959240104868,-1.6090448520537657,2.7210375615691578,1.930802586525726,1.4684885021540932,0.3353178732868427,1.5710600069621428,-0.08816849477551576,1.9262699274896107,57793637.80837005
-0.542330169285727,2.9993190250242705,2.9229573201212666,2.043804074779559,1.2544372307846823,0.17762253938119912,1.4809094261881846,-0.09335602403395243,1.9236924283036752,57793655.90418502
-6.083291660782275,7.41263146754269,2.8982866869832598,2.0002722722158546,1.0153488763474805,0.014360753999441141,1.3902988504355314,-0.09854268581480538,1.9211197903359796,57793674.0
-4.873157875001381,9.199990045949676,2.6815130277059143,1.8105084959156588,0.7542273109810498,-0.15399423391876424,1.299260562821537,-0.10372802444890107,1.9185520412583683,57793692.712555066
-1.7967892245637531,8.349874457569578,2.298404574623019,1.4959231014430832,0.47412914668582573,-0.326969175433759,1.2078268464635535,-0.10891158426707397,1.9159892087426855,57793710.80837005
4.034104959385769,5.373157237739154,1.7839053854887166,1.0785211994536121,0.17811099546223946,-0.5040908216058836,1.116029984478935,-0.11409290960015389,1.9134313204607716,57793728.90418502
16.593239296513456,1.018986325856126,1.1754021631850593,0.5803079006027405,-0.13077053068928485,-0.6848859234954779,1.0239022599850376,-0.11927154477897198,1.9108784040844746,57793747.0
27.813687410423643,-4.112326342619855,0.5102816105941237,0.023288315545952135,-0.4494588197683139,-0.8688812321628812,0.9314759560992152,-0.12444703413436249,1.9083304872856401,57793764.712555066
31.675075609781818,-9.583798517290287,-0.17406956940202636,-0.5705324450612652,-0.7748972597744198,-1.0556034986684317,0.8387833559388196,-0.12961892199715547,1.9057875977361127,57793782.80837005
35.03600295303515,-15.159797697538357,-0.8402646739213225,-1.1791492705634226,-1.104029238707171,-1.2445794740724683,0.7458567426212032,-0.13478675269818158,1.9032497631077236,57793800.90418502
37.10821572270653,-20.63189060682296,-1.4509170000816956,-1.7805570503050336,-1.4337981445661374,-1.4353359094353357,0.6527283992637222,-0.13995007056827308,1.9007170110723388,57793819.0
39.18023386918789,-25.51140563647203,-1.9686398450010862,-2.3527506736306067,-1.7611473653508924,-1.627399555817369,0.5594306089837314,-0.14510841993826157,1.898189369301787,57793836.712555066
39.8666979568755,-29.193812091817883,-2.356046505797421,-2.873725029884653,-2.0830202890610043,-1.820297164278909,0.46599565489858114,-0.15026134513897751,1.8956668654679265,57793854.80837005
28.062810438325055,-30.814301966352208,-2.5756890659344758,-3.321536222065845,-2.396360303696042,-2.013555485880296,0.37245582012562917,-0.15540839050125607,1.8931495272425973,57793872.90418502
-15.15745544271094,-29.16742260587299,-2.606117873319721,-3.67464632761968,-2.6981107972555756,-2.2067012716818692,0.2788433877822255,-0.16054910035592326,1.8906373822976261,57793891.0
-46.062352853455934,-22.50537678964019,-2.488829728586665,-3.9141879268276916,-2.9852151577391823,-2.3992612727439684,0.18519064098572907,-0.16568301903381846,1.8881304583048908,57793908.712555066
-29.16829305812801,-10.081163261028632,-2.2727974171267173,-4.030221854104054,-3.2546167731464237,-2.590762240126934,0.0915298628534885,-0.17080969086576456,1.8856287829362084,57793926.80837005
-24.45299764458543,6.108587560227077,-2.0001589725776663,-4.019631344526721,-3.5032713825666915,-2.780730924891105,-0.002106663497140383,-0.17592866018259762,1.8831323838634269,57793944.90418502
-18.217799243620906,23.156810997326772,-1.7061339493111423,-3.885918919093238,-3.728433918435961,-2.9686940780968216,-0.09568665494880314,-0.1810394713151483,1.8806412887584065,57793963.0
15.999012317075012,37.8915427703681,-1.4200342363669223,-3.6374832570938413,-3.928370820229345,-3.154178450804422,-0.18917782838414643,-0.1861416685942489,1.8781555252929862,57793981.712555066
39.11040898738956,47.308137021870934,-1.1683510735223888,-3.28529389809387,-4.101598316409271,-3.3367107940742486,-0.28254790068581626,-0.19123479635072987,1.8756751211390081,57793999.80837005
37.35677587467448,48.85093793689066,-0.977110958253626,-2.8403907887445947,-4.247026970653525,-3.5158178589666393,-0.3757645887364601,-0.19631839891542371,1.8732001039682895,57794017.90418502
-8.037605557049275,42.71192395262597,-0.8650706761398819,-2.3123331555452578,-4.365144687501302,-3.6910263965419308,-0.4687956094187227,-0.20139202061916264,1.8707305014527216,57794036.0
-16.345141872440127,30.25899547020511,-0.8222341948785266,-1.7103463429117847,-4.456833706707147,-3.8618631578604696,-0.5616086796152493,-0.20645520579277557,1.8682663412641245,57794053.712555066
-24.483055283017542,13.005912246429927,-0.8310187889951463,-1.044069297244447,-4.522976268025605,-4.027854893982592,-0.6541715162086887,-0.21150749876709568,1.8658076510743449,57794071.80837005
3.880073680174608,-7.449147842373337,-0.8719420147080382,-0.3250406832508039,-4.564454611211225,-4.188528355968636,-0.7464518360816852,-0.21654844387295563,1.863354458555232,57794089.90418502
17.282488414886437,-28.204102048672457,-0.923463762416766,0.43314316854288193,-4.582150976018554,-4.343410294878941,-0.8384173561168861,-0.22157758544118594,1.8609067913786246,57794108.0
-3.111267567442593,-47.4589924386245,-0.9631810570434295,1.2160230621328378,-4.576947602202124,-4.492027461773852,-0.9300357931969351,-0.22659446780261816,1.8584646772163707,57794125.712555066
-12.891435543147859,-60.40903029061174,-0.9682724518756018,2.008721329880814,-4.549707128428089,-4.63392620880211,-1.0212748642044833,-0.2315986352880821,1.8560281437402997,57794143.80837005
9.016003980272467,-61.41179965185364,-0.9158160908963935,2.7962598948440447,-4.501186419923666,-4.768758661551373,-1.1121022860221714,-0.23658963222841362,1.8535972186223135,57794161.90418502
13.14459650865286,-45.02141080996604,-0.7922429069174964,3.563671695972142,-4.4320132644866534,-4.896306023038738,-1.202485775532649,-0.24156700295443867,1.8511719295341773,57794180.0
-14.43431563061866,-9.662924782373356,-0.6212456704336969,4.295884418152792,-4.342788080829574,-5.016376865366576,-1.292393049618561,-0.24653029179699423,1.8487523041477818,57794198.712555066
-17.54613183719239,30.686216913474606,-0.43509583765974597,4.977062659057363,-4.234111287664912,-5.128779760637257,-1.3817918251625523,-0.25147904308690894,1.8463383701349612,57794216.80837005
20.294133862841935,59.53208338656743,-0.2653802800115488,5.590686431558432,-4.106583303705216,-5.233323280953144,-1.4706498190472723,-0.256412801155014,1.8439301551675609,57794234.90418502
14.061233957762095,65.16005923152723,-0.143467960450426,6.120017840073946,-3.960804547662981,-5.329815998416612,-1.558934748155366,-0.2613311103321421,1.8415276869174169,57794253.0
-14.496894191819534,51.859102308534005,-0.08860205747189327,6.54912206666355,-3.797375438250757,-5.418066485130021,-1.6466143293694777,-0.26623351494912323,1.8391309930564081,57794271.712555066
-25.04954782835816,28.841862632405576,-0.07465380411482156,6.8684077963600565,-3.61684605900284,-5.497933648373929,-1.7336562795722559,-0.2711195593367924,1.8367401012563285,57794289.80837005
-8.179634087562956,4.4869342491061515,-0.07565233191136767,7.081370474797062,-3.4195651527408613,-5.569477736141603,-1.8200283156463444,-0.27598878782597863,1.834355039189056,57794307.90418502
20.01121612533143,-18.054846825874503,-0.07290425425112135,7.1987830294655915,-3.2058311271082625,-5.6328093316045,-1.9056981544743923,-0.2808407447475127,1.8319758345264292,57794326.0
19.83768868344895,-36.573875155405254,-0.04977234178444325,7.2334757535550365,-2.975943598186066,-5.688039017934079,-1.990633512939044,-0.2856749744322261,1.8296025149402877,57794343.712555066
0.2930365472337869,-52.9879501896752,0.010186846687296747,7.198479644244074,-2.7302090978935847,-5.735277378301792,-2.0748021079229444,-0.2904910212109552,1.8272351081024891,57794361.80837005
-14.813571592448982,-64.16247090929431,0.12387576771718412,7.106369829810603,-2.468937304603808,-5.774634995879092,-2.1581716563087427,-0.2952884294145247,1.8248736416848552,57794379.90418502
4.267234934691968,-64.69509809066469,0.30849432634909146,6.969138527155221,-2.192414417437382,-5.80622245383744,-2.2407098749790837,-0.30006674337377054,1.8225181433592375,57794398.0
12.33735735617091,-47.431860792567655,0.564838305070377,6.797737123472391,-1.9010719580959503,-5.830150335348281,-2.3223844808166114,-0.3048255074195228,1.8201686407975008,57794415.712555066
-13.322484460363755,-9.02150736905715,0.8295938590108208,6.6014021401165435,-1.5959482999450945,-5.84652922358308,-2.403163190703976,-0.3095642658826135,1.8178251616714651,57794433.80837005
17.110347721299906,34.759408797556205,1.0235105254282326,6.388916088923191,-1.2782335292663802,-5.855469701713289,-2.4830137215238204,-0.314282563093874,1.8154877336529849,57794451.90418502
14.001856619055758,62.564155843279906,1.0682200547558534,6.168179268552415,-0.9491177323413864,-5.857082352910362,-2.5619037901587944,-0.31897994338413543,1.8131563844139151,57794470.0
16.2620407162635,60.435375908372876,0.9060603885164,5.9389020168575195,-0.6097909954516946,-5.851476414709626,-2.6398024591276656,-0.32365595108423145,1.8108311416260823,57794487.712555066
-12.749858010243413,36.02811471848962,0.551530228865043,5.678698832190042,-0.2614434048788752,-5.83875346612254,-2.716686449473078,-0.3283101305249902,1.808512032961348,57794505.80837005
-21.07779709350172,5.796210278872181,0.032834125299903996,5.364201166968923,0.09452838196782591,-5.819004636607052,-2.792542931791195,-0.33294202603724443,1.8061990860915318,57794523.90418502
-1.274191164209887,-17.460102307575717,-0.6274880193279001,4.978531404770819,0.4559014231684361,-5.792318779641737,-2.8673613526575354,-0.33755118195182665,1.8038923286885065,57794542.0
16.619499895372325,-35.61454968638904,-1.4091702522643157,4.507292450397133,0.8202462056753179,-5.7587847487051755,-2.9411311586476163,-0.3421371425995689,1.801591788424098,57794560.712555066
-7.218612062576002,-50.738852237541586,-2.292229242305835,3.9363698301998022,1.1851332164408275,-5.718491397275956,-3.0138417963369553,-0.3466994523113029,1.7992974929701577,57794578.80837005
-10.97282162006803,-60.11773590681491,-3.256681658248927,3.251649070530757,1.5481329424173267,-5.671527578832664,-3.0854827123010735,-0.3512376554178565,1.7970094699985375,57794596.90418502
11.54114552619912,-58.192981127433484,-4.250510566763231,2.439015697741939,1.9068158705571534,-5.617982146853868,-3.1560433531154866,-0.3557512962500658,1.7947277471810772,57794615.0
6.21024915166529,-36.492293213266045,-5.093564626011012,1.4843552381852723,2.258752487812696,-5.557943954818171,-3.225513165355713,-0.3602399191387601,1.792452352189593,57794632.712555066
-18.34297501894988,-0.7421370295880655,-5.573658892027676,0.3735532182126955,2.6015132811362855,-5.491501856204143,-3.2938815955972713,-0.3647030684147711,1.7901833126959787,57794650.80837005
13.484885964136495,35.988605333261795,-5.486221675339078,-0.8998915813334226,2.9326687374802884,-5.418744704490367,-3.36113809041568,-0.3691402884089288,1.7879206563720573,57794668.90418502
26.416741112816148,60.58603572283605,-4.663650130926114,-2.3055115351556914,3.2497893437970733,-5.339758157676093,-3.427275291865796,-0.3735511234520696,1.7856644108896658,57794687.0
23.32271859796698,63.14793482770097,-2.973211513754621,-3.7779689179717266,3.5504455870389857,-5.254615091843201,-3.492298623919843,-0.3779351178750193,1.7834146039206624,57794704.712555066
-29.125505902631925,48.06726648643707,-0.3834247202844299,-5.240636019920577,3.8322079541583793,-5.163385187594209,-3.55621670602939,-0.38229181600861306,1.7811712631368521,57794722.80837005
-24.893297915384387,24.377761669469308,2.7761511858417682,-6.615691591619935,4.092646932107624,-5.0661381255316735,-3.619038157645996,-0.3866207621836813,1.7789344162101302,57794740.90418502
3.850590265167805,-3.3113198277240277,6.085995484065895,-7.825314383687503,4.329333007839071,-4.962943586258126,-3.6807715982212263,-0.39092150073105497,1.7767040908123235,57794759.0
20.764296067351196,-30.173087532532982,9.126587453829886,-8.791683146740981,4.53983666830508,-4.853871250376099,-3.74142564720665,-0.3951935759815682,1.7744803146152759,57794777.712555066
-7.191311232377677,-53.407962420477595,11.478406374575675,-9.436976631398071,4.721728400458006,-4.738990798488136,-3.8010089240538245,-0.3994365322660504,1.77226311529083,57794795.80837005
-13.81044172440663,-67.82969120023354,12.721931525745184,-9.683373588276472,4.872578691250202,-4.6183719111967605,-3.8595300482143204,-0.40364991391533284,1.770052520510841,57794813.90418502
-7.3090732039463795,-67.3054335901936,12.540737959695324,-9.471746335060443,4.9902421363256115,-4.492084269104525,-3.916997639139702,-0.4078332652602486,1.767848557947121,57794832.0
11.698002323189737,-46.024341835968265,11.025209850423831,-8.823056008021048,5.073709766094456,-4.360197552813958,-3.973420316281531,-0.4119861306316266,1.765651255271557,57794850.712555066
-13.302342741786124,-6.1850678233747445,8.346531264767544,-7.798215511778754,5.122256719658535,-4.222781442927597,-4.028806699091371,-0.41610805436030046,1.7634606401559645,57794868.80837005
11.91790089878545,34.518678185662154,4.670312299544253,-6.463452301274692,5.13515813611965,-4.079905620047974,-4.083165407020791,-0.42019858077710176,1.7612767402722092,57794886.90418502
20.69789897786055,61.57502949392096,0.16216305157178415,-4.88499383145,5.111689544855573,-3.931640155053598,-4.13650505952135,-0.4242572542128632,1.7590995832921137,57794905.0
20.355364259356172,65.29952968604466,-5.010224695157444,-3.129067557245827,5.051129104549434,-3.7780577481283353,-4.188834276044617,-0.42828361899841233,1.7569291968875296,57794922.712555066
-29.49903985937212,48.46321110008839,-10.560276543501702,-1.2619009336033056,4.952761196912412,-3.619237322484099,-4.240161676042155,-0.43227721946458525,1.7547656087303294,57794940.80837005
-9.280722894901553,21.37708944306179,-15.75711295134096,0.6502785845364188,4.8159052400771225,-3.455292837754233,-4.2904958789655305,-0.43623759994220995,1.7526088464923124,57794958.90418502
26.711209704032466,-7.408840610318318,-19.759298512104206,2.541243542232207,4.639993125864176,-3.28645072726009,-4.3398455042663056,-0.44016430476212043,1.7504589378453494,57794977.0
39.21225196276903,-29.279936059409522,-21.725397819220525,4.344766484542913,4.424484474529685,-3.1129651527585165,-4.388219171396042,-0.4440568782551476,1.748315910461281,57794994.712555066
17.13469667171312,-41.66395486863537,-20.81430714470351,5.994951635111998,4.168838906329748,-2.9350902760063438,-4.435625499806311,-0.44791486475212205,1.746179792011944,57795012.80837005
-14.928121119263995,-45.56061212511302,-16.26386281167781,7.427229931921278,3.8725160415204734,-2.7530802587604115,-4.482073108948674,-0.451737808583875,1.744050610169212,57795030.90418502
-37.09173893284953,-42.03634180336045,-8.016397661893388,8.57736399153719,3.5349755003579704,-2.56718926277757,-4.527570618274693,-0.45552525408124084,1.7419283926048788,57795049.0
-33.149281438931844,-30.18001202212188,2.3332961543271944,9.381116430526152,3.155676903098335,-2.377671449814651,-4.572126647235935,-0.459276745575049,1.7398131669908459,57795067.712555066
-32.07591323784506,-11.02786947674575,12.79671499371139,9.77424986545458,2.734079869997678,-2.1847809816284895,-4.615749815283963,-0.462991827396131,1.7377049609989004,57795085.80837005
-33.80435869413002,9.516923501626229,21.385355212986614,9.691144019565924,2.271026914635088,-1.9887720199759311,-4.6584487418703455,-0.46667004387531835,1.7356038023009244,57795103.90418502
21.536283149171613,22.67488086035308,26.110713168880345,9.06064704281164,1.7728921238816124,-1.7898987266138044,-4.7002320464466445,-0.4703109393434417,1.7335097185687622,57795122.0
28.67261848822517,17.81081018813302,25.423434826429418,7.846203302964741,1.247432477931297,-1.5884152632989683,-4.7411083484644205,-0.4739140581313361,1.7314227374742295,57795139.712555066
-24.558702308236104,-5.753734076719382,19.530764583908375,6.155173612376189,0.7024049569781724,-1.3845757917882413,-4.7810862673752474,-0.4774789445698303,1.7293428866892233,57795157.80837005
7.631478717486269,-14.433517804308618,9.079096447901135,4.1308978945414605,0.14556654121627552,-1.1786344738384684,-4.820174422630682,-0.48100514298975516,1.7272701938855428,57795175.90418502
-4.550297002162689,3.8392818183651345,-4.484597332859287,1.9167160729560337,-0.41532578916035084,-0.970845471206495,-4.85838143368229,-0.4844921977219451,1.725204686735046,57795194.0
2.063115498458544,14.500529537622286,-16.810670576156937,-0.3440319288846183,-0.9725150539576715,-0.7614629456491547,-4.895715919981638,-0.4879396530972292,1.723146392909578,57795211.712555066
18.666040913699337,8.28055527612522,-24.571352104825703,-2.50800618748502,-1.518244272981643,-0.55074105892329,-4.932186500980289,-0.49134705344644086,1.721095340080984,57795229.80837005
-15.625081224122987,-9.709988819336111,-27.234098203794957,-4.431866779349701,-2.0447564660382396,-0.3389339727857356,-4.967801796129808,-0.4947139431004095,1.7190515559211026,57795247.90418502
-20.528601214947628,-22.995172662969576,-24.863682544868905,-5.99885350085404,-2.544294652933413,-0.12629584899333715,-5.00257042488176,-0.49803986638996817,1.7170150681017813,57795266.0
-21.72780330332779,-18.062250479112837,-17.76019466562445,-7.198525027856929,-3.009101853473133,0.08691915069707526,-5.036501006687709,-0.5013243676459483,1.7149859042948978,57795283.712555066
4.763553752496752,1.664771002608322,-7.563683364792924,-8.04701975608812,-3.4314210874633546,0.30045686452865716,-5.069602160999221,-0.5045669911991815,1.712964092172228,57795301.80837005
20.366340108221898,25.95391488388873,3.744167813638063,-8.560476081277368,-3.8034953747100415,0.5140631307445663,-5.101882507267857,-0.5077672813804985,1.71094965940567,57795319.90418502
33.94426056635439,43.882997619612354,14.181675325680901,-8.755032399154421,-4.117567735019159,0.7274837875879708,-5.133350664945186,-0.5109247825207315,1.7089426336670281,57795338.0
23.40732978822526,46.79735380583889,21.767155627347936,-8.64515095410632,-4.367557339539357,0.9404646733020235,-5.164015253482768,-0.5140390389507112,1.7069430426282222,57795356.712555066
-27.401274353099943,36.322171617825575,25.0012213837195,-8.238376339825079,-4.554301010114363,1.1527516261298938,-5.193884892332171,-0.5171095950012713,1.704950913961014,57795374.80837005
-27.451949936164528,16.555517176166855,24.314671187372696,-7.540725908587823,-4.681175854144698,1.3641024372315698,-5.22296820094496,-0.520135995003242,1.702966275337289,57795392.90418502
1.3669927981118952,-9.232450265234498,20.632742540444447,-6.570146667839254,-4.751819836022527,1.5743227094343668,-5.251273798772697,-0.5231177832874542,1.70098915442888,57795411.0
16.412958983719935,-34.097861847385886,14.914227378662751,-5.378140058615181,-4.769897235656638,1.783244361082224,-5.278810305266946,-0.5260545041847401,1.6990195789076419,57795429.712555066
8.988653459346658,-55.2049777359912,8.126055973347109,-4.024345857542878,-4.7391385615771275,1.9907655391403951,-5.305586339879273,-0.5289457020259317,1.6970575764454017,57795447.80837005
-5.379105750029442,-67.49335645304573,1.2351585958170308,-2.5684038412496455,-4.663323797802413,2.1968338660624482,-5.331610522061244,-0.5317909211418586,1.6951031747140086,57795465.90418502
-3.9977571499216027,-64.4924363966973,-4.937187575963781,-1.0699537863627406,-4.5462417065730385,2.401405742524076,-5.356891471264422,-0.5345897058633549,1.6931564013853175,57795484.0
6.0914582828739166,-39.68646199521078,-10.139415862631525,0.41136453049054506,-4.391681050129544,2.604437569200974,-5.381437806940371,-0.5373416005212504,1.6912172841311799,57795501.712555066
-9.992329350120567,4.329384838893326,-14.214005178885284,1.8159113326829261,-4.2034305907124745,2.8058857467688365,-5.405258148540657,-0.5400461494463783,1.689285850623429,57795519.80837005
-8.26485236752167,46.103198738410235,-16.990532564601008,3.0840468435871276,-3.985279090562378,3.005706675903359,-5.428361115516841,-0.5427028969695694,1.6873621285339055,57795537.90418502
25.366723601696247,69.5519836464929,-18.300964108326948,4.158520335248207,-3.741015311919787,3.2038567572802337,-5.45075532732049,-0.545311387421654,1.6854461455344716,57795556.0
29.563104404578958,63.83886205957191,-18.065287498408484,5.002723650210566,-3.4744280170252426,3.4002923915751624,-5.472449403403174,-0.5478711651334641,1.6835379292969388,57795573.712555066
-34.299368232921836,32.06021971236319,-16.519741092294318,5.626783182930698,-3.1893059681193012,3.5949699794638317,-5.493451963216446,-0.5503817744358337,1.6816375074931662,57795591.80837005
1.8434396031170972,-3.7668128190910695,-13.979028652540865,6.051911703675009,-2.8894379274424944,3.7878459216219404,-5.51377162621188,-0.5528427596595926,1.6797449077950135,57795609.90418502
19.43655999132701,-29.56341612345672,-10.757853941704571,6.299321982709914,-2.5786126572353707,3.9788766187251863,-5.533417011841038,-0.5552536651355697,1.6778601578743164,57795628.0
33.679079487786424,-45.562820266846856,-7.170920722341848,6.3902270885142585,-2.2606192179508975,4.1680184714492565,-5.55239673955548,-0.5576140351946013,1.675983285402908,57795646.712555066
24.285700647725957,-53.886306314526735,-3.5329327570091196,6.345802128662383,-1.9392087091375494,4.3552278804698545,-5.57071942880678,-0.5599234141675161,1.6741143180526576,57795664.80837005
-3.7687289294634465,-54.8593367615665,-0.14837942261815087,6.187279604199748,-1.6181896238149156,4.540461246462666,-5.588393699046489,-0.5621813463851466,1.6722532834953971,57795682.90418502
-19.499460938334114,-48.92659650034204,2.7602085951682525,5.936677388449779,-1.3021558272805496,4.723674970103398,-5.6054281697261885,-0.5643873761783244,1.6704002094029544,57795701.0
-10.549259215358168,-36.81158226163526,5.1449195910130605,5.616105804731454,-0.995793634827554,4.904825452067732,-5.621831460297428,-0.5665410478778796,1.668555123447195,57795718.712555066
-3.591563677068262,-20.446662844837725,6.998943008249524,5.247644861293736,-0.7037590466790263,5.08386909303137,-5.637612190211779,-0.5686419058146442,1.6667180532999686,57795736.80837005
0.1562453041816545,-2.1521655935198,8.31546829021093,4.853374566385597,-0.43070806305806725,5.260762293670012,-5.65277897892081,-0.5706894943194528,1.6648890266330942,57795754.90418502
2.71567410610441,15.707226398681437,9.087684880230501,4.455374928256012,-0.18129668418777534,5.435461454659341,-5.667340445876076,-0.5726833577231335,1.6630680711184447,57795773.0
-1.8963909516182462,29.666438096159947,9.307880527632909,4.076264978011712,0.040181760859607105,5.607922976675058,-5.681305210529146,-0.5746230403565186,1.6612552144278465,57795790.712555066
2.73180292978909,33.56872698421606,8.96943347067298,3.734760751888671,0.23224644895237767,5.778103260392859,-5.694681892331585,-0.5765080865504401,1.6594504842331381,57795808.80837005
-1.4628456928291562,28.28563775989204,8.100276343644799,3.425851019792365,0.3992564574391767,5.945958706488437,-5.707479110734957,-0.5783380406357295,1.6576539082061854,57795826.90418502
-6.593189386207587,19.260340123053027,6.799707166563245,3.138345689402299,0.5470524609299164,6.111445715637488,-5.719705485190828,-0.5801124469432177,1.6558655140188145,57795845.0
-3.309329717275063,11.026097743569398,5.183690989632242,2.861033008308457,0.6814967941240354,6.274520688515704,-5.731369635150761,-0.5818308498037376,1.6540853293428803,57795862.712555066
9.450673373710952,2.321873664640119,3.3681928630557265,2.583429249241239,0.8077237665805465,6.435140025798781,-5.742480180066319,-0.5834927935481187,1.652313381850231,57795880.80837005
8.952137009977571,-6.532518134020423,1.469177837037641,2.29783852711993,0.9280798456695862,6.5932601281624175,-5.753045739389069,-0.5850978225071956,1.650549699212702,57795898.90418502
-0.741127317102284,-13.334345440843633,-0.397389038218096,1.997259846438172,1.0442166091869285,6.748837396282304,-5.763074932570575,-0.5866454810117977,1.6487943091021409,57795917.0
-8.642828273614409,-15.667716286802218,-2.1155427125075486,1.674692211689602,1.157785634928359,6.901828230834136,-5.7725763790624,-0.5881353133927577,1.6470472391903885,57795935.712555066
-5.625226638164542,-12.015837329071617,-3.5706807969040866,1.3231346273678557,1.2704385006896566,7.052189032493613,-5.781558698316113,-0.5895668639809043,1.6453085171492938,57795953.80837005
5.1728334818595645,-5.146421650936077,-4.653651547590289,0.9355860979665646,1.3838267842666079,7.1998762019364255,-5.790030509783276,-0.5909396771070724,1.6435781706507095,57795971.90418502
4.903998867757888,1.8621770369097506,-5.2566658820260335,0.5050456279793699,1.4996020634549911,7.344846139838265,-5.798000432915449,-0.5922532971020922,1.6418562273664676,57795990.0
-2.9932703663272826,6.251589390928899,-5.2761058295242975,0.028683333753004088,1.6194159160505857,7.487055246874829,-5.8054770871642,-0.5935072682967949,1.640142714968416,57796008.712555066
-0.8493691796277665,6.978644340958502,-4.626784033579011,-0.47790005418484804,1.7449199198491734,7.626459923721823,-5.8124690919811,-0.5947011350220134,1.6384376611284004,57796026.80837005
1.9820011935970878,5.548127972112243,-3.291415096860668,-0.9879480263789584,1.8777656526465467,7.76301657105492,-5.8189850668176994,-0.5958344416085776,1.6367410935182638,57796044.90418502
-2.5556574490767514,3.6508847586645548,-1.4814445098044509,-1.4729579066054619,2.019604692238476,7.8966815895498375,-5.825033631125578,-0.5969067323873202,1.6350530398098517,57796063.0
0.4890040948330496,0.8904236502325221,0.5349360569054529,-1.9044270186405152,2.172088616420747,8.027411379882258,-5.830623404356292,-0.5979175516890721,1.633373527675009,57796080.712555066
5.536262813200111,-1.5026481889580554,2.489534932584849,-2.2538526862602715,2.3368690029891406,8.155162342727877,-5.835763005961405,-0.5988664438446664,1.6317025847855828,57796098.80837005
4.322727429443878,-2.229169034424567,4.135363650746898,-2.491507531273145,2.5143727277717076,8.279890878762393,-5.840461055392488,-0.5997529531849308,1.6300402388134128,57796116.90418502
-1.930954618731912,-1.3496501619302719,5.284809530866358,-2.5828174420171246,2.700179933126062,8.401553388661496,-5.844726172101093,-0.6005766240407009,1.6283865174303456,57796135.0
-9.455921304520366,0.37609018277215484,5.669714973304231,-2.492819377946224,2.8894818325258576,8.520106273100884,-5.848566975538798,-0.6013370007428065,1.6267414483082265,57796153.712555066
9.314878945005523,1.7200124386377125,5.0104583919070365,-2.2031365060663983,3.0800828026833744,8.635505932756255,-5.851992085157166,-0.602033627622081,1.6251050591189025,57796171.80837005
8.04050302984443,-0.196895772595074,3.1914910679192907,-1.752116393761569,3.2706194434356743,8.747708768303298,-5.855010120407754,-0.602666049009353,1.6234773775342164,57796189.90418502
-0.15981796135438037,-3.057047078417482,0.5439600874780288,-1.192130839639665,3.459779541530527,8.856671180417711,-5.85762970074213,-0.6032338092354558,1.6218584312260058,57796208.0
-4.710179372469376,-3.44774172393787,-2.492806773134909,-0.5755516423086292,3.6462508837157097,8.962349569775183,-5.859859445611857,-0.6037364526312193,1.6202482478661246,57796225.712555066
-1.5338387534851394,0.7757338447265865,-5.38638609052275,0.04524939962361291,3.828721256738998,9.064700337051418,-5.861707974468503,-0.6041735235274793,1.6186468551264148,57796243.80837005
2.097876219691834,6.0528173589208505,-7.231971852828928,0.6179004875491045,4.005878447348164,9.163679882922107,-5.863183906763632,-0.604544566255061,1.6170542806787211,57796261.90418502
-1.2666852425424542,7.290175756572442,-7.037531003412455,1.0958984251904067,4.176410242291001,9.259244608062943,-5.864295861948809,-0.6048491251448008,1.615470552194884,57796280.0
-3.162955024269147,0.4014747143165095,-4.2277745717247734,1.4564747981320598,4.3390044283152545,9.351350913149624,-5.865052459475595,-0.6050867445275296,1.6138956973467569,57796297.712555066
8.053819760017515,-10.161838243876783,0.19363910337011905,1.6837712844491983,4.492348792168728,9.43995519885784,-5.865462318795554,-0.605256968734078,1.6123297438061752,57796315.80837005
-2.2002240044540016,-7.6481037249469646,4.8273248416551695,1.7621899347570307,4.635131120599175,9.525013865863293,-5.865534059360255,-0.6053593420952764,1.6107727192449863,57796333.90418502
-18.085114571762208,4.210822861803589,8.264068804583127,1.6774106016981079,4.764761398327055,9.606483314841675,-5.865276300621265,-0.605393408941958,1.6092246513350361,57796352.0
21.227774791931108,12.741265683738277,9.092199989024271,1.4195855351084397,4.8741772128793,9.684319946468676,-5.864697649379281,-0.60535872625581,1.6076855677481718,57796369.712555066
-21.931259217752245,3.6551707916595664,6.435503357191667,0.9910860326224721,4.957593593419011,9.758480161419996,-5.863806622034421,-0.6052549414191226,1.6061554961562352,57796387.80837005
6.202724741377287,-8.4306644293075,1.5595877326697516,0.44763053869707126,5.0098643800251255,9.828920360371333,-5.8626115631471905,-0.6050818736537836,1.604634464231066,57796405.90418502
12.084213784897173,-11.816370022203175,-3.734482095614178,-0.14156601277636316,5.025842871046361,9.895597485728596,-5.861120695618638,-0.6048394638411342,1.6031224996445164,57796424.0
13.398678171227633,-8.582639048805586,-7.857847662837726,-0.7072886879064242,5.000380900812638,9.958469943916528,-5.859341914900741,-0.6045279803115978,1.601619630068433,57796442.712555066
2.0357041152799704,-2.049651795504767,-10.152195436057653,-1.180322552801705,4.928316454081085,10.017509990932648,-5.857283034583209,-0.6041477732578606,1.6001258831746474,57796460.80837005
-7.259227765251756,3.6745953144700843,-10.498296748274326,-1.4914526735707807,4.80442374070697,10.072753657676312,-5.854951868255748,-0.6036991928726142,1.5986412866350175,57796478.90418502
-1.6380417880493472,6.08793782872531,-8.841798790483839,-1.5883078937862034,4.623460851094624,10.124253094497842,-5.852356229508058,-0.6031825893485506,1.5971658681213814,57796497.0
-1.5681014986128994,7.070997922685545,-5.060973643826472,-1.4872080161814145,4.381501724953442,10.172060451747576,-5.849503931929848,-0.6025983128783579,1.5956996553055858,57796515.712555066
7.826393247068778,2.19822776499547,0.653474605290113,-1.2273683772065134,4.080672058245537,10.216227879775852,-5.846402789110829,-0.601946713654726,1.594242675859473,57796533.80837005
5.201040700210121,-5.506256302848304,6.644595990403084,-0.8524735987461343,3.727566832367549,10.256807528933003,-5.843060614640704,-0.6012281418703456,1.5927949574548927,57796551.90418502
-9.799262286763703,-7.111448744097205,10.563983748586908,-0.40699666171727134,3.3295693877484696,10.29385154956936,-5.839485222109173,-0.6004429477179077,1.5913565277636808,57796570.0
-3.758586413687093,2.2164378144978487,11.15264983267511,0.06458945296309514,2.8940630648173036,10.327412092035257,-5.83568442510595,-0.5995914813901011,1.5899274144576885,57796587.712555066
8.679147010610539,8.993901237445213,8.586140347496992,0.5216737301179344,2.4284312040030445,10.357541306681023,-5.831666037220737,-0.5986740930796166,1.5885076452087639,57796605.80837005
-7.216533185491502,0.6477656505430986,3.5671991364234064,0.939536077431286,1.9396140858335114,10.384291343857003,-5.827437872043242,-0.5976911329791447,1.5870972476887413,57796623.90418502
6.17282479016718,-11.436604055249198,-2.2387156518569427,1.299090607931838,1.4327797512318297,10.407714353913518,-5.8230077431631635,-0.5966429512813745,1.5856962495694722,57796642.0
-6.473464972793914,-10.991618712467988,-7.074857442618849,1.581694494549465,0.9126531812199492,10.42786248720091,-5.81838346417022,-0.5955298981789962,1.5843046785227977,57796659.712555066
8.2715268499702,-7.0044818188385625,-10.0166826306736,1.7689769668157678,0.38368730021808123,10.444787894069513,-5.81357284865411,-0.594352323864701,1.5829225622205685,57796677.80837005
6.253310896459985,-4.858599782514365,-11.213124863059814,1.8437748906055969,-0.15087260369680042,10.458542724869655,-5.808583710204541,-0.5931105785311779,1.5815499283346217,57796695.90418502
-2.1018405203891484,-2.291894487958951,-11.049691419090118,1.7949156247672053,-0.6879785057719743,10.46917912995167,-5.803423862411214,-0.5918050123711183,1.5801868045368082,57796714.0
-15.100367215871877,3.8991146145942364,-9.935620745482412,1.632831224474254,-1.2224559101748471,10.476749259665901,-5.79810111886385,-0.5904359755772096,1.57883321849897,57796732.712555066
15.08911815164446,13.21830671398439,-8.288177513838452,1.3752829410598115,-1.748433292348383,10.481305264362662,-5.792623293152134,-0.5890038183421465,1.5774891978929455,57796750.80837005
-13.293771928759009,12.741391620309964,-6.438117439276379,1.0405541257402176,-2.2600029788101317,10.482899294392311,-5.786998198865789,-0.5875088908586151,1.576154770390591,57796768.90418502
10.519162708376886,2.6394595193954125,-4.406567981018383,0.646928129731773,-2.751257296077618,10.481583481801827,-5.781233631291178,-0.5859515433193058,1.5748299636637413,57796787.0
-7.888089355763567,-7.129392624859244,-2.282151654087332,0.21268830425080007,-3.21628857066839,10.477408013195788,-5.775335440272234,-0.5843321259169113,1.5735148053842483,57796804.712555066
6.075173814894799,-9.849499410171626,-0.19213153877933123,-0.24388199948638495,-3.649189129099976,10.470415661908147,-5.769302062382302,-0.5826509888441187,1.5722093232239491,57796822.80837005
-5.075838539271106,-2.5039792813645074,1.7680036704129163,-0.7044994302634625,-4.044051297889917,10.460647704840953,-5.7631304377627925,-0.5809084822936202,1.5709135448546936,57796840.90418502
4.498988361710817,5.577238753930546,3.6298628222103204,-1.1508806368641182,-4.394967403555748,10.448145512845516,-5.756817600504395,-0.5791049564581079,1.5696274979483296,57796859.0
-3.987146365440588,6.247373285531812,5.45682915113719,-1.564742268072032,-4.6960297726150175,10.432950456773176,-5.75036058469781,-0.5772407615302654,1.5683512101766954,57796876.712555066
-1.461403899530096,2.590691582369343,7.266535428129688,-1.9278009726708873,-4.941330731585249,10.415103907475237,-5.743756424433727,-0.5753162477027882,1.5670847092116367,57796894.80837005
0.8436156925245156,-0.9154342441611568,8.89361256977133,-2.2217733994443645,-5.124962606983987,10.394647235803035,-5.737002153802848,-0.5733317651683657,1.5658280227249999,57796912.90418502
1.780191955102351,-2.6899312303727254,10.126941029057484,-2.4283761971761515,-5.241017725328764,10.371621812607891,-5.730094806895867,-0.5712876641196878,1.5645811783886268,57796931.0
1.3915249549878,-2.774506721653126,10.794828045652961,-2.529212505215733,-5.283701922571322,10.346069008741134,-5.723031417803479,-0.5691842947494419,1.5633442038743657,57796948.712555066
0.6771210198351374,-2.1814882837953067,10.899689713045,-2.508029601463147,-5.2493336216464765,10.318027026300593,-5.715809020616377,-0.5670220072503215,1.5621171268540575,57796966.80837005
-0.02639915818183742,-1.5089776735778577,10.552963706589038,-2.362437518779488,-5.141040570916195,10.287521392370227,-5.708424649425263,-0.5648011518150163,1.5608999749995505,57796984.90418502
0.1250117978106918,-1.1119206206369197,9.897684597099492,-2.106978703297133,-4.96385554401911,10.254574465280498,-5.700875338320832,-0.5625220786362135,1.5596927759826849,57797003.0
-0.14910137891955166,-0.8683358773836306,9.06503280002545,-1.7597791603944535,-4.722872933601449,10.219208603361864,-5.693158121393774,-0.5601851379066078,1.5584955574753117,57797021.712555066
0.06535799438730162,-0.633361096373127,8.129556681467854,-1.338964895449822,-4.423187132309435,10.181446164944793,-5.685270032734789,-0.5577906798188861,1.5573083471492688,57797039.80837005
-0.09410905242100073,-0.46753948843055304,7.132971818709777,-0.8626619138416103,-4.069892532789298,10.14130950835975,-5.6772081064345725,-0.5553390545657386,1.5561311726764049,57797057.90418502
0.019417082327812946,-0.3630703356063453,6.106591288435053,-0.3489962209481909,-3.6680835276872505,10.098820991937194,-5.668969376583821,-0.5528306123398565,1.554964061728564,57797076.0
-0.0105140190500279,-0.25852648220522956,5.076873748937858,0.1839061778520634,-3.222854509649535,10.0540029740076,-5.660550877273228,-0.5502657033339298,1.5538070419775882,57797093.712555066
-0.014152888298247103,-0.15877517379294542,4.048101373833326,0.7179192771807811,-2.7392998713223657,10.00687781290142,-5.651949642593486,-0.547644677740649,1.5526601410953236,57797111.80837005
0.01531059678310386,-0.11238103043202245,3.015829057289712,1.2349170716595925,-2.222514005351966,9.957467866949127,-5.643162706635301,-0.5449678857527023,1.551523386753614,57797129.90418502
-0.001246829922733489,-0.05874885384370812,1.9930662634507015,1.7167735559101227,-1.6775913043845772,9.905795494481188,-5.63418710348936,-0.5422356775627811,1.5503968066243068,57797148.0
-0.0020207288595966186,-0.07831779646923584,1.0025001015070303,2.1453627245540012,-1.109626161066407,9.85188305382806,-5.625019867246363,-0.5394484033635762,1.5492804283792465,57797166.712555066
0.007604466077589553,-0.07666674127481449,0.0787892846255116,2.5025585722128563,-0.5237129680436865,9.795752903320208,-5.615658031997004,-0.536606413347776,1.5481742796902733,57797184.80837005
0.009242178129475436,-0.08908087705161026,-0.7467568233016643,2.7703298914723176,0.07505388203735334,9.737427401288102,-5.606098631831979,-0.5337100577080733,1.547078388229239,57797202.90418502
-0.09099467019734016,-0.12047614040857214,-1.4526630651814387,2.9328989282631626,0.6816449985363081,9.676928906062201,-5.596338700841985,-0.530759686637155,1.5459927816679766,57797221.0
