IMF_1,IMF_2,IMF_3,IMF_4,IMF_5,IMF_6,IMF_7,IMF_8,IMF_9,timestamp
-0.023580960160692797,-0.00421273663898045,-0.009036518795298838,-0.00012625245228804183,0.0009443920663866571,0.0008641702337063662,0.0076416620537393,0.0006097075342230943,0.014078316365491485,16232.735728346455
0.021951019827573887,0.003672725745963423,-0.0003946637913688253,1.2345146799630208e-05,0.0009548608989425558,0.0008443406228665832,0.007669043660910588,0.0006107119211048269,0.01407739617349526,16250.823818897636
-0.001196942147361569,0.0020507351897489415,0.0075667960755851004,0.00012157426337562089,0.0009034094407972211,0.0008189741826892961,0.007695235466659822,0.0006115491171912906,0.014076448617602171,16268.91190944882
-0.01454427978930894,-0.00358905845885916,0.012246245670570258,0.00019572574087825602,0.0007853785114716904,0.0007878666318854781,0.0077202103056737605,0.0006122178113984586,0.014075473782576663,16287.0
0.01105189834151853,-0.004407818334277457,0.011563105898714822,0.00022777421983726997,0.0006029017038544427,0.0007507855678145389,0.007743944362998857,0.0006127166926422552,0.014074471753183212,16304.735728346455
-0.001819593006717841,0.0035853525226190136,0.004738007065359109,0.00022600338553344345,0.0003646107639503338,0.0007074969300232918,0.007766415481494158,0.0006130444498386627,0.014073442614186292,16322.823818897636
-0.008978793383734451,0.005709374289330854,-0.0042480412441195685,0.00019825285887843544,8.503330160030695e-05,0.0006577666580585198,0.007787601504018741,0.0006131997719036146,0.014072386450350369,16340.91190944882
0.010597914092889472,-0.006718672766924046,-0.011006845966199427,0.00015112624249407096,-0.00022006705506486375,0.0006013606914669904,0.0078074802734316336,0.0006131813477530597,0.014071303346439929,16359.0
-0.012810822928608837,-0.007534623886234354,-0.012683329295866167,9.122713900220865e-05,-0.0005349266779144958,0.000538044969795511,0.007826029632591961,0.0006129878812833544,0.014070193372239012,16376.735728346455
0.013941859872833131,0.009295295567554908,-0.00797915456249705,2.6073736342584596e-05,-0.0008437819388178305,0.00046758543259087373,0.007843227424358756,0.0006126181363125165,0.01406905653761004,16394.82381889764
-0.013210067659057665,0.009598808268739451,0.00013630300245721453,-3.315743627330487e-05,-0.0011308692096441272,0.0003897480193998521,0.007859051491591077,0.0006120708916389903,0.014067892837434978,16412.91190944882
0.011299965941098614,-0.005837145385455203,0.00817593423764767,-7.437526431615927e-05,-0.0013804248622627034,0.0003042986697692688,0.007873479677147984,0.000611344926061226,0.014066702266595812,16431.0
-0.009543080293001209,-0.011558842350238897,0.013495459765841045,-8.54886332565926e-05,-0.0015766852685427516,0.0002110033232458731,0.007886489823888562,0.00061043901837764,0.014065484819974532,16449.735728346455
0.00875121681034261,-0.004100079357485326,0.014251655848461008,-5.437539809885612e-05,-0.0017039178308200006,0.00010962791937647842,0.00789805977467185,0.0006093519473866641,0.014064240492453143,16467.82381889764
-0.008885200209381407,0.007219012910230771,0.011066470223132976,2.2122777351529943e-05,-0.0017467830359125518,-6.160229213234948e-08,0.007908167372356943,0.0006080824918867303,0.01406296927891361,16485.91190944882
-0.007343686448481342,0.013891647760403062,0.0052132318463467605,0.00011259374777037817,-0.0016928515941837439,-0.00011824617028432542,0.007916790459802888,0.0006066294306762916,0.014061671174237924,16504.0
-0.0017032061457640515,0.012963746773592903,-0.0019964725627014787,0.00018437859178394803,-0.0015381162056294626,-0.00024479484072597067,0.00792390687986873,0.0006049915425537832,0.014060346173308067,16522.735728346455
0.011562234827226485,0.004296669685418034,-0.009135452807124722,0.0002099282129979867,-0.001284129905886108,-0.0003791261590820585,0.007929494475413565,0.0006031676063176276,0.014058994271006013,16540.82381889764
-0.01246534100780604,-0.009299153031180623,-0.014747617820613344,0.00016357100891669694,-0.0009344225691714667,-0.0005205593261345658,0.007933531089296429,0.0006011564007662536,0.014057615462213789,16558.91190944882
0.013476634016397513,-0.016009836048814938,-0.01737687653685767,2.4755297318111472e-05,-0.0004976439899772279,-0.000668413542665476,0.007935994263592316,0.0005989570054822158,0.014056209741813352,16577.0
-0.015101740196750379,-0.010454722297119244,-0.016002167544759947,-0.00021607991587082288,1.2291025133356123e-05,-0.0008220080094567447,0.00793686006542903,0.0005965699749951676,0.014054777104686673,16594.735728346455
0.01698632688092072,0.0005793705860586481,-0.011342548054069847,-0.000542212074246747,0.0005780868234294109,-0.0009806619272903245,0.007936103173907805,0.0005939972518613945,0.014053317545715765,16612.82381889764
0.02074969897243966,0.011515855747144681,-0.004552104929748959,-0.00092745334867987,0.0011787081555310244,-0.0011436944969482473,0.007933697996319157,0.0005912410504478832,0.014051831059782601,16630.91190944882
-0.01980364347285742,0.01795902960625408,0.0032150749632411818,-0.0013428365201219414,0.001790340382139672,-0.0013104249192124173,0.007929618939953618,0.0005883035851215815,0.014050317641769177,16649.0
-0.027410671486220124,0.015617927804611343,0.010768117019420605,-0.0017586446441354513,0.0023884191385677082,-0.0014801723948648538,0.00792384041210174,0.0005851870702494608,0.014048777286557462,16666.735728346455
0.02961208373911219,0.002758273384143836,0.016867019394592266,-0.002144901683096253,0.002948120966940758,-0.0016522561246875098,0.007916336820054068,0.000581893720198447,0.014047209989029464,16684.82381889764
-0.030095099683974162,-0.013063327072251229,0.020627087397466423,-0.00247424740987044,0.003447238219874729,-0.0018259953094623472,0.007907082571101124,0.0005784257493355395,0.014045615744067142,16702.91190944882
-0.01374585703078201,-0.020455377316844468,0.021261650060109927,-0.0027214702288567254,0.0038657118815181232,-0.0020007091499713485,0.007896052072533459,0.0005747853720276733,0.014043994546552504,16721.0
0.014621552001904412,-0.01938064312484825,0.018153794202718176,-0.0028621458481952453,0.004186398896052936,-0.0021757168469964797,0.0078832197316416,0.0005709748026418262,0.014042346391367536,16738.735728346455
0.020419304569257283,-0.013790573326040315,0.011542338222931606,-0.002868071196994848,0.004396892053798318,-0.002350337601319726,0.007868559955716111,0.0005669962555449393,0.014040671273394202,16756.82381889764
-0.01482191638437274,-0.005494310683525503,0.0025426600062415762,-0.0027219811330771587,0.00449788611122685,-0.0025239259948717004,0.007852047152047511,0.0005628519451039846,0.014038969187514511,16774.91190944882
0.0029544199129080168,0.010429601724348583,-0.007339310074156761,-0.00240992803725446,0.00449351718743615,-0.00269596044921739,0.007833655727926346,0.0005585440856859092,0.014037240128610433,16793.0
0.0077955520630839025,0.023372504738052118,-0.015742233393975912,-0.0019179931359153393,0.004387914888407571,-0.002865884027229223,0.007813360090643156,0.0005540748916576941,0.014035484091563967,16811.735728346455
-0.010727585851667998,0.017700254513379834,-0.02054798212445104,-0.0012322576554483471,0.004185191135162124,-0.0030331221068192666,0.00779113464748847,0.0005494465773862713,0.014033701071257086,16829.82381889764
0.022780733788617013,-0.010506334898470823,-0.021466679870000376,-0.0003388028222420452,0.0038894578487208863,-0.0031971000658997193,0.007766953805752858,0.0005446613572386277,0.01403189106257178,16847.91190944882
0.022948646417705745,-0.023585294401816292,-0.01864990385067257,0.0007606808946495897,0.003504826950104936,-0.0033572432823826513,0.007740791972726842,0.0005397214455816862,0.014030054060390046,16866.0
-0.04379989124695873,-0.01137583288387837,-0.012550437616619418,0.0020020660555113007,0.003035410360335239,-0.003512977134180149,0.007712623555700898,0.0005346290567824613,0.01402819005959386,16883.735728346455
0.0534360290047817,0.014942462478461595,-0.005060028678385563,0.0033056159779623045,0.002485320000432939,-0.003663726999204407,0.007682422961965688,0.0005293864052078424,0.014026299055065219,16901.82381889764
-0.019975840622324523,0.021431803814495432,0.0015659321527198523,0.004591593979621948,0.0018586677914190313,-0.0038089182553674903,0.007650164598811652,0.0005239957052248621,0.014024381041686063,16919.91190944882
-0.03808469356425432,0.011223649456559428,0.0056447535030714055,0.005780263378109533,0.001159565654314565,-0.0039479762805815334,0.0076158228735293855,0.0005184591712004312,0.014022436014338438,16938.0
-0.054372464282993534,-0.0034105989877391096,0.007784541749778901,0.006791887491044377,0.00039212551014060956,-0.004080326452758662,0.00757937219340939,0.0005127790175015276,0.014020463967904311,16955.735728346455
-0.017585363928960915,-0.012616462660043678,0.00916610270763596,0.0075462191278469854,-0.00043903021188300846,-0.004205394149811006,0.007540786965742257,0.0005069574584950952,0.01401846489726564,16973.82381889764
0.012128133631717811,-0.014779199986287938,0.010970242191436223,0.007960034370576727,-0.0013263023551753027,-0.004322604749650662,0.007500041597818476,0.0005009967085481184,0.01401643879730444,16991.91190944882
0.02672428663308591,-0.009543905872019209,0.01377987039541325,0.007944363537494859,-0.0022563459993571976,-0.00443138363018973,0.007457110496928597,0.000494898982027529,0.014014385662902697,17010.0
-0.016532629947936122,0.0022458905165844483,0.015786315031560593,0.007403316342956021,-0.003208895620142888,-0.004531156169340373,0.0074119680703631655,0.0004886664933003109,0.014012305488942379,17028.735728346455
-0.00031467498495913696,0.008638389484428752,0.014545934257788527,0.006276579957502899,-0.004162189215911516,-0.004621347745014684,0.007364588725412727,0.00048230145673341446,0.014010198270305491,17046.82381889764
0.0024516133864730194,0.0051018149287649205,0.008439246167509707,0.00465213728577161,-0.005094464785042198,-0.004701383735124772,0.0073149468693677975,0.0004758060866938054,0.014008064001874003,17064.91190944882
-0.0007317683380561823,-0.0038874665626747883,-0.0003004824010038217,0.002655045165921437,-0.005983960325914007,-0.004770689517582779,0.007263016909518943,0.00046918259754842487,0.01400590267852991,17083.0
0.001809792426651344,-0.004643160161361174,-0.008467528939884401,0.0004103604361117751,-0.006808913836906084,-0.004828690470300823,0.0072087732531567065,0.00046243320366423846,0.014003714295155198,17100.735728346455
-0.009829878575907324,0.004425796186581394,-0.012251151324910926,-0.0019568600654980926,-0.007547563316397509,-0.004874811971191028,0.007152190307571626,0.00045556011940820574,0.014001498846631844,17118.82381889764
0.020566233938972757,-0.0010977122168938772,-0.007722193539137849,-0.004303986182764676,-0.008178146762767425,-0.004908479398165468,0.007093242480054203,0.0004485655591473045,0.013999256327841849,17136.91190944882
-0.030461284381198703,-0.006016739142657931,0.0006795758724727413,-0.0064180944876081275,-0.008678902174394904,-0.004929118129136307,0.007031904177895007,0.0004414517372484729,0.013996986733667192,17155.0
0.037858014383141014,0.004497020124038032,0.007678594289294983,-0.00806868823396448,-0.009028067549659062,-0.004936153542015666,0.006968149808384582,0.0004342208680786766,0.01399469005898985,17172.735728346455
-0.0045023485746516975,0.009472026723472486,0.010372069391381675,-0.009025270675769768,-0.009203880886939018,-0.004929015872475529,0.006901958636573352,0.0004268751660048934,0.01399236629869181,17190.82381889764
-0.022412162340857432,0.006637283928839463,0.00732375690119265,-0.009125124962645566,-0.009184527118328088,-0.004907211502381007,0.006833333007419057,0.00041941684539404,0.013990015447655078,17208.91190944882
-0.04139051885134079,-0.002225918535785904,0.0008235485226320736,-0.008469764410256143,-0.008954745756899233,-0.004870601906296073,0.006762295522858415,0.0004118481206131249,0.013987637500761608,17227.0
-0.014943833583608223,-0.014034721504358754,-0.005907130045034816,-0.007200924563153262,-0.008526290633930948,-0.004819598771238834,0.006688875648689786,0.0004041712060290769,0.01398523245289342,17244.735728346455
0.03312174678533161,-0.017622534611336733,-0.009646853102542778,-0.0054534515491891505,-0.007917682426824538,-0.004754737158552543,0.006613103654459929,0.00039638831600888016,0.013982800298932457,17262.82381889764
-0.027594407946688448,-0.004299064132505645,-0.008172259509109065,-0.0033683467712435087,-0.007147441812981336,-0.004676552129580459,0.006535009809715698,0.0003885016649194513,0.013980341033760741,17280.91190944882
0.021760896966675818,0.014829038041873955,-0.00325224635788093,-0.0011112327323057922,-0.006234089469802634,-0.0045855804449803006,0.006454626083318307,0.0003805134671277926,0.01397785465226025,17299.0
0.015720044084664944,0.02153715204216034,0.002346224699511917,0.0011461127896070721,-0.0051961460746897436,-0.004482366624715881,0.006371992203435103,0.0003724259370008392,0.013975341149312981,17317.735728346455
-0.010530023544447138,0.01419646424719072,0.006365825273920472,0.0032319120164781955,-0.004052132305043992,-0.004367460736258803,0.006287153445741266,0.0003642412889055597,0.013972800519800897,17335.82381889764
0.006052717214796302,0.0019613541541956886,0.008586953770624402,0.004974387170290658,-0.002820568838266697,-0.00424141380912893,0.006200156047960173,0.00035596173720890754,0.013970232758606005,17353.91190944882
-0.0031880288520483176,-0.00642888863019547,0.00929641683540603,0.006201760473027574,-0.001519976351759153,-0.0041047768728461045,0.006111046247815221,0.0003475894962778453,0.013967637860610262,17372.0
0.002502603354697633,-0.013539328557986978,0.008748296700717844,0.006774172304507449,-0.00016887552292267586,-0.003958100956930231,0.0060198702830298306,0.00033912678047935083,0.013965015820695665,17390.735728346455
-0.003958188797765754,-0.018703362348700427,0.007050336139469731,0.006698152941720605,0.0012141625332121617,-0.0038019370909011647,0.005926674391327409,0.00033057580418035615,0.01396236663374422,17408.82381889764
0.006919352864611124,-0.02039994752870646,0.00420369245393333,0.006087720634349904,0.0026096641995605988,-0.003636836304278799,0.0058315048104313994,0.00032193878174782996,0.01395969029463789,17426.91190944882
-0.004218268484274776,-0.015448174058440471,0.0003762435523953876,0.0050784139040568445,0.003995302415259889,-0.003463349626582985,0.005734407778065164,0.00031321792754874085,0.013956986798258669,17445.0
-0.014744874320771031,-0.0035668569849550305,-0.0035225829199939844,0.0038064720240402715,0.005348049367909972,-0.0032820280873335993,0.0056354295319521455,0.00030441545595004843,0.013954256139488539,17462.735728346455
0.01879270873334876,0.011261806355904725,-0.006397971883868838,0.002408957393002777,0.006644054119607083,-0.0030934227160505233,0.005534616309815766,0.0002955335813186816,0.013951498313209501,17480.82381889764
-0.02267754536939055,0.01529281805399524,-0.00715510825986321,0.0010262249116622874,0.007856173230432062,-0.0028980845422536122,0.005432014349379409,0.0002865745180216335,0.01394871331430352,17498.91190944882
-0.011887790997062121,0.004939782957638091,-0.0051397780688028655,-0.0002184207314291095,0.008956440134962025,-0.002696564595462775,0.005327669888366507,0.0002775404804258576,0.013945901137652594,17517.0
0.01953477984384006,-0.008622258694988859,-0.0014601717322807305,-0.0012735415655543113,0.009917261634930728,-0.00248941390519786,0.005221629164500478,0.00026843368289830105,0.013943061778138706,17534.735728346455
0.03026995490481189,-0.011185786149534593,0.002278933391627304,-0.0021099105872462525,0.010715382161652397,-0.0022771835009787094,0.005113938415504683,0.00025925633980595407,0.013940195230643838,17552.82381889764
-0.029736886839054972,0.003418369426729557,0.004490020642866347,-0.002710050804007374,0.011339296157410706,-0.002060424412325249,0.005004643879102606,0.0002500106655157364,0.013937301490049974,17570.91190944882
0.026689761072668232,0.009013419044743311,0.004494376748965256,-0.0030593024354252834,0.011780342225442428,-0.0018396876687573102,0.00489379179301761,0.00024069887439461356,0.013934380551239122,17589.0
-0.021174802279498025,-0.008171566421779826,0.0022912638896095496,-0.0031585310168501532,0.0120317563497241,-0.0016155242997948163,0.004781428394973133,0.0002313231808095727,0.01393143240909324,17607.735728346455
0.014794724302127313,-0.008078140137884568,-0.0005215178608031221,-0.00307204155113081,0.012095298008622229,-0.001388485334957596,0.004667599922692563,0.0002218857991275458,0.013928457058494341,17625.82381889764
-0.010305833988644207,0.006844282784757801,-0.0024815947468925233,-0.0028835080380770605,0.011978335871777813,-0.0011590977285731538,0.00455235261389933,0.00021238894371551376,0.013925454494324375,17643.91190944882
0.009803007048745515,0.001136825396954101,-0.0025507448437213243,-0.002671583787708963,0.0116890762794941,-0.0009277921341995435,0.004435732706316852,0.00020283482894040857,0.013922424711465367,17662.0
-0.013233644686566248,-0.005777496569468286,-0.0011601635036570222,-0.0024760370427198333,0.011236717327263234,-0.0006949751302023787,0.0043177864376685035,0.00019322566916922336,0.013919367704799264,17679.735728346455
-0.010137516618654424,-0.0009451210152028447,0.0007779592041522971,-0.0022704156948180946,0.01063452043210251,-0.0004610532949473373,0.004198560045677739,0.0001835636787688963,0.013916283469208075,17697.82381889764
0.023758443581426456,0.004849559830225179,0.002145525533548764,-0.002013201213271356,0.009896762841410538,-0.00022643320680009095,0.004078099768067943,0.000173851072106396,0.013913171999573783,17715.91190944882
-0.02679030845003012,0.0008664638508829658,0.002060662983102925,-0.0016738137330167512,0.009037721802585845,8.478555873722089e-06,0.003956451842562553,0.00016409006354868206,0.013910033290778376,17734.0
-0.02727199917123437,-0.004087780715081713,0.0007762254544863955,-0.00126542805166981,0.008071674563027017,0.0002432754147084729,0.003833662506884961,0.00015428286746268946,0.013906867337703842,17751.735728346455
-0.025585604143953784,-0.0009868611738497318,-0.0011099298370710145,-0.0008121576325155955,0.007012898370132661,0.00047755079133843774,0.003709777998758593,0.0001444316982154053,0.013903674135232162,17769.82381889764
0.02469723190534059,0.003586917481969111,-0.0027546588252078666,-0.0003381159388391834,0.005875670471301299,0.0007108981073980427,0.003584844555906838,0.00013453877017379818,0.013900453678245304,17787.91190944882
0.00597223086118314,0.0021012494778177965,-0.0034421832726247692,0.0001325835660743115,0.004674268113931549,0.0009429107845215885,0.0034589084160531265,0.000124606297704791,0.013897205961625293,17806.0
-0.015609043447638783,-0.0021522627377262914,-0.003206262861858012,0.0005706151713955758,0.003422968545421964,0.0011731822443434125,0.003332015816920881,0.00011463649517537993,0.013893930980254073,17823.735728346455
0.011802489282597955,-0.0033548456491861744,-0.002255516483958675,0.0009328257920745771,0.0021360480540616256,0.0014013059084978735,0.0032042129962334825,0.00010463157695250004,0.01389062872901366,17841.82381889764
-0.008026328373969558,0.0016010935741178653,-0.0007810149954271383,0.0011989259531629793,0.0008277896978812096,0.0016268751986193335,0.0030755461917143594,9.459375740311999e-05,0.013887299202786033,17859.91190944882
-0.010757519071560587,0.003449339333636338,0.0011808237479653196,0.0013556848865859544,-0.000487561515115222,0.0018494835363421084,0.0029460616410869295,8.452525089419627e-05,0.013883942396453167,17878.0
0.013737739610059124,-0.0030359027623860792,0.003512315609204878,0.0013903474938908717,-0.001796236246545817,0.0020687243433005695,0.0028158055820746005,7.442827179269143e-05,0.013880558304897057,17896.735728346455
-0.01764360078704092,-0.0036572946819717496,0.005724514905709369,0.0012909479494947064,-0.0030852544308982745,0.0022841910411290473,0.002684824252400765,6.430503446556194e-05,0.013877146922999694,17914.82381889764
0.020781426421598175,0.0031621406319133987,0.007380821787447261,0.001045836257859038,-0.004341951832704934,0.0024954770514618893,0.0025531638897888613,5.415775327977648e-05,0.013873708245643037,17932.91190944882
0.016894036613313342,0.003996521531683042,0.007191086455872986,0.0006545592879044804,-0.005553701120694511,0.0027021757959334266,0.00242087073196231,4.3988642602285395e-05,0.01387024226770912,17951.0
0.0012442037795180698,-8.331636177469663e-05,0.004583043388833798,0.00016130374960252286,-0.0067078749635956746,0.002903880696178033,0.0022879910166444884,3.379991680003903e-05,0.013866748984079885,17968.735728346455
-0.014790515268655744,-0.0044820335909795525,0.0002701804476059613,-0.00037858368681268625,-0.007791846030137093,0.0031001851738300308,0.0021545709815588283,2.3593790240021345e-05,0.013863228389637328,17986.82381889764
-0.01990019834718195,-0.004819472793854029,-0.004758197784027623,-0.0009097563511069694,-0.00879298698904746,0.0032906826505237604,0.0020206568644287413,1.3372477289170465e-05,0.013859680479263451,18004.91190944882
0.001733330575848041,0.000888610888823107,-0.00922712806730721,-0.0013768675730461738,-0.009698670509055485,0.003474966547893608,0.001886294902977632,3.1381923144520167e-06,0.013856105247840228,18023.0
0.016405223617986298,0.0055768146422270825,-0.010720975575076237,-0.0017245706823961295,-0.010496269258889808,0.003652630287573856,0.0017515313349289266,-7.106850317165319e-06,0.013852502690249641,18040.73572834645
-0.016018087936168844,0.002019382106608764,-0.007400993419552584,-0.0019095566916609366,-0.011173155907279153,0.0038232672911989126,0.001616412398006024,-1.7360436238731194e-05,0.013848872801373681,18058.82381889764
-0.008462989918414852,-0.006744734325693067,-0.0008491756177003781,-0.0019362126534451544,-0.011717157813804821,0.003986470980403084,0.0014809843299323443,-2.7620351083292206e-05,0.013845215576094333,18076.91190944882
0.020483797166898066,-0.006790788671873466,0.006422062578340621,-0.0018178363844645734,-0.01211922925667519,0.004141834776820708,0.0013452933684312924,-3.7884380483867454e-05,0.013841531009293587,18095.0
-0.02497783881410497,0.007173298448408589,0.011601364148424413,-0.0015615430616220105,-0.012376507153911587,0.004288953961761374,0.00120938389155106,-4.815031007350964e-05,0.013837819095853417,18112.73572834645
0.029317576643504904,0.006653572450375832,0.012596319398716567,-0.0011698064983755886,-0.012490769786980068,0.0044274312552354585,0.0010732928386390582,-5.841592548527453e-05,0.013834079830655825,18130.82381889764
-0.03146357659728222,-0.007680993723609034,0.010616923787445684,-0.0006474356339487849,-0.012469754655480732,0.004556927543564542,0.00093705528936738,-6.867901235218428e-05,0.013830313208582797,18148.91190944882
0.030779102823651625,-0.0009574452117732447,0.007918121505353677,-3.0839660767943786e-05,-0.01232279965572924,0.004677352213934729,0.0008007063234082462,-7.893735630726868e-05,0.013826519224516283,18167.0
-0.02868169019609163,0.007816398067626396,0.0050715760229957515,0.000635334191477113,-0.012059392087959217,0.004788764057450188,0.0006642810204337767,-8.91887429836064e-05,0.013822697873338317,18185.73572834645
0.0177962735749754,-0.0007030401908105126,0.002012672864181861,0.0013064386930965591,-0.011689042526724862,0.004891245139535573,0.0005278144601161568,-9.943095801421044e-05,0.013818849149930857,18203.82381889764
0.02779857859049734,-0.0077330487191051,-0.002001845242812517,0.0019378266144005824,-0.01122126154658036,0.0049848775256155775,0.0003913417221275121,-0.00010966178703210753,0.01381497304917589,18221.91190944882
-0.03121796627910367,0.0028734519509703705,-0.0072728281867383195,0.0024848507256993555,-0.010665559722079875,0.005069743281114862,0.0002548978861400251,-0.00011987901567037176,0.013811069565955424,18240.0
0.03662182535108187,0.007829891445723994,-0.011652853528917817,0.0029028637973030577,-0.0100314476277776,0.005145924471458112,0.00011851803182584141,-0.00013008042956202834,0.01380713869515143,18258.73572834645
0.022417768921811798,-0.0015924454849906124,-0.012819983010060348,0.003147218599521865,-0.009328435838227733,0.005213502675605609,-1.7762274678463582e-05,-0.00014026381434010556,0.013803180431645879,18276.82381889764
-0.045545618511099055,-0.008730766661407211,-0.010207890569048287,0.0031786710558620018,-0.00856603492798444,0.005272557526659951,-0.00015390552137867198,-0.0001504269556376683,0.013799194770320768,18294.91190944882
-0.01834828269018277,0.0006289942543450531,-0.004205674117300699,0.0029793636616325487,-0.007753529430620587,0.005323168171259381,-0.00028987370981620344,-0.0001605676390877235,0.013795181706058087,18313.0
0.043030623565884774,0.01089914707031248,0.0028071288865342474,0.0025358603286120386,-0.006899222142982463,0.005365410533180325,-0.00042562561867061306,-0.00017068365032335282,0.013791141233739842,18330.73572834645
-0.02135818340588363,0.005126349282680746,0.008288764139978604,0.0018341886363927127,-0.006010879529730024,0.0053993476447519876,-0.0005611071351743207,-0.00018077277497757847,0.013787073348247969,18348.82381889764
-0.02886456084414222,-0.00907233705540782,0.011033646359268325,0.0008614801785378476,-0.005097372069494342,0.005425038985427343,-0.0006962605936834224,-0.00019083279868342868,0.013782978044464492,18366.91190944882
0.020385488154915702,-0.016320746287953745,0.010140686979314455,-0.00036086156829674145,-0.004172296587995535,0.005442542577568556,-0.0008310268714632923,-0.0002008615070739562,0.01377885531727138,18385.0
-0.013301819412510614,-0.0035146382542908185,0.005248320693958228,-0.0016920693966694786,-0.003250431497726132,0.00545191556539258,-0.0009653459676339995,-0.00021085668578219992,0.013774705161550634,18403.73572834645
0.008825542636722078,0.015022596407522446,-0.001403741727187768,-0.0029618305631353746,-0.0023465552111785657,0.005453214956083591,-0.0010991577442829208,-0.00022081612044120498,0.013770527572184232,18421.82381889764
-0.007107589746601462,0.022434051888852908,-0.006918084111567295,-0.003999832324249484,-0.0014754461408453055,0.0054464977568258,-0.0012324020634974244,-0.00023073759668399958,0.01376632254405415,18439.91190944882
0.011534606445057594,0.013055080626419134,-0.00902853558874153,-0.004636764292816637,-0.0006508803429690222,0.005431820974803402,-0.0013650187873648627,-0.00024061890014363344,0.01376209007204238,18458.0
0.013479076086161034,-0.004810105601503133,-0.007960628787506708,-0.004740603215875667,0.00011737555120691351,0.005409241617200616,-0.0014969477779726206,-0.00025045781645315616,0.013757830151030924,18475.73572834645
0.013635217865272345,-0.021408503528631117,-0.004438030801837828,-0.004315790048746863,0.0008229082817819474,0.005378816691201631,-0.0016281288974080794,-0.00026025213124558074,0.013753542775901748,18493.82381889764
-0.018512633890246537,-0.026925328606252512,0.0007491520623005916,-0.0034094475163568352,0.001468708649227078,0.005340603203990674,-0.0017585020077586042,-0.0002699996301539645,0.013749227941536844,18511.91190944882
0.02318391016639772,-0.015991974972821035,0.006201937166681385,-0.0020710493587251027,0.002060118469106274,0.005294658162751931,-0.0018880069711115339,-0.0002796980988113616,0.013744885642818193,18530.0
0.010505804388193055,0.0055963497376987255,0.009581590362390464,-0.0003500693158711959,0.0026024795569834945,0.005241038574669606,-0.0020165836495542847,-0.000289345322850782,0.01374051587462778,18547.73572834645
-0.02886943620359748,0.024720885870432533,0.008378752661088769,0.0016646350642446305,0.003101133728422685,0.005179801446927932,-0.0021441719051741993,-0.00029893908790530296,0.013736118631847616,18565.82381889764
0.028061732627166745,0.02266431205537669,0.0014547209423017204,0.003714082866049392,0.0035614227989878835,0.005111003786711053,-0.002270711600058653,-0.00030847717960792205,0.013731693909359646,18583.91190944882
-0.02456067647348345,-0.0015192914883670626,-0.007437341562098063,0.005449556822630313,0.00398868858424295,0.005034702601203241,-0.0023961425962950177,-0.00031795738359170577,0.013727241702045888,18602.0
-0.008475203609092966,-0.017735824292377248,-0.013331150984136278,0.006509751531224737,0.004388272899751916,0.004950954897588661,-0.0025204047559706675,-0.0003273774854897038,0.013722762004788319,18619.73572834645
0.014667638646543522,-0.013297706075645581,-0.012459762278297001,0.006623843770794963,0.004764866859478379,0.004859817683051527,-0.0026434379411729714,-0.0003367352709349413,0.013718254812468923,18637.82381889764
-0.011552280884335806,0.004543291416137974,-0.00585358568889742,0.005882722066532029,0.005120775751655451,0.004761347964776036,-0.00276518201398929,-0.0003460285255604481,0.013713720119969677,18655.91190944882
0.0014530595806217807,0.009065750819498338,0.004257629717286967,0.004466889202668364,0.005458522085599429,0.004655602749946403,-0.002885576836507002,-0.0003552550349992861,0.013709157922172576,18674.0
0.01180428664834255,0.0018035346440200646,0.014967250175853498,0.002556630982765461,0.005780845351297522,0.004542639045746841,-0.0030045622708134785,-0.00036441258488449115,0.013704568213959616,18692.73572834645
-0.01380427951488789,-0.004703337034811517,0.02053379079713603,0.0003322332103848398,0.006090485038736958,0.0044225138593615345,-0.003122078178996086,-0.00037349896084910064,0.013699950990212763,18710.82381889764
-0.007237168629663961,-0.0018591748095715208,0.015819906182124543,-0.0020149772466271673,0.006390180637904913,0.004295284197974707,-0.0032380644231421955,-0.0003825119485261567,0.013695306245814018,18728.91190944882
0.01719884461372559,0.0028371792663851123,0.0032488631051451598,-0.004249509263284916,0.0066826716387886,0.00416100706877054,-0.003352460865339179,-0.000391449333548686,0.01369063397564535,18747.0
0.009952482314079868,2.738776720409307e-05,-0.011161114140350824,-0.006124830650318005,0.006970697531375201,0.004019739478933259,-0.0034652073676744066,-0.0004003089015497458,0.013685934174588762,18764.73572834645
-0.017369693471234866,-0.003553006675600737,-0.022075521276849298,-0.007394409218455963,0.007256997805651922,0.0038715384356470574,-0.0035762437922352425,-0.00040908843816237357,0.013681206837526222,18782.82381889764
-0.017140306633047626,8.575171547677956e-05,-0.02553588122462722,-0.007811712778428379,0.007544311951605961,0.0037164609460961402,-0.00368551000110907,-0.0004177857290196083,0.01367645195933975,18800.91190944882
0.018217133324468948,0.0059794902039604775,-0.021923458170218048,-0.007216062526103793,0.007832788237940962,0.003554564017464707,-0.003792945856383236,-0.00042639855975449344,0.013671669534911298,18819.0
-0.02170337157998317,0.0039906410380900524,-0.012539854382053926,-0.005790193197906445,0.008112163889956305,0.0033859508152066595,-0.0038984912201451413,-0.000434924716000065,0.013666859559122864,18836.73572834645
0.028139163005420395,-0.008899383757108107,0.0011988103679465517,-0.0038026929153995824,0.008369400278589217,0.0032109091378545247,-0.004002085954482136,-0.0004433619833893634,0.013662022026856431,18854.82381889764
-0.03104832259004027,-0.007380100600141452,0.013588388773940915,-0.001522149800146399,0.008591412616507185,0.003029772942210551,-0.0041036699214816,-0.0004517081475554215,0.013657156932993977,18872.91190944882
-0.043607094906746864,0.004445919869718013,0.02171349462051637,0.0007828480262898187,0.008765116116377723,0.0028428761850769527,-0.004203182983230901,-0.00045996099413129197,0.013652264272417515,18891.0
0.04761057359049812,0.0122560559397865,0.02371079869009163,0.00284371244234589,0.008877425990868337,0.00265055282325596,-0.004300565001817394,-0.00046811830875001693,0.013647344040009009,18908.73572834645
-0.04680544762141448,5.3160078347566e-05,0.018923292421432758,0.004443918547447631,0.00891523082546144,0.0024531634407348895,-0.00439575583932847,-0.0004761778770446367,0.013642396230650443,18926.82381889764
-0.04367147415675062,-0.013200265664499522,0.011519249878695242,0.005575194324977362,0.00886531269689919,0.0022511751302413097,-0.004488695357851492,-0.00048413748464817667,0.013637420839223814,18944.91190944882
-0.013029372682509324,-0.012014248486115752,0.005766462205235028,0.006281330979306401,0.008714427054738681,0.00204508161168787,-0.004579323419473828,-0.0004919949171936879,0.013632417860611075,18963.0
0.02409983688904768,0.0007305504708361275,0.0016095077349762752,0.0066045140576055286,0.008450935005737525,0.0018353766049872481,-0.0046675798862828525,-0.000499747960314214,0.013627387289694258,18981.73572834645
-0.015242250325762733,0.01298865261563247,-0.0016978327786794601,0.006580051916854259,0.008070074846844645,0.001622553830052093,-0.004753404620365933,-0.0005073943996427939,0.013622329121355341,18999.82381889764
0.008072250482382262,0.003352757736385401,-0.00465324665417072,0.00623730872051837,0.0075730290685227155,0.0014071070067950458,-0.004836737483810435,-0.0005149320208124603,0.013617243350476285,19017.91190944882
-0.0031109565943794513,-0.01249437537761903,-0.007176299493920612,0.005595112907645778,0.006971515885652217,0.0011895298551287807,-0.004917518338703746,-0.0005223586094562571,0.0136121299719391,19036.0
0.0006748020860987961,-0.012490686531260554,-0.009038827856200804,0.004669772626527251,0.00627977380387084,0.0009703160949659423,-0.004995687047133215,-0.0005296719512072275,0.013606988980625751,19054.73572834645
-0.0013100695247740008,-0.004958934277679475,-0.00992457986028088,0.003477596025453472,0.005512041328816285,0.0007499594462191985,-0.005071183471186226,-0.0005368698316984136,0.01360182037141824,19072.82381889764
0.005212234302587076,0.0023503465230094458,-0.009220028025381011,0.002041990181459719,0.004682556966126227,0.000528953628801199,-0.005143947472950129,-0.0005439500365628667,0.013596624139198545,19090.91190944882
-0.01123789068401964,0.013866737014069607,-0.006294226531711033,0.00044423781098250104,0.00380555922143838,0.00030779236262459895,-0.005213918914512326,-0.0005509103514336043,0.013591400278848653,19109.0
0.01702882609899717,0.004899217114614285,-0.0012935217975598553,-0.0011093597431043115,0.002895286600390419,8.696936760204643e-05,-0.005281037657960159,-0.0005577485619436759,0.013586148785250551,19126.73572834645
-0.020699181375937743,-0.016594302198509173,0.00299716538779331,-0.0023830212135035837,0.001965977608620043,-0.00013302163635378318,-0.005345243565381024,-0.0005644624537261208,0.013580869653286228,19144.82381889764
0.022427917501605183,-0.006036776517351175,0.003952630456460767,-0.003153211623423701,0.001031870751764943,-0.00035168692933024197,-0.005406476498862277,-0.0005710498124139821,0.013575562877837661,19162.91190944882
0.0023613035246705097,0.01948351421332053,0.0022483332458188097,-0.003298086231226414,0.00010720453546281387,-0.0005685327914146897,-0.005464676320491268,-0.0005775084236403221,0.013570228453786857,19181.0
-0.026677146033777896,0.023275850026287563,-0.0004174562811973669,-0.002919698900693591,-0.0007929505122597132,-0.0007830655026944448,-0.005519782892355412,-0.0005838360730381306,0.01356486637601577,19198.73572834645
0.03022564338006198,-0.00965632037862688,-0.002463129036399695,-0.0021761366582942676,-0.0016501957738202528,-0.0009947913432568677,-0.005571736076542042,-0.0005900305462404879,0.0135594766394064,19216.82381889764
0.035483016436498545,-0.02863635462659642,-0.0029811524592627437,-0.0012297058167379162,-0.0024453006092474833,-0.001203216593189294,-0.0056204757351385505,-0.0005960896288804116,0.013554059238840739,19234.91190944882
-0.04306880100227133,-0.0113631212786021,-0.0015351566697090215,-0.0002435076218960062,-0.0031594470210322217,-0.0014078475325790768,-0.00566594173023229,-0.0006020111065909574,0.013548614169200756,19253.0
0.04355250980905591,0.026211435454033444,0.001053232324289004,0.0006669896939328647,-0.003775471369962391,-0.0016081904415135464,-0.005708073923910638,-0.0006077927650051779,0.013543141425368483,19271.73572834645
-0.03774127867637549,0.03553042196034461,0.00364704272678346,0.0014008248298877294,-0.004278375468481693,-0.0018037516000800641,-0.00574681217826097,-0.0006134323897560879,0.01353764100222584,19289.82381889764
-0.013975660300346476,0.03678021092429117,0.0051093027418265095,0.0018639908951552512,-0.004660115539081498,-0.0019940372883659515,-0.005782096355370659,-0.0006189277664767353,0.01353211289465486,19307.91190944882
0.019467314795098316,0.04041773133009872,0.004278024472860725,0.001989234754931461,-0.004914385459652942,-0.0021785537864585707,-0.005813866317327062,-0.0006242766808001729,0.013526557097537511,19326.0
-0.016855580225943377,0.035578126155875855,0.0004931183208583939,0.0018125288689506932,-0.005038040300187211,-0.00235680737444526,-0.005842061926217567,-0.000629476918359403,0.013520973605755764,19343.73572834645
0.022073685358345543,-0.012079069977855855,-0.00452267061394583,0.00140750656595698,-0.005040579899075618,-0.00252830433241336,-0.005866623044129515,-0.0006345262647875332,0.013515362414191648,19361.82381889764
-0.03250957848049646,-0.04385756440026009,-0.008444634531349304,0.0008509623667943861,-0.004934655959106774,-0.0026925602681529513,-0.0058874895331503035,-0.0006394225057175415,0.013509723517727116,19379.91190944882
0.023859510457814558,-0.019615922136344076,-0.009475780164060942,0.00021969079230697687,-0.0047328336342704535,-0.00284917733825294,-0.005904601255367292,-0.0006441634267825018,0.013504056911244155,19398.0
0.053453122655266264,0.023940861638835628,-0.007917283299916821,-0.0004222027131802264,-0.004447471798901953,-0.002997963978956719,-0.005917898072867855,-0.0006487468136154486,0.013498362589624786,19415.73572834645
-0.017057463374414755,0.043666398251391514,-0.004547277953588388,-0.0010613690114183681,-0.004090880089348633,-0.003138777864495618,-0.005927319847739366,-0.0006531704518493966,0.0134926405477509,19433.82381889764
-0.05993600934955765,0.041798788387118695,-0.00011165819085547637,-0.0016971480406776408,-0.0036753681419578518,-0.003271476669100967,-0.005932806442069183,-0.0006574321271174272,0.01348689078050459,19451.91190944882
-0.014341227443572096,0.02997516504883632,0.004708600060560985,-0.002328879739228231,-0.0032132455930769703,-0.003395918067004095,-0.005934297717944681,-0.000661529625052558,0.013481113282767793,19470.0
0.012302722841182575,0.013452699101666476,0.009198930339587403,-0.0029559040453403305,-0.0027168220790533453,-0.00351195973243633,-0.005931733537453234,-0.0006654607312878252,0.013475308049422503,19487.73572834645
0.038641849197945305,-0.004141320433442056,0.01263148083371886,-0.003577560897284124,-0.0021984072362343414,-0.0036194593396289935,-0.005925053567155093,-0.0006692234269834041,0.013469475075350701,19505.82381889764
0.03660476223537979,-0.017923207450957657,0.014278399730450432,-0.004193190233329809,-0.0016703107009673121,-0.0037182745628134267,-0.005914196433705334,-0.0006728167332046223,0.013463614355434394,19523.91190944882
-0.02742873333892279,-0.024642469944278246,0.01340196579764876,-0.004792262572119106,-0.0011448421095996205,-0.0038082630762209446,-0.005899099537044778,-0.0006762408977310687,0.013457725884555561,19542.0
0.022173254700628215,-0.0340817034248055,0.009224980124666608,-0.005324770753779903,-0.0006343110984786275,-0.0038892825540828772,-0.0058797000193174945,-0.0006794964261390783,0.013451809657596146,19560.73572834645
-0.018828981946452866,-0.026151208634018416,0.0015971801373874835,-0.005731341907755616,-0.00015052359500769267,-0.003961190670630562,-0.005855935022667525,-0.0006825838240050243,0.013445865669438173,19578.82381889764
0.01745532070882259,0.013067018372489357,-0.007084473713668323,-0.00595499342889903,0.0002971047388191789,-0.004023845100095321,-0.0058277416892389255,-0.0006855035969052553,0.013439893914963622,19596.91190944882
-0.01859181863558383,0.029104921073993477,-0.013786215221821328,-0.005941904501192466,0.0007023200301375298,-0.004077090532069829,-0.005795070145814417,-0.0006882562504161231,0.013433894389054474,19615.0
0.022302425857877443,-0.007777107411444358,-0.016050534958765877,-0.00564325694135619,0.0010638710388208446,-0.004120719717592199,-0.005757922457731264,-0.000690842290113987,0.013427867086592722,19632.73572834645
-0.027158563260481987,-0.02619870356502912,-0.013711364240502644,-0.005024982322936947,0.0013816699123801897,-0.004154512259205352,-0.00571631383882195,-0.000693262221575191,0.013421812002460348,19650.82381889764
0.030796816694907997,0.0017355581248915224,-0.007483571034394023,-0.004107359452733435,0.0016556305548229972,-0.004178244010076657,-0.00567026325229447,-0.0006955165503760975,0.013415729131539345,19668.91190944882
-0.03168933378299985,0.023692706761562946,0.0004954616624126336,-0.0029242535067332486,0.0018856668701567056,-0.004191678283719413,-0.00561980220101091,-0.0006976057820930537,0.013409618468711679,19687.0
0.007382479257790989,0.02350077036453293,0.00782995847742113,-0.0015095296609239956,0.002071692762388769,-0.004194568407894009,-0.005564972173586278,-0.0006995304223024222,0.013403480008859369,19704.73572834645
0.02697834764706108,0.013754104860524084,0.012917218253180589,0.00010294690870673039,0.0022136221355266166,-0.00418663471909732,-0.005505847649899073,-0.0007012909765805453,0.013397313746864344,19722.82381889764
0.012920322555599278,0.006213304590985805,0.015817342076501532,0.0018793110261713364,0.0023113688935776913,-0.004167568965824835,-0.005442531697829211,-0.0007028879505037916,0.013391119677608667,19740.91190944882
-0.02109453828342079,-0.0012730849824818726,0.01698097335166118,0.0037856975154822187,0.0023648469405494334,-0.004137057472522598,-0.005375132809306012,-0.0007043218496484945,0.013384897795974265,19759.0
0.011447540272216427,-0.011881235807324095,0.01686405817671604,0.005782938506872515,0.002373970180449288,-0.004094786563636637,-0.005303759476258845,-0.0007055931795910194,0.013378648096843151,19777.73572834645
0.0197904838675046,-0.01902547033376029,0.01594868403614493,0.0078057247441530074,0.002338710878861218,-0.004040500925189524,-0.005228520190617037,-0.0007067024459077211,0.013372370575097284,19795.82381889764
0.013654641147366963,-0.015962320001628248,0.014611749543115041,0.009763721832133924,0.002259274747675287,-0.003974178689509915,-0.005149523444309954,-0.0007076501541749515,0.013366065225618676,19813.91190944882
-0.01850511275514733,-0.005270486697644611,0.012712038689569544,0.011563853955600467,0.002135925860358095,-0.0038958563505030043,-0.005066877729266931,-0.0007084368099690712,0.013359732043289304,19832.0
-0.02651930547776173,0.008712944472561612,0.009969364692018272,0.01312180206445896,0.0019689345864339325,-0.0038055766981316777,-0.004980691537417339,-0.0007090629188664169,0.013353371022991166,19850.73572834645
0.02981139127688843,0.019650032468270674,0.006101351575690713,0.014355436299896116,0.0017587187977527333,-0.003703530024684463,-0.004891073360690499,-0.0007095289864433661,0.013346982159606216,19868.82381889764
-0.033158405084186146,0.012809075043777207,0.0009580954611596043,0.015182626803098547,0.00150619193460161,-0.0035904021908870704,-0.004798131691015778,-0.0007098355183797263,0.01334056544811995,19886.91190944882
-0.006526374556744641,-0.008042221025233165,-0.005080419149629329,0.015520939937700661,0.0012126935329147773,-0.003467001375560056,-0.004701975020322531,-0.0007099830223527719,0.013334120885515258,19905.0
0.03889286677795559,-0.0227706849729157,-0.011501735659387204,0.015285413290806812,0.0008820919051564934,-0.0033341357575239756,-0.004602711840540082,-0.0007099720124775432,0.013327648475212785,19922.73572834645
0.028769557006318225,-0.015217479505867245,-0.01748291816604351,0.01438552600668509,0.0005238138066273069,-0.003192613515599401,-0.004500450643597802,-0.0007098030044526173,0.013321148222216772,19940.82381889764
0.010467537744736298,0.005951711920199093,-0.020959113548401423,0.012729443563282528,0.00014859965894877504,-0.0030432428286068804,-0.0043952999214250344,-0.000709476514072044,0.013314620131626891,19958.91190944882
-0.03925106185798494,0.02578543901237071,-0.019575743081533092,0.010246085139596763,-0.00023281011625754828,-0.002886831875366984,-0.00428736816595112,-0.0007089930579805627,0.013308064209393511,19977.0
0.011654498823846605,0.029596640000856822,-0.011096731999110411,0.006982873873225149,-0.0006096750973701064,-0.0027241888347002657,-0.0041767638691054135,-0.0007083531547936134,0.013301480463437713,19994.73572834645
0.031552522610638595,0.005171502438565925,0.004527472629135139,0.0031499432204062524,-0.000971254862767335,-0.0025561218854272885,-0.004063595522817264,-0.0007075573235954419,0.013294868902149357,20012.82381889764
-0.026890013237830652,-0.03300821449129516,0.019215688509400867,-0.001007084208223722,-0.0013068089908276825,-0.002383439206368618,-0.003947971619016016,-0.0007066060834702957,0.013288229533918316,20030.91190944882
0.024580167966152627,-0.01593122411836345,0.02430790643280059,-0.005242585802028561,-0.001605597059929585,-0.002206948976344807,-0.003830000649631027,-0.0007054999535024086,0.013281562367134514,20049.0
-0.02705802552818619,0.035151190256866166,0.016923176079741323,-0.009310059430325595,-0.0018568889512039458,-0.0020274490714239685,-0.0037097911065916284,-0.0007042394527760569,0.013274867410187787,20067.73572834645
0.033637684561948905,0.013427975539687144,-0.0017555711889113048,-0.012959484882246334,-0.0020499957567914956,-0.001845696156664363,-0.0035874514818271955,-0.000702825100375444,0.013268144671468024,20085.82381889764
-0.040495108439816116,-0.03490989703867721,-0.020056622899099857,-0.01593996242687583,-0.002174238871585408,-0.0016624365943718245,-0.0034630902672670638,-0.0007012574153848446,0.013261394159365081,20103.91190944882
0.043831457091034656,-0.0222671903672939,-0.026687800757363666,-0.01800059233329913,-0.0022189396904788677,-0.001478416746852178,-0.003336815954840568,-0.0006995369168885156,0.013254615882268901,20122.0
0.040962792826260495,0.015101579973150496,-0.022300435239132457,-0.018954763457335915,-0.0021734406312106575,-0.0012943619535656314,-0.003208737036477075,-0.0006976641239706859,0.013247809848569322,20139.73572834645
-0.0385527364248527,0.029426894603345216,-0.01029065181180369,-0.018869046495376737,-0.002031140709269625,-0.001110913462590051,-0.0030789620041059332,-0.000695639555715603,0.013240976066656198,20157.82381889764
0.02224859677842751,0.01103061550268036,0.005577968653818147,-0.0178584107050759,-0.0018013499884610353,-0.0009286914991577178,-0.0029475993496564756,-0.0006934637312075206,0.01323411454491946,20175.91190944882
0.024320275338829904,-0.0101081748508862,0.019814869326362086,-0.016033852837720058,-0.0014973510389578706,-0.0007483162885008809,-0.002814757565058074,-0.0006911371695306724,0.013227225291748948,20194.0
0.014116353277677463,-0.019784352329050247,0.02692288060551518,-0.01350636964459583,-0.001132426430933114,-0.0005704080558518016,-0.002680545142240062,-0.0006886603897693195,0.01322030831553455,20211.73572834645
0.0050534878831985895,-0.016718236544416884,0.024277304130023335,-0.010367588642042425,-0.0007198587345597418,-0.00039558702644275936,-0.0025450705731317872,-0.0006860339110077017,0.013213363624666154,20229.82381889764
-0.007313784062497009,-0.006136909525234281,0.014436288985072172,-0.006670601871077779,-0.00027293052001071846,-0.00022447342550601098,-0.002408442349662604,-0.0006832582523300697,0.013206391227533632,20247.91190944882
0.00651198359445221,0.004980364364368647,0.0014096538429015483,-0.0026048979956459994,0.00019507564254096083,-5.768747827381765e-05,-0.0022707689637618583,-0.0006803339328206693,0.013199391132526868,20266.0
-0.008255691074624512,0.007882231294634626,-0.01084582361161926,0.0016010928558403742,0.0006708771829223424,0.00010415059002153948,-0.0021321589073588975,-0.000677261471563748,0.013192363348035736,20283.73572834645
0.010972898543814169,-0.0007881087404735833,-0.01910510805955403,0.005718940554968865,0.0011411915309604084,0.00026042055414781745,-0.001992720672383082,-0.0006740413876435365,0.01318530788245011,20301.82381889764
-0.013045964210003255,-0.005510139943482386,-0.021252173567175663,0.00954683182834126,0.0015927361164822125,0.0004105021888727444,-0.0018525627507637523,-0.0006706742001443066,0.013178224744159875,20319.91190944882
0.008559630667165773,0.0020250458692359567,-0.016194275245572733,0.012934215398205707,0.0020122283693147585,0.0005537752689640452,-0.0017117936344302413,-0.000667160428150286,0.01317111394155491,20338.0
0.014043984909339604,0.00659862061258062,-0.005573118825254922,0.015536335144179568,0.0023863857192850967,0.0006896195691894603,-0.0015705218153119278,-0.0006635005907457359,0.013163975483025102,20356.73572834645
-0.014070458299249035,-0.004138293144860212,0.007350703283783925,0.016953229521468986,0.002701925596220228,0.0008174148643167252,-0.0014288557853381417,-0.0006596952070148946,0.013156809376960309,20374.82381889764
0.01479810697246721,-0.010370529473577228,0.015489192563786527,0.016784751680163416,0.002945750735063885,0.0009365409291135879,-0.0012869040364382447,-0.0006557447960420049,0.01314961563175043,20392.91190944882
-0.005125905798276683,0.00421934550865943,0.012861765105682177,0.014764815307199239,0.003107413226342101,0.0010463775383477642,-0.0011447750605415637,-0.0006516498769113296,0.013142394255785339,20411.0
-0.019307713268051675,0.015007657224982363,0.00278673602358851,0.011166355813651429,0.0031842830061592237,0.0011463044667869853,-0.0010025773495774607,-0.0006474109687070994,0.013135145257454904,20428.73572834645
0.022501889885036343,-0.001825750061384576,-0.00806923027936832,0.006397110367908908,0.003175584178810089,0.0012357554561239045,-0.0008604193954752866,-0.0006430285905135647,0.013127868645149011,20446.82381889764
-0.025625158718191897,-0.018646744865050194,-0.011890488921149894,0.0008648161383605204,0.003080324980889915,0.0013143801157507698,-0.0007184096901643913,-0.0006385032614149685,0.013120564427257543,20464.91190944882
0.028232111356183726,-0.0005340164702434408,-0.003906931811428535,-0.00493346495837969,0.0028974596820690282,0.0013818820219847418,-0.0005766567255741183,-0.0006338355004955644,0.013113232612170362,20483.0
-0.03005817536275241,0.02050179007509589,0.0075265518157762185,-0.010143372012797051,0.0026258175729250753,0.0014380897302356526,-0.0004352689936338203,-0.0006290258268396042,0.013105873208277379,20500.73572834645
-0.015316559730709398,0.006779774668702506,0.012755668417331743,-0.013821219367151704,0.0022637280276648765,0.0014833317122841614,-0.00029435498627284094,-0.0006240747595313266,0.013098486223968446,20518.82381889764
0.029149811553894515,-0.01914273703686726,0.010271094085365282,-0.015240910911068769,0.0018093954414026296,0.0015180614190035534,-0.00015402319542052832,-0.0006189828176549756,0.013091071667633443,20536.91190944882
-0.024887439079556338,-0.021167033538841907,0.0014157081234376406,-0.014550907751190481,0.001265223236809778,0.0015427323012671772,-1.4382113006242851e-05,-0.000613750520294802,0.013083629547662252,20555.0
0.01789371148128961,0.011023363465347033,-0.01090068810028121,-0.01213405665175336,0.0006504109467870762,0.0015577978099483483,0.00012445976904068567,-0.0006083783865350546,0.013076159872444764,20573.73572834645
-0.010199493391174933,0.021814381949242706,-0.018370963148644535,-0.00837740340455121,-1.164286820740868e-05,0.0015637113959204017,0.0002623939587908862,-0.000602866935459981,0.013068662650370853,20591.82381889764
0.005856352179706081,-0.00036791225361612823,-0.013983336409095616,-0.0036919433410387698,-0.0006975396477156128,0.0015609265100566558,0.0003993119643150258,-0.0005972166861538179,0.01306113788983038,20609.91190944882
-0.008874464206591253,-0.019610803506539667,-0.0013047606364145602,0.001415530048685465,-0.0013838808312794507,0.0015498966032304197,0.0005351052936837517,-0.0005914281577008175,0.01305358559921324,20628.0
0.02027358524890212,-0.024804694925898152,0.013364639507854785,0.00641427373486212,-0.0020472678584408767,0.0015310744059941366,0.0006696661752886123,-0.0005855018691852301,0.01304600578690931,20646.73572834645
-0.03685456208532436,0.0010518236584695806,0.024038516506113036,0.010773544687731777,-0.0026643021687418186,0.0015049097676166057,0.0008028897188047817,-0.0005794383396913032,0.013038398461308475,20664.82381889764
-0.0005083877996355001,0.02808614432586001,0.02731295989048088,0.013962599877535052,-0.0032115852017241975,0.0014718518170457183,0.0009346717542283388,-0.0005732380883032738,0.013030763630800623,20682.91190944882
0.06392695941242962,0.025527524433189,0.021617847566793608,0.015574709726349504,-0.003665718396929951,0.0014323509296566824,0.0010649068651280489,-0.0005669016341054027,0.013023101303775594,20701.0
-0.06511652549993514,-0.015588203992910969,0.010047285321094787,0.015703729508050702,-0.004007834238351031,0.001386862466533905,0.0011934846493634917,-0.0005604294961819164,0.013015411488623261,20718.73572834645
0.02708025370937349,-0.033503380644610996,-0.0031385640905199986,0.014585976677625007,-0.004237513939253167,0.0013358430351890578,0.0013202934583669613,-0.000553822193617088,0.013007694193733557,20736.82381889764
0.04192236985598522,-0.027710040554712455,-0.014417819140847676,0.012463597940403809,-0.004360167963247135,0.0012797492431338559,0.0014452216435707158,-0.0005470802454951515,0.012999949427496344,20754.91190944882
-0.025973308974874293,-0.01756038911004479,-0.02322172321825588,0.009579064553192226,-0.004381553403310123,0.001219059775772616,0.0015681575564070504,-0.0005402041709003404,0.012992177198301468,20773.0
0.013672043964022185,-0.013932309130546484,-0.029719800940004912,0.006174847772795417,-0.004307503419331389,0.0011543293854217726,0.0016889895483082474,-0.000533194488916919,0.012984377514538856,20790.73572834645
-0.008360703094828193,0.011029923090123435,-0.03396622493490037,0.0024934188560185324,-0.004143824270459239,0.0010860859236567848,0.0018076059707065675,-0.0005260517186291318,0.012976550384598351,20808.82381889764
0.010348711090178942,0.03801123029537684,-0.035553759877929025,-0.001222750940333295,-0.0038963099711835725,0.0010148449973946996,0.0019238951750343127,-0.0005187763791212186,0.01296869581686985,20826.91190944882
-0.01714976340687495,0.028927864248728497,-0.034101911601138964,-0.004744967054975288,-0.003570754535994268,0.0009411222135525521,0.0020377455127237615,-0.000511368989477436,0.012960813819743218,20845.0
0.02459229626650951,-0.01918091670057559,-0.02977584526280083,-0.007922354964545705,-0.0031729519793811966,0.0008654331790473863,0.002149045335207195,-0.0005038300687820207,0.012952904401608347,20862.73572834645
-0.028554173017222486,-0.03533649838219982,-0.022791966143335365,-0.010708669864568993,-0.002708696315834289,0.0007882935007962553,0.002257682993916872,-0.0004961601361192035,0.012944967570855096,20880.82381889764
0.027031045245110262,0.014322301836703355,-0.013749814360573643,-0.013080380206411142,-0.002183781559843393,0.0007102187857162064,0.0023635468402850943,-0.0004883597105732761,0.012937003335873366,20898.91190944882
-0.02129072999229326,0.031166456510977665,-0.004872322405353555,-0.015013954441438085,-0.0016040017258984365,0.0006317246407242866,0.0024665252257441454,-0.00048042931135609617,0.012929011705180666,20917.0
0.014884827959997442,-0.008548412212619587,0.001880919904334874,-0.01648586102101578,-0.0009751508284892992,0.0005533266727375614,0.002566506501726288,-0.0004723694618074918,0.012920992691422453,20935.73572834645
-0.011055249490842294,-0.02594514996946856,0.007227085814900223,-0.017472568396510187,-0.00030302288210586726,0.0004755404886730474,0.0026633790196638296,-0.00046418070037499267,0.012912946322351888,20953.82381889764
0.010722807756481807,-0.007644935096253748,0.012365942579932572,-0.017950515495243492,0.0004065585747182451,0.0003988816954477794,0.002757031130989019,-0.00045586357116620584,0.012904872631382226,20971.91190944882
-0.012665432307483229,0.014332143216757822,0.01775087041734948,-0.017893948871459935,0.001145577630371381,0.00032386880224455036,0.002847348284868449,-0.00044741861879943914,0.012896771652437388,20990.0
0.011363032083986048,0.01890765876204903,0.023648652786150325,-0.01726878261982535,0.001897685913663557,0.00025103345092644685,0.002934202797788345,-0.0004388463878930126,0.01288864341944132,21007.73572834645
0.01695593719607091,0.002935485682380858,0.029645038296592388,-0.016038833246412774,0.0026444374648119688,0.00018091628009250823,0.003017457989498983,-0.0004301474230652172,0.012880487966317952,21025.82381889764
-0.017145613340529747,-0.01638522985003541,0.03260163616396462,-0.014167911429372775,0.00336738049611133,0.00011405945195932924,0.0030969756561330993,-0.00042132226893434876,0.01287230532699123,21043.91190944882
0.015794883044863216,-0.01610881364734398,0.029670343671956707,-0.011647042870877686,0.0040480632198563755,5.100512874351996e-05,0.0031726175938234236,-0.0004123714701187363,0.01286409553538509,21062.0
-0.014044099784303161,0.0010575056130549315,0.021898481098452008,-0.008586244694808936,0.0046680338483419005,-7.704527338349289e-06,0.0032442455987026875,-0.00040329557123665874,0.012855858625423468,21079.73572834645
0.01341014784375911,0.016071155552300934,0.011345216940964709,-0.005163274351557526,0.005208840593862579,-6.152735406964095e-05,0.003311721466903611,-0.0003940951169064392,0.012847594631030286,21097.82381889764
-0.014940268956537186,0.018173578831445075,3.6940540094728986e-05,-0.0015660206171365422,0.005652031668713205,-0.00010992118923382134,0.003374906994558942,-0.0003847706517463702,0.012839303586129502,21115.91190944882
0.0006981024350029163,0.006592945661034083,-0.010342033818836029,0.0020176277324409886,0.005979155285188481,-0.00015234435782518659,0.0034336644650123605,-0.0003753227203747718,0.012830985524645048,21134.0
0.010718264128457809,-0.010495480255201917,-0.01883203483357429,0.005399781921162037,0.006171759655583167,-0.00018827262704772875,0.003487873603817147,-0.0003657518674099442,0.012822640480500854,21152.73572834645
0.03243103833623287,-0.024664822190722212,-0.024643824326999856,0.008392553173013542,0.006211392992191986,-0.00021724438509538335,0.003537476757516573,-0.00035605863747016934,0.012814268487620854,21170.82381889764
0.032313689104063806,-0.026904645252323653,-0.026988383788974744,0.010808272378964638,0.006079751172988334,-0.00023896182047058418,0.003582432407283773,-0.00034624357517379015,0.012805869579929005,21188.91190944882
-0.003790252174690792,-0.017717754286865454,-0.025404674923212404,0.012505223036283614,0.005759120738660084,-0.0002537179447062481,0.0036226991946078373,-0.0003363072251390747,0.012797443791349212,21207.0
-0.048458710469680505,0.00023161265200604254,-0.020740285284099172,0.013522204062702294,0.005231935895573774,-0.00026195343501402024,0.0036582357609779436,-0.00032625013198436147,0.012788991155805441,21224.73572834645
-0.022050575968778425,0.022590210336420138,-0.014169903971943926,0.013939899442358997,0.00448381972205968,-0.0002641089686054355,0.0036890007478831656,-0.000316072840327917,0.012780511707221609,21242.82381889764
-0.012069672675864038,0.03746872735451289,-0.006868220087055684,0.0138186703018656,0.0035207181539746546,-0.00026063256664854586,0.00371496014076912,-0.00030577589478808737,0.012772005479521672,21260.91190944882
0.04455551367398901,0.030618859860149263,0.00013373143572392894,0.013185419417183578,0.0023820354778258754,-0.0002520124425908172,0.003736120117360782,-0.00029535983998314676,0.012763472506629547,21279.0
-0.03616546201920005,-0.002618353289771636,0.006379532323422655,0.012059482194602863,0.0011147433497920637,-0.0002387874196504272,0.0037525374651538783,-0.00028482522053140455,0.01275491282246919,21296.73572834645
-0.008305296341221317,-0.032738275918004364,0.01155641846853553,0.010460194040413394,-0.00023418657394804637,-0.00022150713749904583,0.003764279788097645,-0.00027417258105117776,0.012746326460964519,21314.82381889764
0.01430623117279714,-0.043773188897968614,0.015351625763557596,0.008406890360905084,-0.001617782637215703,-0.0002007212358083919,0.0037714146901413237,-0.0002634024661607666,0.012737713456039471,21332.91190944882
-0.005992194517915365,-0.03379869518256747,0.01752616768911888,0.005933986559359744,-0.002989073183832171,-0.00017697935425016893,0.0037740097752341465,-0.00025251542047846057,0.012729073841617996,21351.0
0.00211111389483677,-0.028857830414178328,0.018118956225359625,0.003153429880056332,-0.00430108655761868,-0.00015083113249611717,0.0037721326473254173,-0.00024151198862259495,0.012720407651624037,21368.73572834645
-0.0026079102595926735,-0.02151223384146075,0.01716589481336537,0.00026903369145541285,-0.005506851102396513,-0.00012282621021789738,0.0037658514177619585,-0.00023039322260909589,0.01271171491998152,21386.82381889764
0.005914971376445449,0.0025661502586248903,0.014653920180910615,-0.0024664219246715033,-0.006559395161986913,-9.351787649634914e-05,0.0037552398768903946,-0.0002191622040444859,0.012702995680614367,21404.91190944882
-0.010189209884101488,0.030707584653825837,0.010562030340699602,-0.004792218171482537,-0.0074117470802111465,-6.347614263922336e-05,0.0037403890446818726,-0.0002078225219329578,0.01269424996744655,21423.0
0.014069338361722057,0.03595778126738166,0.0048360130599336085,-0.006447636252135836,-0.00801693520089046,-3.3283167725165855e-05,0.0037214020888784363,-0.00019637776527864928,0.012685477814401977,21441.73572834645
-0.016693033883085663,0.012530081429675257,-0.002163030901374612,-0.007171957369789538,-0.008327987867846118,-3.5232354232903958e-06,0.0036983843018126112,-0.00018483152308573783,0.01267667925540458,21459.82381889764
0.014039719977222424,-0.01295327577544518,-0.007914595129422705,-0.006697435908912886,-0.008305002068087151,2.526119509615688e-05,0.0036714409758169227,-0.00017318738435841006,0.012667854324378317,21477.91190944882
0.01648121869063767,-0.023475777391201106,-0.009273545669820867,-0.0048025400607324565,-0.007938501845625088,5.269415543474007e-05,0.0036406782104475835,-0.0001614489381008236,0.012659003055247116,21496.0
-0.013484674366964504,-0.01902602632223297,-0.004317561807236216,-0.0016904167881864952,-0.007234689824664591,7.843860268965508e-05,0.0036062050042640816,-0.00014961977331714982,0.012650125481934919,21514.73572834645
0.009404389418357867,-0.0033545956453974145,0.0028373207309714986,0.00182378080687948,-0.006201921113661613,0.00010215800630155397,0.0035681298434824104,-0.00013770347901155393,0.012641221638365662,21532.82381889764
0.003312296961536053,0.009082532027918198,0.006546358715328245,0.004790478358271414,-0.0048485508210721175,0.00012351616560293127,0.003526560884426724,-0.0001257036441882088,0.012632291558463276,21550.91190944882
-0.005088151624555309,0.00816654203979107,0.00309532181717176,0.006344507447583869,-0.003182934055352112,0.0001421768799262571,0.003481606283421227,-0.00011362385785128126,0.0126233352761517,21569.0
0.008307682521240162,-0.0025728944103916764,-0.0035079686889132942,0.005967465662733132,-0.0012225681401248042,0.00015780394860394958,0.0034333741967901353,-0.0001014677090049304,0.01261435282535486,21586.73572834645
-0.014777131017651018,0.00041537428955185465,-0.006800008611194238,0.0032794905673510424,0.0009609155730596164,0.00017006316474126178,0.003381970787084888,-8.923878665334441e-05,0.012605344239996713,21604.82381889764
0.020257999672226485,0.002270466024601414,-0.00042498293816207316,-0.001519676813331916,0.0032164828484528263,0.0001786283364402639,0.0033274942018600606,-7.694067980067017e-05,0.01259630955400118,21622.91190944882
-0.02025442134240645,-0.005161972983469799,0.009423680542025492,-0.0062119279772255565,0.005375534283048714,0.0001831754251998992,0.003270040435273364,-6.457697745110046e-05,0.012587248801292214,21641.0
0.01427013059515769,0.00826512969929148,0.005003096258269868,-0.00850714344146037,0.007269470473841231,0.00018338043242516013,0.0032097054415764696,-5.215126860879896e-05,0.012578162015793747,21658.73572834645
-0.005553972374595694,0.015870300725435965,-0.00639016467641935,-0.00785179581028542,0.008753525718458532,0.00017891935952103915,0.0031465851750210453,-3.966714227791108e-05,0.012569049231429683,21676.82381889764
0.00830504946101458,-0.010762993238897149,-0.01495518913820066,-0.004215882087108104,0.009778269117066007,0.00016946820789251653,0.0030807755898587656,-2.712818746263873e-05,0.012559910482124013,21694.91190944882
-0.011553251135397598,-0.02844620751539479,-0.012781544792003201,0.001977396750700742,0.010318103470463243,0.00015470297894459693,0.0030123726403412997,-1.4537993167133393e-05,0.012550745801800645,21713.0
0.01933033775768855,0.013049284643745057,0.004003940562160384,0.008587358632452854,0.010347348435875786,0.00013438281765635156,0.002941472280720321,-1.9001483955465714e-06,0.012541555224383502,21731.73572834645
-0.03293323756369323,0.03809771613563416,0.0177944688737881,0.013043951214130866,0.009839946564848875,0.00010864397468717138,0.0028681704652475195,1.0781757847901495e-05,0.012532338783796561,21749.82381889764
0.05078559326834687,-0.03180710583503683,0.011960687238955603,0.013397537552291918,0.008787020213227161,7.788396980552821e-05,0.00279256314817456,2.3504136559088335e-05,0.01252309651396372,21767.91190944882
-0.06550944171917278,-0.042739078728763126,-0.004307636136133992,0.01017403827383449,0.00725551553106312,4.254485416375522e-05,0.0027147462837531105,3.626339873382426e-05,0.012513828448808925,21786.0
0.06870131855504343,0.04333730579147064,-0.015894928371049895,0.004495373278402156,0.005354235869647306,3.0686789140877805e-06,0.0026348158262348314,4.9055955367960826e-05,0.012504534622256147,21803.73572834645
-0.058560390197087024,0.026831157286734558,-0.013627827625472344,-0.0024791063808829246,0.003198088612227652,-4.0102504791183723e-05,0.0025528677298714223,6.187821745731446e-05,0.012495215068229268,21821.82381889764
0.04154723671686209,-0.04226941429327997,-0.004225482628587553,-0.00935760845052319,0.0009019811420521047,-8.65266457997903e-05,0.002468997948914544,7.472659599769854e-05,0.012485869820652262,21839.91190944882
-0.02656305704032383,-0.03139396653856978,0.003348174356279885,-0.0146738285735572,-0.0014191791576314095,-0.00013576169295945073,0.002383302437615882,8.759750198495849e-05,0.01247649891344903,21858.0
0.018141671716778468,-0.005280264604892945,0.007329818316296899,-0.017712061600386984,-0.003650484903574952,-0.00018736559511788994,0.0022958771502270873,0.00010048734641494437,0.012467102380543575,21875.73572834645
-0.015140627963829825,0.00125741847862942,0.007878347884930114,-0.018066324016932245,-0.00567702871253058,-0.00024089630112283583,0.0022068180409998465,0.00011339254028346188,0.012457680255859773,21893.82381889764
0.00427570972741442,0.014788092921317565,0.0056950122792771545,-0.015852654603063183,-0.007404231490930895,-0.00029591175982200115,0.002116221064185817,0.00012630949458636108,0.012448232573321583,21911.91190944882
0.014220831955713468,0.029798287576850952,0.0020380122656768656,-0.011662730529169062,-0.008818827303930623,-0.00035196992006312296,0.002024182174036704,0.00013923462031945378,0.012438759366852936,21930.0
-0.013018788734334742,0.03253105102399219,-0.001600058838442652,-0.006191138331529546,-0.009927878506365029,-0.00040862873069392005,0.001930797324804158,0.00015216432847859005,0.012429260670377772,21947.73572834645
0.011689989782826544,0.02151192774859258,-0.0035977779298550588,-0.00017345982026417906,-0.010738447453069353,-0.00046544614056210514,0.0018361624707398387,0.00016509503005958932,0.012419736517820034,21965.82381889764
-0.012021513516642242,-0.002957729229164768,-0.0036971283495450423,0.005702144253777148,-0.011257596498878863,-0.0005219800985154337,0.0017403735660954669,0.00017802313605827568,0.012410186943103656,21983.91190944882
0.014308064908091186,-0.028469826383651694,-0.002197865351838624,0.010948499982970946,-0.01149238799862882,-0.0005777885534015954,0.0016435265651226732,0.00019094505747049154,0.012400611980152567,22002.0
-0.016878913324133375,-0.01592496564293276,0.0003864019005895993,0.015147984743730553,-0.011449857474780776,-0.0006324562864420332,0.0015457174220731497,0.00020385720529206245,0.012391011662890713,22020.73572834645
0.018020715387570174,0.02027165958012553,0.0029595391604084623,0.017888290499878813,-0.011136898464818525,-0.0006857100638359263,0.0014470420911985528,0.00021675599051883235,0.01238138602524203,22038.82381889764
0.002554077824121354,0.02593969531693237,0.004281109555975114,0.01875710921523859,-0.01056023905192021,-0.0007374421060881269,0.0013475965267505726,0.00022963782414662379,0.012371735101130415,22056.91190944882
-0.016397864454207232,0.0031879631706906025,0.0034872074015104945,0.017501963873772317,-0.009731945220925005,-0.0007875792891864031,0.00124747668298088,0.0002424991171712501,0.012362058924479877,22075.0
0.015445350660490966,-0.024296174398473428,0.001220051754690821,0.014509701540000954,-0.008685573185247972,-0.0008360484891185946,0.0011467785141411509,0.0002553362805885751,0.012352357529214307,22092.73572834645
-0.014778497618133471,-0.019288151696060234,-0.0015701171299186986,0.01032700029858502,-0.0074600517154481535,-0.0008827765818724774,0.0010455979744830378,0.000268145725394403,0.012342630949257673,22110.82381889764
0.013143589046493164,0.006833202654869342,-0.004151383803116996,0.0055005382341850985,-0.006094309582084595,-0.000927690443435861,0.0009440310182582308,0.00028092386258458376,0.012332879218533859,22128.91190944882
0.011796330301062913,0.020442988107970853,-0.0056374822025362335,0.0005769934314616944,-0.004627275555716344,-0.000970716949796559,0.0008421735997184109,0.00029366710315492466,0.012323102370966848,22147.0
-0.009650715421539398,0.008822364672123028,-0.00533452705601387,-0.003940474576135236,-0.0030978784069024662,-0.001011782976942372,0.0007401216731152411,0.0003063718581012926,0.012313300440480558,22164.73572834645
0.006152256104525049,-0.011192295468945195,-0.003502342676245152,-0.007761454638102955,-0.001545046906201968,-0.0010508154008610862,0.0006379711927003779,0.00031903453841948255,0.012303473460998936,22182.82381889764
-0.006292255799454084,-0.014481700735005891,-0.0004985682741946935,-0.010789335197620561,-7.709824173931003e-06,-0.0010877410975405324,0.0005358181127255298,0.0003316515551053461,0.012293621466445909,22200.91190944882
0.005696085316554685,-0.000508228101464295,0.0030649998643834707,-0.012948516196183323,0.0014752040686226247,-0.0011224869429685017,0.00043375838744235973,0.0003442193191546951,0.01228374449074542,22219.0
-6.988993610908935e-05,0.009981925587386128,0.005471475491365994,-0.014161254753574215,0.0028670388498635018,-0.0011549798131328189,0.00033188797110253037,0.0003567342415633933,0.012273842567821394,22237.73572834645
0.008024510292975186,0.006050105112020511,0.005146260831825053,-0.014359958046410893,0.00414359731701653,-0.0011851465840212383,0.00023030281795770297,0.0003691927333272495,0.01226391573159779,22255.82381889764
-0.007429834405227199,-0.0013655953246695849,0.0022659053041335763,-0.013566348874521997,0.00529791353449374,-0.0012129141316215967,0.00012909888225957233,0.00038159120544209386,0.012253964015998526,22273.91190944882
-0.018594000651422887,-0.004777891017373373,-0.0022503085946488873,-0.012134441179213175,0.006332345338755992,-0.0012382093319216975,2.837211825981347e-05,0.0003939260689037627,0.012243987454947538,22292.0
0.022751284545368983,-0.0010692900624505615,-0.006663336169386182,-0.01050105702118552,0.0072507396775632095,-0.0012609590609093484,-7.17815197899124e-05,0.0004061937347080754,0.012233986082368791,22310.73572834645
-0.024871957246759325,0.0037613663916198858,-0.006670168643221191,-0.009069398067854763,0.008056943498675334,-0.0012810901945723514,-0.00017126607763792264,0.0004183906138508821,0.012223959932186187,22328.82381889764
0.024302024402486806,-0.0006395553503017996,-0.00040840663396422177,-0.008044992907507188,0.008754803749852267,-0.001298529608898482,-0.0002699856010325591,0.00043051311732801145,0.012213909038323678,22346.91190944882
-0.020892261650800697,-0.004931515576313017,0.007218030990496735,-0.007346983711192263,0.009348167378853968,-0.0013132041798755896,-0.00036784413572213,0.0004425576561352828,0.0122038334347052,22365.0
0.015920530374773333,0.006728200398751621,0.01048802195771603,-0.006831321143971627,0.009840881333440354,-0.0013250407834914436,-0.0004647457274549726,0.0004545206412685265,0.012193733155254686,22382.73572834645
-0.012199847007649926,0.007221040993121127,0.006234011048028037,-0.006350663388490169,0.010236792561371357,-0.0013339662957338534,-0.000560594421979418,0.0004663984837235924,0.012183608233896075,22400.82381889764
0.012248044933763013,-0.0082897987548932,-0.003513159726679168,-0.005744498697725903,0.010539748010406896,-0.0013399075925906345,-0.0006552942650437789,0.00047818759449628486,0.01217345870455331,22418.91190944882
0.007378654544494132,-0.005776034453315281,-0.011744039804246017,-0.0048490228422400855,0.010753594628306922,-0.0013427915500495967,-0.0007487493023963927,0.000489884384582463,0.012163284601150317,22437.0
-0.02288857655781804,0.006738275166383945,-0.014520828771221328,-0.0035004315925940186,0.01088217936283134,-0.0013425450440985257,-0.0008408635797855783,0.0005014852649779294,0.012153085957611047,22454.73572834645
0.029886213151137757,0.010289300959226538,-0.01048150178419241,-0.0016107946424771132,0.010929383888469008,-0.0013391296774541387,-0.0009315411429596698,0.000512986646678542,0.012142862807859416,22472.82381889764
-0.01716827474927914,-0.003136956672706106,3.7792090656561136e-05,0.000604322621908778,0.010899230081686629,-0.001332643021848696,-0.0010206902706293207,0.0005243849406801092,0.012132615185819385,22490.91190944882
-0.038628399078656867,-0.011091673721321405,0.010633014503207095,0.0028534808912336804,0.010795779725928612,-0.001323205582342467,-0.0011082362151548762,0.0005356765579784784,0.01212234312541487,22509.0
0.03842231188448283,0.0033664968687385417,0.015487773515012055,0.004845240856167587,0.010623095899701545,-0.0013109347588937735,-0.0011941086290608023,0.0005468579095694733,0.01211204666056982,22527.73572834645
-0.03522376994703926,0.012161394758232753,0.014566721704224532,0.006314725894031813,0.01038524168151205,-0.0012959479096605797,-0.0012782372066719385,0.0005579254064489228,0.012101725825208175,22545.82381889764
-0.01652603920020897,0.0003050034667235686,0.009669579068313417,0.007126614643840619,0.010086280149866714,-0.0012783623234440173,-0.001360551711669962,0.0005688754596126569,0.012091380653253861,22563.91190944882
0.02450785639872971,-0.013964234025652413,0.004719078496421568,0.007264054091920343,0.009731586782961692,-0.0012582883138167837,-0.0014409888829649776,0.0005797044800565211,0.012081011178630814,22582.0
-0.01931107028056621,-0.010626502732096713,0.003118615760050943,0.0067288182691006716,0.009331214529577431,-0.0012358093337897608,-0.0015195123200288892,0.0005904088787763259,0.012070617435262979,22599.73572834645
-0.016481952494439338,0.006455082509070949,0.004028425925810653,0.005539893975220916,0.008894240225488556,-0.001211002138572576,-0.001596092320134906,0.0006009850667679163,0.012060199457074294,22617.82381889764
0.013232473168633596,0.0182327412038905,0.00545346457713324,0.003815388609248583,0.008429168578295818,-0.001183943483374864,-0.001670699180556166,0.000611429459458878,0.012049757273556934,22635.91190944882
-0.013405018244840767,0.009028090905260293,0.005542147452760362,0.0018100397330002987,0.007944504295599938,-0.0011547101234062368,-0.0017433031985658678,0.0006217384947628957,0.012039290891716972,22654.0
0.0032200007893026066,-0.012622264584217497,0.00359602795089057,-0.00025419147853126335,0.007448752085001721,-0.0011233788138763432,-0.0018138746714371698,0.000631908634061816,0.01202880029509234,22671.73572834645
0.021117437605545172,-0.023685291590407918,-0.0007479454907250891,-0.002210648571747677,0.006950416654101902,-0.0010900263099947827,-0.001882383896443281,0.0006419363434965607,0.012018285462461894,22689.82381889764
-0.02772536967985936,-0.004352237288880507,-0.007308651656285718,-0.0039029978031714404,0.006458002710501204,-0.001054729366971198,-0.0019488011708573352,0.0006518180892080197,0.012007746372604494,22707.91190944882
0.011210709550582622,0.022380458371835044,-0.013769569058274792,-0.00517490542932517,0.005980014961800423,-0.00101756474001523,-0.0020130967919525277,0.0006615503373371364,0.011997183004298964,22726.0
0.038142962501096285,0.028848348788557812,-0.017280326141246943,-0.005870037706731418,0.005524958115600312,-0.0009786091843364876,-0.0020752410570020366,0.0006711295540248251,0.011986595336324176,22743.73572834645
-0.037387668974789505,0.0027977920985826957,-0.015745591919178507,-0.0058806490461693565,0.005100506213395093,-0.0009379394551445888,-0.0021352042632790404,0.0006805522054120198,0.011975983347458936,22761.82381889764
0.014955519858333623,-0.021880778883538083,-0.010090197683732685,-0.00529232631288239,0.004709990469690751,-0.0008956323076491932,-0.0021929567080566886,0.0006898147576396074,0.01196534701648215,22779.91190944882
0.023354112336018876,-0.03188335055360698,-0.001994015295994412,-0.004235163876121325,0.004351830782637528,-0.0008517644970598942,-0.002248468688608185,0.0006989136768485267,0.011954686322172638,22798.0
-0.0006637517861341959,-0.024949197218457213,0.006852814873933888,-0.0028382359425746717,0.004023426887823372,-0.0008064127785863329,-0.0023017105022066974,0.0007078454291797117,0.011944001243309237,22816.73572834645
-0.00829766758143256,-0.009731784319946837,0.0147190784198799,-0.0012306167189309384,0.003722178520836242,-0.0007596539074381473,-0.0023526524461253986,0.0007166064807740721,0.011933291758670802,22834.82381889764
0.006841472242758161,0.004467988843143208,0.01986329242665375,0.0004586195881213715,0.003445485417264084,-0.0007115646388249568,-0.0024012648176374553,0.0007251932977725147,0.01192255784703619,22852.91190944882
-0.005448357867790712,0.024260855818895484,0.02054397397906559,0.002100398771893731,0.0031907473126948395,-0.0006622220930998079,-0.002447517548872629,0.000733602346315969,0.011911799487184245,22871.0
-0.017747994906390067,0.028887361594474054,0.015015301558551509,0.0035699852290717554,0.002955363942716484,-0.0006117048616617694,-0.002491379100914659,0.0007418300925453433,0.011901016657893827,22888.73572834645
0.025710059838867993,0.0036650028161481084,0.0029788118687292305,0.004759997769837514,0.0027367350429169345,-0.0005600919429422093,-0.002532817527814974,0.0007498730026015807,0.01189020933794375,22906.82381889764
-0.03173331850135383,-0.024625950831286565,-0.01000944644744488,0.005567393807747178,0.002532260348884171,-0.0005074623458447374,-0.0025718008731527744,0.0007577275426255896,0.011879377506112877,22924.91190944882
0.03360052883003344,-0.019770915582023117,-0.018125022454443356,0.005889130756356931,0.002339339596206124,-0.00045389507927296667,-0.0026082971805072345,0.0007653901787582825,0.011868521141180099,22943.0
0.03157476628873783,0.001726750060562528,-0.020413028646184335,0.005622464116590348,0.002155074433103364,-0.0003994691521305222,-0.0026422744934575418,0.0007728573771405893,0.011857640221924206,22960.73572834645
0.005426737741915592,0.016458106752833365,-0.017497263838757295,0.0047109294898356885,0.0019753741583269616,-0.00034426357332102914,-0.002673700855582885,0.0007801256039134302,0.01184673472712406,22978.82381889764
-0.02565160705678819,0.015656066915728892,-0.010350335503308909,0.0032787115688294355,0.0017958499832605502,-0.000288347983874339,-0.002702553678336189,0.0007871913252177058,0.011835804635558528,22996.91190944882
-0.005322724512282377,-0.00032184067678821775,-0.0007961490564440524,0.0014950827973032122,0.0016121131192878163,-0.00023175455332539042,-0.0027288478446653424,0.00079405100719437,0.011824849926006444,23015.0
0.017013427690340824,-0.009559779103604832,0.007378583218266405,-0.0004706843810112856,0.0014197747777924207,-0.0001745060833354065,-0.0027526076053919083,0.0008007011159843067,0.011813870577246659,23032.73572834645
-0.014034603295550209,0.0028473314768243103,0.01142140127835403,-0.002449317522382423,0.001214446170158029,-0.00011662537556556605,-0.0027738572113375102,0.0008071381177284562,0.011802866568058018,23050.82381889764
0.011473271776494933,0.007282348575649861,0.014595525318666718,-0.004271544183078534,0.0009917385077683266,-5.813523167709212e-05,-0.0027926209133237543,0.0008133584785677356,0.011791837877219382,23068.91190944882
-0.008608987284853884,-0.006958690572389128,0.019515125248241907,-0.005768091919367966,0.0007472630020069562,9.415466688425901e-07,-0.002808922962172237,0.0008193586646430625,0.011780784483509582,23087.0
0.006558408618927514,-0.0006585773890581115,0.020815370342769233,-0.006769688287519048,0.00047663086425759244,6.058215781100737e-05,-0.0028227876087045484,0.0008251351420953618,0.011769706365707467,23105.73572834645
-0.008110905346661678,0.007553497993200083,0.0135421816549623,-0.007139259977121157,0.000175453305903907,0.000120763800088228,-0.0028342391037423074,0.0008306843770655493,0.011758603502591895,23123.82381889764
0.014942955207174285,-0.00819702986316254,-0.0033135971473756158,-0.006870163322033724,-0.0001590253506843752,0.00018146367183928446,-0.0028433016981071033,0.0008360028356945332,0.011747475872941716,23141.91190944882
-0.025305238663220916,-0.005921114355749791,-0.018544921970608034,-0.0059946156659150445,-0.0005228989066597189,0.00024265897140298882,-0.002849999642620547,0.0008410869841232446,0.011736323455535772,23160.0
0.03514480185057113,0.009787736301870591,-0.02163471165721634,-0.004546985193543681,-0.0009101103220542917,0.00030432689711814084,-0.0028543571881042436,0.000845933288492613,0.011725146229152904,23178.73572834645
0.011334798859595024,0.002253207769262632,-0.011034501020679812,-0.002594780726983243,-0.0013144731243667264,0.0003664446473235267,-0.00285639868686015,0.0008505383164239158,0.01171394417257197,23196.82381889764
-0.043546016780902544,-0.011591538138472222,0.005542235044783496,-0.00033755590730331464,-0.00172980084109563,0.00042898942035796145,-0.002856149171268939,0.00085489931561713,0.01170271726457182,23214.91190944882
-0.000946104501503142,-0.005992622613676755,0.01759050614297987,0.001992124419675034,-0.0021499069997396114,0.0004919384145602296,-0.002853634871820718,0.0008590147318816863,0.011691465483931292,23233.0
0.036299264903743265,0.00854900688527876,0.021421959507212714,0.004161695408130731,-0.0025686051277972986,0.0005552688282691371,-0.002848882293162856,0.0008628832851842806,0.011680188809429249,23250.73572834645
-0.02961885434830238,0.013709642270688117,0.016098795266751304,0.005982474934701598,-0.0029797087527673083,0.0006189578598234915,-0.002841917939942731,0.0008665036954915923,0.011668887219844522,23268.82381889764
-0.01660122105463324,0.001520608278727388,0.004570962850999724,0.007441311765861047,-0.003377031402148252,0.0006829827075620849,-0.002832768836648301,0.0008698752026109076,0.011657560693955973,23286.91190944882
0.017281897747466586,-0.013858431041445482,-0.007571302105785113,0.008568937390541403,-0.0037543866034387384,0.0007473205698237034,-0.0028214640871299644,0.0008729991257119451,0.011646209210542439,23305.0
-0.013400477518232192,-0.011785001326095976,-0.015401861744977844,0.009396083297674971,-0.0041055878841374,0.0008119486449471653,-0.0028080333150786604,0.000875877303804959,0.011634832748382779,23322.73572834645
0.011257305477636528,0.0022532965309773043,-0.018514134856020235,0.009953480976194069,-0.004424448771742848,0.000876844131271264,-0.002792506144185412,0.0008785115759002902,0.011623431286255823,23340.82381889764
0.0016212960015145217,0.011208329137425354,-0.017945249889036997,0.010272207137195328,-0.004704782793753697,0.0009419842271347951,-0.002774912198141159,0.000880903778315362,0.011612004805633276,23358.91190944882
0.0009301760434486079,0.011187211480958607,-0.014790129314672962,0.010383153283985647,-0.004941305353025819,0.0010073461308765688,-0.0027552811006368826,0.0008830557359613114,0.011600553299393124,23377.0
-0.005443893981950947,0.005779913690478172,-0.010003502504278986,0.010311454431621929,-0.005132502029218198,0.001072907040835373,-0.0027336424753635724,0.0008849692685162279,0.011589076765646461,23395.73572834645
-0.008631741700516832,-0.0011385872506242598,-0.004385649671437939,0.010081330200210396,-0.005278410978843482,0.0011386441553500042,-0.0027100259460121983,0.0008866461950230958,0.011577575203139413,23413.82381889764
-0.011469107197490596,-0.005998163382066956,0.001301910452772752,0.009717162885231445,-0.005379233033788459,0.0012045346727592855,-0.002684461136273746,0.0008880883345249409,0.011566048610618112,23431.91190944882
-0.01404992593070385,-0.00556512756220982,0.006289295328520087,0.009243334782165396,-0.005435154366014586,0.0012705411314766777,-0.002656977669839153,0.0008892975060647586,0.01155449698682869,23450.0
0.012981653763411673,0.0003167143284396225,0.009754328316708234,0.00868422818649261,-0.005446302507782147,0.00133656743021453,-0.002627605170399446,0.0008902755286855776,0.011542920330517277,23467.73572834645
0.009236194472650342,0.0031366860864511644,0.01117999217694444,0.008064225393693438,-0.005412796783897117,0.0014025092602308355,-0.002596373261645578,0.0008910242214304116,0.011531318640429996,23485.82381889764
-0.008002653264372498,0.00039793714504654005,0.010133025028137312,0.007387039752470624,-0.005334782329049458,0.0014682881226675787,-0.0025633115672685173,0.0008915454033422632,0.011519691915312975,23503.91190944882
0.0054026915822387184,-0.0036603589490052106,0.006173886171483,0.006573708824416501,-0.005212410730400145,0.001533831971137778,-0.0025284497109592545,0.00089184089346416,0.01150804015391234,23522.0
-0.0035810771891277597,0.0007221383885829795,-0.00039657595106274416,0.005524601224345795,-0.005045833575110122,0.001599068759254409,-0.0024918173164087476,0.0008919125069236463,0.01149636335888968,23539.73572834645
0.0008139949400351084,0.008116166233962838,-0.006317170109519946,0.004140085567073211,-0.004835202450340374,0.0016639264406304928,-0.0024534440073080087,0.0008917620426582266,0.011484661549096654,23557.82381889764
0.003292327716670438,0.00894302736747047,-0.008149736006535648,0.0023205304674134997,-0.0045806689432518685,0.0017283329688790067,-0.0024133594073479756,0.0008913912935762078,0.011472934749414073,23575.91190944882
-0.006923408566562976,-0.001003383032433732,-0.00522078896575394,1.813721734169359e-05,-0.004282384641005541,0.0017922162976129442,-0.0023715931402196423,0.0008908020520575137,0.01146118298525117,23594.0
-0.007367153594625945,-0.013302449508882538,0.00013971467975323966,-0.002607562182525792,-0.003940501130762385,0.0018555043804453118,-0.0023281748296139874,0.0008899961104820699,0.011449406282017155,23611.73572834645
0.011116551897929232,-0.017678842824962283,0.005040873189298676,-0.005345203054412241,-0.0035551699996833517,0.0019181251709890939,-0.0022831340992219653,0.0008889752612297924,0.011437604665121247,23629.82381889764
0.015816552849796505,-0.008127046888141028,0.007260212293325668,-0.007983420720540918,-0.0031265428349294107,0.0019800066228573073,-0.0022365005727345844,0.0008877412966806131,0.011425778159972668,23647.91190944882
-0.003333201039837898,0.013636039644317598,0.006399824617466371,-0.010304107409012938,-0.002654771223661522,0.0020410766896629276,-0.0021883038738428123,0.000886296009214448,0.011413926791980646,23666.0
-0.02419963110473968,0.02521360164902387,0.002478617909938488,-0.012062182971440794,-0.0021400067530406458,0.0021012633250189518,-0.0021385736262375978,0.0008846411912112103,0.0114020505865544,23684.73572834645
0.026704824574912262,0.004583041027164817,-0.0035769434533297687,-0.013005824165314792,-0.0015824010102277579,0.002160494482538393,-0.002087339453609948,0.0008827786350508179,0.011390149569103157,23702.82381889764
-0.027103821359795784,-0.027359889928660876,-0.007183196209079612,-0.012880798826782475,-0.0009845145037265936,0.002218698115834219,-0.0020346309796508257,0.0008807101331132069,0.011378223765036137,23720.91190944882
0.02530830911564973,-0.017539290359977474,-0.004503087395777237,-0.01151514275420472,-0.0003585434274120443,0.0022758021785194552,-0.0019804778280512088,0.0008784374777782936,0.011366273199762534,23739.0
-0.022109834166667373,0.01817692346869164,0.0016567958538806396,-0.009102097414937565,0.0002809071034982545,0.0023317346242070804,-0.0019249096225020664,0.0008759624614259729,0.011354297898691617,23756.73572834645
0.009444066106260893,0.025398281483037726,0.006828956383639695,-0.005926807923921489,0.0009192319737866309,0.0023864234065100907,-0.0018679559866943952,0.0008732868764362129,0.011342297887232565,23774.82381889764
0.016461609272719162,0.001384245713943125,0.007488682906781349,-0.0022744193960969996,0.001541826068235436,0.0024397964790414907,-0.001809646544319168,0.000870412515188907,0.011330273190794627,23792.91190944882
-0.016295243089289074,-0.021821727525574607,0.003892947442722668,0.001559383225602837,0.002134084271626995,0.002491781795414268,-0.0017500109190673328,0.0008673411700639778,0.011318223834787002,23811.0
0.018587227931656958,-0.01415836904052879,-0.0022793808148941427,0.005221447608638025,0.0026814014687436783,0.0025423073092414156,-0.0016890787346298794,0.000864074633441335,0.011306149844618934,23828.73572834645
-0.022519799554150968,0.014254555504859982,-0.007591084873558433,0.008286849281930067,0.003169172544367798,0.002591300974135953,-0.0016268796146978127,0.0008606146977009075,0.011294051245699644,23846.82381889764
0.02648968980651648,0.01592879928835667,-0.008215399331038176,0.010362759279761512,0.0035827923832817137,0.002638690743710841,-0.001563443182962073,0.0008569631552226433,0.011281928063438324,23864.91190944882
-0.02914707086049798,-0.007483148634603812,-0.002302696199298711,0.011291532400324822,0.003907655870267781,0.0026844045715790996,-0.0014987990631136594,0.0008531217983864253,0.011269780323244228,23883.0
-0.021569676773462144,-0.013037781002646638,0.0050777813371911396,0.011144530611550617,0.004129832031044861,0.0027283704113537275,-0.0014329768788435289,0.0008490924195721836,0.01125760805052656,23901.73572834645
0.03019170002637939,-0.0008580837853897393,0.009045290716018138,0.010033119962828253,0.004240955241792509,0.0027705162166476996,-0.0013660062538426603,0.0008448768111598464,0.011245411270694537,23919.82381889764
-0.029788421485239216,0.011353542303327352,0.008412216904893762,0.008088113412862034,0.004244809166484168,0.0028107699410740193,-0.0012979168118020376,0.0008404767655293347,0.011233190009157401,23937.91190944882
-0.00382081264625868,0.00734064110157916,0.003345905844863092,0.005563839922077299,0.004148098038617197,0.002849007755436121,-0.0012287381764126406,0.0008358940750605633,0.011220944291324352,23956.0
0.029590962115274542,-0.004302734521621541,-0.003538608660973765,0.002746224648008185,0.003957733222927287,0.0028848986992991207,-0.0011584999713654379,0.0008311305321334545,0.011208674142604631,23974.73572834645
-0.03003911149119306,-0.01037090284954509,-0.009006471794725891,-7.880725181108111e-05,0.0036806778669596888,0.0029180600294185623,-0.0010872318203514124,0.0008261879291279384,0.011196379588407432,23992.82381889764
0.005312730222127101,-0.007850819782739516,-0.010558969099567085,-0.002625330619846326,0.003323895118259627,0.0029481090025499953,-0.0010149633470615308,0.000821068058423928,0.011184060654142005,24010.91190944882
0.031006623625987415,-0.0019776274179786496,-0.00865276016754165,-0.004643232736432685,0.002894348124372374,0.00297466287544898,-0.0009417241751867845,0.0008157727124013352,0.011171717365217557,24029.0
0.007974251592316383,0.001973626177777472,-0.004504382991215756,-0.006045163012370781,0.0023990000328431528,0.0029973389048710587,-0.00086754392841812,0.0008103036834400869,0.011159349747043322,24046.73572834645
-0.019602158414161696,0.0040639733872555334,0.000736861348186662,-0.0068576328122841,0.0018448139912172396,0.0030157543475717833,-0.0007924522304465466,0.0008046627639201039,0.011146957825028503,24064.82381889764
-0.028246723815337403,0.005915791479791776,0.005941184148430061,-0.0071266658797845385,0.0012387531470398662,0.0030295264603066997,-0.0007164787049630158,0.0007988517462213224,0.01113454162458232,24082.91190944882
-0.015294596118892412,0.008424491810517472,0.009978796707278876,-0.006898986193895811,0.0005884808832681584,0.0030382724998313597,-0.0006396529756585293,0.0007928724227236418,0.011122101171114025,24101.0
0.02214228705987523,0.009872271842180163,0.011719910322497565,-0.006225379751986262,-9.427739879618598e-05,0.003041609722901313,-0.0005620046662240383,0.0007867265858069861,0.01110963649003281,24118.73572834645
-0.009087017059074965,0.008512283491330722,0.010395947809272126,-0.005172537900110763,-0.0007920517556514289,0.003039155386272121,-0.000483563400350531,0.0007804160278512928,0.011097147606747893,24136.82381889764
-0.013857752495454553,0.0043497770704570005,0.006683178052474701,-0.0038490562869672763,-0.0014861111670987246,0.003030524987657878,-0.0004043570426875448,0.0007739425412364615,0.01108463454666852,24154.91190944882
-0.013039835154627841,-0.0018243759332389653,0.0016190814543990681,-0.002373691367740267,-0.0021577246129392577,0.0030153269154869723,-0.00032440634859890247,0.0007673079183424297,0.011072097335203895,24173.0
0.006994885874074909,-0.007827370848590696,-0.003758861582661108,-0.0008651995976141545,-0.0027881610729742425,0.002993167506666483,-0.00024373002192707872,0.0007605139515491032,0.011059535997763246,24191.73572834645
-0.005393190213293131,-0.008419651289809408,-0.008413170656412082,0.0005576625682265825,-0.0033586895270048536,0.0029636523395906848,-0.00016234600800180037,0.0007535624332364073,0.011046950559755795,24209.82381889764
0.005590251102131995,-0.0004715775324976418,-0.01134636402598925,0.0017761386745975014,-0.0038505789548322826,0.0029263842301232726,-8.026948962216375e-05,0.000746455155784272,0.011034341046590759,24227.91190944882
-0.007519179927320537,0.00770918906000611,-0.011726838446514266,0.0026773561165839995,-0.004245098336257692,0.0028809652248980816,2.485119642537295e-06,0.0007391939115726029,0.011021707483677364,24246.0
0.010549511851734056,0.0012154449638545396,-0.009190438957478312,0.0031920478330806626,-0.004523516651082288,0.0028270020333287255,8.589874344327776e-05,0.0007317804929813346,0.011009049896424825,24263.73572834645
-0.013734304801648318,-0.007414010633934826,-0.004994551336086519,0.003338768764835247,-0.0046687604597714025,0.002764120099784831,0.00016993357047500948,0.0007242166923903849,0.01099636831024237,24281.82381889764
0.016325369608200906,-0.0010547572425444894,-0.0005478835426921368,0.0031658926053919714,-0.004673530734271688,0.002691980593676724,0.0002545418658066514,0.0007165043021796791,0.010983662750539205,24299.91190944882
-0.01815922169557333,0.00791201374651573,0.0037512246172032595,0.0027359237785995355,-0.004544852547447193,0.0026104590145758773,0.00033965493495888803,0.000708645114729114,0.01097093324272458,24318.0
0.0024889584851014936,0.007818586156784772,0.007522164148123022,0.002114484995716772,-0.004293255720803546,0.002519822563172285,0.00042519884356534367,0.0007006409224186436,0.01095817981220768,24335.73572834645
0.020954449627209153,0.001923958841636627,0.009726108745843476,0.00136719896800246,-0.003929360240800573,0.0024204286051101556,0.0005110996572596399,0.0006924935176281478,0.010945402484397779,24353.82381889764
-0.022689930112240957,-0.004786197220911501,0.010217122287955866,0.0005568474202314443,-0.003463786093898072,0.0023126345060336686,0.0005972834416754027,0.0006842046927375946,0.010932601284704038,24371.91190944882
0.003245560532715896,-0.010186361767802472,0.009137886986064195,-0.0002611786508294091,-0.0029071532665558898,0.002196797631587007,0.0006836762624462858,0.0006757762401268729,0.010919776238535716,24390.0
0.026436510528109494,-0.011535862236045136,0.006618033166544929,-0.0010184363631857863,-0.00227008174523382,0.002073275347414375,0.0007702041852058949,0.000667209952175928,0.010906927371302017,24407.73572834645
-0.027437614843641676,-0.006614631098848242,0.0029099466576595055,-0.001641405197431091,-0.0015642959358760646,0.001942425019159959,0.0008567932755878779,0.000658507621264641,0.010894054708412183,24425.82381889764
-0.02088252770141984,0.0026576616926297526,-0.001227071833079434,-0.002052146956221264,-0.00080593792236431,0.0018046040124679564,0.0009433695992258485,0.0006496710397729694,0.010881158275275419,24443.91190944882
-0.00713783506027248,0.011141512363580434,-0.004906992878346468,-0.0021709957959860143,-1.2877434806452125e-05,0.0016601696929825509,0.0010298592217534493,0.0006407020000808218,0.010868238097300939,24462.0
0.023406492043867615,0.013070825141744746,-0.007248831032478785,-0.001915600099958887,0.0007943300234934493,0.0015094794263479374,0.0011161882088043006,0.0006316022945681161,0.010855294199897985,24480.73572834645
0.023183794811567463,0.005027076543919745,-0.007549204049235999,-0.00123549488585046,0.001593734257574883,0.0013528905782083,0.0012022826260120495,0.0006223737156147685,0.01084232660847576,24498.82381889764
-0.004677015051999813,-0.0065079490404197915,-0.005722416751580065,-0.00023021361322456954,0.0023631922062486667,0.0011907605142078416,0.0012880685390102946,0.0006130180556007105,0.010829335348443504,24516.91190944882
-0.015134153064735745,-0.011326568882994641,-0.0017609997378757558,0.0008991649180289869,0.0030805608083256295,0.0010234465999907506,0.0013734720134326865,0.000603537106905863,0.010816320445210423,24535.0
0.012250851844736803,-0.002580970595045696,0.003612766147297899,0.0019344959044723157,0.003723697002616627,0.0008513062012012097,0.0014584191149128543,0.0005939326619101393,0.010803281924185741,24552.73572834645
-0.010379469382842524,0.008802925589527015,0.00652527281266271,0.0026576345426675137,0.004270457727932469,0.0006746966834834262,0.0015428359090844117,0.000584206512993463,0.010790219810778696,24570.82381889764
0.008982529718629336,0.0060219252890999055,0.0037610996259535277,0.0028894071925240085,0.004698699923083973,0.0004939754124815734,0.0016266484615810092,0.00057436045253576,0.010777134130398484,24588.91190944882
0.007159272289947655,-0.00292384177196359,-0.0021001594791662226,0.002602273871817461,0.004990531522404833,0.00030949975383986014,0.0017097828380362682,0.0005643962729169385,0.010764024908454331,24607.0
-0.011044624048297166,-0.0053261651539229125,-0.0070301569275509936,0.001790661779579464,0.005145064442320045,0.00012162707320247045,0.0017921651040838195,0.0005543157665169318,0.010750892170355476,24624.73572834645
0.011990345391866898,0.004715424644213801,-0.00754069127268784,0.0004447471193188413,0.005165543355794106,-6.916702480304194e-05,0.0018737213253572753,0.0005441207257156546,0.010737735941511131,24642.82381889764
-0.003746135944311813,0.005386802880692036,-0.002393857692532293,-0.0013555817955172957,0.005054739979858025,-0.00026193397961567726,0.0019543775674903028,0.0005338129428930384,0.010724556247330498,24660.91190944882
0.0015191873026006407,-0.006554952494297883,0.006475625589075767,-0.003171588211728413,0.0048153077925594395,-0.0004556069916910373,0.0020340598961165034,0.0005233942104289705,0.010711353113222832,24679.0
-0.02031130022082525,-0.003549680799346803,0.010358116220003035,-0.0044748232661757275,0.004449900271946031,-0.0006491192614847604,0.002112694376869504,0.0005128663207034145,0.010698126564597335,24696.73572834645
0.025493309127203902,0.009022176562675597,0.008018578774278688,-0.004847865932826903,0.003961170896065449,-0.0008414039894524756,0.0021902070753829434,0.0005022310660962744,0.01068487662686323,24714.82381889764
-0.012444014058099438,0.01338545249410019,0.0011307519157400417,-0.004319840006999318,0.003354206615888871,-0.0010313943760498062,0.00226652405729046,0.0004914902389874543,0.010671603325429747,24732.91190944882
-0.034623331270453535,0.0059021538163803585,-0.007926739684865928,-0.003042824801602449,0.002646022062873053,-0.0012180236217323615,0.0023415713882256666,0.00048064563175689645,0.0106583066857061,24751.0
0.03638268032525418,-0.010891116910919391,-0.015230251423728677,-0.0011801082576360592,0.001864840496565053,-0.001400224926955789,0.002415275133822204,0.0004696990367845064,0.010644986733101509,24769.73572834645
-0.035526959623849406,-0.020417368711081702,-0.016483174748435084,0.001102278717335959,0.001041078965303515,-0.0015769314921757012,0.0024875613597136986,0.00045865224645022333,0.010631643493025167,24787.82381889764
0.02453410503710506,-0.008059435150077817,-0.009072892627103752,0.003591784771230513,0.00020515451742715557,-0.0017470765178477334,0.0025583561315337734,0.0004475070531339574,0.01061827699088638,24805.91190944882
0.028580423002373664,0.0128687055269334,0.002869008223432231,0.005898014440475513,-0.0006125157987253497,-0.001909593204427504,0.002627585514916054,0.000436265249215634,0.010604887252094299,24824.0
-0.024534870048175672,0.02341200005423287,0.013524752854718021,0.007586248528069709,-0.0013815149348153294,-0.002063414752370633,0.002695175575494202,0.00042492862707515724,0.010591474302058142,24842.73572834645
-0.010992483996938755,0.01470962046451104,0.018413186582158812,0.008223957151939312,-0.002073615157431522,-0.002207474362132755,0.002761052378901817,0.00041349897909246475,0.010578038166187149,24860.82381889764
-0.0019206136942781693,-0.0023932572970240345,0.01831139764442299,0.007477984772747599,-0.002671724943722992,-0.002340705234169493,0.002825141990772535,0.00040197809764746823,0.010564578869890567,24878.91190944882
0.01608925817528067,-0.0167837897148531,0.014929658751657356,0.005430316761869166,-0.0031704578891684487,-0.0024620405689364778,0.002887370476739981,0.00039036777512009617,0.010551096438577576,24897.0
-0.014602847705335476,-0.02047863664091421,0.009688071427133316,0.0024554886284044947,-0.003566806540097152,-0.002570413566889324,0.0029476639024377956,0.0003786698038902678,0.010537590897657411,24914.73572834645
0.01358047365868192,-0.015040980593205383,0.0038263922846270893,-0.0010214808548712792,-0.0038577634428383664,-0.0026647574284836546,0.0030059483334996,0.00036688597633790257,0.010524062272539308,24932.82381889764
-0.0050098781192939095,-0.008443959260620687,-0.0019321615097535807,-0.00457557291518302,-0.004040321143721339,-0.0027440053541750997,0.0030621498355590266,0.0003550180848429045,0.01051051058863248,24950.91190944882
-0.013100974346315386,-0.001595646047410067,-0.00694846615411795,-0.007781768779755589,-0.0041114721890753315,-0.0028070905444192934,0.003116194474249702,0.0003430679217852203,0.010496935871346138,24969.0
-0.0029656186830726633,0.006080766121486814,-0.010386545972250171,-0.010215049675813869,-0.004067960685997027,-0.002853194638904427,0.0031680083152052702,0.00033103727954477097,0.0104833381460895,24986.73572834645
0.016723345578970577,0.012160441084288764,-0.011146742420319218,-0.011450396830582708,-0.003905536984652902,-0.002882496545320043,0.00321752093513047,0.0003189279505014544,0.010469717438271811,25004.82381889764
0.005027836069632257,0.012919395975816218,-0.007959425316282414,-0.011171097285704553,-0.0036239830376543027,-0.002895441229850131,0.0032646795299919023,0.0003067417270352097,0.010456073773302274,25022.91190944882
-0.025550211062425877,0.002855085252930441,-0.0005070768945956374,-0.00949366134049211,-0.0032402009643225935,-0.002892494296710467,0.003309451933787976,0.0002944804015259547,0.010442407176590115,25041.0
0.030753069836928187,-0.013085142769472102,0.006030583102864957,-0.006642905108675657,-0.0027753729256566498,-0.0028741362855977007,0.0033518209159979894,0.00028214576635359503,0.010428717673544556,25059.73572834645
-0.0011578345395174485,-0.012479239532376377,0.0066425136514557765,-0.002843644703985477,-0.002250681082655299,-0.0028408507724480402,0.00339177228234074,0.00026973961389807594,0.010415005289574826,25077.82381889764
-0.035161732990812884,0.003669600782623123,0.0026780264427061352,0.001603489276120949,-0.001687307596317424,-0.0027931213854946405,0.003429291890832043,0.0002572637365393015,0.010401270050090124,25095.91190944882
0.031066578655116375,0.01658203646469664,-0.0025975972817836057,0.0060530312422264745,-0.0011064346276418602,-0.0027314317529706896,0.0034643655994876987,0.00024471992665719554,0.010387511980499697,25114.0
-0.023928041501900466,-0.00842531297302615,-0.0058371735743350224,0.009669997747117253,-0.0005292443376274782,-0.002656265503109316,0.003496979266323471,0.00023210997663167748,0.010373731106212765,25131.73572834645
0.018646564411431726,-0.01941366718399977,-0.004427177201374855,0.011922603450809815,2.3081112726882e-05,-0.002568106264143709,0.0035271187493551774,0.0002194356788426681,0.010359927452638527,25149.82381889764
-0.01938458185839826,0.015295665059164928,0.0021261144715094904,0.012869090858441155,0.0005293595624223376,-0.0024674376643070255,0.003554769906598592,0.0002066988256701005,0.010346101045186218,25167.91190944882
0.02562302982426787,0.020967525003971213,0.008493429921697564,0.012700248630104693,0.0009702184432502682,-0.002354743331832443,0.003579918502516821,0.00019390130304658423,0.010332251909265048,25186.0
-0.03304210967939029,-0.006825836802550307,0.009418614767092073,0.011602715647528176,0.0013359277997989812,-0.0022305068949531083,0.003602549927362102,0.00018104537111557684,0.010318380070284275,25203.73572834645
0.013968384240583673,-0.019921141871249576,0.00561008682553341,0.00979021034226987,0.0016281842359920178,-0.0020952119819022067,0.0036226494778340344,0.0001681333835732337,0.010304485553653079,25221.82381889764
0.03900478946195717,-0.019915272650415906,-0.0007971003357048276,0.007545678824446315,0.0018510885973891606,-0.0019493422209128854,0.0036402024506321275,0.00015516769411571938,0.010290568384780693,25239.91190944882
0.009483756723698774,-0.01954691801458972,-0.007854994355739088,0.005168601975614908,0.0020087417295501517,-0.0017933812402183183,0.0036551941424559507,0.0001421506564391817,0.010276628589076358,25258.0
-0.03074314843285528,-0.014205544495767912,-0.014078780018599276,0.00295846067733299,0.002105244478034769,-0.001627812668051671,0.0036676098500050846,0.00012908462423978517,0.010262666191949269,25276.73572834645
0.007455022648077794,0.0004564949357462524,-0.017535138784453626,0.0012147358111579561,0.0021446976884027915,-0.0014531201326460992,0.003677434869979059,0.00011597195121367451,0.010248681218808658,25294.82381889764
0.02009858461385213,0.014007232507590783,-0.016491740630590376,0.00015014558625796052,0.0021312022062139643,-0.0012697872622347854,0.0036846544990774503,0.00010281499105701889,0.010234673695063746,25312.91190944882
-0.019536365136921783,0.011223572950515334,-0.009553860099117267,-0.0003696424777558759,0.002068922350959368,-0.0010783611589821646,0.0036892539866078284,8.961614485794341e-05,0.01022064364612375,25331.0
0.02317337928332456,-0.011664388850266301,0.0018616922968325506,-0.0005657235336615777,0.0019622763378551906,-0.0008796428207778503,0.0036912183790900623,7.637801649228056e-05,0.010206591097397908,25348.73572834645
-0.02829351621546852,-0.01007370649491182,0.013513794507124236,-0.0006591927342372608,0.0018157458560489528,-0.0006744967194427482,0.003690532622772808,6.310331010712841e-05,0.010192516074295416,25366.82381889764
0.03132763933466695,0.011002085724909903,0.02156878011510195,-0.0008711452322609528,0.001633905753457566,-0.00046388048556717974,0.0036871816506848093,4.979474306941049e-05,0.010178418602225512,25384.91190944882
-0.001088613255275135,0.008813849558501712,0.02325473682011619,-0.0014226761805107729,0.0014217117380743262,-0.000249132609817814,0.0036811503958548777,3.6455032746054955e-05,0.010164298706597429,25403.0
-0.02804137017128781,-0.006678448282814997,0.018936199102115844,-0.0024607954773932144,0.001184245576656507,-3.171764162534657e-05,0.0036724237913118123,2.308689650397007e-05,0.010150156412820369,25420.73572834645
-0.002785209497599934,-0.013850492198229293,0.009483993432306197,-0.003836172003828618,0.0009265972609600066,0.00018689164458093313,0.0036609867700844023,9.693051710093139e-06,0.010135991746303544,25438.82381889764
0.014349126080537634,-0.006777874731544422,-0.0035650662268406456,-0.0053253893863657925,0.0006538567827407177,0.0004052224743717497,0.003646824265201422,-3.723784268655342e-06,0.010121804732456195,25456.91190944882
0.010338105760824027,0.010773296146410464,-0.015614862368778962,-0.006705031251553502,0.00037111413375451395,0.0006218020733178123,0.003629921209691673,-1.7160894065364042e-05,0.010107595396687543,25475.0
-0.006531613238548154,0.019771601452596408,-0.020933154495245705,-0.007751681225940556,8.345930575732047e-05,0.0008351576669898042,0.0036102625365839543,-3.0615560313088025e-05,0.010093363764406789,25492.73572834645
0.005184343307981199,-0.0014015641859179797,-0.01561004888975289,-0.008274606771771602,-0.00020401770949499546,0.001043816480958459,0.0035878331789070445,-4.408506564493887e-05,0.010079109861023193,25510.82381889764
0.027259912380574482,-0.023630196180711226,-0.003421089208991632,-0.00821390284488406,-0.00048613476943728086,0.0012463057407944632,0.0035626180696897445,-5.756669269396706e-05,0.010064833711945937,25528.91190944882
-0.029310139339020026,-0.006958782787818806,0.00961752786892116,-0.007543052442561439,-0.0007570055257541698,0.001441152672068526,0.003534602141960856,-7.105772409327043e-05,0.010050535342584262,25547.0
0.028181493635224656,0.025882823644964168,0.016212430953344726,-0.006236973122950003,-0.0010093090692675426,0.001626884500351361,0.0035037703287491328,-8.455544247590404e-05,0.010036214778347386,25565.73572834645
-0.023891765727404632,0.004360605912471382,0.01143624765072669,-0.004325869669685901,-0.001235388888285983,0.0018020284512136838,0.003470107563083391,-9.805713047495961e-05,0.010021872044644529,25583.82381889764
0.019046493472998045,-0.025631805330054613,0.001102776268392644,-0.002059753358311627,-0.001427588471117996,0.0019651117502261775,0.003433598777992427,-0.00011156007072350749,0.01000750716688491,25601.91190944882
-0.01660726027834192,-0.002750069969931499,-0.00751600030610919,0.00025641291265379794,-0.001578251306072123,0.0021146616229595697,0.003394228906505029,-0.00012506154585464855,0.009993120170477758,25620.0
0.017611636288390926,0.02297738970091368,-0.012056531565217557,0.0023176662446913513,-0.0016797208814569328,0.002249205294984548,0.003351982881649983,-0.000138558838501418,0.009978711080832274,25638.73572834645
-0.004852390609746287,0.017452319471507598,-0.011948099068300333,0.003875944778017728,-0.0017244538450162552,0.0023673831513071546,0.0033068456364560785,-0.00015204923129693817,0.00996427992335772,25656.82381889764
-0.02331829600308732,-0.004118861888944237,-0.00888288026245477,0.004910790807792481,-0.001705546890675752,0.0024684756231152026,0.003258802103952106,-0.00016553000687426404,0.009949826723463286,25674.91190944882
-0.029446706152210803,-0.01675424144779658,-0.00511877656671047,0.005458647667910918,-0.0016169595055584862,0.0025526259347939165,0.0032078372171668633,-0.00017899844786647056,0.009935351506558214,25693.0
-0.016292086573792997,-0.004337722350148112,-0.0022220340662552785,0.005555958692268328,-0.0014528385852280868,0.0026201537049275843,0.003153946923370653,-0.00019245183690663723,0.00992085429805168,25710.73572834645
0.030185745467403564,0.013061522671622933,0.0010077224890898669,0.005242394469121851,-0.0012105582796099405,0.0026713344951344122,0.003097171226799799,-0.00020588745662785885,0.00990633512335296,25728.82381889764
-0.026143357289171557,0.012597771028520265,0.005570748201907666,0.004570534604175851,-0.0009004017560767726,0.002706432852791112,0.0030375611459321676,-0.00021930258966317977,0.00989179400787123,25746.91190944882
0.01515909622974755,-0.0005872369498535859,0.009242196922368998,0.003596185957496554,-0.0005358794363630818,0.0027257133252744314,0.0029751676992455733,-0.00023269451864571771,0.009877230977015757,25765.0
0.015288670298174248,-0.010415061346568446,0.010273449712569176,0.0023751553891501443,-0.0001305017422033938,0.0027294341301398826,0.0029100482350390756,-0.00024606052620852157,0.009862646056195724,25782.73572834645
-0.01140612818500675,-0.008792387094401038,0.0077069860196962115,0.0009728335989407249,0.0003022209046678019,0.0027178299726281167,0.002842283613926567,-0.00025939789498467705,0.009848039270820372,25800.82381889764
-0.00937351400896762,-0.004341403644024442,0.002381676137946095,-0.0005070533543760909,0.0007487780825159703,0.0026911364560381354,0.0027719537984636253,-0.00027270390760726355,0.009833410646298921,25818.91190944882
0.012048790427976607,0.0035204050067560925,-0.004226391321951274,-0.0019511955723068373,0.001195659369606634,0.0026495909906387198,0.002699136944236017,-0.00028597584670937286,0.009818760208040591,25837.0
-0.014564440499947916,0.012887575668468938,-0.009888645330138812,-0.003246283156357986,0.0016293543442052342,0.0025934309866987464,0.0026239112068294425,-0.00029921099492404474,0.009804087981454598,25855.73572834645
0.0175530250472634,0.010553664764591192,-0.01254849193549144,-0.004279006208036073,0.002036352584577296,0.0025228938544869894,0.00254635474182969,-0.00031240663488439234,0.00978939399195016,25873.82381889764
-0.021248963731887314,-0.010943497905834347,-0.011570523198227742,-0.004955259551559574,0.002403143668988285,0.0024382170042723116,0.002466545704822435,-0.0003255600492234798,0.00977467826493652,25891.91190944882
0.026259289613346046,-0.017755832112499783,-0.006602609971232254,-0.0052577569019949715,0.0027162171757036863,0.0023396378463235506,0.0023845622513934423,-0.00033866852057438365,0.009759940825822867,25910.0
-0.032049684619133885,0.007978810698332187,0.0019506794447353983,-0.005190682815246081,0.0029643288011143754,0.002227393790909498,0.00230048253712844,-0.00035172933157018494,0.00974518170001845,25927.73572834645
0.036731240726210236,0.021133590905115105,0.010581168066567132,-0.0047672863197180775,0.003145189680981571,0.002101831281429971,0.002214384717613172,-0.0003647397648439723,0.009730400912932495,25945.82381889764
-0.03400883359496325,7.761320850895482e-05,0.015608760988827883,-0.0040030825619415105,0.003258340936668044,0.0019637328938086162,0.002126346948433362,-0.00037769710302879917,0.009715598489974187,25963.91190944882
-0.03780484554412793,-0.023475915966736705,0.015769300299123254,-0.0029135866884469164,0.003303180783843868,0.0018140241096617428,0.0020364473851747565,-0.00039059862875775894,0.009700774456552782,25982.0
0.02905814163365092,-0.01717562818820358,0.010922615215130773,-0.001532337699911625,0.003278971947932314,0.0016537659008525002,0.0019447641834230787,-0.00040344162466392957,0.009685928838077475,25999.73572834645
0.014420610149799019,0.0065863834093714884,0.003008546481775142,3.5029986400050954e-05,0.0031849432817949493,0.0014840531118057306,0.0018513754987640703,-0.0004162233733803859,0.009671061659957507,26017.82381889764
0.009630061870421197,0.023520027008910763,-0.005513062274207066,0.0016648580990770336,0.003020323638293319,0.0013059805869462674,0.001756359486783451,-0.0004289411575401953,0.00965617294760209,26035.91190944882
0.0046152705178830284,0.02245856447790499,-0.012423992966907261,0.003233488366708201,0.002784341870288992,0.0011206431706989545,0.0016597943030669938,-0.0004415922597764632,0.009641262726420456,26054.0
0.011228061808649464,0.0071707078530523095,-0.016472529673728514,0.004617262517882487,0.0024762268306435316,0.0009291357074886373,0.001561758103200386,-0.00045417396272223395,0.009626331021821819,26071.73572834645
-0.0086466745780386,-0.009043269250894076,-0.016664145319274803,0.005708085587561785,0.002095207372218484,0.000732553041740158,0.0014623290427693918,-0.00046668354901060696,0.009611377859215392,26089.82381889764
0.004704861666173941,-0.01738900384829358,-0.012058218436509657,0.0064507512123145715,0.001641529354628344,0.0005319900178783667,0.0013615852773597385,-0.000479118301274651,0.009596403264010412,26107.91190944882
-0.017017416938845505,-0.004482835300103882,-0.002704710261157005,0.006768157839540654,0.0011195066644993253,0.00032854148032809675,0.001259604962557155,-0.0004914755021474471,0.009581407261616099,26126.0
0.016359436786028282,0.013052001833130236,0.0073211261285219655,0.006571888380833856,0.0005364211071311973,0.00012330227351419336,0.0011564662539473958,-0.0005037524342620749,0.009566389877441663,26144.73572834645
-0.01354478912561264,0.004913982202596265,0.013635487588070186,0.005765722100105445,-9.264186449375404e-05,-8.263275813849644e-05,0.0010522473071161728,-0.0005159463802516198,0.00955135113689633,26162.82381889764
0.009303652375160955,-0.009263817750748143,0.014627581342531734,0.004277916174730651,-0.0007506458854726464,-0.00028816877020514255,0.0009470262776492368,-0.0005280546227491369,0.009536291065389318,26180.91190944882
-0.0051002461579999865,-0.00823121763955155,0.009563140377195842,0.0021838525707311663,-0.001420554590902565,-0.0004922109182608949,0.0008408813211323207,-0.0005400744443877287,0.009521209688329858,26199.0
-0.0008426220065161274,0.0006561054393067635,-0.00014868177716720506,-0.00024901997205331627,-0.0020853316158806136,-0.0006936643578808944,0.000733890593151146,-0.0005520031278004534,0.009506107031127163,26216.73572834645
0.002764835869603065,0.006787997521477565,-0.0088426125308359,-0.0027118432266747144,-0.0027279405955038714,-0.0008914342446403308,0.0006261322492914549,-0.0005638379556203873,0.00949098311919045,26234.82381889764
-0.0045628055498632,0.003290834272686482,-0.011652664863955046,-0.004895758966184985,-0.003331345164869452,-0.0010844257341143448,0.0005176844451389857,-0.0005755762104806282,0.00947583797792896,26252.91190944882
0.005614394213518145,-0.007814834764778178,-0.008226366236248613,-0.006523441859269167,-0.0038785089590744628,-0.001271543981878085,0.0004086253362794792,-0.0005872151750142404,0.009460671632751898,26271.0
-0.014427994654110347,-0.003717836807040633,-0.0001413654742070031,-0.007443698157144712,-0.004352395613215979,-0.0014516941435067225,0.0002990330782986598,-0.0005987521318543095,0.009445484109068496,26288.73572834645
0.015053452687596109,0.01050717017613551,0.007188697590747574,-0.007536867006662169,-0.004735968762391103,-0.0016237813745754138,0.0001889858267822639,-0.0006101843636339044,0.009430275432287957,26306.82381889764
-0.00891231524811808,0.0015789783495034134,0.008697209319780689,-0.006679908790074277,-0.005015570806294747,-0.0017867108306593071,7.856173731602488e-05,-0.0006215091529860984,0.009415045627819514,26324.91190944882
0.004517375190597728,-0.013989973931709443,0.0046693480559220815,-0.0048324321421907715,-0.005191059203013033,-0.0019393876673335603,-3.216103451431623e-05,-0.000632723782543994,0.0093997947210724,26343.0
-0.007911870117277014,-0.0038906960236855725,-0.0023245391297227803,-0.0023353201770164264,-0.005265670175229886,-0.002080717040173341,-0.00014310433312302907,-0.0006438255349406461,0.009384522737455825,26361.73572834645
0.009036711492805933,0.01753521266560833,-0.00727150858888459,0.0003743806804957675,-0.005242606861767985,-0.0022096371886150506,-0.0002541900029243879,-0.0006548116928091283,0.009369229702379005,26379.82381889764
-0.0128231358705264,0.00956975884894951,-0.006162729098206301,0.002904148865479801,-0.005124889085673779,-0.00232526966787134,-0.0003653398883326333,-0.0006656795387825367,0.009353915641251168,26397.91190944882
0.01774542744149145,-0.020736362775502334,-0.0013522524001954592,0.005039562253417551,-0.004915299664807464,-0.002426973038341084,-0.00047647583376205025,-0.0006764263554939357,0.009338580579481528,26416.0
-0.02117140542809798,-0.01474214736259739,0.003602681261281716,0.006610723579877873,-0.004616419765260425,-0.002514307512191995,-0.0005875196836268962,-0.0006870494255764153,0.009323224542479308,26433.73572834645
0.021525966842770933,0.019812872793364612,0.006694960602789008,0.007447735580429623,-0.004230227867373792,-0.002587435987342025,-0.0006983932823414423,-0.00069754603166304,0.009307847555653743,26451.82381889764
-0.0063942699410203165,0.023986048675159494,0.00624743087808282,0.007438285869802333,-0.0037585609562969377,-0.002646672033146709,-0.0008090184743199445,-0.0007079134563869013,0.009292449644414051,26469.91190944882
0.00708236656589102,-0.0034730621248455365,0.0014511313791867838,0.006702634971237743,-0.003205526114031942,-0.002692329218961569,-0.000919317103976677,-0.0007181489823810665,0.009277030834169446,26488.0
-0.02059140378024457,-0.024397126924878276,-0.004166486905083464,0.005427561854616058,-0.002584173166304496,-0.002724721114142127,-0.0010292110157259003,-0.0007282498922786153,0.009261591150329143,26506.73572834645
-0.014342661862249263,-0.019606296984644857,-0.006922688305359603,0.0038020788816869365,-0.0019097853307097209,-0.00274416128804392,-0.001138622053981887,-0.0007382134687126239,0.00924613061830238,26524.82381889764
0.019130179810679715,-0.00162754325998161,-0.0069035916438931755,0.002011204228323824,-0.0011976458248427583,-0.0027509633100224755,-0.0012474720631588873,-0.0007480369943161765,0.009230649263498364,26542.91190944882
0.017704855806006597,0.0135552283859887,-0.005105019514090645,0.00020644767218107709,-0.00046303786629874023,-0.002745440697230002,-0.001355682939874498,-0.0007577177517223419,0.009215147111326316,26561.0
-0.019389207773342392,0.020392420554682565,-0.0024486737046252173,-0.001534801813820218,0.00027875532732719876,-0.0027279066832144104,-0.0014631768643505955,-0.000767253023564212,0.009199624187195483,26578.73572834645
0.01878570116124544,0.013977642209808695,0.0002777833025581386,-0.003152686911473218,0.0010124505384399181,-0.00269867415015627,-0.0015698763681763948,-0.0007766400924748492,0.009184080516515052,26596.82381889764
-0.019538324029223487,0.005176090434638449,0.0027527196335704,-0.0045873503025711,0.00172276454944429,-0.0026580570433881443,-0.001675702919789134,-0.0007858762410873407,0.009168516124694269,26614.91190944882
0.020968341568035714,-0.005643076891361447,0.004771011066536534,-0.005778934668907026,0.0023944141427451804,-0.0026063738600146194,-0.0017805734358540214,-0.0007949587520347585,0.009152931037142329,26633.0
-0.021523307742734452,-0.012029071280173928,0.006127533379581488,-0.006667582692274167,0.0030121161007474555,-0.002543944235083254,-0.0018844036950932954,-0.0008038849079501774,0.009137325279268482,26651.73572834645
0.020375514303572755,-0.0018100467161427682,0.006685312862322434,-0.0071934370544656885,0.003560587205855976,-0.0024710878036416258,-0.0019871094762291546,-0.0008126519914666863,0.009121698876481935,26669.82381889764
-0.018032095705994827,0.007669930448482312,0.006577557589178657,-0.007296257891344185,0.004026581955711753,-0.0023881242007373175,-0.0020886065579838182,-0.0008212572852173583,0.009106051854191917,26687.91190944882
0.006390946352763141,0.004743811271612998,0.00589856217797491,-0.006925917903091219,0.0044058759215516744,-0.002295373061417896,-0.002188810719079515,-0.0008296980718352639,0.009090384237807635,26706.0
0.013566988413709773,-0.0020050951632597726,0.004364064353903446,-0.0060918732983365415,0.004699763240454123,-0.002193154020730934,-0.002287637738238458,-0.0008379716339534932,0.00907469605273832,26723.73572834645
0.00858836507276718,-0.002910310975895878,0.0016459991675912464,-0.004868803282605826,0.004910408262148854,-0.002081786713724014,-0.0023850033941828627,-0.0008460752542051182,0.009058987324393199,26741.82381889764
-0.004626969011578307,0.00040748406126262903,-0.0020757656780034045,-0.003344782123638327,0.005039975336365572,-0.001961585352315964,-0.002480828888763698,-0.0008540062152232106,0.009043258078181486,26759.91190944882
-0.014790305449151107,0.0017677060836161595,-0.004643212119451543,-0.0016078840891733494,0.0050906288128340195,-0.0018328423462069848,-0.002575057226050543,-0.0008617617996408515,0.009027508339512394,26778.0
0.017600646446582963,-0.0018737703609243768,-0.004136935044903691,0.0002493887957553025,0.005064601347637965,-0.0016959125495079196,-0.0026676372720563922,-0.0008693392900911312,0.00901173813379517,26795.73572834645
-0.020722565241421936,-0.0013950956937021156,-0.0015910507404941591,0.0021168234769357603,0.004964414401297117,-0.001551439511061889,-0.0027585180024979053,-0.0008767359692071077,0.008995947486439013,26813.82381889764
0.02292072340565488,0.0032407190518476893,0.001143497041164652,0.0038797791428616156,0.0047927200567644945,-0.0014001974021453031,-0.0028476483930917284,-0.0008839491196218713,0.008980136422853138,26831.91190944882
-0.01855223662992924,0.0012877143077822317,0.0025401260185249925,0.005423614982026491,0.0045521859760129174,-0.0012429759730543865,-0.0029349774195545314,-0.0008909760239684998,0.008964304968446801,26850.0
-0.022812833963902168,-0.00496379802301548,0.002523219007564244,0.0066330932125656114,0.0042454798210151985,-0.00108056497408537,-0.003020454057602969,-0.0008978139648800561,0.008948453148629186,26867.73572834645
0.02105658881711169,-0.010112814041543669,0.0016209187757088854,0.0074114780759340256,0.003875269253744161,-0.0009137541555344713,-0.003104027282953692,-0.0009044602249896409,0.008932580988809538,26885.82381889764
0.0029100687330057603,-0.012198954773436865,0.0003476507598576182,0.007744358082120357,0.003444860316294131,-0.0007433332676979225,-0.0031856460713233638,-0.0009109120869303216,0.008916688514397066,26903.91190944882
-0.016665117819880736,-0.012487080620779172,-0.0008030495078442484,0.007635137611224097,0.002960633085401949,-0.00057009206087195,-0.0032652593984286386,-0.00091716683333517,0.008900775750800997,26922.0
-0.005383113563762436,-0.012658499698609561,-0.0013377796637440065,0.0070845006065971255,0.0024316880745520386,-0.000394820285352781,-0.003342816239986172,-0.0009232217468372719,0.008884842723430552,26940.73572834645
0.001976818546311102,-0.011761882990601135,-0.000950990242417624,0.006104946497134528,0.0018676463113853471,-0.00021830769143664044,-0.0034182655717126267,-0.0009290741100697004,0.00886888945769495,26958.82381889764
0.006274758874343394,-0.007935867729589053,-5.0641162418784665e-05,0.004767107025815281,0.0012781288235428334,-4.1344029419758156e-05,-0.003491556369324656,-0.0009347212056655338,0.008852915979003414,26976.91190944882
0.013555973929890025,0.0002769349432741403,0.0009141925600617895,0.0031865167960260904,0.000672756638665445,0.0001352809504016489,-0.003562637608538918,-0.0009401603162578513,0.008836922312765165,26995.0
0.007024904146085644,0.01320304696641878,0.0015431191831857033,0.0014747201336335982,6.115078439413128e-05,0.00031077749773135004,-0.0036314582650720704,-0.0009453887244797372,0.008820908484389425,27012.73572834645
-0.015902085687000175,0.021741065921344633,0.0014526553439435494,-0.00027364701432459003,-0.0005470677116301463,0.00048435586227311224,-0.003697967314640774,-0.000950403712964251,0.008804874519285423,27030.82381889764
0.01732849427099469,0.01089593472703899,0.0004306403389854445,-0.0019847417482531243,-0.0011422778217664424,0.0006552262937307178,-0.0037621137329616797,-0.0009552025643444874,0.00878882044286236,27048.91190944882
-0.018161110525120906,-0.014572277760823942,-0.0011283780720781709,-0.0035893111826481843,-0.0017148585183738053,0.0008225990418079376,-0.0038238464957514417,-0.0009597825612535155,0.008772746280529466,27067.0
0.017996376002905264,-0.025757062922235008,-0.002679322517419648,-0.00501810243200593,-0.002255188773811281,0.0009856843562085446,-0.0038831145787267323,-0.0009641409863244101,0.008756652057695978,27084.73572834645
-0.016884705131037143,-0.016895447637243884,-0.0037726450607837277,-0.00620186261082253,-0.002753647560437918,0.0011436924866363128,-0.003939866957604192,-0.0009682751221902583,0.008740537799771098,27102.82381889764
-0.014027011875500215,-0.0011963420811748635,-0.0043409155082046475,-0.007071338833594156,-0.0032006138506127614,0.001295833682795013,-0.003994052608100487,-0.0009721822514841411,0.008724403532164053,27120.91190944882
0.00725021447862834,0.014289456348558228,-0.004408725996344899,-0.007560785319761127,-0.0035864666166948653,0.0014413181943884253,-0.004045620505932269,-0.0009758596568391259,0.008708249280284075,27139.0
0.010658894535288755,0.025118988359716224,-0.003967515277747402,-0.007637609672883316,-0.0039015848310432755,0.0015793562711203211,-0.004094519626816203,-0.000979304620888295,0.008692075069540367,27156.73572834645
-0.005374882707522513,0.02803212626600046,-0.002928715142639482,-0.007347021690871052,-0.004138552233982182,0.0017091581626944704,-0.004140698946468942,-0.0009825144262647207,0.008675880925342166,27174.82381889764
-0.006867458048297885,0.0249452657604732,-0.0012427259997799228,-0.006744537064116962,-0.004298771637696357,0.0018299341188146513,-0.004184107440607139,-0.0009854863556014943,0.008659666873098689,27192.91190944882
0.005902908201574351,0.018770096380597942,0.0009076774105751835,-0.0058834667150485295,-0.004385850622335718,0.0019408943891846397,-0.004224694084947462,-0.0009882176915316711,0.00864343293821915,27211.0
-0.005883677368485819,0.010339534345895074,0.0032816267652953997,-0.00481712156609323,-0.004403550387618819,0.002041402843076849,-0.004262407855206556,-0.0009907057166883473,0.00862717914611278,27229.73572834645
0.006762110869482827,0.0012142768373496076,0.005638253741250306,-0.0035988125396785517,-0.004356246611538847,0.0021314378280383253,-0.004297197727101087,-0.0009929477137045964,0.008610905522188794,27247.82381889764
-0.008005804420546504,-0.004321576000065856,0.007736690015309469,-0.0022818505582319704,-0.004248468591657623,0.002211131311184754,-0.004329012676347706,-0.0009949409652134978,0.00859461209185642,27265.91190944882
0.008909098260942676,-0.012420522856926214,0.009336067264342454,-0.0009195465441809697,-0.0040847456255369745,0.0022806152596318175,-0.004357801678663071,-0.000996682753848128,0.00857829888052487,27284.0
-0.009280519549703974,-0.020603702460629543,0.010195517165218843,0.0004347885800469706,-0.0038696070107387313,0.0023400216404952014,-0.004383513709763846,-0.0009981703622415573,0.00856196591360337,27301.73572834645
0.009692911804580274,-0.0073601781918712274,0.009909099192585534,0.0017329326268187674,-0.003607582044824719,0.0023894824208905993,-0.004406097745366684,-0.00099940107302687,0.008545613216501146,27319.82381889764
-0.010837202547869892,0.01654008496709973,0.0074170676531596196,0.0029405347067180507,-0.003303200025356754,0.0024291295679336844,-0.004425502761188239,-0.0010003721688371483,0.008529240814627413,27337.91190944882
0.01261361053971859,0.013811567808802439,0.0020440088895018536,0.004002398101279387,-0.002960990249896679,0.00245910600266368,-0.004441688686868695,-0.001001080932305464,0.008512848733391407,27356.0
-0.014057080812409042,-0.006552222544608578,-0.004785128417974753,0.004856842451076443,-0.0025854820160063074,0.002479598461813873,-0.00445465926774232,-0.0010015246460648927,0.008496436998202312,27374.73572834645
0.014282562931541126,-0.010386520060749055,-0.01112192591463436,0.00544218739668291,-0.0021812046212474796,0.002490804636041098,-0.004464429203066913,-0.0010017005927485164,0.00848000563446939,27392.82381889764
0.004595596836873996,1.6107997989631836e-05,-0.014892847480581655,0.005696752578672472,-0.0017526873631820063,0.002492925821468292,-0.004471016797566384,-0.0010016060549894147,0.008463554667601847,27410.91190944882
-0.011856304507788993,0.007637003784870431,-0.013548626941831916,0.005583504557175506,-0.0013043654519799253,0.0024861774245821017,-0.004474454466328354,-0.0010012383128935722,0.008447084120481814,27429.0
0.010691537195644708,0.0012433600906541567,-0.005787816499170407,0.005164010253282464,-0.0008403104309772892,0.0024707772113321384,-0.004474776598505517,-0.0010005950218306828,0.008430594005857248,27446.73572834645
-0.008397226794927257,-0.006738917987407138,0.004733605373375927,0.004524771361340088,-0.0003647876098179399,0.0024469426361672045,-0.004472015726260355,-0.0009996753800293448,0.008414084333845592,27464.82381889764
-0.01071191419686767,-0.006231123773432259,0.014049827598410105,0.003753250749494984,0.0001169765280544033,0.0024148911535361267,-0.004466203980765787,-0.000998478986681888,0.008397555114538446,27482.91190944882
0.011877826021500443,0.0019002703636872727,0.01960354939426922,0.0029371484086604047,0.000599518376429376,0.002374840217887714,-0.0044573734892968215,-0.0009970054448785561,0.008381006358027425,27501.0
-0.013632723575695893,0.009067533744338614,0.019161514009621843,0.0021514470776895092,0.0010773743290966094,0.002327007283670778,-0.0044455563791284585,-0.0009952543577095843,0.008364438074404118,27519.73572834645
-0.0037047067178173853,0.009496100533723757,0.01151659515004673,0.001420260487194991,0.0015450807798457315,0.0022716098053341387,-0.004430784217617334,-0.0009932258881835778,0.008347850273760124,27537.82381889764
0.014187812510346379,0.003987069843146629,-0.0005943608174860537,0.000754985115729427,0.0019971741224663626,0.002208865237326607,-0.004413086315179049,-0.0009909224562501737,0.008331242966187048,27555.91190944882
0.021259930773215047,-0.004477719872580645,-0.013338407618726424,0.00016701744184539322,0.0024281907507481414,0.0021389910340970006,-0.004392491353240481,-0.0009883471108477569,0.008314616161776504,27574.0
-0.024105094519944862,-0.011652800518143224,-0.022852389364771707,-0.0003322460559045342,0.002832667058480701,0.002062204650094131,-0.004369027995960928,-0.0009855029181822432,0.008297969870620066,27591.73572834645
0.026254299397967158,-0.014029009356063238,-0.025273150166719195,-0.0007314088989677595,0.003205139439453643,0.0019787235397668197,-0.004342724907499705,-0.0009823929444595847,0.008281304102809348,27609.82381889764
-0.020496829047182866,-0.007861124950701447,-0.01815497467673624,-0.0010272493280608956,0.003540205190870852,0.001888765157563872,-0.0043136107520161,-0.000979020255885728,0.00826461886843596,27627.91190944882
-0.024806506698744558,0.004558376830496189,-0.004721909711270324,-0.0012493485676767781,0.003832809330292641,0.0017925469579341082,-0.004281714193669415,-0.0009753879186666129,0.008247914177591483,27646.0
0.020401398215102017,0.016051915861840738,0.01038455737216108,-0.0014359189331170856,0.004078414150233211,0.001690286395326343,-0.004247063896618951,-0.000971498999008178,0.008231190040367525,27663.73572834645
0.0033472534461899714,0.004244532615436653,0.02257408263823332,-0.0016253812764856761,0.00427269048000895,0.0015822009241893856,-0.004209688525024012,-0.0009673565631163682,0.00821444646685571,27681.82381889764
-0.010156514717783482,-0.015764984716912466,0.027551515896054583,-0.0018558068793592883,0.004410959578409142,0.001468507998972063,-0.0041696167430439095,-0.0009629636771971095,0.008197683467147604,27699.91190944882
0.008846217954565219,-0.01636716953192126,0.021413527417171677,-0.002142736012761578,0.004487762446581685,0.001349477503611615,-0.0041268772148379115,-0.0009583234074563775,0.008180901051334823,27718.0
-0.011046057855675731,0.014730878618859565,0.0033822744486566554,-0.0024143280982926742,0.004497235337166568,0.0012256159507302896,-0.004081498604565357,-0.000953438820100083,0.008164099229508974,27736.73572834645
0.014272236551044117,0.01606722738268608,-0.01577614416208582,-0.002576939375152539,0.00443335443039047,0.0010975899253636424,-0.004033509576385516,-0.0009483129813341923,0.008147278011761648,27754.82381889764
-0.015681144268759818,-0.015142795460004679,-0.026204065557796374,-0.002537136741788826,0.004290279654996548,0.0009660929232784399,-0.00398293879445771,-0.0009429489573646299,0.00813043740818446,27772.91190944882
0.014958906747637793,-0.015713737939893953,-0.022761505773742963,-0.0022293826231411886,0.004064268663655188,0.0008318184402414574,-0.003929814922941228,-0.0009373498143973363,0.008113577428868961,27791.0
-0.014091682375742551,0.007981206776327491,-0.010361465460217904,-0.001697824570579657,0.003758073025208173,0.0006954599720194664,-0.003874166625995377,-0.0009315186166971883,0.008096698081965743,27808.73572834645
0.009588023912320515,0.015448339326531882,0.0037453512032798227,-0.0010187146616863455,0.0033807510321446073,0.0005577110143792372,-0.003816022567779453,-0.0009254584204722371,0.008079799367568483,27826.82381889764
0.01666134581099483,0.007856029622033236,0.01361378611587341,-0.00026956788322107165,0.002942623886131301,0.00041926506308754744,-0.003755411412452767,-0.0009191722788194972,0.008062881282659872,27844.91190944882
-0.013697982801738,-0.0027296880415836246,0.018498603113594202,0.0004721007780563541,0.0024540127888350656,0.00028081561391116427,-0.003692361824174601,-0.0009126632445435193,0.008045943823930096,27863.0
-0.02303644283116473,-0.010921011272851777,0.019233012719861654,0.0011287763353860889,0.001925238941922735,0.00014305616261685932,-0.0036269024671042745,-0.0009059343704488403,0.008028986988069378,27880.73572834645
-0.002594899495802594,-0.014355011021250025,0.016712926824476036,0.0016343375328181041,0.0013667861040467166,6.680204971410614e-06,-0.0035590620054010793,-0.0008989887093399926,0.008012010771767886,27898.82381889764
0.025115208420224484,-0.015286184670648724,0.011788032166056164,0.0019682380376414314,0.0007897882618018825,-0.0001276187632584126,-0.003488869103224314,-0.0008918293140215255,0.007995015171715839,27916.91190944882
-0.022859490513280647,-0.012846407980248479,0.005178770216826998,0.002121232329013156,0.00020563487771044561,-0.0002591472463058445,-0.0034163524247332916,-0.0008844592372979652,0.007978000184603432,27935.0
0.019442420124995127,0.0033426385129023076,-0.0023814006246508147,0.002083900374595148,-0.0003741100742101753,-0.0003872117484041036,-0.003341540634087296,-0.0008768815319738595,0.007960965807120843,27952.73572834645
-0.01722931245546628,0.015723541099271543,-0.008341619575496981,0.0018475178801944721,-0.0009385783580877583,-0.0005111187737864184,-0.00326446239544564,-0.0008690992508537575,0.007943912035958305,27970.82381889764
0.01771196465549035,0.005404541993827987,-0.010396587478009802,0.001403557715889937,-0.001477098902321818,-0.0006301748266860264,-0.0031851463729676145,-0.0008611154467421779,0.007926838867805987,27988.91190944882
0.012765222872472202,-0.008827097229275375,-0.00917625498400442,0.0007614046976448426,-0.0019790006353118694,-0.0007436864113361425,-0.0031036212308125388,-0.0008529331724436622,0.007909746299354096,28007.0
0.01174952689930997,-0.016808873819203155,-0.006111616204487838,2.1526347062764057e-06,-0.0024336124854574246,-0.0008509600319700083,-0.003019915633139684,-0.0008445554807627657,0.007892634327292829,28025.73572834645
-0.027702963215939954,-0.01326022326549149,-0.002511979139191549,-0.0007749478788110771,-0.002830263381158,-0.000951302192820836,-0.002934058244108382,-0.0008359854245040133,0.007875502948312381,28043.82381889764
0.029247143291768037,0.0016228166407674261,0.0008726585869796374,-0.001470585039046757,-0.00315828225081311,-0.0010440193981218655,-0.0028460777278779127,-0.0008272260564719495,0.007858352159102954,28061.91190944882
0.013877565323067548,0.012806037076748076,0.0034321422452640365,-0.0019854470421403043,-0.0034069980228222676,-0.00112841815210632,-0.002756002748607584,-0.0008182804294711113,0.007841181956354748,28080.0
-0.00653740928376128,0.018124660281977973,0.004556317106899959,-0.002220222084231259,-0.003565739625584986,-0.0012038083553838068,-0.0026638585740803196,-0.0008091515963060389,0.007823992336757964,28097.73572834645
-0.021838601689123712,0.019655900596624046,0.003896363274073881,-0.0021072814245318974,-0.0036273708573340852,-0.0012695134940694287,-0.0025696568865735438,-0.0007998426097812629,0.007806783297002784,28115.82381889764
0.01720120863959376,0.01784986277640092,0.002092400472037749,-0.0017057285745454421,-0.003598711987289387,-0.0013250342496365789,-0.0024734151813525958,-0.0007903565227013356,0.007789554833779408,28133.91190944882
-0.0029863482355998094,0.010840723952489334,-0.0001797155459169952,-0.0011063501088478527,-0.0034893861211191977,-0.0013705664994862095,-0.0023751877911400744,-0.0007806963878707911,0.007772306943778058,28152.0
-0.009480506390634596,-0.0030240749052621568,-0.0023005287272260884,-0.0003999326020150868,-0.003308833356145621,-0.001406479920001174,-0.002275038258022891,-0.0007708652580941633,0.007755039623688905,28170.73572834645
0.007985696883232599,-0.020173289611680235,-0.003650583019325262,0.0003227373713768954,-0.0030664937896907577,-0.0014331441875643331,-0.0021730301240879364,-0.0007608661861759981,0.0077377528702021565,28188.82381889764
-0.00830998786726759,-0.02165279210326422,-0.0036579295950620438,0.0009817087458511354,-0.0027718075190767107,-0.0014509289785585365,-0.0020692269314221234,-0.000750702224920836,0.0077204466800080175,28206.91190944882
0.009787956682528626,-0.0063760156019304,-0.0021251508936627208,0.0015408562297929357,-0.0024342146416255804,-0.0014602039693666356,-0.001963692222112353,-0.0007403764271332088,0.007703121049796668,28225.0
-0.005255066898436107,0.010062467651499015,0.0003596539613084111,0.0019768249905516458,-0.002063155254659469,-0.0014613345829769708,-0.0018564937916400502,-0.0007298918456176556,0.007685775976258316,28242.73572834645
-0.013989826706413673,0.020125274708664043,0.0030238834815554984,0.0022667439329428865,-0.001668069455500481,-0.001454666450716694,-0.0017477192271478177,-0.0007192515331787237,0.007668411456083166,28260.82381889764
0.016213512036524946,0.020702419747018086,0.0050949361787826835,0.0023877419617822702,-0.001258397341470714,-0.0014405298381861232,-0.0016374714815051003,-0.0007084585426209395,0.0076510274859614025,28278.91190944882
0.011986905173004965,0.013984984606295327,0.005996521837727031,0.0023168171999978417,-0.000843448228004705,-0.0014192522329024787,-0.0015258562856644332,-0.0006975159267488476,0.007633624062583223,28297.0
-0.011408506543651303,0.0036791211233901827,0.005928260306037598,0.002039506214720025,-0.0004317348455196936,-0.0013911611223829947,-0.0014129793705783397,-0.0006864267383669927,0.00761620118263885,28315.73572834645
-0.022200384233159738,-0.006466528264790488,0.005246258676140073,0.0015799449895798393,-3.05453126772496e-05,-0.0013565839941448894,-0.0012989464671993526,-0.0006751940302799101,0.0075987588428184545,28333.82381889764
-0.004759638881056018,-0.01331107125552112,0.004287353365729946,0.0009812869452967808,0.00035308548950280515,-0.0013158483357053983,-0.0011838633064800016,-0.0006638208552921416,0.007581297039812244,28351.91190944882
0.008231877417655652,-0.015653674436608762,0.0033858968811250638,0.0002892502932691257,0.0007120418006994984,-0.0012692816345817508,-0.0010678356193728217,-0.0006523102662082178,0.0075638157703104125,28370.0
0.025276981644073715,-0.012706848282555657,0.002786416539233848,-0.0004504265352795339,0.0010391876407665516,-0.0012172113782911663,-0.0009509691368303445,-0.0006406653158326804,0.007546315031003159,28387.73572834645
-0.024967802710480415,-0.004837509020445957,0.0023741388993271224,-0.0011920051091256429,0.001327387029557705,-0.0011599650543508769,-0.0008333695898050937,-0.0006288890569700787,0.007528794818580687,28405.82381889764
0.02364309041177165,0.0022992097455883866,0.0019444653312662653,-0.0018897469970456198,0.0015695039869266813,-0.0010978701502781115,-0.0007151427092496024,-0.0006169845424249404,0.0075112551297331805,28423.91190944882
-0.021239331692859173,0.004999733172880834,0.0012927972049126583,-0.0024979137678158886,0.00175840253272722,-0.0010312541535900993,-0.000596394226116401,-0.000604954825001804,0.0074936959611508515,28442.0
-0.0005346689698388243,0.007070093660541149,0.00021453589012769117,-0.002970766990212881,0.0018869466868130518,-0.0009604445518040609,-0.0004772298713580282,-0.0005928029575052034,0.007476117309523886,28459.73572834645
0.015069393452997234,0.007553137608447117,-0.001473646061620621,-0.003262568233013021,0.0019480004690379045,-0.0008857688324372244,-0.00035775537592700585,-0.0005805319927397023,0.0074585191715424975,28477.82381889764
-0.012810727352501243,0.004136848784797443,-0.00379131566687625,-0.0033286203091459523,0.001935469143408731,-0.0008075544830068282,-0.000238076470775865,-0.0005681449835098157,0.007440901543896876,28495.91190944882
0.010304983256326233,-0.0023003606168707893,-0.00642206593833003,-0.003130238768736367,0.0018492974187658054,-0.000726155698668366,-0.00011829888685714287,-0.0005556449826200904,0.007423264423277208,28514.0
0.01267263063679682,-0.005052344823236687,-0.008970814183111176,-0.0026371714483908724,0.0016979691209844537,-0.0006420335051304892,1.471644876645576e-06,-0.0005430350428750703,0.007405607806373708,28531.73572834645
-0.012487162843183151,-0.0003576547625908375,-0.010852298017331601,-0.0018210139452982646,0.0014918960872994005,-0.0005557291788790402,0.00012112939347295246,-0.0005303182170792893,0.007387931689876573,28549.82381889764
-0.01868757329585706,0.004591238352861761,-0.010691772442403389,-0.00068212570727801,0.0012417043275010603,-0.0004679981689555758,0.0002405686279792551,-0.0005174975580372821,0.007370236070475981,28567.91190944882
0.002569815805892659,0.00263956632627604,-0.007334732711939696,0.0006640784153276848,0.0009580733945187939,-0.00037964946754058976,0.0003596836174430156,-0.0005045761185535925,0.0073525209448621455,28586.0
0.0275141928601511,-0.0027738207241461486,-0.0018478004149345868,0.0020734197215459315,0.0006516828412819546,-0.0002914920668145736,0.0004783686309117136,-0.0004915569514327597,0.007334786309725261,28604.73572834645
-0.01236279376613439,-0.005492203854668726,0.003643074065215506,0.0034017195104038386,0.0003332122207199039,-0.0002043349589580227,0.000596517937432815,-0.00047844310947932936,0.007317032161755538,28622.82381889764
-0.03272282241884495,-0.0017070160103248191,0.007271418946718693,0.0045047990809285185,1.3341085761994963e-05,-0.00011898713615142406,0.0007140258060537894,-0.00046523764549782296,0.007299258497643147,28640.91190944882
0.03186536691675992,0.006610028337528195,0.007929105613481372,0.00523847973214709,-0.0002972510106624075,-3.6257590575273034e-05,0.0008307865058221029,-0.0004519436122927921,0.0072814653140783015,28659.0
-0.028391847774421768,0.004825530024830991,0.005206862332907644,0.00549363099601612,-0.0005882229095031148,4.304468558995639e-05,0.0009466943057852258,-0.00043856406266878055,0.00726365260775121,28676.73572834645
-0.012464569655966989,-0.004023454452026688,0.0007906035042210833,0.005302423951638023,-0.0008516956426544238,0.00011811070016374899,0.0010616434749906355,-0.00042510204943031467,0.007245820375352057,28694.82381889764
0.01785515638922469,-0.008287433249333792,-0.003109959940399839,0.004736512372756423,-0.0010845630976015262,0.00018813146096561395,0.0011755282824857933,-0.00041156062538193216,0.007227968613571033,28712.91190944882
-0.013679611518408387,-0.0005340403653938224,-0.004754094230099414,0.00386865864854288,-0.001284827777257577,0.000252297975815085,0.0012882429973181582,-0.0003979428433281838,0.007210097319098355,28731.0
0.011667336460820972,0.008239847127528609,-0.0042860192686542346,0.002780670197510062,-0.0014505315287160333,0.00030984059671198573,0.001399681888535222,-0.00038425175607361035,0.007192206488624206,28748.73572834645
-0.011894491942187883,0.009540913660829944,-0.002398392682971174,0.001590432766430162,-0.0015799513963605392,0.0003602248729463311,0.0015097392251844407,-0.00037049041642273816,0.007174296118838786,28766.82381889764
0.013671940469923571,0.004232200076774685,-9.395850206502217e-06,0.00042446997499654814,-0.0016717150510302957,0.0004032669802636992,0.001618309276313288,-0.00035666187718011097,0.0071563662064323,28784.91190944882
-0.016031554293003722,-0.0003903599476687786,0.0017462239944029197,-0.0005907963462023898,-0.0017245279841333514,0.00043886091497852514,0.0017252863109692234,-0.00034276919115027273,0.007138416748094939,28803.0
-5.71039166957002e-05,-0.0016100509139157808,0.001969908942044905,-0.0013299758190532997,-0.0017371289651889673,0.00046693395151642104,0.0018305645981997376,-0.00032881541113775507,0.0071204477405169015,28820.73572834645
0.00644692360592387,-0.0020428280553983634,0.0009429856500153048,-0.001736151592334235,-0.0017084448881659047,0.0004876014887525484,0.0019340384070522761,-0.00031480358994709877,0.007102459180388384,28838.82381889764
0.02072668989304068,-0.005175997160882369,-0.000539975959727182,-0.0020108291352634025,-0.0016376559731624617,0.0005012322516915623,0.0020356020065743184,-0.00030073678038285,0.007084451064399593,28856.91190944882
0.0192463222195912,-0.01192346600921954,-0.001690421914900305,-0.002419861634050295,-0.001523997452281504,0.0005082499773427041,0.002135149665813348,-0.0002866180352495418,0.007066423389240715,28875.0
-0.019224570827457793,-0.013582316234192664,-0.001718050305832812,-0.003194157669386373,-0.0013667045576258858,0.0005090784027152039,0.0022325756538168085,-0.0002724504073517076,0.007048376151601957,28893.73572834645
0.017204300072880804,-0.002669108393560194,-0.00029354794627453823,-0.004390838908591245,-0.0011650125212984595,0.0005041416135883955,0.002327773890862095,-0.0002582369494938963,0.007030309348173502,28911.82381889764
0.009428514837853568,0.01163687919693368,0.0015348469410360092,-0.005896048448267081,-0.0009181565754021012,0.0004938660596072499,0.0024206359333609306,-0.00024398071448064279,0.007012222975645565,28929.91190944882
-0.013093429972715748,0.015441630797605833,0.002416352911509658,-0.007568565381807254,-0.0006253719520396549,0.00047868217544420666,0.0025110493526975725,-0.00022968475511648322,0.006994117030708334,28948.0
0.011994510952057084,0.002131668835368921,0.001456136904121273,-0.009218204103820514,-0.0002858938833140138,0.00045902040642725554,0.0025989017096007655,-0.0002153521242059607,0.006975991510052011,28966.73572834645
-0.011309023137724928,-0.007459904444643687,-0.0008453340161009247,-0.01035925289241212,0.0001010423986719964,0.0004353109486193113,0.0026840808140642636,-0.00020098587455361143,0.006957846410366791,28984.82381889764
0.010255631140570976,-0.005856330318752522,-0.0028928160463511246,-0.010427839074861079,0.0005335833621378753,0.0004079839954879082,0.0027664744786772715,-0.0001865890589639854,0.006939681728342879,29002.91190944882
0.008726576586206375,-0.009482515207957202,-0.0020608969835408894,-0.00900811283995425,0.0009989556645743725,0.0003774697405005698,0.002845970516028947,-0.00017216473024160277,0.006921497460670459,29021.0
-0.007205924266346708,-0.01860998564130524,0.0006430664372098473,-0.006315590317674081,0.0014799812157212581,0.00034419837712484105,0.002922456738708447,-0.00015771594119100895,0.006903293604039739,29038.73572834645
0.006521751643962768,-0.01748376806197208,0.003220799540561501,-0.0027242836982213263,0.0019590353132999568,0.00030860009882826845,0.0029958209593049507,-0.00014324574461675003,0.006885070155140912,29056.82381889764
-0.007048733278548085,0.0051026692107211755,0.003957430184051727,0.001391794828203296,0.0024184932550318857,0.00027110509907837864,0.0030659509904076322,-0.00012875719332336612,0.0068668271106641764,29074.91190944882
0.008601248621076056,0.020555623748084683,0.0017104884085365481,0.005590499746819431,0.0028407303386385123,0.0002321435713427104,0.0031327346446056413,-0.00011425334011538498,0.0068485644672997385,29093.0
-0.010861097595717486,0.0026969150220270644,-0.003202597807822875,0.009151688298441455,0.003208121861841233,0.00019214570908880721,0.003196059734488153,-9.973723779735128e-05,0.006830282221737782,29111.73572834645
0.013836719686139956,-0.019125214046866817,-0.006109121380225409,0.011265228614955713,0.003503043122361516,0.00015154156626023281,0.0032558142121683043,-8.52119391738073e-05,0.006811980370668513,29129.82381889764
-0.017335345089039726,-0.010544061148799678,-0.002941208977644321,0.011327900363557816,0.0037078694179207648,0.00011075383265094562,0.0033118933939088433,-7.068049704928546e-05,0.006793658910782131,29147.91190944882
-0.0010084316803525542,0.008841149101012701,0.0036625319337895658,0.00958284957027311,0.0038081116129957773,7.017783431564962e-05,0.003364219959711771,-5.614596422832734e-05,0.006775317838768818,29166.0
0.021714908402535444,0.014612848555818448,0.009386873688656094,0.006473055475501828,0.0038018342183945035,3.0190711945444344e-05,0.003412723395632895,-4.161139351547525e-05,0.0067569571513187866,29183.73572834645
-0.02020910896267459,-0.002710755592167108,0.01054645641931516,0.002455451228767131,0.0036902833529780647,-8.876435066319637e-06,0.0034573331877280093,-2.707983771526694e-05,0.006738576845122249,29201.82381889764
-0.007318197411309033,-0.01119935573232785,0.0059612519401791115,-0.0019305326078267336,0.003474718611151894,-4.671208780985678e-05,0.0034979849269921076,-1.2554349632239395e-05,0.0067201769168693795,29219.91190944882
0.01130974068972929,-0.0037285735824798684,-0.0037092973864823993,-0.006071817960025931,0.003156400111380015,-8.302985844542657e-05,0.003534638811431658,1.9620179290696402e-06,0.0067017573632503725,29238.0
-0.007561539959907468,0.008506711612691616,-0.012521288247154067,-0.009341187244508843,0.0027365879721265073,-0.00011755021309157955,0.003567261893011362,1.646621216412013e-05,0.006683318180955446,29255.73572834645
0.0063385923094082695,0.0033134524618897935,-0.014145026151684767,-0.011111422877953827,0.002216542311855414,-0.00014999380512160706,0.00359582141095071,3.0955180268368976e-05,0.006664859366674775,29273.82381889764
-0.008975477401152706,-0.00510631369507623,-0.009094852500677179,-0.010943875468922946,0.001599289169020287,-0.00018008128790881117,0.003620284604469169,4.542586943728455e-05,0.006646380917098577,29291.91190944882
-0.010745345685106081,-0.006718122648492492,0.00039065521762300735,-0.009155912174057285,0.0008966620425768805,-0.00020753331482647864,0.0036406187127862102,5.987522686632299e-05,0.006627882828917047,29310.0
-0.011645091461319609,-0.0006131439623663668,0.009820837885940632,-0.006260443464058996,0.00012923547364782518,-0.0002320705392479161,0.003656790975121318,7.430019975094273e-05,0.0066093650988203675,29327.73572834645
-0.0052423431757675385,0.006897843342672813,0.01477819537072385,-0.0027721235901744523,-0.0006806722161000568,-0.0002534136145464164,0.003668768630693977,8.869773528660985e-05,0.006590827723498746,29345.82381889764
0.01672861873094627,0.006075660721746021,0.01240573696266245,0.0008319352909924212,-0.0015107427049998285,-0.0002712831940952831,0.0036765189187236377,0.0001030647806687843,0.006572270699642394,29363.91190944882
-0.01527135294873591,-0.0076798043890574826,0.00536272075081883,0.004222173010450265,-0.0023386576713846172,-0.0002853999312678031,0.003680009023239596,0.00011739833828312275,0.0065536940239414865,29382.0
0.01241013573716223,-0.005406030003577965,-0.002718847416165884,0.007096105930020261,-0.0031420987935875354,-0.00029548447943726766,0.0036792059075103334,0.00013169563127606092,0.006535097693086231,29400.73572834645
-0.010469500362988176,0.00855501734014419,-0.009438377670881315,0.009148634020566081,-0.0038987477499417026,-0.00030125749197699867,0.003674076374941709,0.00014595404265671416,0.006516481703766828,29418.82381889764
0.01133867601768726,0.00096731606490806,-0.01191774752526656,0.010074657252951365,-0.004586286218780209,-0.0003024396222602707,0.0036645868091679103,0.0001601713752058012,0.006497846052673466,29436.91190944882
-0.01497690738671379,-0.009250211197242808,-0.010264039072573769,0.009674871032584655,-0.005185421408130354,-0.0002987568485431863,0.003650708809706667,0.00017434554070332276,0.006479190736496358,29455.0
0.0014725460909374491,-0.004138547717156081,-0.005877377055600623,0.008173152503053872,-0.0056889626447961415,-0.0002899642596894234,0.0036324430856015757,0.0001884744520110172,0.006460515751925685,29472.73572834645
0.02424502152998764,0.006271581013980349,-0.00047560231387226373,0.005899174242491747,-0.0060927447852757305,-0.0002758536738230062,0.003609827075156561,0.00020255602199062512,0.006441821095651659,29490.82381889764
-0.026506106579715805,0.009940796642446664,0.004169707765116939,0.003182608829031068,-0.006392602686067295,-0.0002562253604315273,0.003582906668039114,0.00021658816350386573,0.006423106764364464,29508.91190944882
-0.025827714150453866,0.009846965547077733,0.006620038311821116,0.0003500719924305621,-0.0065843712036690195,-0.0002308797490742969,0.003551727913988476,0.0002305687894124789,0.006404372754754303,29527.0
0.02344675874058024,0.006168297832773468,0.006849329754570352,-0.0023145553965798617,-0.006663885194579057,-0.00019961726931068155,0.0035163368627438994,0.0002444958125781854,0.0063856190635113875,29544.73572834645
-0.008692904409348251,-0.0010920166817974255,0.005488456681116752,-0.004655529914921237,-0.0066268540329949685,-0.00016236400720668628,0.00347677973825069,0.0002583671458627213,0.006366845687325894,29562.82381889764
-0.014349283162268148,-0.008206122879218777,0.0032607018538782758,-0.00655981855363127,-0.006468485163911783,-0.00011956582859984513,0.003433120615023145,0.00027218070212781787,0.006348052622888027,29580.91190944882
0.0037260813391211955,-0.010871204061404759,0.0008923987724188643,-0.007917439040893643,-0.006183860550023917,-7.186304759700629e-05,0.003385492533544262,0.0002859343942352091,0.006329239866887987,29599.0
0.006207188178344141,-0.00638586603767085,-0.0009982367825225925,-0.008618409104892054,-0.005768062154025776,-1.9913839184827735e-05,0.0033340463951768485,0.0002996261350466125,0.006310407416015985,29616.73572834645
-0.004405507145636728,0.004841299842533902,-0.0022254599055074402,-0.00854876592530226,-0.0052201524871197036,3.562344486633284e-05,0.0032789332780674162,0.0003132538374237726,0.006291555266962193,29634.82381889764
0.0042912435797089555,0.011752027235014135,-0.0026640396848555204,-0.007626228212834905,-0.004555116254539703,9.409045278604747e-05,0.003220304260362532,0.0003268154142284132,0.006272683416416827,29652.91190944882
0.005516348805237567,0.009952779831890675,-0.0021103361637760778,-0.005969333449441252,-0.003791918710027704,0.00015482883280392638,0.003158310420208733,0.0003403087783222642,0.006253791861070074,29671.0
-0.005688023520023126,0.00012061972593683257,-0.0008264258813138437,-0.0038017605200684084,-0.0029495251073256693,0.00021718027929591637,0.003093102789606231,0.000353731842567067,0.006234880597612133,29689.73572834645
-0.00955583723422259,-0.010294681727132961,0.0005524215672127276,-0.0013615727291458113,-0.002046900700175515,0.00028048675576087715,0.0030248321314323002,0.00036708251982453625,0.006215949622733214,29707.82381889764
0.010737937204297191,-0.013235137640454737,0.0013307276755249572,0.0011131666188970819,-0.0011030107423191755,0.0003440944996541538,0.0029536449346077532,0.00038035872295640944,0.0061969989331235,29725.91190944882
-0.006139241996827351,-0.0064719678210852045,0.0010451331783232895,0.00338405300659397,-0.00013682048749860402,0.00040736539160696867,0.002879672044877512,0.00039355836482442427,0.006178028525473195,29744.0
-0.0100888381178535,0.005233735639829985,6.73984747265397e-05,0.005228356024039633,0.0008327048105442817,0.00046966520191004714,0.0028030404183270008,0.00040667935829029984,0.006159038396472496,29762.73572834645
0.00863878590416206,0.014182353837287411,-0.0010871041912791362,0.0064911598871265725,0.0017865998980675353,0.000530359700854162,0.0027238770110415934,0.0004197196162157677,0.006140028542811607,29780.82381889764
-0.007064144151531055,0.007749486849497007,-0.0019370487830690352,0.007050787319580296,0.0027058995213292227,0.0005888146587300723,0.0026423087791066758,0.0004326770514625737,0.006120998961180709,29798.91190944882
0.005886826211479498,-0.008093263164372737,-0.0020691382546298267,0.006850082022893911,0.0035719156413173522,0.0006443958458285233,0.002558462678607651,0.0004455495768924257,0.00610194964827002,29817.0
-0.005212506064555445,-0.014477828791468531,-0.0011156177179956564,0.005874103811544515,0.0043684785645549075,0.0006964690324402908,0.002472465665629895,0.0004583351053670795,0.006082880600769723,29834.73572834645
0.004865128759743219,-0.011317579883521134,0.0009535169848506792,0.004254712536226216,0.0050853337587560285,0.0007443999888561063,0.0023844446962588205,0.0004710315497482469,0.006063791815370022,29852.82381889764
-0.004975067166756096,-0.0047876765715944,0.003259169258454254,0.002291317184327622,0.00571363617825008,0.0007875544853667382,0.0022945267265798096,0.0004836368228976606,0.006044683288761111,29870.91190944882
0.0062230732789314005,0.008001791571680295,0.0047557931209623126,0.0002647405970945863,0.006244540777366462,0.0008252982922629515,0.0022028387126782484,0.0004961488376770591,0.006025555017633198,29889.0
-0.009224996712047717,0.013296448905505949,0.004449269010369967,-0.0015956208040748961,0.006669202510434575,0.00085699717983549,0.0021095076106395333,0.0005085655069481693,0.006006406998676463,29906.73572834645
0.013622654234568994,-0.003199780085598992,0.0018481757886847873,-0.0031858473302294214,0.0069787763317838035,0.0008820169183751141,0.0020146603765490594,0.0005208847435727141,0.005987239228581119,29924.82381889764
-0.018011984306618024,-0.012035915883713142,-0.001999063647799367,-0.004432976560440482,0.007164417195743526,0.0008997257619895654,0.0019184214826752177,0.0005331044604124373,0.005968051704037365,29942.91190944882
0.02099126258788367,0.0014743882681707435,-0.005781578990768599,-0.005264046073779607,0.007217189016391887,0.0009095929403058547,0.001820905466018433,0.0005452225703290664,0.00594884442173538,29961.0
0.015269583380691785,0.010597562706118707,-0.008647597050092172,-0.005606093449318306,0.007127745808956971,0.0009115014936307905,0.0017222229517493506,0.0005572369861843207,0.005929617378365373,29979.73572834645
-0.022005343207772685,0.006346774234484437,-0.010060571361730695,-0.005387559969063692,0.006887871299971355,0.0009056141659535349,0.0016224788529873714,0.0005691456208399485,0.005910370570617553,29997.82381889764
0.021112976572543164,-0.0057688155858292255,-0.010253865316366309,-0.004577655053955783,0.006498171685595078,0.0008921408671209845,0.0015217766548391446,0.0005809463871576645,0.0058911039951821,30015.91190944882
0.011072869087492004,-0.009048925363171353,-0.009529445717564108,-0.0032918544444519235,0.005973670447842948,0.0008712915069800436,0.0014202198424112843,0.0005926371979992091,0.005871817648749227,30034.0
-0.019052099623030557,-0.002740116021460985,-0.008063779564622781,-0.0016977844394819967,0.005332644464459598,0.0008432759953776087,0.0013179119008104227,0.0006042159662263093,0.005852511528009114,30051.73572834645
0.01840496853222018,0.006867308897943804,-0.005722673982925763,3.267935420359571e-05,0.004593370613189621,0.0008083042421606023,0.0012149563151431855,0.0006156806047006936,0.005833185629651978,30069.82381889764
0.007127235626470698,0.009209179230172662,-0.0022953334563328067,0.0017276613298544325,0.003774125771777622,0.0007665861571759315,0.001111456570516185,0.0006270290262841008,0.005813839950367998,30087.91190944882
-0.018170326359578066,0.003263047418075825,0.0021800050161099502,0.0032152858807200538,0.0028931868179682533,0.0007183316502704809,0.0010075161520360567,0.0006382591438382558,0.0057944744868473905,30106.0
0.018457035664397183,-0.006762185144381886,0.006668974374610596,0.004323675942802825,0.0019688320867533526,0.0006637506312911684,0.0009032385448094293,0.0006493688702248883,0.005775089235780338,30123.73572834645
0.013032892254060974,-0.011170402013385095,0.009888175044190858,0.004880664346302615,0.0010196300189272245,0.0006030530100849026,0.0007987272339429257,0.0006603561183057284,0.005755684193857042,30141.82381889764
-0.01960516437871751,-0.006965948403373058,0.01090314347388741,0.0047182534975155005,6.548345722282001e-05,0.0005364486964985803,0.0006940857045431716,0.0006712188009425064,0.005736259357767708,30159.91190944882
0.020479022892416706,0.0036885055485279235,0.010107052716455504,0.003757501580654662,-0.0008726371290633217,0.0004641476003791177,0.0005894174417167839,0.0006819548309969619,0.005716814724202525,30178.0
0.00923449033113489,0.01254397056582796,0.00796958187930004,0.00219720488989582,-0.001773565433197098,0.0003863596315734069,0.0004848259305704028,0.0006925621213308178,0.005697350289851694,30195.73572834645
-0.023104044971467955,0.014989803748873291,0.00490127537322101,0.0003042672117560738,-0.0026161351484444394,0.0003032946999283604,0.00038041465621064884,0.0007030385848057999,0.005677866051405411,30213.82381889764
-0.017068459402677403,0.008209924489299473,0.0013897087961116299,-0.0016544076672475173,-0.003379179968071243,0.00021516271529088173,0.00027628710374414035,0.0007133821342836491,0.005658362005553878,30231.91190944882
0.026623682719483364,-0.005633592702846839,-0.0019040094418075202,-0.0034119159605978692,-0.0040415335853434455,0.00012217358750788115,0.00017254675827751384,0.0007235906826260916,0.005638838148987289,30250.0
-0.02798582937500503,-0.016004166869668934,-0.0042776309261681345,-0.00470135388177791,-0.004582029693526937,2.4537226426257517e-05,6.929710491738523e-05,0.0007336621426948592,0.00561929447839585,30268.73572834645
0.023637930545289135,-0.017852354054726592,-0.005028907242601916,-0.005255817644270567,-0.004979501985887644,-7.75364581070804e-05,-3.3358371229612746e-05,0.0007435944273516784,0.005599730990469731,30286.82381889764
0.027264075602764566,-0.015487403996129691,-0.0037598844096675137,-0.004884439562628686,-0.005214446818106707,-0.00018383755624522993,-0.00013531618505685804,0.0007533854494582866,0.005580147681899164,30304.91190944882
-0.011795604459388825,-0.013301270267133666,-0.00128978617763147,-0.003696612200971665,-0.005277895350239375,-0.00029415615814128225,-0.000236472851457724,0.0007630331218764062,0.005560544549374337,30323.0
-0.020508944482932594,-0.004059288659626667,0.001257869270312719,-0.0018622276056362227,-0.005178085095968724,-0.00040827528158833017,-0.00033672488532558405,0.000772535357467773,0.0055409215895854316,30340.73572834645
0.016234604594344282,0.01757182113052552,0.002759563750971547,0.00045270633175407054,-0.00492724407964102,-0.0005258715884294335,-0.00043596880155381606,0.0007818900690941217,0.005521278799222673,30358.82381889764
-0.013448713134473387,0.01881214437658557,0.002120226824174514,0.0030537339765526546,-0.0045379196640026485,-0.0006463024021075273,-0.0005341011150357905,0.0007910951696171754,0.005501616174976219,30376.91190944882
0.013466975573063554,-0.012611520069004838,-0.0009385047589908696,0.005548349774314066,-0.004022737278310013,-0.0007688469795555288,-0.0006310183406648851,0.000800148571898666,0.00548193371353631,30395.0
-0.015322599422049816,-0.01882685905818885,-0.00385488162774972,0.007178564636742016,-0.0033943223518195093,-0.0008927845777063663,-0.0007266169933344711,0.0008090481888003322,0.005462231411593121,30412.73572834645
0.016449837232958512,0.01112011523341071,-0.00396433347289174,0.00728534836900809,-0.002665300313787545,-0.001017394453492955,-0.0008207935879379212,0.0008177919331838929,0.005442509265836858,30430.82381889764
-0.015274920271054334,0.019101381550305798,-0.0010124234895814218,0.005956626830737504,-0.0018526289017727286,-0.0011419558638482029,-0.0009134446393686215,0.0008263777179110859,0.005422767272957704,30448.91190944882
0.012594044897330379,-0.0001296724875529227,0.004114526244040643,0.0035198824817473744,-0.000990595086542478,-0.0012657480657050444,-0.0010044666625199296,0.0008348034558436372,0.005403005429645877,30467.0
-0.01035726460325184,-0.014918128781690423,0.008513824962633131,0.00031668247160909513,-0.00011781814716641194,-0.0013880503159963877,-0.0010937561722852338,0.000843067059843286,0.005383223732591558,30485.73572834645
0.009706487863684405,-0.020281749135038735,0.008738550488236884,-0.003268828713925271,0.0007270826372858393,-0.0015081418716551534,-0.0011812096835579003,0.0008511664427717537,0.0053634221784849565,30503.82381889764
0.00020011941830370896,-0.013753276396526626,0.002600538488006079,-0.0066817638719025236,0.001505487987744663,-0.0016253019896142634,-0.0012667237112313021,0.0008590995086857241,0.005343600772821318,30521.91190944882
-0.012527527630497522,0.002972208811737604,-0.006398373612550729,-0.009322924973274995,0.0021787786251404252,-0.0017388099268066345,-0.0013501947701988204,0.0008668641245968099,0.005323759558140951,30540.0
0.01523273144084245,0.02130454154990111,-0.013262039857325818,-0.01059268061651659,0.0027083352704035143,-0.0018479449401651792,-0.0014315193753538299,0.0008744581414120477,0.0053038985930887635,30558.73572834645
-0.018862030459749508,0.01715142862809459,-0.014152308186776366,-0.009900824229119405,0.0030641974357022016,-0.0019519862866228237,-0.0015105940415896957,0.0008818794082135755,0.00528401793813452,30576.82381889764
0.00778292589229098,-0.00735180838204768,-0.009685539478699046,-0.006937552544331696,0.003251077129247475,-0.0020502505542035984,-0.0015873152837998013,0.0008891257740835603,0.005264117653748003,30594.91190944882
0.028586808876467043,-0.020019885943727833,-0.0007009437344813198,-0.0023733030831534054,0.003282500641238101,-0.0021422098216814255,-0.0016615796168775192,0.0008961950881041495,0.005244197800398992,30613.0
-0.03295893951107464,0.0013221434830194688,0.010601075414368633,0.002878782643732162,0.003172068700602052,-0.0022274106065594264,-0.0017332835557162223,0.0009030851993574934,0.005224258438557253,30630.73572834645
0.03467602395234391,0.01708950393231136,0.01589493661565504,0.007905563125641698,0.002933437971038423,-0.0023054553611118454,-0.0018023236152092809,0.0009097939569257475,0.005204299628692578,30648.82381889764
-0.03222857631700398,-0.0007316842107175528,0.008616304317035514,0.011876373507424022,0.0025802775583427208,-0.002375958979709336,-0.0018685963102500786,0.0009163192098910624,0.005184321431274722,30666.91190944882
-0.0133036385035493,-0.012999384651885534,-0.004648356964299851,0.014290455556056484,0.002126256568310461,-0.002438536356722561,-0.0019319981557319851,0.0009226588073355866,0.005164323906773478,30685.0
0.019757506923079357,-0.007098304354575117,-0.014664883823932691,0.014727741494788055,0.0015868303059976886,-0.002492802386522193,-0.00199242566654837,0.0009288105983414759,0.005144307115658614,30702.73572834645
-0.014943596045768113,0.009368162604341883,-0.015280300204933693,0.012759305689086566,0.0009863119342415534,-0.0025383719634788863,-0.0020497753575926137,0.0009347724319908814,0.00512427111839991,30720.82381889764
0.013255670677606454,0.004626422293342599,-0.004766967323550153,0.008237047093681362,0.0003576530580955704,-0.00257485998196331,-0.00210394374375809,0.0009405421573659603,0.005104215975467137,30738.91190944882
-0.005761243928452337,-0.007765361449470893,0.009495312817788933,0.0021690037284742185,-0.0002644816566477907,-0.0026018813363461223,-0.00215482733993817,0.0009461176235488551,0.0050841417473300845,30757.0
-0.014848273112416087,-0.006327716076152558,0.01459610147762117,-0.00419407613062429,-0.0008454275441960589,-0.0026190509209979866,-0.002202322661026238,0.00095149667962173,0.005064048494458515,30775.73572834645
0.014767318232867718,0.008742759367362693,0.009644481936013936,-0.009856562990983756,-0.0013505199387567654,-0.0026259823096494933,-0.0022463275425557323,0.000956677174666727,0.005043936277322203,30793.82381889764
1.8871749224723663e-05,0.009654623702860247,-0.0005020434282669204,-0.014142010861058735,-0.0017450941745374383,-0.002622274735810032,-0.0022867541602813067,0.0009616569577660038,0.005023805156390943,30811.91190944882
0.008117198249078202,-0.005460566739928429,-0.010041331233598237,-0.016442081430707734,-0.0019944855857456085,-0.0026074898817053673,-0.0023235522412412236,0.0009664338780017064,0.0050036551921344916,30830.0
-0.012908495085382202,-0.012342709199876165,-0.013443180899519028,-0.016138064346875085,-0.0020744015495030035,-0.002581180371900367,-0.0023566805701346672,0.0009710057844559972,0.004983486445022621,30847.73572834645
0.01212634536502782,-0.0013235239464515175,-0.007365531125096026,-0.012870145211719402,-0.0020019212319803965,-0.002542999727405603,-0.0023861134178228393,0.0009753705262110204,0.0049632989755251395,30865.82381889764
-0.008174118944184879,0.012408996719060756,0.003167880093580948,-0.0074696740919694,-0.0018040303118317667,-0.0024930023394617857,-0.0024118897153678222,0.0009795259523489323,0.004943092844111795,30883.91190944882
-0.00900398936702894,0.015393957256022548,0.011041864936166232,-0.0010683851812248793,-0.0015075980851033384,-0.00243133263354488,-0.002434074742204168,0.0009834699119518758,0.004922868111252376,30902.0
0.00946340245206639,0.0069688349649335915,0.011072203024832996,0.005203877333674905,-0.0011394938478413404,-0.0023581323195782404,-0.0024527364933190697,0.0009872002541020195,0.004902624837416643,30919.73572834645
-0.012320451920676751,-0.007354145861477691,0.005699039610001165,0.010324333434761433,-0.0007265868960920008,-0.002273543107485216,-0.0024679429636996954,0.0009907148278815016,0.0048823630830743875,30937.82381889764
0.017402682969835742,-0.014974362268629042,-0.0011432010977344927,0.013708781593170693,-0.00029574652590154556,-0.0021777067071891663,-0.002479762148333226,0.0009940114823724796,0.0048620829086953804,30955.91190944882
-0.02313053326745098,-0.0024257909581537245,-0.006088111187364795,0.015027212081986605,0.0001261579666837956,-0.0020707648286134367,-0.002488262042206839,0.0009970880666571105,0.004841784374749387,30974.0
0.027747703897059876,0.012837744438213587,-0.007063252653460943,0.013985434384396478,0.0005151099905442833,-0.0019528591816813901,-0.0024935106403077075,0.0009999424298175342,0.004821467541706207,30991.73572834645
0.01706244949244979,0.008393101900990982,-0.003280717366847607,0.010522444928395089,0.0008585037742661208,-0.0018241314763163714,-0.0024955759376230234,0.0010025724209359196,0.004801132470035609,31009.82381889764
-0.030843119211478576,-0.004409552373607169,0.0021645812871871647,0.005552778495104305,0.0011465862513619972,-0.001684723422441739,-0.0024945262069733017,0.0010049761669277566,0.004780779220207365,31027.91190944882
-0.010080457875763595,-0.008899311644431643,0.005239245325174227,0.00020334684972472383,0.0013696043553446057,-0.0015347767299808452,-0.0024904308325125217,0.0010071529060420013,0.004760407852691243,31046.0
0.026818944063899213,-0.00347846296092327,0.0033501170041567757,-0.004630950917805105,0.0015178050197266328,-0.0013744331088570438,-0.002483359476227994,0.001009102154360941,0.004740018427957031,31064.73572834645
-0.023554845539953177,0.004508507164147747,-0.0008705802491944124,-0.008499954712073765,0.001581435178020772,-0.0012038342689936893,-0.002473381800107046,0.0010108234279668723,0.004719611006474494,31082.82381889764
0.020551144273573706,0.006771844342930754,-0.004148128687968806,-0.011056633991192928,0.001550789686297783,-0.0010231698428722076,-0.002460567466136998,0.001012316242942092,0.004699185648713423,31100.91190944882
-0.018468215087477535,0.004798214843316847,-0.0053821316681386105,-0.011953958213274267,0.0014163550908607614,-0.0008328211532063486,-0.0024449861363051765,0.0010135801153688974,0.004678742415143589,31119.0
0.011537447195066688,-0.00026385923295958345,-0.004927589547387629,-0.010986693161855144,0.0011746697723854862,-0.0006333832739284908,-0.0024267074725988938,0.0010146145613295818,0.004658281366234762,31136.73572834645
0.017269202184585095,-0.005609164832096202,-0.0028785609115765756,-0.008516789922175716,0.0008462877588062487,-0.0004261145936132092,-0.0024058015675420294,0.0010154195274430036,0.004637802562456717,31154.82381889764
0.01056960604776196,-0.008117032089051408,0.0006389119811543896,-0.00504799590490185,0.0004577669898719687,-0.0002124393294956413,-0.0023823402358046425,0.0010159966824741843,0.004617306064279241,31172.91190944882
-0.011275976905221,-0.006098046229155238,0.0047342338195397096,-0.001084058520699394,3.5665405331560455e-05,6.218301189084659e-06,-0.0023563957225933587,0.001016348125724732,0.0045967919321721,31191.0
-0.01862881708125262,0.001433925733569256,0.007977725798078416,0.0028712748197657905,-0.00039345905506605884,0.00022843408120583466,-0.0023280402731147894,0.001016475956496229,0.004576260226605079,31208.73572834645
0.018574926080817514,0.010344191211982538,0.008846923716348442,0.006314256705827847,-0.0008030484515719689,0.0004527837933194728,-0.00229734613257555,0.0010163822760781325,0.004555711006060089,31226.82381889764
-0.017820072335005908,0.011497423211934334,0.005823822877228907,0.008812480107675168,-0.0011665448444372593,0.0006778432202948752,-0.002264385546182263,0.0010160691937113574,0.004535144321067569,31244.91190944882
0.016420648375351055,-0.0001291845287518086,-0.0013942492918626987,0.010218899518913109,-0.0014573902939130031,0.0009021881448968967,-0.002229230759141537,0.0010155388206246694,0.004514560220170145,31263.0
-0.014775164611173756,-0.012548501074604807,-0.008315529414872623,0.010457809814001271,-0.0016491005840560083,0.0011244680736961353,-0.0021919540166600005,0.0010147932680468496,0.004493958751910388,31280.73572834645
0.013433531717759703,-0.004488645415950184,-0.01024930002535541,0.009460425448854611,-0.0017224059756012805,0.0013436274084860412,-0.002152627563944259,0.0010138346472066686,0.00447333996483089,31298.82381889764
-0.012748495563628939,0.012767199478779275,-0.006570263621522956,0.00725689908609882,-0.001685764539845699,0.0015586600358006067,-0.0021113236462009417,0.0010126650693329088,0.004452703907474258,31316.91190944882
0.01270691427182007,0.006186463657188079,0.001209831105872878,0.004169342493372696,-0.001554456973280722,0.001768462885913065,-0.0020681145086366513,0.0010112866456543264,0.0044320506283830885,31335.0
-0.01312925809009414,-0.012400376199594176,0.00809410899303014,0.0005911273192044499,-0.001343739733332628,0.00197190865003148,-0.002023072396458012,0.0010097014873997024,0.004411380176099963,31353.73572834645
0.013976224426093151,-0.009105296454918702,0.009601024418043681,-0.0030965076749611617,-0.0010688692774276953,0.0021678700193638973,-0.001976269554871648,0.0010079117057978236,0.004390692599167473,31371.82381889764
-0.015385784329323412,0.00691795654161981,0.006724569930627205,-0.006561208687884158,-0.0007451020629921936,0.002355219685118371,-0.0019277782290841581,0.0010059194120774493,0.004369987946128221,31389.91190944882
0.004024907273399228,0.011553098846934257,0.0017904844291055132,-0.009484168452891328,-0.000387694547452408,0.002532830338502955,-0.0018776706643021776,0.0010037267174673593,0.004349266265524805,31408.0
0.014846993196516703,0.004788116659455231,-0.003167912250359767,-0.011546933115180302,-1.190318823460609e-05,0.0026995746707257034,-0.0018260191057323176,0.001001335733196331,0.004328527605899805,31426.73572834645
0.023965910676276157,-0.005253609532373494,-0.006711437835604874,-0.01243104881994869,0.0003670155572349362,0.0028543253729946603,-0.0017728957985811806,0.0009987485704931235,0.004307772015795827,31444.82381889764
-0.028346592351239375,-0.010694091421150341,-0.007471918091252824,-0.011886923654749647,0.0007347566918751125,0.002995955136517889,-0.0017183729880554059,0.0009959673405865268,0.004286999543755454,31462.91190944882
0.025609811880413325,-0.007829151939496671,-0.0044950699025971584,-0.00997464901818668,0.0010808210599855112,0.0031233366525034445,-0.0016625229193616006,0.0009929941547053064,0.004266210238321304,31481.0
0.03773157303230301,0.0002943384467070822,0.0004991681322311374,-0.006960120417731727,0.0013956609662108986,0.0032353426121593722,-0.0016054178377063796,0.0009898311240782438,0.004245404148035935,31498.73572834645
-0.04117259245455371,0.008157011081967518,0.005105324366389146,-0.0031434689024849947,0.001669728715196056,0.003330845706693723,-0.001547129988296356,0.0009864803599340998,0.004224581321441968,31516.82381889764
-0.010249518569040546,0.009052047740694319,0.006917927153033931,0.0011751744784533487,0.0018934766115857285,0.003408718627314556,-0.00148773161633816,0.0009829439735016606,0.004203741807081983,31534.91190944882
0.041223416178486544,0.00323950696884164,0.004370226131451558,0.0056626251397833526,0.002057356960024685,0.003467834065229924,-0.0014272949670383992,0.0009792240760096986,0.0041828856534985885,31553.0
-0.03696403237727743,-0.006352358032407836,-0.0007447850480955514,0.009848625484945403,0.0021518220651577046,0.003507064711647873,-0.0013658922856036905,0.0009753227786869794,0.004162012909234343,31570.73572834645
-0.010862618201725033,-0.006926452011711886,-0.005775955983373601,0.013210428915337783,0.0021673242316295207,0.0035252832577764718,-0.0013035958172406541,0.0009712421927622896,0.004141123622831888,31588.82381889764
-0.010374472243752075,0.0002672391168640997,-0.008250819256774674,0.015220429965898138,0.0020939816876080443,0.003521696471300655,-0.0012404778071559053,0.0009669844294643865,0.004120217842833794,31606.91190944882
0.01884838949597779,0.0051487818953660875,-0.0065675263919839945,0.015487474708511459,0.0019205763553535162,0.0034968417999169973,-0.0011766048746600917,0.0009625516000220622,0.004099295617782645,31625.0
-0.01310194021359206,0.0016432697677217847,-0.000607170731964258,0.01416061949784341,0.0016411519456576535,0.0034515727139121286,-0.0011120255851770101,0.0009579458156640801,0.004078356996221054,31643.73572834645
-0.0023783816970513127,-0.003485950469476303,0.006421462584243339,0.011502988765473688,0.0012721356293454494,0.0033867548564647226,-0.0010468006770225121,0.0009531691876192114,0.004057402026691607,31661.82381889764
-0.0047955444098832295,-0.0008793041887111008,0.010432853326901451,0.007782307468636426,0.0008355504422502131,0.0033032583204504673,-0.0009809953382094716,0.0009482238271162427,0.004036430757736892,31679.91190944882
0.004725994739863815,0.0025206093641791808,0.009688723222482104,0.003327199934278694,0.0003534194202052815,0.003201953198745053,-0.0009146747567507421,0.0009431118453839307,0.004015443237899507,31698.0
-0.007387588854664905,0.0013711623023465673,0.004375918718365854,-0.0014430578917422386,-0.0001522344009560344,0.003083709584224172,-0.0008479041206592012,0.0009378353536510632,0.003994439515722053,31715.73572834645
0.011581312981905543,-0.0028245585567973743,-0.0027579750316233374,-0.006089076256507273,-0.0006593879854004169,0.0029493975697635066,-0.0007807486179477093,0.0009323964631464095,0.0039734196397471135,31733.82381889764
-0.015244587242818092,0.001109891356343877,-0.008688834958071415,-0.010171465407097326,-0.0011460182972945433,0.0027998872482387516,-0.0007132734366291321,0.0009267972850987459,0.003952383658517279,31751.91190944882
0.016586350015721545,0.0046117842439583065,-0.011660292661114525,-0.013250835590593304,-0.0015901023008050984,0.002636048712525599,-0.000645543764716332,0.0009210399307368344,0.0039313316205751726,31770.0
-0.015305990337014026,-0.007283569486719798,-0.011126854106003123,-0.014946706254907582,-0.001969616960098755,0.002458752055499732,-0.0005776247902221837,0.0009151265112894686,0.003910263574463343,31787.73572834645
0.012857725743497517,-0.00763936889832969,-0.009548874227464636,-0.015175687547660988,-0.002262539239342209,0.0022688673700368427,-0.000509581701159543,0.0009090591379854097,0.0038891795687244265,31805.82381889764
-0.011211681578652762,0.006954024229943513,-0.007922306576890784,-0.014154233973192121,-0.002451726532346163,0.00206726474901262,-0.00044147968554127706,0.0009028399220534288,0.0038680796519009893,31823.91190944882
-0.0019598114735191146,0.01113418034664083,-0.006358163702871196,-0.012140732213645944,-0.002539557951497527,0.0018548142853027536,-0.0003733839313802614,0.0008964709747223095,0.003846963872535637,31842.0
0.008758861310708648,0.003459812064973518,-0.004799724740528674,-0.00938868852152342,-0.002533293038827237,0.0016323860717829355,-0.00030535962668934625,0.0008899544072208176,0.003825832279170957,31860.73572834645
0.0065765298293155115,-0.009032922277820286,-0.0028343823524911434,-0.006151609149325479,-0.002440228343977608,0.0014008872089402277,-0.0002374719594814118,0.0008832923307777342,0.003804684920349548,31878.82381889764
0.005710804008823206,-0.014575831150831256,0.00013302073371096218,-0.0026830003495530792,-0.002267808447036476,0.0011613728277072167,-0.00016978611776931066,0.0008764868566218283,0.003783521844614002,31896.91190944882
-0.02167999691494917,-0.0019819277825872798,0.004266137240683054,0.0007636316252928397,-0.0020235947884608943,0.0009150149193857067,-0.00010236728956591609,0.0008695400959818748,0.0037623431005069084,31915.0
0.02344528510545924,0.014295628740805782,0.00659892693696821,0.003934780522711335,-0.0017154682197392812,0.000663304886308868,-3.5280662884090597e-05,0.0008624541600866475,0.0037411487365708726,31932.73572834645
-0.02339885075731628,0.0052906738125521454,0.004585216971775974,0.0066137371050487845,-0.001351389445117908,0.0004078139835677241,3.140857426329256e-05,0.0008552311601649242,0.0037199388013484753,31950.82381889764
0.021776987050542176,-0.011868778408414899,0.0005984624442384789,0.008714093037820364,-0.0009393191688430347,0.000150113466253278,9.763523386337693e-05,0.0008478732074454732,0.003698713343382319,31968.91190944882
-0.019513600476170255,-0.007633635050637603,-0.002268418089982574,0.010118688376506575,-0.00048721809516092817,-0.00010822541054344844,0.00016333412790329235,0.0008403824131570702,0.0036774724112149937,31987.0
0.017417974285336833,0.005780291596460064,-0.003200700386116223,0.01069347602036736,-3.046928317850025e-06,-0.0003656313917314431,0.0002284400683701793,0.0008327608885284919,0.0036562160533890964,32004.73572834645
-0.015705945117250302,0.0066537036853371945,-0.002010895612858781,0.0103590553916231,0.0005040521511689166,-0.0006205332222196909,0.0002928878672511646,0.0008250107447885072,0.0036349443184472245,32022.82381889764
0.01419361549655885,-0.0012355834108679646,0.0007128810208483507,0.00925494427295012,0.0010198787890834033,-0.0008713596469171729,0.00035661233653338327,0.0008171340931658933,0.0036136572549319637,32040.91190944882
0.005251546405954359,-0.004245695003761105,0.0020608698537066144,0.007597840036160368,0.0015277220804801627,-0.0011165394107328862,0.000419548288203976,0.0008091330448894254,0.0035923549113859067,32059.0
-0.011459571933500343,-0.0003784565402168322,-0.0001623002486027921,0.005637393753593841,0.0020105388517991114,-0.0013545012585758044,0.00048163053425007244,0.0008010097111878707,0.003571037336351654,32076.73572834645
0.01052199239628001,0.00370841163203316,-0.002736182833963911,0.0034356823494927496,0.002451285929480183,-0.0015836739353549158,0.0005427938866588056,0.0007927662032900128,0.0035497045783717935,32094.82381889764
-0.004099430999150039,0.0008012494692504152,-0.002156513252386604,0.0010483065587594746,0.0028329201399632997,-0.0018024861859792065,0.0006029731574173104,0.0007844046324246229,0.0035283566859889252,32112.91190944882
-0.011416788174680455,-0.004670257364274928,0.000885976307034124,-0.0012982060922001072,0.00313839830968839,-0.0020093667553576647,0.0006621031585127323,0.0007759271098204639,0.0035069937077456363,32131.0
0.014198499971687085,-0.005696413939549209,0.004653087251802501,-0.0033793960951727098,0.0033506772650953778,-0.002202744388399268,0.0007201187019321856,0.0007673357467063274,0.0034856156921845294,32149.73572834645
-0.007868195569097056,0.0011582742756537383,0.007160976088194979,-0.004982750532896637,0.0034529135375959666,-0.0023812475349847787,0.0007769545996628208,0.0007586326543109741,0.0034642226878481915,32167.82381889764
-0.024096565840969766,0.007583581879736002,0.0061087400083507755,-0.005930915205269869,0.003429123266864648,-0.0025443642532577615,0.0008325456636917637,0.0007498199438631851,0.0034428147432792153,32185.91190944882
-0.005873365293735594,0.005283465030346054,0.00030299291967322335,-0.006187170780829165,0.003263765451050659,-0.002692025459836488,0.0008868267060061582,0.0007408997265917285,0.0034213919070202013,32204.0
0.0357865801391368,-0.0025165841865040757,-0.007239956997970827,-0.005756320644197499,0.002947723875605488,-0.0028242228597149554,0.0009397325385931285,0.0007318741137253825,0.0033999542276137397,32222.73572834645
0.03564047325583675,-0.00965573630529077,-0.012460167675888551,-0.0046689790299285555,0.002497693175911332,-0.0029409481578871613,0.0009911979734398121,0.0007227452164929198,0.003378501753602423,32240.82381889764
-0.03830213228599115,-0.008756267183858045,-0.012229726698204093,-0.0030027594716727753,0.0019381514031745638,-0.0030421930593471118,0.0010411578225333444,0.0007135151461231158,0.003357034533528833,32258.91190944882
0.035540848457711736,0.004460113769514873,-0.0072639558519231,-0.0009924938903953578,0.0012939314628259604,-0.003127949269088804,0.0010895468978608588,0.0007041860138447426,0.003335552615935599,32277.0
-0.005973543515400571,0.010738448995493333,0.0003293310566770571,0.0010877699096659144,0.0005898662602962938,-0.003198208492106239,0.0011363000114094958,0.0006947599308865705,0.0033140560493652815,32294.73572834645
-0.023784163040049846,0.005143615455920183,0.008280381532516722,0.0029639841242732534,-0.00014921129898365327,-0.0032529624333934213,0.0011813519751663806,0.0006852390084773829,0.0032925448823604856,32312.82381889764
0.00466640371359527,-0.008244165735254027,0.01413183026385575,0.004362100949188876,-0.0008984683095831084,-0.0032922027979443436,0.00122463760111865,0.0006756253578459462,0.0032710191634638067,32330.91190944882
0.014589293102651935,-0.012132291182547538,0.015378207130140124,0.005008608524907002,-0.0016336078108032954,-0.0033159212907530084,0.0012660917012534407,0.0006659210902210361,0.0032494789412178386,32349.0
-0.014637788503023108,0.003686483443590761,0.01063170951978059,0.004719598445170335,-0.0023333147509723073,-0.003324118210922185,0.0013056576816666506,0.0006561283168314282,0.003227924264165166,32366.73572834645
0.017885943288251,0.014009886526521426,0.00297648656867182,0.0036615369457356044,-0.0029801625435457537,-0.003316833833886002,0.0013433189247855494,0.0006462491489058897,0.0032063551808483954,32384.82381889764
-0.022162207589168325,0.010504008600998808,-0.0039898158255873934,0.002088349936680034,-0.0035575627320781184,-0.0032941394287725237,0.0013790898067313271,0.0006362856976732045,0.0031847717398101162,32402.91190944882
0.025178733944705663,0.0016542337568195308,-0.009087516466065775,0.00025396332808084885,-0.0040489268601238805,-0.003256111864606137,0.0014129903035215103,0.0006262400743621406,0.003163173989592917,32421.0
0.017927345326693798,-0.012585665097887676,-0.011741425330998933,-0.001587696969984728,-0.004437666471237527,-0.0032028280104112084,0.0014450403911735975,0.0006161143902014733,0.0031415619787394026,32439.73572834645
-0.026236521937338463,-0.019633189124043764,-0.011373254532381902,-0.003185802913680046,-0.00470719310897354,-0.00313436473521212,0.0014752600723327357,0.0006059107297923451,0.0031199357557921484,32457.82381889764
0.02608484002536357,-0.007290084827314414,-0.007824895258406555,-0.004343458405109359,-0.0048409183168864,-0.00305079890803324,0.001503669456154581,0.000595631071225376,0.0030982953692937727,32475.91190944882
0.020349492842648517,0.015399991620087972,-0.002665422995660858,-0.005033027136531747,-0.004822093930578899,-0.0029523671058506408,0.0015302886784224266,0.0005852773659635585,0.0030766408677868487,32494.0
-0.028155304749819796,0.023183297960275594,0.002103516228108041,-0.005264868375208966,-0.0046368778598229205,-0.0028399447374471837,0.0015551378749195674,0.0005748515654698778,0.003054972299813982,32511.73572834645
0.03041367819914792,-0.000600723233631917,0.004908119338615299,-0.005031842722121376,-0.004288766972720063,-0.0027145669195574257,0.0015782371814292994,0.0005643556212073252,0.0030332897139177654,32529.82381889764
-0.032259543091073,-0.02399628547054161,0.005885955075425307,-0.004309989702762049,-0.0037980792128592027,-0.0025772687689159224,0.0015996067337349074,0.000553791484638894,0.0030115931586407853,32547.91190944882
0.032255510539999165,-0.023128587169252708,0.0055347780387508295,-0.003084694692119107,-0.0031884515662070688,-0.002429085402257229,0.0016192666676196885,0.0005431611072275686,0.0029898826825256403,32566.0
0.005846057269349838,-0.016950277826311415,0.004106833190835468,-0.001417121365958703,-0.0024835210187303903,-0.0022710519363159055,0.0016372371188669358,0.0005324664404363437,0.00296815833411492,32583.73572834645
-0.027057552408167266,-0.011012817271451288,0.0018983784592753225,0.0005072316499136949,-0.001706924556395891,-0.002104203487826507,0.001653538223259943,0.0005217094357282031,0.0029464201619512215,32601.82381889764
0.018534666712007642,-0.0042453000441117,-0.0007244289949643208,0.00243296649632344,-0.0008822991651702979,-0.0019295751735235898,0.0016681901165820025,0.0005108920445661356,0.002924668214577155,32619.91190944882
0.0223612674586882,0.0062746116920192035,-0.003380556913732525,0.004089810216910242,-3.328183102034373e-05,-0.0017482021101417097,0.0016812129346164037,0.0005000162184131379,0.0029029025405352864,32638.0
-0.02270616742239046,0.01801622585632311,-0.005662231837884135,0.005180748654319576,0.0008164904600872475,-0.001561119414415419,0.001692626813146439,0.0004890839087321951,0.0028811231883682236,32655.73572834645
0.006894527772154377,0.012406991982791597,-0.00689663965901952,0.0053570024296943535,0.001643380722185749,-0.00136936220307929,0.001702451887955412,0.0004780970669862994,0.0028593302066185554,32673.82381889764
0.026236459829073137,-0.003351683188966834,-0.005679994012897866,0.004390215486422438,0.002425458102229886,-0.0011739655928678623,0.0017107082948266041,0.0004670576446384358,0.002837523643828886,32691.91190944882
-0.02590968078737087,-0.012469252024603033,-0.0009318361775297409,0.0025818131797946376,0.0031476134052747322,-0.0009759647005157003,0.0017174161695433106,0.0004559675931515964,0.0028157035485418024,32710.0
-0.014994148364513127,-0.0012337481534578213,0.007027667816859642,0.0003656769940230279,0.003796432074954927,-0.000776394642757362,0.0017225956478888287,0.00044482886398877097,0.0027938699692998917,32728.73572834645
0.017916716139779913,0.009385777404514177,0.012812456001189909,-0.0018243087130948906,0.004358496681319649,-0.0005762905363273972,0.0017262669714089112,0.0004336433028504828,0.0027720229546457638,32746.82381889764
-0.012298234009489891,-0.0005402549419544397,0.011022400216835815,-0.003596359045770417,0.004820389794418065,-0.0003766874979603693,0.0017284508046991754,0.0004224123323874024,0.002750162553121991,32764.91190944882
0.008011258386001007,-0.008085062050097572,0.0012670034858482289,-0.004727086956250334,0.005168693984299349,-0.00017862064439082945,0.0017291679181176936,0.00041113726948773595,0.002728288813271184,32783.0
-0.006593991640348109,0.008569298091518983,-0.01282084841145061,-0.005037923294898078,0.0053927102571204736,1.687490764665727e-05,0.0017284390820225559,0.00039981943103968023,0.002706401783635933,32800.73572834646
0.007909017093670596,0.009348453473890548,-0.019464641823114793,-0.004362812179670833,0.005494252886632168,0.0002087640414175458,0.0017262850667718313,0.0003884601339314398,0.002684501512758829,32818.82381889764
-0.008645976559491543,-0.008078531601857742,-0.016041660215250622,-0.0026588511196000233,0.005484412675343164,0.00039601164018726885,0.0017227266427236058,0.0003770606950512234,0.0026625880491824763,32836.91190944882
-0.01341081184946248,-0.012780726511472194,-0.004141967825752339,-0.00034028459614459446,0.005375871714727053,0.0005776308214190153,0.0017177845802359532,0.0003656224312872283,0.0026406614414494455,32855.0
0.015208393182488657,0.007781551906539659,0.011331774224207562,0.0020647660469202953,0.005181011109148786,0.000752935689684588,0.0017114796496669553,0.0003541466595276631,0.0026187217381023493,32872.73572834646
-0.016186250002182948,0.01696632582768676,0.022147836296716315,0.004028179465819503,0.0049117315275048305,0.0009217207850242676,0.0017038326213746902,0.00034263469666072707,0.0025967689876837813,32890.82381889764
0.017313116292122645,-0.0026783702477487315,0.021818532350659184,0.0050730321610563045,0.004579825588373978,0.0010838886977960164,0.0016948642657172355,0.00033108785957462663,0.002574803238736322,32908.91190944882
0.003018373839147555,-0.02037078801971321,0.013461732704853504,0.005009738598161406,0.004196453707466921,0.0012393420183577839,0.0016845953530526712,0.00031950746515756667,0.002552824539802582,32927.0
-0.02047340239801518,-0.02013936308306296,0.0021304429992154584,0.0040300974385990415,0.0037702474890219293,0.001387983337067539,0.0016730466537390788,0.00030789483029774366,0.002530832939425144,32945.73572834646
0.02125544515981086,0.0006625796136560516,-0.008161938773783885,0.0024084539317472437,0.0033092063344091626,0.0015297152442832296,0.001660238938134532,0.00029625127188336904,0.0025088284861466137,32963.82381889764
0.016133292973743236,0.019645646915117766,-0.014846665296829478,0.00041915332698403253,0.0028213296449987667,0.0016644403303628203,0.0016461929765971164,0.0002845781068026396,0.002486811228509563,32981.91190944882
-0.012054337713354901,0.022826871977818707,-0.01604456034617349,-0.0016634591263125578,0.0023146168221608978,0.0017920611856642682,0.0016309295394849005,0.00027287665194376457,0.002464781215056611,33000.0
-0.016719701898571797,0.008925339107661436,-0.011864606377633391,-0.0035801544086616088,0.001797067267265702,0.0019124804005455297,0.0016144693971559757,0.0002611482241949453,0.0024427384943303382,33018.73572834646
0.013500955177339515,-0.014338434473212222,-0.00484576360000356,-0.005132168420170644,0.0012766803816833471,0.0020256005653645636,0.0015968333199684159,0.00024939414044438215,0.0024206831148733355,33036.82381889764
-0.010698341783112828,-0.021798635100540417,0.0019575576224321605,-0.006135853290844288,0.0007614555667839903,0.002131324270479334,0.0015780420782802924,0.0002376157175802831,0.002398615125228204,33054.91190944882
0.009938343672880968,-0.0003090105715359735,0.006025596636565331,-0.006407561150687151,0.00025939222393778064,0.002229554106247786,0.001558116442449698,0.00022581427249084767,0.002376534573937529,33073.0
-0.012133961976926922,0.02061300244694271,0.006977191633989228,-0.005762623129232037,-0.0002225312459569492,0.0023201926630278934,0.0015370771828346983,0.0002139911220642834,0.0023544415095439176,33090.73572834646
0.004805552781573651,0.00900396221279853,0.005213869415476223,-0.004111754924421079,-0.0006814204438891691,0.0024031425311776115,0.001514945069793379,0.00020214758318879257,0.002332335980589959,33108.82381889764
0.021684005841484572,-0.013901160705888387,0.00212931237381328,-0.001762525514911142,-0.0011154019713196317,0.0024783063010548785,0.0014917408736838263,0.00019028497275257585,0.0023102180356182316,33126.91190944882
-0.025452553484954937,-0.01888689748788081,-0.0006347582002089907,0.000878027550344316,-0.0015226024297091457,0.0025455865630176766,0.0014674853648641057,0.0001784046076438393,0.0022880877231713473,33145.0
0.02665041394117873,0.002219534192977133,-0.0018247361227704242,0.0034161784977606207,-0.0019011484205184856,0.0026048840313157053,0.001442201189800552,0.00016650780475078436,0.0022659450917918897,33162.73572834646
0.004441948770549419,0.017819628477507544,-0.0017870258975141089,0.005558998914809795,-0.0022491665452084343,0.0026560901062778587,0.0014159203088803091,0.00015459588096161748,0.002243790190022464,33180.82381889764
-0.022439310051542687,0.016517791935907532,-0.0012508852129875221,0.007217402849856028,-0.002564783405239771,0.00269908707417354,0.0013886837965500114,0.0001426701531645401,0.0022216230664056573,33198.91190944882
-0.004074176601764074,-0.0011766849414279008,-0.00035387150434462044,0.008351173199636071,-0.002846125602073279,0.0027337554117843493,0.001360534536744098,0.00013073193824775638,0.0021994437694840617,33217.0
0.016983179704422216,-0.016086543618523245,0.00039151543928588,0.008920422508084468,-0.003091319737169736,0.002759975595891865,0.0013315154133970164,0.00011878255309946888,0.0021772523478002736,33235.73572834646
-0.016580243809060907,-0.011058023724691945,0.00047574714512767393,0.008909128219013357,-0.0032989972023267215,0.0027776274788935554,0.0013016699348273476,0.00010682331460788293,0.0021550488498968813,33253.82381889764
0.008580519332324734,0.0033114349422075943,-2.7637517076410945e-05,0.008395954270922322,-0.0034698122086089405,0.0027865900852917466,0.0012710424372488012,9.48555396611996e-05,0.002132833324316489,33271.91190944882
0.02138294823131449,0.014029947201628083,-0.0008964199816680345,0.007480337082896978,-0.0036049383890978098,0.002786750173019788,0.0012396695234440614,8.288054514762262e-05,0.0021106058196016858,33290.0
0.01556469973999144,0.012699896237605935,-0.0019250510341734873,0.006260939969200089,-0.003705553034794731,0.0027780028866500064,0.00120757940955684,7.089964795535844e-05,0.0020883663842950614,33307.73572834646
-0.02879401690626743,0.004651897306592698,-0.0029777659158288423,0.004836426244094381,-0.0037728334367011043,0.0027602450500040982,0.001174798632481474,5.891416497260697e-05,0.0020661150669392093,33325.82381889764
0.031463140607981395,-0.002735121301101893,-0.0039362459817976715,0.0033054592218425974,-0.003807956885818343,0.0027333734869037815,0.0011413537291122952,4.6925413087573895e-05,0.002043851916076741,33343.91190944882
-0.03287652215222095,-0.007789194544760457,-0.004682172587243543,0.001766702216707474,-0.003812100673147831,0.0026972850211707455,0.0011072712363436378,3.493470918846105e-05,0.0020215769802502137,33362.0
-0.009266477976018414,-0.010304579029487169,-0.005097227087330013,0.0003188185429517549,-0.003786450776730723,0.0026518851636664407,0.001072577691069837,2.294337016347333e-05,0.0019992903080022564,33379.73572834646
0.03262506544894568,-0.01020705031660568,-0.005062446688574639,-0.0009559187790845431,-0.0037322469695012803,0.0025971332201454433,0.0010372996301852176,1.0952712900814107e-05,0.001976991947875457,33397.82381889764
0.02331670376960382,-0.00751136197536588,-0.004481994148860139,-0.0020489365043447594,-0.003650813898370053,0.0025330733703385956,0.0010014635905841224,-1.0359457113151566e-06,0.0019546819484123914,33415.91190944882
-0.0026762141083960366,-0.0031869117062917687,-0.0033649887851241204,-0.002997813956160883,-0.0035434952569817174,0.002459768840710882,0.0009650961091608793,-1.3021288784707271e-05,0.00193236035815567,33434.0
-0.02741665031785509,0.001664054574079738,-0.00175742055586988,-0.0038371005618409028,-0.0034116347389809556,0.0023772828577272877,0.0009282237228098207,-2.500199943116459e-05,0.0019100272256478753,33451.73572834646
0.024766022912072395,0.005631701045573197,0.00029192845649515467,-0.0045985536247886896,-0.0032565760380124558,0.0022856786478528037,0.0008908729684252813,-3.697676076247688e-05,0.0018876825994316203,33469.82381889764
-0.007496901779936402,0.007448527020175596,0.0027342761695635575,-0.005313930448408106,-0.00307975847632916,0.0021851150661606708,0.0008530703829015943,-4.8944255890444194e-05,0.0018653265280494712,33487.91190944882
-0.018648559750915488,0.006928276631060659,0.005520023675455651,-0.006014988336103027,-0.002883003890617051,0.00207613348215718,0.0008148425031330944,-6.0903167926863166e-05,0.0018429590600440432,33506.0
0.015648106834799932,0.003838737081772417,0.00850733580321749,-0.006733484591277311,-0.0026682297461703866,0.0019593708939568922,0.00077621586601411,-7.285217998353043e-05,0.001820580243957923,33524.73572834646
0.005515469114426375,-0.0023419250554776606,0.011197684711681881,-0.007501176517334835,-0.0024373535082834125,0.0018354642996743515,0.0007372170084389784,-8.478997517224184e-05,0.0017981901283336986,33542.82381889764
-0.01242046847016768,-0.006941207551947378,0.01300357359849634,-0.008349821417679454,-0.0021922926422503833,0.0017050506974241183,0.0006978724673020316,-9.671523660479442e-05,0.001775788761713976,33560.91190944882
0.013515481205457982,-0.0036430005151262155,0.01339668137040792,-0.009309142651154022,-0.0019349646133655447,0.0015687670853207426,0.0006582087794976007,-0.00010862664739298365,0.0017533761926413402,33579.0
-0.016400232658010508,0.0070877052566082205,0.012068759225594281,-0.010384097253389934,-0.001667286886923157,0.0014272504614787844,0.0006182524819200218,-0.0001205228906486073,0.0017309524696583888,33596.73572834646
0.01949340065302724,0.0042115925669642985,0.008837767122800785,-0.011511086135588,-0.0013911769282174602,0.0012811378240127893,0.0005780301114636251,-0.00013240264948345971,0.0017085176413077156,33614.82381889764
-0.020518490801469995,-0.0073669940520573575,0.004039255401156531,-0.012609879663981662,-0.0011085522025427088,0.001131066171037315,0.000537568205022747,-0.0001442646070093417,0.0016860717561319148,33632.91190944882
0.01816598518311133,-0.005819366357686978,-0.001760333455634217,-0.013600248204804362,-0.0008213301751931564,0.000977672500666915,0.000496893299491718,-0.00015610744633804611,0.0016636148626735729,33651.0
-0.003863620220701909,-0.0011308427280150208,-0.007605209310917627,-0.014401962124289533,-0.0005314283114630536,0.0008215938110161462,0.00045603193176487074,-0.00016792985058136897,0.0016411470094752898,33668.73572834646
-0.007896028454402645,0.0034281941596444204,-0.012442245114802448,-0.014934791788670602,-0.00024076407664664747,0.000663467100199556,0.0004150106387365421,-0.0001797305028511115,0.0016186682450796644,33686.82381889764
0.004678721719551482,0.007999459670249915,-0.015102094538698044,-0.015118507564181018,4.874506396180671e-05,0.0005039293663317059,0.0003738559573010596,-0.0001915080862590646,0.0015961786180292822,33704.91190944882
-0.005284408391272371,0.006809993284452129,-0.01380820942612265,-0.014881137776751738,0.00033491359115281534,0.0003436176075271407,0.0003325944243527616,-0.00020326128391702966,0.0015736781768667394,33723.0
0.009299757788644055,-0.008405026029347052,-0.006739292321846519,-0.014183742591103858,0.0006144837700558768,0.00018316882190042168,0.00029125257678597676,-0.00021498877893679877,0.001551166970134632,33740.73572834646
-0.014008260598976386,-0.004737563965713139,0.004500282339741566,-0.012995640131656008,0.0008839298118852453,2.322000756609931e-05,0.00024985695149504146,-0.00022668925443017194,0.0015286450463755537,33758.82381889764
0.016351038719473073,0.009063884574856374,0.013645686198292482,-0.01128614852282681,0.001139725927855179,-0.0001355918373612715,0.00020843408537428492,-0.0002383613935089439,0.0015061124541320976,33776.91190944882
-0.015349727615818876,-0.005721805918188834,0.014791607136936584,-0.009024585889034882,0.001378346329179933,-0.0002926297147671384,0.00016701051531804533,-0.0002500038792849119,0.0014835692419468583,33795.0
0.012661129325957258,-0.010120583313578516,0.007529907772079761,-0.0062196950204220555,0.001596304938425576,-0.0004472963378887613,0.00012561277822065213,-0.0002616153948698725,0.0014610154583624216,33813.73572834646
-0.010785728650375182,0.010755092782506751,-0.005011311753538091,-0.003037917370022975,0.001790274523565439,-0.0005991532653706638,8.426741097644099e-05,-0.00027319462337562243,0.0014384511519213892,33831.82381889764
0.010916039354488613,0.0062138351997089915,-0.01350327816176328,0.000314880943404511,0.0019569675639246656,-0.0007478017672091794,4.300095047974118e-05,-0.0002847402479139567,0.0014158763711663582,33849.91190944882
-0.014134388856903945,-0.01196805381603046,-0.014193212989123636,0.0036423022962495995,0.0020930965388283986,-0.0008928431134006454,1.8399336248891093e-06,-0.00029625095159667306,0.0013932911646399103,33868.0
-0.014507648317394437,-0.010250593866460671,-0.006597015838078916,0.006780761813905776,0.0021953739276017875,-0.001033878573941399,-3.9189102693783436e-05,-0.00030772541753556804,0.001370695580884658,33886.73572834646
0.016693693460969786,0.0047269615275022485,0.004417356518476756,0.009555898190578149,0.0022605122095699743,-0.0011705094188277745,-8.00596215819439e-05,-0.00031916232884243896,0.0013480896684431804,33904.82381889764
-0.01798216171246543,0.012373297923952213,0.012646300138827404,0.011788288888887973,0.002285251960597473,-0.0013023650145954774,-0.00012074508614525704,-0.0003305603686290804,0.0013254734758580682,33922.91190944882
-0.006131316431601633,0.0055455794644145105,0.013512036901073625,0.0132985113714565,0.002266446142706265,-0.0014291871139376806,-0.0001612189594893926,-0.0003419182200072911,0.0013028470516719206,33941.0
0.018794974860459016,-0.005585181139647439,0.008891758457485391,0.013955476606001726,0.002200975814457701,-0.0015507455660869252,-0.00020145470472001617,-0.00035323456608886536,0.0012802104444273462,33958.73572834646
0.004376153755214743,-0.010251493031194795,0.0020951482597622584,0.013819926776912623,0.0020872248381291858,-0.0016668102202757535,-0.00024142578494279409,-0.00036450808998560077,0.0012575637026669135,33976.82381889764
-0.006650137336919869,-0.008549267668555838,-0.00416524224903367,0.012994926358810673,0.0019295882908623508,-0.0017771509257367038,-0.00028110566326339475,-0.00037573747480929443,0.001234906874933233,33994.91190944882
-0.016409305601502954,-0.0015336446038176842,-0.009207583936115774,0.011582037022601301,0.001733964053514888,-0.00188153753170232,-0.000320467802787483,-0.0003869214036717429,0.0012122400097689023,34013.0
0.01452922957604185,0.006360160498794285,-0.01224095935668999,0.009682820439189952,0.001506250006944485,-0.001979739887405141,-0.0003594856666207275,-0.00039805855968474133,0.0011895631557164918,34030.73572834646
-0.012406168025810908,0.0029832073122255482,-0.012727509567030419,0.0073988382794820525,0.0012523440320088306,-0.0020715278420777093,-0.0003981327178687953,-0.0004091476259600874,0.0011668763613186146,34048.82381889764
0.010889591997639328,-0.0038840502969875543,-0.01180480235585132,0.004836958127002343,0.0009781440095656124,-0.0021566712449525645,-0.0004363824196373523,-0.0004201872856095772,0.0011441796751178632,34066.91190944882
0.0011899351476530823,-0.0019330554527532875,-0.010478285274651056,0.0021254892219494314,0.0006895478204725217,-0.0022349399452622487,-0.00047420823503206537,-0.00043117622174500817,0.001121473145656827,34085.0
-0.012561737328753196,0.0024113120504245535,-0.007476122887501029,-0.0006010812580725056,0.00039245334558724656,-0.002306103792239303,-0.0005115836271586026,-0.0004421131174781754,0.0010987568214781002,34103.73572834646
0.0005686214913803179,0.0008650970503679289,-0.001665400998823412,-0.003204915203369329,9.275846576747313e-05,-0.0023699326351162672,-0.0005484820591226303,-0.0004529966559208753,0.0010760307511242804,34121.82381889764
0.021239612587021294,-0.0023677688597668763,0.005185822072037276,-0.005535642800673322,-0.00020363893812910258,-0.0024261963231256845,-0.0005848769940298152,-0.0004638255201849061,0.0010532949831379588,34139.91190944882
-0.020842387583989676,-0.0016517943092032377,0.010575019823354799,-0.007439761310823387,-0.0004908409852447987,-0.0024746647055000934,-0.0006207418949858239,-0.000474598393382064,0.0010305495660617309,34158.0
-0.02749273923484555,0.0018684110531371565,0.013017503444130838,-0.008763767994658398,-0.0007629497947219203,-0.002515107631472038,-0.0006560502250963243,-0.00048531395862414515,0.0010077945484381799,34175.73572834646
-0.037933309215745205,0.0053944339823741045,0.011343362924470616,-0.00939562868115522,-0.0010140674857027846,-0.002547294950274056,-0.0006907754474669828,-0.0004959708990229449,0.0009850299788099173,34193.82381889764
0.025476582508485463,0.005892519560205123,0.005174357315082074,-0.00938918347763175,-0.0012382961715404828,-0.00257099651113869,-0.0007248910252034666,-0.0005065678976902618,0.0009622559057195276,34211.91190944882
0.041440889567519235,0.00044107996368224634,-0.003221726455044102,-0.008838789259268067,-0.001430689765863919,-0.002585982163298482,-0.000758370421411442,-0.0005171036377378905,0.0009394723777096006,34230.0
-0.038813218925077476,-0.00846900353384939,-0.010545786037101781,-0.007834995613302725,-0.0015901094702434758,-0.002592021755985972,-0.0007911870991965765,-0.0005275768022776289,0.0009166794433227452,34247.73572834646
0.03363112051217152,-0.0020173566978196767,-0.014048906411423536,-0.00646740030354165,-0.0017163683096822141,-0.002588884143761226,-0.0008233155163370106,-0.000537986074421273,0.0008938771511015252,34265.82381889764
-0.02739471039375025,0.011587146409160727,-0.01358507722692778,-0.004828966373524856,-0.0018092793091831888,-0.00257633245724823,-0.00085473585454697,-0.0005483301372806202,0.0008710655495885664,34283.91190944882
-0.006722955173529604,0.01158501782576937,-0.009635587857221982,-0.003026117985728895,-0.0018686554937494603,-0.002554121851413724,-0.0008854362711979179,-0.0005586076739674654,0.0008482446873264525,34302.0
0.01656776649883237,0.0013247410878469456,-0.002929957750022057,-0.0011686445823644383,-0.0018943098883840764,-0.002522005735978265,-0.0009154066689075081,-0.0005688173675936056,0.0008254146128577726,34320.73572834646
0.008054434977592225,-0.009088319229842502,0.0046338125797708305,0.0006336643943578489,-0.0018860272990828938,-0.0024797657396696217,-0.0009446369502933919,-0.0005789579012708389,0.0008025753747251224,34338.82381889764
-0.004089757710911826,-0.014465844532491348,0.010912556925134475,0.0022710195022272906,-0.0018433717259310671,-0.0024274042971262387,-0.0009731170179732246,-0.0005890279581109602,0.000779727021471096,34356.91190944882
-0.01174248780698837,-0.011730798043077233,0.014388259163473045,0.003633631299033225,-0.0017654472304791924,-0.0023653816975446186,-0.0010008388585411813,-0.0005990262212257667,0.0007568696016382859,34375.0
0.009645021663029094,-0.0016313530031710603,0.015298659976812836,0.004611710342564979,-0.0016512499443960109,-0.0022942578240970147,-0.0010278027944975263,-0.0006089513737270548,0.0007340031637692903,34392.73572834646
0.01762353165360338,0.00986880822258873,0.014279762461590365,0.005123729918472405,-0.0014997759993502858,-0.0022145904759791456,-0.001054011232319052,-0.0006188020987266212,0.0007111277564066979,34410.82381889764
-0.017100551904099533,0.015613358292861987,0.01185451880280011,0.005201214223847403,-0.0013100215270107453,-0.00212693745238675,-0.0010794665784825432,-0.0006285770793362616,0.0006882434280931109,34428.91190944882
-0.028666870330705044,0.008945041681298829,0.008582593894375152,0.004905620841006901,-0.0010826533164106427,-0.002031856552515547,-0.0011041712394647912,-0.000638274998667773,0.0006653502273711137,34447.0
0.034389744631636326,-0.009835108464125828,0.005283554377444873,0.0043050899817257205,-0.0008250207860411208,-0.0019299055755612705,-0.0011281276217425828,-0.0006478945398329528,0.0006424482027833053,34464.73572834646
-0.038699199187302614,-0.015159374004149444,0.0028419423299377764,0.0034694325151431948,-0.000546144011757835,-0.0018216423207196438,-0.0011513381317927078,-0.0006574343859435966,0.0006195374028722702,34482.82381889764
0.040504652770900144,0.0006657045016044104,0.0017877118000089397,0.0024684593103986483,-0.00025504306941642697,-0.0017076245871863998,-0.001173805176091953,-0.0006668932201115013,0.0005966178761806121,34500.91190944882
-0.0010141517438735082,0.012368745421153512,0.0012324647167198258,0.0013719812366313998,3.926196512745458e-05,-0.0015884101741572582,-0.0011955311611171087,-0.0006762697254484633,0.0005736896712509259,34519.0
-0.036606592238574355,0.014186734910234955,-0.00012403752175835545,0.0002498091629807773,0.00032775101601817126,-0.0014645568808279534,-0.0012165184933449643,-0.0006855625850662795,0.0005507528366258032,34536.73572834646
-0.03524313697377443,0.007182899226003384,-0.003326784865052263,-0.0008282460414138989,0.0006014040074000782,-0.0013366225063942128,-0.0012367695792523052,-0.0006947704820767456,0.0005278074208478389,34554.82381889764
-0.002355586628211634,-0.006497985081778081,-0.00754098513722769,-0.0017923735074133061,0.000851200863417525,-0.0012051648500517606,-0.0012562868253159227,-0.0007038920995916589,0.0005048534724596156,34572.91190944882
0.025951197266401216,-0.013668339267041849,-0.011447587505680985,-0.0025727623658781205,0.001068121508214873,-0.0010707417109963285,-0.0012750726380126032,-0.0007129261207228154,0.00048189104000374443,34591.0
-0.02413688265621468,-0.004018318209303932,-0.01381707167765891,-0.0030996017476690174,0.0012431458659364742,-0.0009339108884236381,-0.001293129423819139,-0.0007218712285820122,0.00045892017202281063,34609.73572834646
0.024041356703581634,0.009969764905398203,-0.013767434856835542,-0.003313990226332936,0.0013675586404388379,-0.0007952301815294226,-0.0013104595892123152,-0.0007307261062810455,0.0004359409170594002,34627.82381889764
0.020552294410963793,0.014669931465351702,-0.010457014212531581,-0.0032095308522342245,0.0014359584381921158,-0.0006552573895094091,-0.0013270655406689205,-0.0007394894369317118,0.0004129533236561252,34645.91190944882
-0.022465739389743736,0.007322247432978457,-0.003655450215157821,-0.0028262029427128642,0.0014516277804387195,-0.0005145503115593221,-0.0013429496846657457,-0.0007481599036458078,0.0003899574403555666,34664.0
-0.02704420141122063,-0.006277525813980127,0.004274980028872215,-0.0022128525211811763,0.0014199170905177848,-0.00037363986520658676,-0.0013581144276795765,-0.0007567361895351301,0.00036695331570031154,34682.73572834646
0.025806046687559935,-0.018119522517652968,0.010309299979307206,-0.001418325611051477,0.0013460692650952056,-0.0002329494413053796,-0.0013725621761872051,-0.0007652169777114746,0.00034394099823297473,34700.82381889764
-0.022105891492091714,-0.018344542915957805,0.012070233831401272,-0.0004914682357360967,0.0012352998598970232,-9.287508977003415e-05,-0.0013862953366654167,-0.0007736009512866389,0.0003209205364961402,34718.91190944882
0.016193774515035866,-0.002768065765906922,0.009883254242703999,0.0005111167742512139,0.0010928225935630995,4.6188976571305666e-05,-0.001399316315591003,-0.0007818867933724184,0.00029789197903239514,34737.0
0.007027360681710708,0.015033838256773917,0.00511792751032447,0.001501799359990969,0.0009238507254617432,0.00018384900416203861,-0.0014116275194407469,-0.0007900731870806112,0.0002748553743843389,34754.73572834646
-0.004293054792573708,0.024264851317011126,-0.0007579383288987276,0.00238519265546225,0.0007335975149612686,0.0003197112394455722,-0.0014232313546914455,-0.0007981588155230122,0.0002518107710945617,34772.82381889764
0.0026613049815740956,0.01990863389161733,-0.006315212239918759,0.0030659097946441434,0.0005272762214299858,0.0004533819288653003,-0.0014341302278198795,-0.0008061423618114185,0.00022875821770566902,34790.91190944882
-0.005864514971770257,0.0034282863298978816,-0.010279471194855764,0.0034485639115157314,0.0003101001042362089,0.0005844673188646263,-0.0014443265453028412,-0.0008140225090576265,0.00020569776276023428,34809.0
0.012952036137970139,-0.02607091978356266,-0.011414969167621655,0.0034375100720794548,8.754049072489248e-05,0.0007125736558869543,-0.0014538227136171207,-0.0008217979403734337,0.0001826294548008736,34826.73572834646
-0.02092181331111895,-0.030382390451680494,-0.008523795219537326,0.0029739055502324657,-0.00013389841224471357,0.0008373071863756806,-0.0014626211392395026,-0.0008294673388706353,0.00015955334237016046,34844.82381889764
0.02669192287142578,0.009197703699088173,-0.0014393719503991483,0.002149987471100423,-0.0003474518994058251,0.0009582741567742099,-0.0014707242286467785,-0.0008370293876610293,0.0001364694740107079,34862.91190944882
-0.028955838477004992,0.03181223415071714,0.006447070197229767,0.0010958274396102694,-0.0005463546578839401,0.0010750808135259406,-0.001478134388315735,-0.000844482769856411,0.00011337789826509548,34881.0
0.028033057843601487,0.002163165987108183,0.011470968816235043,-5.850293931105348e-05,-0.0007238413748045495,0.0011873334030742747,-0.0014848540247231622,-0.0008518261685685768,9.027866367592714e-05,34899.73572834646
-0.017012461507775776,-0.031476952063955156,0.012398875719551226,-0.0011874013836329729,-0.0008731467372931485,0.001294638171862613,-0.0014908855443458479,-0.000859058266909324,6.717181878579768e-05,34917.82381889764
-0.0193181045937186,-0.02477700320336895,0.009057631537984317,-0.0021924877789547327,-0.0009875054324752339,0.0013966013663343575,-0.0014962313536605813,-0.0008661777479904488,4.4057412137271334e-05,34935.91190944882
0.012946376404829216,0.009652551782518354,0.0030215474332279378,-0.0030172308379493146,-0.0010601521474762996,0.0014928292329329095,-0.0015008938591441511,-0.0008731832949237485,2.093549227298718e-05,34954.0
-0.007282263154235346,0.027596339142561647,-0.0036993151310264582,-0.0036144441493340357,-0.0010843973106505636,0.0015830037593303908,-0.0015048754672733434,-0.0008800735908210182,-2.1938922644920636e-06,34971.73572834646
0.0048611290062131746,0.02371056995314103,-0.00932287643783491,-0.003936941301826205,-0.001053883021261816,0.0016671386041085012,-0.0015081785845249525,-0.0008868473187940554,-2.5330692932560916e-05,34989.82381889764
-0.0069526209819126055,0.022292708422830078,-0.012978983757243231,-0.003934884806540523,-0.00096509302138386,0.0017454379910563176,-0.0015108056173757589,-0.0008935031619546565,-4.8474861188628795e-05,35007.91190944882
0.012081712217416368,0.003736801302842019,-0.014025466106044734,-0.003547826626679589,-0.0008251503069972597,0.0018181348499576022,-0.0015127589723025578,-0.0009000398034146183,-7.162634849009746e-05,35026.0
-0.017161097699373698,-0.018136653016011462,-0.011785671972189308,-0.0027471232266804767,-0.0006438539016915153,0.0018854621105961066,-0.001514041055782136,-0.000906455926285737,-9.478510629438168e-05,35043.73572834646
0.011457220441042243,-0.010837345753923974,-0.0059803355941467524,-0.001642046948852334,-0.0004310090665577049,0.0019476527027555803,-0.0015146542742912794,-0.0009127502136798083,-0.00011795108605887942,35061.82381889764
0.020146321337529714,0.007294879806946243,0.0015630578548821142,-0.00037635066434771715,-0.0001964210626869051,0.0020049395562197823,-0.001514601034306779,-0.0009189213487086309,-0.00014112423924099741,35079.91190944882
-0.01769365635958399,0.010341004298873762,0.008481715335802905,0.0009062127556808209,5.0104848829804703e-05,0.0020575556007724665,-0.0015138836116382424,-0.0009249681451511817,-0.0001643045172981483,35098.0
-0.011559771368778173,0.0009105603713941527,0.012745989161061346,0.0020618904400807204,0.00029876340690134645,0.0021057337661973844,-0.001512503755392558,-0.0009308899434891557,-0.0001874918716877318,35115.73572834646
0.010182285146975606,-0.006136868287617699,0.013658813049263644,0.0029469295176994268,0.0005397493504366421,0.0021497069822782925,-0.0015104630678734884,-0.000936686231007377,-0.00021068625386715857,35133.82381889764
-0.008281116762724009,-0.00034672796445550587,0.011233101086322191,0.003450565511669524,0.0007632574183446142,0.002189708178798941,-0.0015077631473508037,-0.0009423564990246586,-0.00023388761529383181,35151.91190944882
0.005950071799136287,0.0036735625669757368,0.006989107421213691,0.003593987522264153,0.0009594823495341847,0.002225970285543087,-0.0015044055920942832,-0.0009479002388598079,-0.00025709590742516056,35170.0
0.010104129948177972,0.0016151500789144725,0.00249580204386756,0.0034302548450746116,0.0011197370818812487,0.0022587262322944827,-0.0015003920003736995,-0.0009533169418316373,-0.0002803110817185446,35188.73572834646
0.0008631984733119527,-0.0035042036304266545,-0.0019903217550401395,0.003007522741022803,0.0012402385879311136,0.0022882089488368822,-0.0014957239704588253,-0.000958606099258958,-0.0003035330896313964,35206.82381889764
-0.013857605728253578,-0.002979057606125925,-0.006384425949846015,0.0023711033168575817,0.0013200469944021245,0.0023146513649540427,-0.00149040310061944,-0.0009637672024605793,-0.0003267618826211217,35224.91190944882
0.014332533052260416,0.006445324410745279,-0.009732666630461885,0.0015658774405262858,0.0013586536668141423,0.002338286410429712,-0.0014844309891253117,-0.0009687997427553126,-0.0003499974121451221,35243.0
-0.013702491551402962,0.007293606850585152,-0.010329205983237,0.0006367259799762584,0.001355573900780567,0.002359325218358366,-0.0014778113676504737,-0.0009737032114619705,-0.0003732396296608102,35260.73572834646
-0.009343995642882944,-0.003159962820340851,-0.0079733956301773,-0.00036165405966718145,0.0013104187122889646,0.0023778918945480715,-0.0014705566609567223,-0.0009784770998993607,-0.00039648848662558647,35278.82381889764
0.01283005096735775,-0.011690454061046043,-0.0038018811099025875,-0.001335301124566783,0.0012228230474204387,0.0023940893860005265,-0.001462682065093016,-0.0009831208993862951,-0.00041974393449685857,35296.91190944882
-0.014474889578646741,-0.0024358137870867,0.0008723214058359119,-0.0021804375237073174,0.0010924218522560935,0.0024080207991881513,-0.0014542029355790395,-0.0009876341012415846,-0.000443005924732037,35315.0
0.01782289116090396,0.012192024389255861,0.004990936142248269,-0.002793285566073554,0.0009188500728770332,0.002419789240583372,-0.0014451346279344833,-0.0009920161967840407,-0.00046627440878852465,35332.73572834646
-0.021970881040383628,0.01881142442464949,0.007559372423784862,-0.0030700675606502655,0.000701742655364363,0.0024294978166586154,-0.0014354924976790384,-0.000996266677332473,-0.0004895493381237247,35350.82381889764
0.025790590268797715,0.02138467959806365,0.007598385050186499,-0.002923265091165094,0.00044164834525163755,0.002437249633886303,-0.0014252919003323902,-0.001000385034205693,-0.0005128306641950524,35368.91190944882
-0.02862922524308815,0.021074520897582296,0.004636449956478782,-0.002352799342867846,0.00014372342804018148,0.002443147798738861,-0.0014145481914142283,-0.0010043707587225111,-0.0005361183384598983,35387.0
-0.020947154946006373,0.012688728049294206,3.4374949714747562e-06,-0.001464460785953807,-0.00018215264268435662,0.0024472954176887112,-0.001403276726444239,-0.0010082233422017384,-0.0005594123123756812,35404.73572834646
0.031619697282646846,-0.007360299809020379,-0.00452167472589689,-0.00038644239316892767,-0.0005251480711783619,0.002449795597208282,-0.0013914928609421147,-0.0010119422759621846,-0.0005827125373998047,35422.82381889764
-0.032447721532613744,-0.027575906446985245,-0.007159217092186404,0.0007530628627408436,-0.0008744310616982182,0.0024507514437699923,-0.0013792119504275394,-0.0010155270513226616,-0.0006060189649896878,35440.91190944882
0.0331063428465617,-0.02764973733111023,-0.006360542816780814,0.001834379318895043,-0.0012191698185003129,0.0024502660638462694,-0.0013664493504202042,-0.0010189771596019789,-0.0006293315466026951,35459.0
0.007551384892333472,-0.00701928030021756,-0.0020289722135177395,0.002771900551875117,-0.0015485325458410258,0.0024484422252533033,-0.0013532200777835609,-0.0010222920921189496,-0.0006526502336962781,35477.73572834646
-0.029440850217795123,0.016778734793119757,0.0035896484023051935,0.0034885374481279973,-0.001851687447976744,0.0024453809448518153,-0.0013395373984255987,-0.001025471340192381,-0.0006759749777278217,35495.82381889764
-0.031205121890778773,0.026238458474445694,0.007721596921731248,0.003907200894100613,-0.0021178027291638515,0.0024411813092590643,-0.001325412648010836,-0.0010285143951410877,-0.0006993057301547434,35513.91190944882
-0.024751789997002185,0.02182353622921166,0.008267256739325626,0.0039526795315317645,-0.0023379243489506023,0.002435941595079789,-0.0013108563521912794,-0.0010314207482838773,-0.000722642442434431,35532.0
0.022899882228008196,0.0035240948939276456,0.005796851739291574,0.003584113142398891,-0.00251086788267434,0.0024297582990533565,-0.001295877256753559,-0.0010341898909395615,-0.0007459850660243141,35550.73572834646
-0.01643751400057515,-0.0213246986491252,0.0014483852115560756,0.002869879740255958,-0.002638361039450739,0.0024227267062742917,-0.0012804828958394624,-0.0010368213144269522,-0.0007693335523817794,35568.82381889764
0.009904880671759079,-0.02000937903531744,-0.00360778770008277,0.0019051974577281037,-0.0027223901230170947,0.00241494227768564,-0.0012646809794393003,-0.0010393145100648586,-0.0007926878529642353,35586.91190944882
-0.005768853088747903,0.001240851095915675,-0.008003865159496287,0.0007852844274404658,-0.002764941437110701,0.002406501277114888,-0.001248480020427824,-0.001041668969172091,-0.0008160479192290978,35605.0
0.005850466408989272,0.01003590198578463,-0.010466259236043536,-0.00039464121798182854,-0.0027679958990151333,0.0023974948693004715,-0.0012318888190444473,-0.0010438841830674634,-0.0008394137026337676,35622.73572834646
-0.009927633309285396,0.011996626415886794,-0.009863578959231829,-0.00155445276081563,-0.002733495638768563,0.002387975488624292,-0.0012149162324174602,-0.0010459596430697847,-0.0008627851546356494,35640.82381889764
0.016215912075173804,0.011322315125937602,-0.0055553965805956035,-0.0026690350124229044,-0.002663308434233288,0.0023779212253875184,-0.001197571125770292,-0.0010478948404978625,-0.000886162226692155,35658.91190944882
0.013793272211883159,0.004710491023311238,0.002039053042707694,-0.003706947676976034,-0.0025592848218410685,0.0023672929284607796,-0.001179862364326371,-0.0010496892666705118,-0.0009095448702606864,35677.0
0.005885078669252706,-0.0038626025863519884,0.009754498605834393,-0.004631396328124514,-0.002423275338023658,0.0023560514467147018,-0.0011617988133091218,-0.0010513424129065423,-0.0009329330367986482,35695.73572834646
-0.005162313746096604,-0.008051868728813935,0.01365409189713856,-0.005405586539517839,-0.0022571305192128173,0.002344157629019918,-0.0011433893379419772,-0.0010528537705247654,-0.0009563266777634461,35713.82381889764
-0.03602616900717511,-0.0029613252049006432,0.011139422529685276,-0.00600842815482438,-0.0020627009018403023,0.0023315723242470507,-0.0011246428034483629,-0.0010542228308439887,-0.000979725744612494,35731.91190944882
0.03519301713160232,0.00764710862165513,0.0037620305409275705,-0.006481648097788028,-0.0018418370223378723,0.0023182563812667325,-0.0011055680750517093,-0.0010554490851830245,-0.001003130188803187,35750.0
0.03141351027370381,0.00677168703745774,-0.0057652747698857245,-0.006882677562171526,-0.001596389417137285,0.00230417064894959,-0.00108617401797544,-0.0010565320248606864,-0.001026539961792938,35767.73572834646
-0.027436284629168622,-0.0024389527830421835,-0.014140206339581789,-0.007268947741737678,-0.001328208622670298,0.002289275976166252,-0.0010664694974429853,-0.001057471141195783,-0.0010499550150391659,35785.82381889764
0.023815104659401762,-0.009078610391093497,-0.017913107664006812,-0.0076978898302492126,-0.0010391451753686673,0.002273533211787348,-0.0010464633786777756,-0.0010582659255071228,-0.0010733752999992515,35803.91190944882
0.011393622627778833,-0.0019956815497302748,-0.014744225251196032,-0.008208908049437377,-0.0007310496116641535,0.002256903204683504,-0.0010261645269032385,-0.0010589158691135196,-0.0010968007681306123,35822.0
-0.021576003761696525,0.008862159664661588,-0.006733417657940651,-0.008769298732907278,-0.00040577246798851235,0.0022393468037253486,-0.001005581807342799,-0.0010594204633337832,-0.0011202313708906628,35839.73572834646
-0.0022109397111609148,0.011202007380335917,0.002909553546779064,-0.009328331242232474,-6.516428077350436e-05,0.0022208248577835162,-0.0009847240852198901,-0.001059779199486724,-0.0011436670597367907,35857.82381889764
0.008706722366189749,0.006240196338478178,0.011485613392103187,-0.009835274938986532,0.0002889244135491183,0.0022012982157286237,-0.0009636002257579334,-0.001059991568891154,-0.0011671077861264176,35875.91190944882
0.02652489486310368,-0.0038902226837773664,0.018216966065287464,-0.010239399184743021,0.0006546430785475908,0.002180727726431311,-0.0009422190941803633,-0.0010600570630044054,-0.0011905535013784184,35894.0
-0.028409047251059475,-0.013014479146569618,0.022350633414245077,-0.010489697927191762,0.0010298657639064095,0.002159074238762198,-0.0009205895557106039,-0.0010599751756746308,-0.001214004154420864,35911.73572834646
-0.007093425675392707,-0.006827194480944914,0.023254065479178656,-0.010538395012489815,0.0014113568648475277,0.0021362986015919182,-0.000898720475572085,-0.0010597454082556287,-0.001237459686676172,35929.82381889764
0.03250279983672359,0.007669424441438087,0.021263773829766776,-0.010356273639951227,0.0017956020951754457,0.0021123616637910977,-0.0008766207189882346,-0.0010593672640188173,-0.0012609200376491416,35947.91190944882
-0.035868799666404334,0.01494208407350538,0.016964084753764194,-0.009924482767019028,0.002179194082472858,0.002087224274230365,-0.0008542991511824797,-0.0010588402462558433,-0.001284385146824338,35966.0
0.010639394232082088,-0.000177303952081125,0.010846551813498834,-0.009225679902167893,0.002558754182498883,0.002060847281780351,-0.0008317646324070158,-0.0010581638632295857,-0.0013078549536863326,35984.73572834646
0.043362250008803165,-0.016836067869301308,0.003025718378170554,-0.008242522553872537,0.002930903751012647,0.0020331915353116814,-0.0008090257978777255,-0.0010573378482392334,-0.0013313293977197105,36002.82381889764
-0.04453921472312725,-0.009998689227994947,-0.006065868003647178,-0.006957668230607642,0.0032922641437732746,0.002004217883694984,-0.0007860904204128694,-0.0010563627969815974,-0.0013548084184090317,36020.91190944882
0.04241815932921602,0.014815784609793922,-0.014471235650992172,-0.0053537744408479054,0.0036394567165398844,0.0019738871758008887,-0.0007629659203956438,-0.0010552396575885577,-0.0013782919552388626,36039.0
-0.010133432914625345,0.02072542504068773,-0.020319567268182754,-0.00341349869306803,0.003969102825071604,0.0019421602605000261,-0.0007396596813883027,-0.0010539694150129362,-0.0014017799476937925,36056.73572834646
-0.031210876651659662,0.0077474358972084555,-0.022337527131829727,-0.0011180692428035327,0.004277823825127552,0.0019089979866630188,-0.0007161790869531059,-0.0010525530542075372,-0.0014252723352583799,36074.82381889764
-0.0015910024853228394,-0.009242235417210972,-0.021100671920193784,0.0015143798915830942,0.004562241072466856,0.0018743612031604992,-0.0006925315206523142,-0.0010509915601251798,-0.0014487690574172113,36092.91190944882
-0.0015979813659764317,-0.01588020465217676,-0.017460592966182627,0.004296652846333936,0.00481897592284864,0.0018382107588630957,-0.0006687243660481884,-0.001049285917718676,-0.001472270053654836,36111.0
0.017965567833089766,-0.02216048628958557,-0.01210041217289795,0.006998930983107451,0.005044649732032022,0.0018005075026414333,-0.0006447650067029852,-0.0010474371119408386,-0.0014957752634558407,36128.73572834646
0.016166695191243613,-0.027020854768728585,-0.005595160438703991,0.009391395663562063,0.005235883855776129,0.0017612122833661455,-0.0006206608261789662,-0.0010454461277444827,-0.0015192846263047941,36146.82381889764
-0.010824307052492302,-0.023318366312959256,0.0013681709624412013,0.011244228249356234,0.005389299649840083,0.001720285949907858,-0.0005964192080383916,-0.0010433139500824222,-0.0015427980816862734,36164.91190944882
-0.011336910300238206,-0.006238734038451892,0.0075730112905437776,0.012327610102148407,0.005501518469983007,0.0016776893511371983,-0.0005720475358435206,-0.0010410415639074688,-0.00156631556908484,36183.0
-0.008712275290296547,0.015643413141310326,0.011670394939101006,0.012411492105368266,0.005569392150192785,0.001633383335924797,-0.0005475531931566122,-0.0010386299541724365,-0.0015898370279850682,36200.73572834646
0.010643343459509362,0.0279225400923661,0.012278873229931693,0.011295554125254355,0.005592520733932533,0.0015873346325355488,-0.0005229435635399261,-0.001036080105830139,-0.0016133623978715503,36218.82381889764
-0.0020812348475151812,0.020407374661092145,0.008579350438815891,0.00897122719056631,0.00557802549223965,0.001539547923706696,-0.0004982260305557224,-0.001033393003833389,-0.0016368916182288177,36236.91190944882
-0.008112632957322246,-4.306655098762631e-05,0.0024893887325539614,0.005738105457204517,0.0055347962451306795,0.0014900915191507918,-0.00047340797776626267,-0.0010305696331350022,-0.0016604246285414823,36255.0
0.007842745581193428,-0.02060264943793663,-0.0033811644813790515,0.0019651611389235723,0.005471708375726919,0.001439048165475644,-0.0004484967887338003,-0.001027610978687792,-0.0016839613682940935,36273.73572834646
-0.009115137491594911,-0.022858605183090328,-0.006422461795508114,-0.0019786335505219245,0.005397637267149661,0.0013865006092890655,-0.00042349984702060386,-0.0010245180254445684,-0.0017075017769712256,36291.82381889764
0.01238982860178937,-0.0012857241617870825,-0.004978048731382264,-0.005697003313447216,0.005321458302520187,0.0013325315971988692,-0.00039842453618892614,-0.0010212917583581468,-0.00173104579405746,36309.91190944882
-0.017444882002995925,0.0183116992728242,-0.001208435977220815,-0.0086810670658729,0.005252046864959794,0.0012772238758128678,-0.0003732782398010308,-0.0010179331623813427,-0.0017545933590373593,36328.0
0.023338956481463724,0.0048390288843694436,0.002000579124000477,-0.010381066837593106,0.005198278337589769,0.0012206601917388684,-0.0003480683414191781,-0.0010144432224669653,-0.0017781444113954938,36346.73572834646
-0.028716123076030785,-0.013281898951167229,0.002726526084987689,-0.010241120035962299,0.005166296931665794,0.0011629232915846865,-0.0003228022246056219,-0.001010822923567833,-0.0018016988906164532,36364.82381889764
0.032204986637675063,-0.004576622478703252,0.0002741776377904494,-0.007952362423669816,0.005151322170981119,0.0011040959219581331,-0.00029748727292262697,-0.0010070732506367568,-0.0018252567361847802,36382.91190944882
0.034177910516656584,0.008926322075996489,-0.0021108829835129778,-0.004233528693638849,0.005145842407463377,0.0010442608294670196,-0.000272130869932451,-0.0010031951886265498,-0.0018488178875850658,36401.0
-0.03371399667930648,0.0025564284763598738,-0.0013829688806646539,-3.5217057872105246e-05,0.005142345993040208,0.0009835007607191593,-0.00024674039919735574,-0.0009991897224900272,-0.0018723822843018851,36418.73572834646
-0.009380424929948991,-0.00615174495513859,0.0007833999665412771,0.003774661330151182,0.005133321279639254,0.0009218984623223591,-0.00022132324427959576,-0.0009950578371800039,-0.0018959498658197979,36436.82381889764
-0.019672915993545714,0.0003624569974325821,0.0020661472160315463,0.006348506564310202,0.0051112566191881485,0.0008595366808844348,-0.0001958867887414398,-0.0009908005176492852,-0.0019195205716233843,36454.91190944882
0.0036313800059412874,0.005175758555849192,0.0020750339545647345,0.007035420669497992,0.005068640363614526,0.0007964981630131997,-0.00017043841614513931,-0.000986418748850693,-0.0019430943411972133,36473.0
0.025232358401710116,0.0029695943306594095,0.0005700183373631572,0.006022809486099551,0.004998704134955089,0.0007328656553164592,-0.00014498551005295957,-0.0009819135157370371,-0.001966671114025847,36490.73572834646
0.022947377168396274,-0.0049855009654372956,-0.0012661636011337355,0.00390076515125969,0.004897652635682741,0.0006687219044020318,-0.00011953545402715432,-0.0009772858032611358,-0.001990250829593883,36508.82381889764
-0.020480373562290294,-0.006052934090918412,-0.0018459058739287383,0.0013108758935597184,0.004762433838379452,0.0006041496568777242,-9.409563162998809e-05,-0.0009725365963757937,-0.0020138334273858663,36526.91190944882
0.015892516072545947,0.0066019516932168554,-0.00032987576514427236,-0.0011442800159656029,0.004589995715627191,0.0005392316593513517,-6.86734264237177e-05,-0.0009676668800338337,-0.0020374188468863874,36545.0
-0.011840145060321003,0.006101757276438206,0.0013475901866285699,-0.0030327982061582595,0.004377286240007923,0.00047405065843072325,-4.3276221970603834e-05,-0.0009626776391880638,-0.0020610070275800057,36563.73572834646
0.010375513109120719,-0.007794039737602294,0.0015087637616869201,-0.00402032054216891,0.004121253384103617,0.00040868940072365126,-1.7911401832906388e-05,-0.0009575698587912986,-0.002084597908951298,36581.82381889764
-0.012283952849902927,-0.0023015528179471606,-0.00021078652621825,-0.003917970172360092,0.0038209342437312914,0.00034323063283794706,7.413650427112835e-06,-0.0009523445237963512,-0.0021081914304848354,36599.91190944882
0.006181757373164145,0.008982695621935955,-0.0017115852017112547,-0.003056693839701891,0.003483947750792432,0.0002777571013814272,3.2691551247195076e-05,-0.0009470026191560353,-0.0021317875316651897,36618.0
0.021124695266504713,0.006923558198016449,-0.0010262193211655498,-0.0018474924582959475,0.0031209033330006374,0.0002123515529618939,5.791491706508501e-05,-0.0009415451298231682,-0.0021553861519769354,36635.73572834646
-0.024505641948872857,-0.01015557444515385,0.0010008216771015084,-0.0005516736648516164,0.002742635761213764,0.0001470967341871693,8.307636431852007e-05,-0.0009359730407505599,-0.002178987230904635,36653.82381889764
0.026321500285675155,-0.006135530924106191,0.0028664782737421327,0.0006059869084003635,0.0023599798062896794,8.20753916650565e-05,0.00010816850944523806,-0.0009302873368910211,-0.0022025907079328798,36671.91190944882
-0.027645787048023465,0.01120169226624332,0.0032415224046086636,0.0014007136292292558,0.001983770239086237,1.7370272003369967e-05,0.00013318396888298482,-0.0009244890031973699,-0.0022261965225462187,36690.0
0.007089453389174291,0.00962642768990667,0.0013372773675919857,0.0016696379710481799,0.001624187946537577,-4.693587819007462e-05,0.00015811535906949125,-0.0009185790246224143,-0.002249804614229239,36707.73572834646
0.031022146115632067,-0.003579346148160155,-0.0016465595464629048,0.0014993495208282565,0.0012869685889003641,-0.00011076031230747192,0.0001829552964425097,-0.0009125583861189767,-0.0022734149224665013,36725.82381889764
-0.026453014715606113,-0.012305767097642615,-0.0040131975484724944,0.0010456637351147562,0.000969875178577243,-0.00017402028374100437,0.00020769639743976916,-0.0009064280726398619,-0.002297027386742604,36743.91190944882
-0.032611093068443855,-0.009540991150641987,-0.004469069589987111,0.00046622576143551334,0.0006688410369882991,-0.0002366330458828643,0.0002323312784990159,-0.0009001890691378885,-0.0023206419465420813,36762.0
0.009363232373625172,0.005670335382865097,-0.0033130853570203784,-0.00010173748075371716,0.0003797994855536032,-0.00029851585212523914,0.0002568525560579949,-0.0008938423605658701,-0.0023442585413495256,36779.73572834646
0.0271799663811719,0.012863106479470324,-0.0011657053639314058,-0.0006026719842855415,9.868384569323704e-05,-0.0003595859558603209,0.0002812528465544391,-0.0008873889318766168,-0.0023678771106495035,36797.82381889764
-0.021163530295800592,-0.002763443679377227,0.0013183319187071005,-0.0010014419700646645,-0.00017857256117272135,-0.00041976061048028853,0.0003055247664260885,-0.0008808297680229462,-0.002391497593926597,36815.91190944882
0.014233920870581594,-0.013195113952964844,0.0032655032831796858,-0.0012629116589957788,-0.0004560364136241995,-0.0004789570693773359,0.00032966093211068823,-0.0008741658539576668,-0.0024151199306653654,36834.0
-0.008505324582019429,-0.0003186702843174266,0.003978075595731406,-0.0013519452719835835,-0.0007377743902411109,-0.0005370925859436535,0.00035365396004597495,-0.000867398174633597,-0.0024387440603503858,36852.73572834646
0.000944736292911008,0.012287528941691285,0.0036908656485644888,-0.0012445659519111636,-0.0010272991405973256,-0.000594084413571423,0.00037749646666969064,-0.000860527715003548,-0.002462369922466226,36870.82381889764
0.004550643408122366,0.01431010211571646,0.0029114329254134987,-0.0009612693909719828,-0.0013259071982424555,-0.0006498498056528425,0.0004011810684195735,-0.0008535554600203304,-0.0024859974564974655,36888.91190944882
-0.006626490301459171,0.004745656420869392,0.002044727433934581,-0.0005335123130652925,-0.0016338864035798637,-0.0007043060155800894,0.00042470038173336933,-0.0008464823946367662,-0.002509626601928674,36907.0
-0.009133560079410536,-0.008674945522684236,0.0010452887846288765,5.593039951970183e-06,-0.0019497059404520011,-0.0007573702967453626,0.0004480470230488091,-0.0008393095038056572,-0.002533257298244419,36924.73572834646
0.004696411668931839,-0.016679152118379927,-0.0002449052266403952,0.0006224797620826627,-0.00227138032856114,-0.0008089599025408412,0.00047121360880364053,-0.0008320377724798273,-0.0025568894849292774,36942.82381889764
0.016490378274417215,-0.012829806226533602,-0.001823458083313565,0.0012835809473296256,-0.002596924087609528,-0.0008589920863587205,0.0004941927554356061,-0.0008246681856120872,-0.0025805231014678132,36960.91190944882
-0.01907008102848029,0.004507948506125187,-0.0030462983860451423,0.0019553296896957116,-0.0029243517372994237,-0.0009073841015911832,0.0005169770793824396,-0.0008172017281552453,-0.002604158087344615,36979.0
0.020173188084681905,0.020082974622203348,-0.0031049464784816436,0.0026001695468722513,-0.0032516777973330847,-0.0009540532016304196,0.0005395591970818824,-0.0008096393850621227,-0.002627794382044227,36996.73572834646
-0.019916123448339366,0.01047011313856789,-0.001478379753689532,0.0031804860383946136,-0.003576916787412761,-0.0009989166398686215,0.0005619317249716781,-0.0008019821412855272,-0.002651431925051243,37014.82381889764
0.018893178820825852,-0.014391238088219313,0.0011447531529119523,0.00371827557584733,-0.00389808322724071,-0.0010418916696979727,0.0005840872794895659,-0.0007942309817782748,-0.0026750706558502295,37032.91190944882
-0.017892207662616292,-0.02348866911086306,0.0037723884112375134,0.004251434677905094,-0.004213191636519183,-0.0010828955445106635,0.0006060184770732818,-0.0007863868914931772,-0.0026987105139257605,37051.0
-0.012344764884322677,-0.007022347876838779,0.005461219516839799,0.004817859863242602,-0.0045202565349504445,-0.001121845517698882,0.0006277179341605742,-0.0007784508553830529,-0.0027223514387624006,37069.73572834646
0.01800930975512359,0.017348243778754425,0.005474936757041327,0.005443480161316418,-0.004817292442236745,-0.0011586588426548148,0.0006491782671891733,-0.0007704238584007052,-0.0027459933698447394,37087.82381889764
-0.019362116818978866,0.025563802369290102,0.0031833176377018104,0.006096894708683851,-0.0051023138780803305,-0.0011932527727706564,0.0006703920925968322,-0.0007623068854989596,-0.0027696362466573237,37105.91190944882
0.020831758058637666,0.0016824723493583627,-0.0014664367831707834,0.0066968954085773694,-0.0053733353621834845,-0.0012255445614385877,0.0006913520268212808,-0.0007541009216306232,-0.002793280008684739,37124.0
-0.021149055154875123,-0.02575227489363213,-0.006407200236248306,0.007152814228202696,-0.005628371414248429,-0.0012554514620507966,0.0007120506863002629,-0.0007458069517485102,-0.0028169245954115544,37142.73572834646
0.01811296787484207,-0.023687025607433212,-0.00940930269425456,0.0073739774656039125,-0.005865430884815735,-0.0012828907279994793,0.0007324806874715159,-0.0007374259608054313,-0.002840569946322349,37160.82381889764
0.018168728379609943,-0.003815411739327902,-0.009860532722066063,0.00727782347285939,-0.006082507284227252,-0.0013077796126768155,0.0007526346467727849,-0.0007289589337542063,-0.002864216000901679,37178.91190944882
-0.006016518427225617,0.014541817160412567,-0.008145003256361088,0.006816902271931825,-0.006277617799455586,-0.0013300353694750016,0.0007725051806418084,-0.0007204068555476455,-0.0028878626986341307,37197.0
-0.008994312791837853,0.022408247955463437,-0.004814309247754835,0.005962212280750786,-0.006448786953921479,-0.0013495752517862182,0.0007920849055163237,-0.0007117707111385584,-0.0029115099790042735,37214.73572834646
0.006846882755685134,0.02275138979340975,-0.0004226240631839307,0.004687330333567231,-0.0065940392710456324,-0.0013663165130026558,0.0008113664378340748,-0.0007030514854797667,-0.002935157781496672,37232.82381889764
-0.007069052460355642,0.0122531948175406,0.004304094080323556,0.002965833264632165,-0.006711399274248789,-0.001380176406516509,0.000830342394032805,-0.0006942501635240799,-0.002958806045595907,37250.91190944882
0.009537519899962944,-0.012892004444113708,0.007952747565373924,0.0007712979081965516,-0.006798891486951659,-0.0013910721857199604,0.0008490053905502467,-0.0006853677302243079,-0.0029824547107865436,37269.0
-0.012724340752854222,-0.0199690116840097,0.008912611231985834,-0.0018968562089924149,-0.006854540432574974,-0.0013989211040051973,0.0008673480438241502,-0.0006764051705332737,-0.003006103716553156,37286.73572834646
0.014548790052685227,0.003935805452741894,0.006223440588682729,-0.004897491337026994,-0.006876370634539458,-0.0014036404147644076,0.0008853629702922406,-0.0006673634694037775,-0.003029753002380319,37304.82381889764
-0.013829228532830359,0.018082849075271794,0.0019145542054504097,-0.007910237220800483,-0.00686237816312835,-0.0014051767105111668,0.0009030436723761719,-0.0006582436117886407,-0.0030534025077526027,37322.91190944882
0.011110178031217674,0.006452187013224804,-0.0016054579114428628,-0.010576376152030517,-0.006810445276074959,-0.0014035936469584168,0.0009203869031470163,-0.0006490465826406819,-0.003077052172154573,37341.0
-0.008193931924555633,-0.011240776684924453,-0.0034263257645579252,-0.01253719042243469,-0.006718425777975092,-0.0013989829412489653,0.0009373890239682251,-0.000639773366912703,-0.0031007019350708064,37359.73572834646
-0.0018154890526071298,-0.014888068985422049,-0.003014420616847164,-0.013431901065546217,-0.00658417347342459,-0.0013914355990519932,0.0009540456847296304,-0.0006304249495575229,-0.003124351735985882,37377.82381889764
0.008015867194517008,-0.003995587748248481,-0.0004867849544566023,-0.012943513605542063,-0.006406506759354842,-0.0013810425214898173,0.0009703524307742025,-0.0006210023155279594,-0.0031480015143843577,37395.91190944882
-0.01221004867541043,0.012059996430985423,0.0014677727164591947,-0.010961090401940035,-0.006188102402039568,-0.0013678946096847622,0.0009863048074449077,-0.0006115064497768185,-0.00317165120975082,37414.0
0.01825652055017432,0.005104772277981366,0.0005415034438936925,-0.007497990802173657,-0.005932601760088086,-0.00135208276475914,0.0010018983600847161,-0.0006019383372569229,-0.003195300761569823,37431.73572834646
-0.023494311035201852,-0.00871690148279722,-0.001424794578169488,-0.002911248179388091,-0.005643646192109674,-0.0013336978878352745,0.0010171286340365856,-0.0005922989629210743,-0.0032189501093259675,37449.82381889764
0.025732446763009207,-0.0030403778232684533,-0.0019315351282182644,0.0021751516610972513,-0.0053248770567136654,-0.0013128308800354795,0.0010319911746434912,-0.0005825893117220978,-0.0032425991925037847,37467.91190944882
-0.011841216657881602,0.004057521820752859,-0.0007660515177770167,0.007186611708137658,-0.004979935712509349,-0.0012895726424820703,0.001046481527248393,-0.0005728103686127968,-0.003266247950587879,37486.0
-0.02181297052058454,0.004390017318186363,0.0016649439497732129,0.011608531257729678,-0.00461246351810603,-0.001264014076297369,0.0010605952376905223,-0.0005629631190422531,-0.003289896323062809,37503.73572834646
-0.0053921490383531485,-0.0017953203194923481,0.004438986667922185,0.014935375756990927,-0.004226101832113006,-0.0012362460826036994,0.0010743278771252966,-0.0005530485737757269,-0.0033135442494131493,37521.82381889764
0.015612292371921146,-0.0035885542691434886,0.004572286115018311,0.01669619196014799,-0.003824492013139587,-0.0012063595625233711,0.0010876751346691322,-0.0005430678615394801,-0.00333719166912347,37539.91190944882
-0.014652695056908636,0.004139688336151515,0.00034577992170973734,0.016692345220333138,-0.0034106648645205887,-0.0011744454171787027,0.0011006328193302727,-0.000533022230951609,-0.00336083852167835,37558.0
0.015093492260161033,0.0006363152336717897,-0.003422778513951002,0.01529601652143624,-0.00298546981026256,-0.0011405945476920221,0.0011131967642571414,-0.0005229129547703771,-0.0033844847465623546,37575.73572834646
-0.015510696306315274,-0.006773210857500401,-0.004276140487014973,0.013014423584895856,-0.002550189086176529,-0.001104897855185634,0.0011253628025981596,-0.0005127413057540589,-0.003408130283260057,37593.82381889764
-0.010543814509602937,-0.00014614683973295892,-0.001702428419502142,0.010332138846165398,-0.0021063657698432094,-0.0010674462407818657,0.0011371267675017473,-0.0005025085566609153,-0.003431775071256027,37611.91190944882
0.014488472699911981,0.009915226374770759,0.0012989949845393517,0.007642110229678826,-0.0016555429388433302,-0.001028330605603035,0.0011484844921163398,-0.0004922159802492323,-0.003455419050034838,37630.0
-0.004867861432334532,0.009131416349193762,0.0017681855318918021,0.005281440477832492,-0.0011992636707576295,-0.0009876418507714568,0.0011594318095903423,-0.00048186484927725934,-0.0034790621590810584,37648.73572834646
-0.015475335040226272,-0.001508736082179434,0.0004893175377087613,0.0033802719328703177,-0.0007390710431668294,-0.0009454708774094486,0.001169964553072185,-0.00047145643650327415,-0.0035027043378792685,37666.82381889764
0.01884517989044472,-0.012126825760211853,-0.0005339931558338972,0.0017335949370686525,-0.00027650813365166977,-0.0009019085866393341,0.0011800785557102907,-0.00046099201468554615,-0.0035263455259140356,37684.91190944882
0.0032356352862377966,-0.003119682159482553,2.760019828987389e-05,9.107964921751009e-05,0.00018688198020712452,-0.0008570458795834258,0.0011897696506530766,-0.0004504728565823407,-0.00354998566266993,37703.0
-0.028866506433321365,0.010625711867010031,0.0004846080304311473,-0.0016571245697626596,0.0006495562208288223,-0.0008109736573640482,0.001199033671048971,-0.00043990023495192766,-0.003573624687631525,37720.73572834646
0.0315134369387637,0.007881655113650321,-0.0006916637269913491,-0.0035831652958743794,0.001109971510632693,-0.0007637828211035086,0.0012078664500463946,-0.0004292754225525848,-0.003597262540283392,37738.82381889764
-0.03001484756966518,-0.007214909821146096,-0.0013664946030139758,-0.005750253268541757,0.0015665847720380023,-0.0007155642719241347,0.0012162638207937647,-0.0004185996921425652,-0.0036208991601101143,37756.91190944882
0.024382641277492643,-0.0016758974167219286,0.00047769439994656054,-0.00820291488430798,0.0020178529274640245,-0.000666408910948242,0.0012242216164395096,-0.00040787431648015026,-0.0036445344865962325,37775.0
-0.017159634869248964,0.003951497330285915,0.002678124155589081,-0.01087149831295256,0.002462232899330028,-0.0006164076392981512,0.0012317356701320485,-0.0003971005683236009,-0.0036681684592263504,37792.73572834646
0.011816643263068211,-0.0031286296391280543,0.0020224368585138267,-0.013449921605229545,0.0028981816100552846,-0.0005656513580961777,0.001238801815019808,-0.0003862797204311938,-0.0036918010174850266,37810.82381889764
-0.010240393786251264,0.001002211812805166,-0.002423685323682188,-0.015477848248011152,0.0033241559820590583,-0.0005142309684646396,0.0012454158842512006,-0.0003754130455611892,-0.003715432100856835,37828.91190944882
0.008725801070316716,0.004292842716308101,-0.005005776882095167,-0.016468472510153768,0.003738612937760619,-0.0004622373715258535,0.001251573710974657,-0.0003645018164718646,-0.003739061648826346,37847.0
0.014794387500455227,-0.0018375643680960548,-0.0010199476923194654,-0.016053393075784406,0.0041390250888949905,-0.00040976146840214164,0.0012572711283385966,-0.0003535473059214831,-0.003762689600878131,37865.73572834646
-0.01737728893137205,-0.008957980697797917,0.005023205194999427,-0.014337826290112748,0.004518927804460192,-0.0003568941602158217,0.0012625039694914401,-0.0003425507866683131,-0.003786315896496766,37883.82381889764
-0.016481275769332678,0.001038019005832102,0.007692470027781506,-0.011545392913619137,0.004870872142769985,-0.00030372634808920876,0.0012672680675816135,-0.00033151353147062697,-0.0038099404751668225,37901.91190944882
0.020562239919448142,0.014948380146281038,0.005388554658275352,-0.007914013913009521,0.005187409162138146,-0.00025034893314462354,0.0012715592557575371,-0.00032043681308669233,-0.003833563276372867,37920.0
-0.023216887594714342,0.008549455763949203,-0.0015384831719422812,-0.003770409118673278,0.00546108992087844,-0.000196852816504383,0.0012753733671676318,-0.00030932190427477994,-0.0038571842395994757,37938.73572834646
0.02756890206311529,-0.015447651166726181,-0.008855349398602969,0.0004180092776505404,0.005684465477304637,-0.00014332889929080642,0.0012787062349603182,-0.0002981700777931521,-0.0038808033043312173,37956.82381889764
0.007225602775915791,-0.022862907169684366,-0.011411047235110454,0.004201762352230552,0.005850086889730503,-8.986808262621146e-05,0.0012815536922840226,-0.00028698260640008414,-0.003904420410052661,37974.91190944882
-0.022508764658746936,-0.013802057357373191,-0.005992386573831459,0.007347929534216847,0.005950505216469811,-3.656126763291774e-05,0.0012839115722871695,-0.00027576076285384607,-0.0039280354962483955,37993.0
-0.04072073221677806,0.00670069923555843,0.0036055655788454094,0.00974685406245537,0.005978271515836322,1.6500644566761613e-05,0.0012857757081181714,-0.0002645058199126994,-0.0039516485024029616,38010.73572834646
0.04021995645530302,0.026041623571158592,0.011848060764723282,0.011307312301518851,0.005925947193839962,6.921640515435151e-05,0.001287141932925461,-0.0002532190503349211,-0.003975259368000969,38028.82381889764
-0.0339097032095983,0.01569921754054394,0.014429370517107357,0.011938080615980028,0.005786135047275235,0.00012144337452680391,0.0012880060798574511,-0.00024190172687877103,-0.003998868032526958,38046.91190944882
-0.0312342808465702,-0.010244531863177758,0.011908258642176121,0.011597004319211,0.00555396696496853,0.0001730285653849076,0.0012883639820625754,-0.00023055512230253072,-0.004022474435465521,38065.0
0.025569611177795975,-0.023672614906901427,0.005866158165069836,0.010438204519781313,0.005234649813089158,0.00022381899042946558,0.0012882114726892407,-0.00021918050936445412,-0.004046078516301216,38082.73572834646
-0.00257149629088751,-0.007027782747037832,-0.0020384679048956263,0.008664871275059861,0.004835909202142178,0.00027366166236126856,0.0012875443848858813,-0.00020777916082281958,-0.0040696802145186225,38100.82381889764
-0.01997268955912253,0.015801359902879425,-0.009632685849161427,0.006480194642415561,0.004365470742632642,0.00032240359388110957,0.0012863585518009194,-0.00019635234943589863,-0.004093279469602313,38118.91190944882
-0.0045927523253475955,0.017977826651804224,-0.014723982879725955,0.004087364679217305,0.003831060045065601,0.0003698917976897877,0.0012846498065827651,-0.00018490134796195126,-0.00411687622103685,38137.0
0.021921406003315404,0.0030838687368401046,-0.016207958128050717,0.0016895714428340005,0.003240402719946103,0.0004159732864880984,0.0012824139823798565,-0.0001734274291592528,-0.004140470408306819,38154.73572834646
-0.024038174930266692,-0.013267343095063245,-0.0156816546408101,-0.0005254196539860085,0.002601224377779204,0.00046049507297683465,0.0012796469123406093,-0.00016193186578606944,-0.004164061970896779,38172.82381889764
0.023257981613084087,-0.01338991099932436,-0.0148223961830167,-0.002439726674104144,0.0019212506290699545,0.0005033041698567963,0.0012763443906024174,-0.0001504158917272033,-0.004187650848153756,38190.91190944882
0.025938175641373115,-0.003361426558760934,-0.01333567612797503,-0.003983631913512471,0.0012082070843234057,0.000544247589828776,0.001272502054055536,-0.00013888058472462912,-0.0042112369783204396,38209.0
-0.024604210763017893,0.005745671345769397,-0.010738263460727478,-0.005108376832805527,0.0004698193540446082,0.0005831723455935687,0.0012681154957668941,-0.00012732698174715225,-0.004234820296589373,38227.73572834646
0.02200302005342224,0.00906663527987745,-0.006579337114012426,-0.0058162999624777785,-0.00028618695126137866,0.000619925449851967,0.001263180307600313,-0.00011575612442003881,-0.0042584007322935226,38245.82381889764
-0.012230373376759317,0.0050237088643815455,-0.000747853687337285,-0.006122514100498642,-0.0010520862210895159,0.0006543539153047745,0.0012576920814196424,-0.00010416906825434818,-0.004281978200880118,38263.91190944882
-0.017203178351626748,-0.0027014099677845358,0.005444821738287348,-0.006042532170346009,-0.0018197527194262798,0.0006863047546527799,0.001251646409088717,-9.256688712731615e-05,-0.004305552599430156,38282.0
0.01694156925437497,-0.007886419794957715,0.010285969169498492,-0.005594849249301109,-0.002578078556454811,0.0007156249805967799,0.001245038882471385,-8.095067342540949e-05,-0.004329123806515447,38299.73572834646
-0.01849097920348142,-0.0032917833726490353,0.012342445560394794,-0.004803563851910396,-0.003310352405093036,0.0007421616058375728,0.0012378650934314766,-6.932153027674876e-05,-0.004352691689966115,38317.82381889764
-0.015133620742155547,0.003490874147906266,0.011362887741145678,-0.0037075320713206785,-0.003999774467774552,0.0007657616430759525,0.0012301206338328377,-5.768056499363312e-05,-0.004376256113428127,38335.91190944882
0.014864989073924436,0.007843008470949691,0.007446386666373392,-0.0024039631378215743,-0.004629868242254271,0.0007862716563575103,0.001221801544194509,-4.6028888519862287e-05,-0.004399816936915936,38354.0
0.026299213253900985,0.006631310310457122,0.0011684488155147945,-0.0010047353898187481,-0.0051841572262871,0.0008035349003944803,0.001212907174368896,-3.436761384619971e-05,-0.0044233740183970555,38371.73572834646
0.01871270887900845,-0.0020153093584815234,-0.005048433665198915,0.000378272834282126,-0.005646164917627938,0.0008173881223936632,0.00120344338171383,-2.2697855288838915e-05,-0.004446927214513521,38389.82381889764
-0.02595636863012722,-0.0076081843168690644,-0.00832002221283798,0.0016331831960753945,-0.005999414814031694,0.0008276665548493198,0.001193417538299685,-1.1020729086634117e-05,-0.004470476379984763,38407.91190944882
0.022920355148456945,-0.001446322756006896,-0.006709773888624718,0.0026582683902711393,-0.006227430413253277,0.0008342054302556943,0.0011828370161968528,6.62648077661935e-07,-0.004494021369086265,38426.0
0.0028265861697877085,0.006203113963884933,-0.002071928250389808,0.0033924052440424536,-0.006313735213047593,0.0008368395569586984,0.001171709611624061,1.235115952127817e-05,-0.0045175620360935346,38444.73572834646
-0.015162170822963785,0.006883557116547087,0.0028322326888126216,0.0037846216176781393,-0.006241906852771191,0.000835456467202242,0.001160044538503684,2.404368856146184e-05,-0.0045410982352820616,38462.82381889764
0.013402188017196474,-0.0008016706462997413,0.0056669364341286185,0.003786714542750691,-0.005998508709470877,0.0008301609726474332,0.0011478502977475102,3.573911851544111e-05,-0.0045646298209273475,38480.91190944882
0.009895177464526287,-0.0015689801880104737,0.005181599779232472,0.00338018800076988,-0.005584731952450967,0.000821112391847044,0.0011351350249773132,4.743633270046248e-05,-0.004588156647304883,38499.0
-0.016460524152110568,0.002590111184475458,0.0012840492096539882,0.0026238362037401914,-0.005018524784384646,0.0008084700649539051,0.0011219068342148144,5.913421443376709e-05,-0.004611678568690175,38516.73572834646
0.019796640671657633,0.0019190101079330161,-0.002820825207581377,0.001595083628468886,-0.0043213323734664095,0.0007923933321208612,0.0011081738394817194,7.083164703258386e-05,-0.004635195439358707,38534.82381889764
-0.022935481427298232,-0.0054437955767325935,-0.004907503742082886,0.00037135475176321023,-0.003514599887890746,0.0007730415335007368,0.001093944154799752,8.252751381414937e-05,-0.004658707113585986,38552.91190944882
0.025099611795553547,-0.007925469453764813,-0.004518544313036938,-0.0009528524824983692,-0.002619772495852154,0.0007505740092463744,0.0010792258941906122,9.422069809571545e-05,-0.004682213445647514,38571.0
0.013922191193570013,-0.0038503578026336752,-0.0018402243146785676,-0.0022229065689868075,-0.0016582953655451319,0.0007251500995106106,0.001064027171676018,0.00010591008319451101,-0.004705714289818771,38588.73572834646
0.000585624002767251,0.003396192757543316,0.001982650576002869,-0.0032997437626389584,-0.0006516136651641699,0.0006969291444462787,0.001048356101277679,0.00011759455242777647,-0.0047292095003752645,38606.82381889764
-0.01693747100953461,0.009935108087110312,0.005569910978097325,-0.004052719703029928,0.0003790865149002037,0.0006660704842062211,0.0010322207970173101,0.00012927298911274455,-0.004752698931592486,38624.91190944882
-0.024077702138652506,0.012036541109042736,0.0075413875106947,-0.004352180092868306,0.0014136091473909598,0.0006327334589432652,0.0010156293729166196,0.00014094427656667242,-0.004776182437745947,38643.0
-0.019532559696426022,0.00695435840142526,0.00687126221365358,-0.004098621380004665,0.002431725890836812,0.000597077408810253,0.0009985899429973278,0.00015260729810677453,-0.004799659873111123,38661.73572834646
0.0204034693073326,-0.0030462502053332377,0.003967331637024392,-0.0033290092299947107,0.003412736556929484,0.0005592616739600208,0.0009811106212811434,0.00016426093705029814,-0.004823131091963523,38679.82381889764
-0.01836083017551633,-0.012229535203904154,-0.0003434209399049325,-0.0021752212765305573,0.004335834557672046,0.0005194455945454001,0.0009631995217897772,0.00017590407681154324,-0.004846595948675702,38697.91190944882
0.01629622757152173,-0.01545964785160014,-0.005217803410729245,-0.0007853439804215436,0.005180213305067565,0.000477788510719235,0.0009448647585449364,0.00018753560129042737,-0.004870054298105835,38716.0
-0.014253209667578298,-0.013545065992044525,-0.009839759150209317,0.000692536197522997,0.005925066211119116,0.00043444976263435275,0.0009261144455683451,0.00019915439506731596,-0.004893505995792555,38734.73572834646
0.012289265926269163,-0.004917568551282604,-0.0134751904857967,0.002110332796493734,0.0065495866878297684,0.0003895886904435959,0.0009069566968817076,0.0002107593436916104,-0.0049169508982434985,38752.82381889764
-0.01049887429461672,0.008518805604685403,-0.01531080333821731,0.0033199593556813333,0.007032968147202591,0.0003433646342997966,0.0008873996265067349,0.00022234933357766448,-0.004940388862831298,38770.91190944882
0.0020558979339390313,0.015601377726022653,-0.01453142414016879,0.0041980328982210244,0.007354404001240655,0.0002959369343557942,0.0008674513484651488,0.0002339232530477269,-0.004963819748836463,38789.0
0.008562771211345327,0.00940001129261611,-0.010631895825075588,0.0047199843830263094,0.007493087661947028,0.0002474649307644244,0.000847119976778651,0.0002454799947968677,-0.004987243419912313,38806.73572834646
-0.0092680244925906,-0.008158661326257075,-0.003976575070101048,0.004885948252955246,0.00742821608113386,0.00019810442386944646,0.0008264136254689582,0.0002570184596720313,-0.005010659747864046,38824.82381889764
0.011504569724803165,-0.013317422670448132,0.004901767423856842,0.004687488504711914,0.007147570816003584,0.00014799705477834066,0.0008053404085577875,0.00026853755964735,-0.005034068615624071,38842.91190944882
-0.01486007621420945,0.002080254042682277,0.014639740613817703,0.004081887350384304,0.00667321874818375,9.728092478951014e-05,0.000783908440066843,0.00028003622012131446,-0.005057469919549117,38861.0
-0.008492684869076462,0.011372297564023108,0.019909643970262153,0.0030178565559064404,0.006035797205455927,4.609413520134812e-05,0.0007621258340178398,0.0002915133752792776,-0.005080863564782808,38878.73572834646
0.019991157950398377,0.005936809037481321,0.01598062875901145,0.0015039469492114466,0.005265943515601664,-5.425212687735326e-06,0.0007400007044324926,0.00030296796219103146,-0.005104249459353188,38896.82381889764
-0.019301372335481872,-0.010026733080255347,0.0045163514550023865,-0.00021193439377112033,0.00439429500640252,-5.71390175793378e-05,0.000717541165332514,0.00031439891950032687,-0.005127627512862275,38914.91190944882
0.016434210558173276,-0.0021586713848652165,-0.010125860341050735,-0.0018220413351125893,0.0034514890056400616,-0.00010890917817505995,0.0006947553307396083,0.0003258051868705558,-0.005150997635931706,38933.0
-0.013290613972363682,0.010074841299545594,-0.019082861911386285,-0.0030186277368842804,0.0024681628410958387,-0.0001605975931764986,0.0006716513146754988,0.0003371857041506253,-0.00517435973936866,38950.73572834646
0.008661049273788713,-0.0023887219367933277,-0.014976431717600042,-0.003569066000745421,0.0014749538405514197,-0.00021206616128525825,0.0006482372311618957,0.0003485394111894599,-0.005197713733980311,38968.82381889764
0.011618951719353196,-0.011688642406268048,-0.0028169758821582317,-0.0035407477319729075,0.0005020443770544727,-0.00026317678120292803,0.0006245211942205087,0.00035986524783595446,-0.005221059530573819,38986.91190944882
-0.013771277834284201,-0.00012691276635213227,0.009163051978477348,-0.0030721470690355285,-0.00042441918274332285,-0.0003137913516311086,0.0006005113178730486,0.0003711621539390343,-0.005244397039956362,39005.0
0.01652687709963588,0.014222874880990714,0.014935910006971365,-0.0022924184458263295,-0.0012876101767660302,-0.0003637717712713946,0.000576215716141229,0.0003824290693476201,-0.0052677261729351275,39023.73572834646
-0.01900867300464962,0.0008047852687667179,0.011156030871348468,-0.0013314371416960796,-0.0020732064452970793,-0.0004129799388253919,0.0005516425030467642,0.0003936649339106136,-0.005291046840317265,39041.82381889764
0.021007953287569194,-0.016735984477872966,0.002817645278290666,-0.0003308265676682257,-0.0027680390882155446,-0.0004612777529946867,0.0005267997926113617,0.0004048686874769271,-0.005314358952909949,39059.91190944882
-0.02282231663787541,-0.004495014510528131,-0.004099059392076249,0.000564852832315635,-0.0033592275202994127,-0.0005085271124808887,0.0005016956988567415,0.00041603926989548074,-0.005337662421520368,39078.0
0.024406302619716165,0.016707228349213905,-0.008009867104508623,0.001211040614313854,-0.0038338911563266555,-0.0005545899159855918,0.00047633833580461126,0.0004271756210151905,-0.005360957156955674,39095.73572834646
0.0035586487622530265,0.019006217814779073,-0.008429554659983416,0.0014671001725211402,-0.00418307324921156,-0.0005993280622103906,0.00045073581747668374,0.000438276680684959,-0.005384243070023051,39113.82381889764
-0.025134776289512672,0.006832662350471538,-0.005329320391705633,0.0012627412340950187,-0.004416640822322987,-0.0006426034498568871,0.0004248962578946715,0.00044934138875371067,-0.005407520071529672,39131.91190944882
0.023677474630566644,-0.007780078945925195,-0.0005060487617925947,0.0007502012860001767,-0.004560898408803832,-0.0006842779776266729,0.0003988277710802849,0.00046036868507035484,-0.005430788072282709,39150.0
-0.021540004782892308,-0.01872239453537095,0.003786954235410265,0.00013636879561897093,-0.004645278959706391,-0.0007242135442213525,0.0003725384710552395,0.0004713575094837978,-0.005454046983089321,39167.73572834646
0.0200076172294916,-0.016084941152563887,0.005706412814523271,-0.0003718677696662375,-0.004699215426082969,-0.0007622720483425225,0.0003460364718412487,0.0004823068018429595,-0.005477296714756688,39185.82381889764
-0.019993027635644606,0.0009677036946886388,0.0050932181078093535,-0.0006116660242527263,-0.004752140758985867,-0.0007983153886917815,0.00031932988746001913,0.000493215501996763,-0.005500537178091993,39203.91190944882
-0.000771947065667514,0.013319071673608603,0.0023744757836157825,-0.0005999758607221126,-0.004829879958401691,-0.0008322054639707216,0.000292426831933267,0.000504082549794107,-0.005523768283902388,39222.0
0.023368063396253462,0.014772588136173203,-0.0016852682368774157,-0.0004125965526432674,-0.0049434547251094065,-0.0008638041728809452,0.0002653354192827035,0.000514906885083906,-0.0055469899429950505,39239.73572834646
0.020149108869284095,0.004870158897430728,-0.0053718491578985126,-0.00013067301437808874,-0.005098541119094984,-0.0008929734141240541,0.00023806376353005036,0.0005256874477150763,-0.0055702020661771755,39257.82381889764
0.015379336703957863,-0.007328915391507361,-0.007573539251105448,0.00016327150497366072,-0.005299436865606515,-0.0009195750864016379,0.00021061997869700188,0.0005364231775365333,-0.005593404564255901,39275.91190944882
-0.02478687369503015,-0.010314108324074136,-0.007417916937637707,0.0003999546845668712,-0.005548332278285882,-0.0009434710884152969,0.0001830121788052798,0.0005471130143971954,-0.005616597348038423,39294.0
0.021360855620615262,0.0006196941520169912,-0.004488540187394756,0.0005640647563682397,-0.00583999486414331,-0.0009645233188666334,0.00015524847787660282,0.0005577558981459658,-0.005639780328331904,39312.73572834646
-0.015921898347786935,0.0073517517932969335,3.733993259711936e-05,0.0006537825905474033,-0.006167336428531118,-0.0009825936764572382,0.0001273369899326729,0.0005683507686317583,-0.005662953415943505,39330.82381889764
0.010057839203625811,0.0033183498778792207,0.00481004903117946,0.0006669819678278067,-0.006522961687355407,-0.0009975440598887165,9.928582899521023e-05,0.0005788965657034984,-0.005686116521680421,39348.91190944882
-0.005617423399742164,-0.0017337675843488722,0.009281920463885106,0.0006003128887541821,-0.006898251576343589,-0.0010092363678626606,7.110310908591826e-05,0.0005893922292100847,-0.005709269556349807,39367.0
0.0009447175921914573,-0.004243323201792204,0.01299385877985222,0.0004501365748493319,-0.0072842982522011174,-0.0010175324990806718,4.2796944226517234e-05,0.0005998366990004441,-0.005732412430758845,39385.73572834646
0.0037523937511908154,-0.0022435776773694917,0.01603607880106029,0.00021281882524210705,-0.007672198449239532,-0.0010222943522443506,1.4375448438716693e-05,0.000610228914923478,-0.005755545055714698,39403.82381889764
-0.00591958632797377,0.00397546308453452,0.017847863527943934,-0.00011527456093863072,-0.008053048901770358,-0.001023383826055286,-1.4153264255771524e-05,0.000620567816828106,-0.005778667342024545,39421.91190944882
0.009239026541236752,0.004142968880730623,0.017693270285674002,-0.0005261684022668265,-0.008417946344105105,-0.0010206635758394176,-4.2780323210893623e-05,0.0006308523445632348,-0.005801779200495559,39440.0
-0.01113099832130448,-0.002846356598099324,0.01475886484303421,-0.0009654499881275797,-0.008757987510555305,-0.0010139999113668195,-7.149320333647141e-05,0.0006410814379777922,-0.005824880541934896,39457.73572834646
-0.016462276554623036,-0.0060772717150194425,0.007309950599149753,-0.0013670972256087717,-0.009064269135432472,-0.001003262410819184,-0.00010027611113069032,0.0006512540369206814,-0.005847971277149748,39475.82381889764
0.0024113661588302947,0.0024180723871178897,-0.005112566223638615,-0.0016650880217982777,-0.009327887953048144,-0.0009883217502235973,-0.0001291121552463533,0.00066136908124082,-0.005871051316947281,39493.91190944882
0.022466278912765755,0.009163111623228496,-0.0171925412369183,-0.0017934002837840409,-0.00953994069771383,-0.0009690504852015517,-0.0001579825647418502,0.0006714255107871144,-0.005894120572134664,39512.0
-0.024966653371859934,0.001018891043019082,-0.02376897501431574,-0.001683812095542505,-0.009693723926852468,-0.0009453216412731225,-0.00018686809877698683,0.0006814222654084822,-0.005917178953519058,39529.73572834646
0.027084276516461284,-0.01240618859824641,-0.02199752501501625,-0.001289496245347002,-0.009791660604140025,-0.0009170082439584116,-0.00021574951651156155,0.0006913582849538433,-0.005940226371907667,39547.82381889764
-0.028345125401651475,-0.00928327137061173,-0.010921318239807574,-0.0006822016853294367,-0.009839681971593645,-0.0008839833187774859,-0.0002446075771053726,0.0007012325092720942,-0.005963262738107625,39565.91190944882
-0.009960485688950804,0.006485157751073284,0.004466812909249278,3.612863563590648e-05,-0.009844022712345255,-0.0008461435639430956,-0.0002734230397182144,0.0007110438782121617,-0.005986287962926132,39584.0
0.02654998100437229,0.015824258507354277,0.017678979402137657,0.0007635517686746904,-0.009810784545605947,-0.000803518576708216,-0.00030217672839050614,0.0007207913316229665,-0.00600930195717035,39602.73572834646
0.006984041972097601,0.004703548773022118,0.02373195213062489,0.001398124764912572,-0.009745892425293117,-0.0007563144574324887,-0.00033084972934964034,0.0007304738093534035,-0.006032304631647452,39620.82381889764
-0.019596847287189443,-0.012256781469077658,0.023658603911087372,0.0018404424380021418,-0.009655233032173938,-0.0007047755040868322,-0.0003594232043619937,0.0007400902512523971,-0.0060552958971646,39638.91190944882
-0.011687203404239878,-0.016779230028542372,0.019963065410897336,0.002024501672384209,-0.009544693047015605,-0.0006491460119775751,-0.0003878783178585476,0.0007496395971688614,-0.0060782756645289815,39657.0
0.012773583548591668,-0.0051378759620600975,0.014871380140870118,0.0019785161419436374,-0.009418834094780825,-0.0005896702764110434,-0.000416196234270263,0.0007591207869517019,-0.006101243844547758,39674.73572834646
-0.011719820700641558,0.014865327118507566,0.009856159345907299,0.0017482313644609476,-0.009276498623647518,-0.0005265925926935788,-0.0004443581180281114,0.0007685327604498429,-0.006124200348028112,39692.82381889764
0.005077466447267432,0.016163325200462885,0.006302897800594445,0.0013763919876432446,-0.00911352821172023,-0.00046015725613149334,-0.00047234513356306495,0.0007778744575121832,-0.006147145085777201,39710.91190944882
0.015283371755839804,0.0002819710156224713,0.0050531393706817985,0.0009053237056304468,-0.008925345483536283,-0.0003906085620311289,-0.0005001384453060962,0.0007871448179876504,-0.006170077968602204,39729.0
0.014189877867054402,-0.01577670233241928,0.003341191671694301,0.0003773522125625036,-0.008707373063633039,-0.000318190805698809,-0.000527719217688168,0.0007963427817251524,-0.0061929989073102884,39746.73572834646
-0.020047211144777834,-0.012418055437936842,-0.001417065415313642,-0.00016519679742066704,-0.008455033576547807,-0.00024314828244086545,-0.0005550686151402635,0.0008054672885736051,-0.0062159078127086344,39764.82381889764
0.021045930516095754,0.012488461685314227,-0.007406684311246627,-0.000679997630179159,-0.008163749646817948,-0.00016572528756362258,-0.0005821678020933396,0.0008145172783819188,-0.006238804595604418,39782.91190944882
-0.020895696086884297,0.015979479400519393,-0.01195797308163659,-0.0011247245915730628,-0.007828943898980773,-8.616611637341607e-05,-0.0006089979429783642,0.0008234916909990051,-0.0062616891668048095,39801.0
0.02074018090317225,-0.01013984088676634,-0.01320804162783705,-0.001456052417232832,-0.0074470385278032165,-4.715064176570204e-06,-0.0006355402022263255,0.0008323894662737846,-0.006284561437116962,39819.73572834646
-0.0215131530088009,-0.016453915323667197,-0.010401884959480677,-0.0016322085489527403,-0.007018454008970592,7.83835737205793e-05,-0.0006617757442681729,0.0008412095440551597,-0.006307421317348055,39837.82381889764
0.023007659215474572,0.0036699495683140456,-0.0037764752968412986,-0.0016326301446112895,-0.006544605050412486,0.00016288550201170972,-0.0006876857335348916,0.0008499508641920537,-0.006330268718305281,39855.91190944882
-0.024356783988771745,0.01682144277302662,0.0033605292245888502,-0.001442794985054975,-0.006026416724172652,0.00024854642539049376,-0.0007132513344574448,0.0008586123665333795,-0.006353103550795789,39874.0
-0.019015097233762077,0.01337452011856552,0.0076404166725248124,-0.0010500593248946824,-0.005462935628530451,0.00033512204855059414,-0.0007384537114668003,0.0008671929909280434,-0.006375925725626763,39891.73572834646
-0.010052176226465993,0.002167437727578325,0.008618455914871046,-0.0004422477026859749,-0.004852740077820559,0.00042236807618568965,-0.0007632740289939341,0.0008756916772249586,-0.006398735153605362,39909.82381889764
0.011521310518291951,-0.009683617238450177,0.006953866320289034,0.0003647066112796744,-0.004194408386377612,0.0005100402129894415,-0.0007876934514698123,0.0008841073652730565,-0.0064215317455387794,39927.91190944882
0.022554341319543827,-0.016515063536947282,0.003510261269443343,0.0012424354197673893,-0.003486518868536267,0.0005978941636555332,-0.0008116931433254036,0.0008924389949212197,-0.0064443154122341625,39946.0
-0.01832922561387674,-0.013648225079927323,-0.0007526118604894306,0.002034461793806434,-0.0027276498386311675,0.0006856856328776296,-0.0008352542689916907,0.0009006855060183949,-0.006467086064498703,39963.73572834646
-0.01852542013636145,-0.0014103326321221943,-0.00463421077638241,0.002584308804426071,-0.0019163796109969644,0.0007731703253493974,-0.00085835799289963,0.0009088458384134706,-0.006489843613139558,39981.82381889764
0.015239946666618967,0.011580363580654899,-0.006991192492950083,0.0027354995226555614,-0.0010512864999683064,0.0008601039457645116,-0.0008809854794801909,0.0009169189319553724,-0.006512587968963917,39999.91190944882
-0.012998926644784045,0.015045909830121799,-0.006753730191224148,0.0023769501961196505,-0.00013413197331253523,0.0009462421988166424,-0.0009031178931643523,0.0009249037264930112,-0.006535319042778931,40018.0
-0.010462371006586278,0.006645227870143166,-0.0034891831308658102,0.0015791497788250064,0.0008205898874722199,0.0010313407891994612,-0.0009247363983830775,0.0009327991618752959,-0.006558036745391786,40035.73572834646
0.010708724743794317,-0.007270818700103297,0.0013194954613874588,0.000458741372191535,0.0017944408766373927,0.0011151554216066383,-0.000945822159567344,0.00094060417795115,-0.006580740987609651,40053.82381889764
-0.010722520319703744,-0.013865028206815696,0.00572100637281983,-0.0008645880390898311,0.0027659389051633764,0.0011974418007318448,-0.000966356341148115,0.000948317714569481,-0.0066034316802397,40071.91190944882
0.011106659417020152,-0.011353167155782315,0.008114872030144589,-0.0022703904995104002,0.003712840913212817,0.0012779556312687511,-0.0009863201075563629,0.0009559387115791975,-0.006626108734089097,40090.0
-0.011225954578245434,-0.003143304464196953,0.008304727708249962,-0.003639044344019907,0.004612903840948361,0.0013564526179110255,-0.0010056946232230557,0.0009634661088292164,-0.006648772059965021,40108.73572834646
0.01068420910633719,0.008252879367265833,0.006445640550822919,-0.004851538136937694,0.00544388462853265,0.0014326884653523427,-0.0010244610525791664,0.0009708988461684578,-0.006671421568674647,40126.82381889764
0.0026064334281263486,0.013062992292414798,0.0026827242621526334,-0.005778907003185307,0.0061835402161283266,0.001506418878286377,-0.0010426005600556638,0.000978235863445821,-0.006694057171025129,40144.91190944882
-0.008423642646461347,0.007617688922669109,-0.002531505052608303,-0.006291466862851209,0.006811603271529,0.0015773995614067858,-0.001060094310083515,0.0009854761005102328,-0.006716678777823661,40163.0
0.007672342154287249,-0.006463487769152786,-0.0075041419549974385,-0.006269348036908036,0.007317620863412451,0.001645386219407265,-0.0010769234670937066,0.0009926184972106082,-0.006739286299877409,40181.73572834646
-0.007860503498406111,-0.013214839543076241,-0.010232183673224846,-0.0056023045269013244,0.007700763741029384,0.0017101345569814515,-0.0010930691955171829,0.00099966199339585,-0.0067618796479935375,40199.82381889764
0.009396346457992694,-0.002023857155549085,-0.009233681673959935,-0.004232183947163173,0.00796212210999287,0.0017714002788230476,-0.0011085126597849358,0.0010066055289148729,-0.006784458732979221,40217.91190944882
-0.012377267900741208,0.013528568203271337,-0.005110904377709462,-0.002301532529222798,0.008102788167416525,0.0018289390896256983,-0.0011232350243279162,0.0010134480436165961,-0.006807023465641638,40236.0
0.01775027201532392,0.01091891083506763,0.0009219099454480012,-3.07066103356657e-06,0.008123854110413949,0.0018825066940830945,-0.0011372174535771097,0.0010201884773499254,-0.006829573756787946,40253.73572834646
0.019774674159542562,-0.004547619062397111,0.00718169776592762,0.002470481269451145,0.008026374574895316,0.0019318963580923286,-0.0011504411119634792,0.0010268257699637805,-0.006852109517225342,40271.82381889764
-0.022666655311013764,-0.014120942623733757,0.011473828682806875,0.004926402874277971,0.00781125395195708,0.001977051592364219,-0.0011628871639179992,0.0010333588613070808,-0.006874630657760967,40289.91190944882
0.02262832006965672,-0.009293700767715869,0.012067761770391759,0.007171973765493539,0.007479359071492258,0.002017953468813029,-0.0011745367738716353,0.001039786691228728,-0.006897137089202023,40308.0
-0.019700354955264985,-0.0017045518514335555,0.00948696834333645,0.009037470475935363,0.007031556763393868,0.0020545830593530164,-0.0011853711062553658,0.0010461081995776433,-0.006919628722355656,40325.73572834646
0.015057457746841802,0.008120500088298066,0.004732184323416339,0.010445157221604476,0.006468713857554935,0.002086921435898425,-0.0011953713255001455,0.0010523223262027261,-0.006942105468029052,40343.82381889764
-0.0005982484219068252,0.015149595745166663,-0.0012188512883840124,0.011340295139292793,0.005791697183868483,0.0021149496703635044,-0.0012045185960369504,0.0010584280109529106,-0.006964567237029387,40361.91190944882
-0.008327459288633364,0.010295154979195767,-0.0073156994281747345,0.011666046152947926,0.005003472785071823,0.002138651368140246,-0.001212796615774484,0.001064424193677102,-0.006987013940163819,40380.0
0.009213789892457098,-0.008321153174129438,-0.01221712078044454,0.011355593335210676,0.004116985555209119,0.002158020268531457,-0.0012201992165322701,0.0010703098142241995,-0.007009445488239526,40398.73572834646
-0.006947961319284523,-0.01658893455578786,-0.014509175966776783,0.01033369254615899,0.0031536076008873352,0.0021730526443177163,-0.0012267227636075988,0.0010760838124431432,-0.007031861792063692,40416.82381889764
-0.01799014894836074,-0.008860103620966325,-0.013177925221158031,0.00855880145640825,0.002136293028643097,0.0021837447682795546,-0.001232363622297726,0.0010817451281828288,-0.0070542627624434725,40434.91190944882
0.02236445297403015,0.009731626389585886,-0.008824084971225214,0.006145170722479598,0.0010879959450130104,0.0021900941146629433,-0.001237119359365328,0.0010872927012921681,-0.007076648310186041,40453.0
-0.022875901752075503,0.019074230205823876,-0.0025070022331685035,0.003300965787511264,3.1670456533692476e-05,0.0021921036959659953,-0.001240993079825239,0.0010927254716200793,-0.007099018346098571,40470.73572834646
-0.026178153019889492,0.016969871157940773,0.0046213233257943855,0.0002490098386789933,-0.0010097293302582368,0.0021897809139303868,-0.0012439922779358531,0.001098042379015477,-0.007121372780988239,40488.82381889764
-0.021188217136223094,0.007063196368263969,0.011211384659906235,-0.0027878739368414535,-0.002013249308826177,0.002183134935552757,-0.0012461262132105178,0.001103242363327278,-0.007143711525662222,40506.91190944882
0.011545031533333631,-0.007838083072785504,0.01629356881410233,-0.005586862351874341,-0.002955935372633503,0.002172175186045808,-0.0012474044033786657,0.0011083243644043831,-0.0071660344909276735,40525.0
0.022717969088095515,-0.0208924787891157,0.019027392327448277,-0.007939789463953628,-0.0038148334151436093,0.002156911090622275,-0.001247836366169734,0.0011132873220957185,-0.007188341587591782,40542.73572834646
0.01582279297187695,-0.025412323749135473,0.01865779723958712,-0.009723914831190719,-0.004566989329819873,0.0021373520744948677,-0.0012474316736511802,0.0011181302305882219,-0.007210632726461719,40560.82381889764
0.003726589913940736,-0.021945919516166403,0.014807648231289846,-0.010938341343360709,-0.005189449010125689,0.0021135075628763134,-0.0012462001458042298,0.0011228523319825822,-0.007232907818344647,40578.91190944882
-0.01817873462041475,-0.013794474474945964,0.008209194590449338,-0.011608968411977214,-0.005659258349524446,0.002085386980979338,-0.0012441517791948896,0.0011274530449642858,-0.007255166774047747,40597.0
0.0021683560929362166,-0.003985490968611724,8.384830452857304e-05,-0.011761695448553879,-0.005953463241479511,0.002052999754016642,-0.0012412966009508156,0.0011319318187804788,-0.007277409504378184,40614.73572834646
0.018307829084059733,0.0071978275062329605,-0.008288707791483071,-0.011414986541034707,-0.006056544903023879,0.002016355307200969,-0.0012376446381997049,0.0011362881026783132,-0.0072996359201431245,40632.82381889764
0.007536830071699278,0.01964609876430825,-0.015628790862596085,-0.01055756448308536,-0.005982757798731108,0.00197549501900726,-0.0012332059180692394,0.0011405213459049623,-0.00732184593214976,40650.91190944882
-0.02110729043849128,0.03022423583342007,-0.0206567180738211,-0.009170716744801955,-0.005753919529793243,0.0019305880809593608,-0.0012279904676870876,0.0011446309977075663,-0.007344039451205244,40669.0
0.0003447141511736271,0.03429425564934868,-0.02207256035880397,-0.007255977027645217,-0.00539187965066457,0.0018818356378433486,-0.0012220083141809327,0.0011486165073332846,-0.00736621638811676,40687.73572834646
0.025144009121784106,0.025200011461284654,-0.01899091236879857,-0.00491611031228865,-0.004918487715799368,0.0018294388344452974,-0.0012152694846784453,0.0011524773240292675,-0.007388376653691477,40705.82381889764
-0.027113056795554657,0.0008961930556909644,-0.012488157095960637,-0.002355113225786464,-0.004355593279651909,0.0017735988155512953,-0.0012077840063073237,0.0011562128970426858,-0.007410520158736566,40723.91190944882
-0.004321605512141453,-0.0261882841417491,-0.004136186175512678,0.00020277125105311943,-0.003725045896676476,0.001714516725947402,-0.001199561906195228,0.001159822675620675,-0.0074326468140591745,40742.0
0.029420652242169238,-0.03561388477778929,0.004507077648318853,0.0025333001374219107,-0.0030486951213273593,0.0016523937104197092,-0.0011906132114698521,0.0011633061090104049,-0.007454756530466524,40759.73572834646
-0.028943043799041095,-0.013487890801301087,0.011916578469988087,0.004412230452511663,-0.0023483905080588278,0.001587430913754285,-0.0011809479492588572,0.0011666626464590269,-0.0074768492187657605,40777.82381889764
0.027092167971781433,0.019791859975089254,0.016489194373731312,0.0056153192155141704,-0.0016459816113251627,0.0015198294807372093,-0.0011705761466899436,0.0011698917372136974,-0.007498924789764036,40795.91190944882
0.012817670438104414,0.03304901718814474,0.016594946997129767,0.005922171166972861,-0.0009633179855806388,0.0014497905561545576,-0.0011595078308907754,0.0011729928305215741,-0.007520983154268554,40814.0
-0.020909276860038645,0.02425904262528595,0.011387164589092669,0.00522483358245497,-0.0003196871388534311,0.0013775152847924088,-0.0011477530289890397,0.0011759653756298063,-0.007543024223086486,40831.73572834646
-0.006961830593649466,0.0002475695138548611,0.0032101176641160826,0.0038074080573482993,0.0002758716065327192,0.0013032048114368247,-0.001135321768112404,0.0011788088217855501,-0.007565047907024982,40849.82381889764
0.015885910177074084,-0.022871137722385734,-0.004793225766569345,0.00205104783665786,0.0008168809746801719,0.0012270602808739115,-0.001122224075388565,0.0011815226182359689,-0.007587054116891222,40867.91190944882
-0.015370295793020997,-0.023896672474718623,-0.00947989769173296,0.00033690616538867903,0.0012968636896913037,0.0011492828378897207,-0.0011084699779451903,0.0011841062142282101,-0.00760904276349239,40886.0
0.016961147467916833,-0.0032261661405218645,-0.008839927350663948,-0.0009891656718468878,0.0017093424756684736,0.001070073627270335,-0.001094069502909958,0.0011865590590094338,-0.007631013757635641,40904.73572834646
0.01977117423485621,0.017321108423365008,-0.005362468351748405,-0.0017553888649896048,0.0020478400567140497,0.000989633793801831,-0.0010790326774105486,0.0011888806018267928,-0.007652967010128158,40922.82381889764
-0.024505102856262808,0.0151468375471632,-0.0019550513590870545,-0.0019567450963029827,0.002305879156930405,0.0009081644822702864,-0.0010633695285746506,0.0011910702919274482,-0.007674902431777105,40940.91190944882
0.03005476109788002,-0.0064965926231299416,0.000600625513048791,-0.0016279472748131126,0.002483849094199975,0.0008258668374617778,-0.0010470900835299255,0.001193127578558546,-0.007696819933389664,40959.0
-0.03453794351384135,-0.007949438677855285,0.0012011614011729142,-0.0008311746846664181,0.002609605561525531,0.0007429420041623854,-0.0010302043694040718,0.001195051910967249,-0.007718719425773004,40977.73572834646
0.035582690817637715,0.005972062571508134,-0.00015635446404942688,0.00021339980300173932,0.0027178708456899138,0.0006595911271581784,-0.0010127224133247516,0.0011968427384007108,-0.007740600819734283,40995.82381889764
-0.03199880972409751,0.0011688133347975474,-0.00021969305819940967,0.000834705827469858,0.0028433672334759715,0.0005760153512352375,-0.0009946542424196533,0.0011984995101060832,-0.007762464026080689,41013.91190944882
0.01887784259658248,-0.004741016898301471,0.00018369918527900446,0.0008458018430659021,0.0030133348225865465,0.0004924158211796398,-0.0009760098838164598,0.0012000216753305316,-0.007784308955619392,41032.0
0.019132759483524015,-0.0014913643360366143,-0.0005531773793627643,0.00034506270277959096,0.00322403225408571,0.00040899368177745813,-0.0009567993646428377,0.0012014086833211969,-0.007806135519157552,41049.73572834646
-0.00876722260626964,0.006631314579916284,-0.0017644494599880082,-0.0003545212076653413,0.0034600251786826132,0.0003259500778147673,-0.0009370327120264725,0.0012026599833252554,-0.007827943627502366,41067.82381889764
0.003992988412496106,0.002058592015952449,-0.002398925714863981,-0.0008915090881769211,0.0037048265467676486,0.00024348615407766177,-0.0009167199551870781,0.0012037750266818705,-0.007849733191460978,41085.91190944882
-0.0029647384420310586,-0.00812480436870769,-0.002069445485445507,-0.0009856340300890272,0.0039422214576625226,0.00016180305535218708,-0.000895871280714891,0.0012047534221007804,-0.00787150412184058,41104.0
0.005552139803327043,-0.011720587763451874,-0.00025147424962966217,-0.0006810972036546551,0.004156856119629699,8.110192642444082e-05,-0.0008744975324043052,0.0012055954354958341,-0.007893256329448324,41121.73572834646
-0.010741139739797618,-0.0067754879289122875,0.003242746689966069,-0.00010236372341549538,0.004332738942725768,1.5839120805036987e-06,-0.000852609939462218,0.0012063017181934217,-0.007914989725091413,41139.82381889764
0.016779557266888123,-0.0028634215835137496,0.006930265761864177,0.0006263287828710545,0.004453650850223025,-7.654984289356491e-05,-0.0008302197901980155,0.0012068729806223987,-0.007936704219576983,41157.91190944882
-0.021606279011297448,0.004098016294505503,0.00891045382737214,0.0013807426874476061,0.004503393426972141,-0.0001531188552900614,-0.0008073383729211104,0.0012073099332116561,-0.007958399723712227,41176.0
0.023684738317583675,0.014926334000281639,0.007267974357943352,0.002051347752410851,0.004465899998832187,-0.00022807438290969217,-0.00078397697594091,0.0012076132863627833,-0.00798007614827702,41194.73572834646
-0.022716235371537077,0.012251135298094582,0.0009827973134884913,0.0025874432992738154,0.004325320932019923,-0.00030158472391084347,-0.0007601468875668195,0.0012077837498747131,-0.008001733403448587,41212.82381889764
-0.01003329750504993,0.0004997325620401901,-0.007163270544441328,0.0029530360394036254,0.00406585568744695,-0.00037386727114675875,-0.0007358593961082384,0.0012078220315108752,-0.008023371397368646,41230.91190944882
0.00016508727732516477,-0.0103033306683188,-0.013434286406421369,0.003110359710091008,0.0036734767001012796,-0.0004451394174706878,-0.0007111257898745773,0.0012077288384037433,-0.008044990037547963,41249.0
0.011844156475612032,-0.010703839596024918,-0.014446680860174968,0.003009522295941182,0.0031462821576563917,-0.0005156185557358389,-0.0006859573571752427,0.001207504877651421,-0.008066589231462933,41266.73572834646
-0.00989503650583012,0.001942118502177556,-0.009015928600854574,0.002595253658765254,0.002504278647382,-0.0005855220787954603,-0.0006603653863196335,0.0012071508563520222,-0.008088168886589956,41284.82381889764
0.010161945903964607,0.007357526548223131,0.0005319202038916438,0.0018733709112027585,0.0017725066129277952,-0.0006550673795028,-0.0006343611656171542,0.0012066674816036467,-0.008109728910405425,41302.91190944882
-0.008092849391939586,0.0005763707976267273,0.01068567244393085,0.0008662214426953258,0.0009760064979434328,-0.0007244718507110635,-0.0006079559833772188,0.0012060554605044008,-0.008131269210385737,41321.0
-0.015257411195226828,-0.005167431346308266,0.01619323956609631,-0.00040384735731541015,0.000139818746078596,-0.000793952885273505,-0.0005811611279092242,0.001205315500152398,-0.008152789694007298,41338.73572834646
0.018403607463690522,0.0007519217312102649,0.012505748289365798,-0.0018799233542949741,-0.0007110161990170351,-0.0008637278760433558,-0.0005539878875225791,0.0012044483076457408,-0.008174290268746495,41356.82381889764
-0.021273088321903125,0.0051914124149959814,0.0022775274586242854,-0.0033668354333374634,-0.001551457893693794,-0.0009340142158738535,-0.0005264475505266772,0.0012034545900825335,-0.008195770842079732,41374.91190944882
0.006943717028759606,-0.00035493956580023297,-0.008682206658154817,-0.004634847734444132,-0.0023564658943020077,-0.0010050292976182245,-0.0004985514052309458,0.0012023350545609015,-0.008217231321483411,41393.0
0.02651563962065159,-0.006866145198864349,-0.015327607600362761,-0.005454224397616232,-0.0031009997571920006,-0.0010769905141297048,-0.00047031073994477363,0.001201090408178931,-0.008238671614433925,41410.73572834646
-0.029129589575442934,-0.003977204405185127,-0.014293599682455412,-0.005649584720302656,-0.00376001903871409,-0.0011501152582615336,-0.0004417368429775699,0.0011997213580347333,-0.008260091628407662,41428.82381889764
0.027028496526973502,0.005333195585119852,-0.007744735395685187,-0.005260806647930473,-0.004310645277030925,-0.0012246209228669546,-0.0004128410026387357,0.0011982286112264251,-0.008281491270881038,41446.91190944882
0.03305179301020502,0.009547701747780322,0.000772025724496602,-0.0043713965225532685,-0.004740726771126294,-0.0013007249007991847,-0.0003836345072376784,0.001196612874852106,-0.008302870449330455,41465.0
-0.033210596316048654,0.0006092929417606262,0.008034183532002012,-0.0030543833701248066,-0.0050485891360837545,-0.001378644584911465,-0.00035412864508381145,0.0011948748560098772,-0.008324229071232273,41483.73572834646
0.03167364428181774,-0.009950101455334303,0.012117075438197433,-0.0013807173830270338,-0.005234636820558753,-0.0014585973680570265,-0.0003243347044865331,0.0011930152617978642,-0.008345567044062915,41501.82381889764
0.009337999242068242,-0.010425964146004196,0.011587878817660463,0.0005640546585983288,-0.00529927427320671,-0.0015408006430891207,-0.0002942639737552385,0.0011910347993141542,-0.008366884275298789,41519.91190944882
-0.024811398852625323,-0.001789542305807366,0.0063484558301875145,0.002622817518035054,-0.005242928081692408,-0.0016254496638516227,-0.00026392774119935174,0.0011889341756568654,-0.008388180672416272,41538.0
-0.003995655523830143,0.008891449470681795,-0.000871300831265534,0.004571130948666374,-0.005066151596436123,-0.0017126129214329482,-0.0002333372951282573,0.0011867140979241108,-0.008409456142891788,41555.73572834646
0.01718650990536279,0.010929600976823531,-0.006762006954619766,0.006171372598340343,-0.004769673133740175,-0.001802183941039421,-0.0002025039238513763,0.0011843752732139737,-0.008430710594201698,41573.82381889764
-0.01469112928132354,-0.0017984477015459063,-0.008967821227088228,0.007185920114905001,-0.00435425921662505,-0.0018940180411592378,-0.0001714389156781069,0.0011819184086245885,-0.008451943933822427,41591.91190944882
0.013468054829002311,-0.012758804071158633,-0.007717631101136224,0.007432772874865313,-0.00382067636811124,-0.0019879705402805776,-0.00014015355891785648,0.001179344211254044,-0.008473156069230364,41610.0
-0.013070485907208891,0.0005738523059420648,-0.004165062832107326,0.006954542237383074,-0.0031718161792483727,-0.0020838967568916223,-0.00010865914188003088,0.0011766533882004643,-0.008494346907901911,41627.73572834646
0.01268934278581461,0.016432770935502314,0.0001150641088858138,0.005859589963416508,-0.002420698914225606,-0.002181652009480555,-7.696695287402522e-05,0.001173846646561931,-0.008515516357313452,41645.82381889764
-0.011789153668074833,0.00468497853349782,0.0036949418924231005,0.004264916486044371,-0.0015889835093526193,-0.00228109161653555,-4.508828020926213e-05,0.00117092469343658,-0.00853666432494141,41663.91190944882
0.0105431793700397,-0.016478965453046213,0.006100380742966876,0.0022891506393682847,-0.0006999573019619673,-0.0023820708965447955,-1.3034412195132176e-05,0.0011678882359224972,-0.008557790718262157,41682.0
-0.000508092362250409,-0.024157317189243355,0.007088851477882848,5.766517805709748e-05,0.00022309237061379317,-0.002484445167996471,1.9183362858957287e-05,0.001164737981117793,-0.008578895444752098,41700.73572834646
-0.010061029701242013,-0.019710778105740248,0.006514131999751925,-0.0022784023890221267,0.0011568781710421228,-0.002588069749378766,5.155375664360195e-05,0.0011614746361205837,-0.008599978411887636,41718.82381889764
0.01240976172841959,-0.010205792202482312,0.0047163873605239525,-0.0045660143447175455,0.002078112761990464,-0.0026927999591798537,8.406548084938836e-05,0.0011580989080289766,-0.008621039527145175,41736.91190944882
-0.016790963310378975,-0.001077235706364414,0.0021590653796328134,-0.0066533438999479355,0.002963508806126258,-0.0027984911158879084,0.00011670724716691678,0.0011546115039410712,-0.008642078698001102,41755.0
0.022230163215740555,0.004442401885230103,-0.0006943861234875983,-0.008388564265632071,0.0037897789661169657,-0.0029049985379911254,0.0001494677672867829,0.001151013130954978,-0.008663095831931807,41773.73572834646
-0.026968622700193876,0.018626763115267148,-0.0033805193294034145,-0.009619848652688728,0.00453363590463002,-0.0030121775439776737,0.00018233575289958398,0.001147304496168798,-0.008684090836413704,41791.82381889764
0.02912228898648834,0.036415116475065415,-0.005435886418680729,-0.010195370272036671,0.005171792284332883,-0.0031198834523357487,0.0002152999156959157,0.0011434863066806429,-0.008705063618923176,41809.91190944882
-0.02756202316846695,0.03128754241561273,-0.006480320042622176,-0.009967760971088552,0.005685419404386858,-0.003227971581553525,0.0002483489673663615,0.0011395592695886247,-0.008726014086936636,41828.0
0.004011649918861481,0.007824112742663038,-0.0064167502723767485,-0.008857511606332063,0.0060735231099286555,-0.003336297250119178,0.0002814716196015309,0.0011355240919908507,-0.008746942147930472,41845.73572834646
0.0162387949822579,-0.017394097917156754,-0.005031289797431197,-0.006989669523147526,0.006339567882588865,-0.003444715776520896,0.0003146565840920088,0.001131381480985423,-0.008767847709381089,41863.82381889764
-0.010334670108748901,-0.03457644607296062,-0.002060026844172649,-0.004539306530014881,0.006487018203998061,-0.0035530824792468687,0.0003478925725283971,0.0011271321436704465,-0.00878873067876487,41881.91190944882
0.0010081445103085494,-0.026695585071097986,0.002248275203301624,-0.0016814944354140993,0.006519279574613842,-0.003661193695612287,0.0003811682966012839,0.0011227767871440342,-0.008809590963558234,41900.0
0.009360059878297002,0.0017686011985332934,0.005594152330053612,0.0014086949521748496,0.006439519500615539,-0.003768607768654096,0.00041447246800127547,0.0011183161185042857,-0.008830428471237559,41917.73572834646
-0.017438066991589545,0.026134868029408353,0.005142646051383119,0.004579009136323998,0.006250838228664088,-0.0038748157818908344,0.0004477937984189583,0.0011137508448493128,-0.008851243109279245,41935.82381889764
0.029118910273553598,-0.0009933668123516056,-0.00028458641168936525,0.007718628082532001,0.005956333935834057,-0.003979306749254665,0.0004811209995449237,0.0011090816732772213,-0.008872034785159697,41953.91190944882
-0.037816456106581076,-0.017920284077997048,-0.0048971353344808245,0.010540171923224234,0.005559104799200004,-0.004081569684677766,0.0005144427830697764,0.0011043093108861262,-0.008892803406355326,41972.0
0.037376573643869176,0.013584424260463029,-0.003104299648769098,0.012711793111863663,0.005062248995836508,-0.004181093602092303,0.000547747860684103,0.0010994344647741283,-0.008913548880342497,41989.73572834646
-0.02731531248076574,0.010037029342897694,0.0023912019540583158,0.01392315253118895,0.0044688647028181296,-0.00427736751543046,0.0005810249440785051,0.0010944578420393303,-0.008934271114597632,42007.82381889764
0.013574764710272868,-0.006142754451467477,0.004827639239502091,0.013866680137685763,0.0037846581307913224,-0.0043698804386244055,0.0006142627449435741,0.0010893801497798444,-0.008954970016597114,42025.91190944882
-0.0034167382541554145,0.0037993499927055237,-9.110903431376769e-05,0.012317124686720929,0.0030257676246900345,-0.004458121385606302,0.0006474499749699087,0.0010842020950937773,-0.008975645493817356,42044.0
0.0037112756980961286,-0.0017501322348215313,-0.005057556359655707,0.009417630632763867,0.0022109395630201182,-0.004541579370308331,0.0006805753458480998,0.0010789243850792335,-0.008996297453734745,42062.73572834646
-0.011127322678815233,-0.00237454707282139,-0.006193869815430357,0.005404093363452631,0.0013589203242874342,-0.004619743406662669,0.0007136275692687434,0.0010735477268343262,-0.009016925803825685,42080.82381889764
0.02092097245621026,0.0028443276266431334,-0.0018042848137040943,0.0005772734259281501,0.0004884562869977845,-0.004692102508601478,0.0007465953569224349,0.0010680728274571538,-0.009037530451566559,42098.91190944882
-0.028394943896136005,-0.003323950713286471,0.00461068702375996,-0.004462016857762322,-0.0003817061703429648,-0.004758145690056924,0.0007794674204997595,0.0010625003940458414,-0.009058111304433791,42117.0
-0.011885236753466063,-0.004723219573630963,0.009275044348974073,-0.008975020516886182,-0.0012328206692289834,-0.004817361964961202,0.0008122324716913358,0.0010568311336984692,-0.009078668269903757,42134.73572834646
0.0008276637562716003,0.0005660219333798486,0.010069962475712185,-0.012556230500923662,-0.002046140831154414,-0.00486924034724647,0.0008448792221877411,0.0010510657535131608,-0.009099201255452861,42152.82381889764
0.018050691974189584,0.00644992769570503,0.0069216029057492245,-0.014969143416607397,-0.0028029202776134327,-0.004913269850844909,0.000877396383679574,0.0010452049605880237,-0.0091197101685575,42170.91190944882
0.026100192637762455,0.007139619940900352,-2.9889552445389783e-05,-0.01604561791332488,-0.003484412630100182,-0.004948939489688679,0.0009097726678574306,0.0010392494620211589,-0.009140194916694069,42189.0
-0.022178275358080948,0.0002480323868175598,-0.009275480433366273,-0.01562807379401461,-0.004074225661341992,-0.004975738277709959,0.0009419967864119032,0.0010331999649106829,-0.009160655407338979,42206.73572834646
0.015356633549776328,-0.007700302541617461,-0.014114520646769152,-0.01354802604609747,-0.004566871959583949,-0.00499315522884092,0.0009740574510335938,0.0010270571763546829,-0.009181091547968614,42224.82381889764
0.017857143739214026,-0.006985246889339425,-0.008737603344548888,-0.009775924766183776,-0.00496517110664542,-0.005000678763180551,0.0010059427795799025,0.001020821803451297,-0.009201503246059367,42242.91190944882
-0.0188160175137285,0.008059361370608855,0.0034991197623999415,-0.004869700251353948,-0.00527343089493098,-0.004997794411360709,0.0010376380004411144,0.0010144945532986123,-0.00922189040908765,42261.0
0.020819165367692415,0.00465603891142492,0.014780096119008516,0.00046547509854776004,-0.0054959591168452174,-0.00498398505364242,0.001069125691636684,0.0010080761329947239,-0.00924225294452985,42278.73572834646
-0.021417355915803588,-0.009371216618770417,0.01584535607130301,0.00552442888367715,-0.0056370635647927355,-0.0049587330561523,0.0011003879170516403,0.001001567249637768,-0.009262590759862377,42296.82381889764
0.019336378843432776,0.0006912902019293738,0.003948396119754745,0.009699816269029755,-0.0057010520311781086,-0.004921520785016978,0.001131406740571034,0.0009949686103258306,-0.009282903762561611,42314.91190944882
0.004410739827347053,0.012152270580196361,-0.010082023253579528,0.012775602678960359,-0.005692129909552346,-0.004871933005216668,0.0011621642260799027,0.0009882809221570296,-0.009303191860103963,42333.0
-0.010995178288537764,0.009034627386751039,-0.015095885289118614,0.01463358110266352,-0.0056140429255839095,-0.004810014149614098,0.001192642437463277,0.000981504892229466,-0.009323454959965826,42351.73572834646
-0.009331408811554377,-0.006768906169091163,-0.011341466474362067,0.015226135420683764,-0.005470234116215458,-0.00473611133979783,0.0012228234386062154,0.0009746412276412547,-0.009343692969623606,42369.82381889764
0.01610205388192804,-0.017289710220048604,-0.0021813324511419005,0.014788593542359089,-0.005264676909315258,-0.004650621769824438,0.0012526892933937528,0.000967690635490494,-0.00936390579655369,42387.91190944882
-0.02375894466522046,0.008217168552508905,0.008186186876770621,0.013629196121951946,-0.00500366658632604,-0.004553942633750517,0.0012822220657109317,0.0009606538228752892,-0.00938409334823248,42406.0
0.0314217732640462,0.019269044775391323,0.012502068123247244,0.012056764277118426,-0.004694078892084179,-0.004446471125632668,0.0013114038194427784,0.0009535314968937555,-0.009404255532136377,42423.73572834646
-0.034730594653974094,-0.009504584340607393,0.005790102222238735,0.010328102262206762,-0.004342789571426039,-0.004328604439527479,0.0013402166184743479,0.0009463243646439923,-0.00942439225574175,42441.82381889764
0.03208466897864144,-0.01900862461576611,-0.0047339691296311446,0.008491946878333833,-0.0039566743691880416,-0.004200739769491533,0.0013686425266906793,0.0009390331332241223,-0.009444503426525046,42459.91190944882
0.02399440029500795,-0.0036533496597986577,-0.010604138318188192,0.006545018063308635,-0.0035426090302065325,-0.004063274309581411,0.0013966636079767933,0.0009316585097322403,-0.009464588951962626,42478.0
-0.00943718707889256,0.016840476517186866,-0.010561962409202793,0.004500713342413557,-0.003107469299317853,-0.003916605253853757,0.0014242619167328598,0.0009242012107513595,-0.009484648739530905,42495.73572834646
-0.012716358986052953,0.016306250419306136,-0.005278409755683639,0.002426160482923557,-0.0026581309213584343,-0.0037611297963651043,0.0014514194258611055,0.000916662034362379,-0.009504682696706273,42513.82381889764
0.011670500464264644,-0.007987281537594013,0.003260562488025365,0.0003532444079833314,-0.002201469641164624,-0.0035972451311720713,0.0014781179245461579,0.0009090419623638274,-0.009524690730965131,42531.91190944882
-0.014601559576420599,-0.01228223132680798,0.00893040240384008,-0.0016991300671633479,-0.0017443612035728025,-0.0034253484523312453,0.0015043391584143922,0.000901342020112467,-0.00954467274978388,42550.0
0.02240920567635422,0.0043705993303635735,0.006887190892562467,-0.0036966968310936004,-0.0012936813534193416,-0.0032458369538992233,0.0015300648730922543,0.0008935632329650113,-0.009564628660638895,42568.73572834646
0.022268565717072406,0.009739217103826749,0.0004917305690510823,-0.0055437445876679635,-0.000856305835540608,-0.0030591078299325933,0.0015552768142061166,0.0008857066262782365,-0.009584558371006606,42586.82381889764
-0.0308148965005983,0.002451353588975172,-0.005160075632688527,-0.007129200744567872,-0.0004391103947730038,-0.002865558274487946,0.001579956727382394,0.0008777732254088803,-0.009604461788363399,42604.91190944882
0.010936546224278062,-0.004776323164123264,-0.007949405480593698,-0.008341992709474754,-4.897077595286562e-05,-0.002665585481621876,0.0016040863582474896,0.0008697640557136564,-0.009624338820185659,42623.0
0.033964323338912215,-0.007258803965924519,-0.006767873368592935,-0.009090654649826346,0.00030723727608339695,-0.00245958664539097,0.0016276474524278158,0.000861680142549333,-0.009644189373949792,42641.73572834646
-0.01297901768116443,-0.0036553992722262152,-0.0019644650345746876,-0.00936277240518402,0.0006232626495980102,-0.002247958959851825,0.0016506217555497733,0.0008535225112726465,-0.00966401335713221,42659.82381889764
-0.029920156892061487,0.0020625970028303694,0.003794651533321425,-0.009169018149751212,0.00089633380773887,-0.0020310996190610305,0.0016729910132397671,0.0008452921872403365,-0.009683810677209274,42677.91190944882
0.026758101883181035,0.0053727718891637445,0.0073225511698194546,-0.008524612860795356,0.0011282280167179111,-0.0018094058170751773,0.0016947369711241968,0.0008369901958091576,-0.009703581241657433,42696.0
0.014387243452105465,0.00528155299592509,0.006341139366932054,-0.007457718425175681,0.0013217035852384426,-0.001583274747950858,0.0017158413748294716,0.00082861756233584,-0.009723324957953049,42713.73572834646
0.012559168718272872,0.0022790370166837865,0.0022065946341980796,-0.00605235492771311,0.0014795188220037589,-0.001353103605744669,0.0017362859699819975,0.0008201753121771354,-0.009743041733572521,42731.82381889764
-0.01918115248071892,-0.0012063457144660978,-0.002820272308068448,-0.004436577238568758,0.001604432035717156,-0.001119289584513198,0.0017560525022081925,0.000811664470689771,-0.009762731475992256,42749.91190944882
-0.01859027288530339,-0.0025425739442091868,-0.0064797003511818186,-0.002746458957463761,0.0016992015350819417,-0.0008822298783130358,0.0017751227171344415,0.0008030860632305092,-0.009782394092688655,42768.0
0.019038068658975147,-0.0008318352683283769,-0.007071926201179955,-0.0011121809151852546,0.0017665856288014128,-0.0006423216812007747,0.0017934783603871564,0.000794441115156074,-0.009802029491138098,42785.73572834646
-0.012916453286023625,0.0011535413359676536,-0.005183375420771048,0.0003724928881696405,0.0018093426255788676,-0.00039996218723301687,0.0018111011775927477,0.0007857306518232248,-0.009821637578817006,42803.82381889764
-0.017130606482334405,0.0006665847006737392,-0.0020346648467222425,0.001671074241254525,0.0018302308341176076,-0.00015554859046632805,0.0018279729143776062,0.0007769556985886904,-0.009841218263201749,42821.91190944882
-0.015867188597057203,-0.0005910243443604722,0.0014211208364549933,0.0027599206876771846,0.0018320085631209316,9.052191504266945e-05,0.0018440753163681653,0.0007681172808092222,-0.009860771451768755,42840.0
-0.01650016308548128,0.0009554277275007571,0.004217530035654388,0.003615389771045407,0.001817434121292142,0.00033785213523740236,0.0018593901291907883,0.0007592164238415721,-0.0098802970519944,42858.73572834646
0.02173872823225669,0.00030464590656891844,0.006504898058939141,0.004213839034966982,0.0017892658173345353,0.000586044876061272,0.0018738990984719238,0.0007502541530424534,-0.009899794971355097,42876.82381889764
-0.0023521025712344317,-0.003209308001674011,0.007275049506458476,0.004531626023049697,0.0017502619599514138,0.0008347029434576944,0.001887583969837946,0.0007412314937686423,-0.00991926511732723,42894.91190944882
-0.02119577887087099,-0.001268960804225347,0.004822270298804745,0.004558976695439836,0.0017030019629250329,0.001083402361308524,0.0019004264889152806,0.0007321494713768429,-0.009938707397387187,42913.0
0.019580658907587638,0.008034422349190445,0.0002468507919254064,0.004341847966880423,0.0016490950113646353,0.0013316093857955263,0.0019124084013303062,0.0007230091112238498,-0.009958121719011415,42930.73572834646
0.0014371483288686995,0.009366628461483494,-0.0042476115409156,0.003941094322424037,0.0015889531066215516,0.0015787526261046984,0.0019235114527094712,0.000713811438666349,-0.009977507989676237,42948.82381889764
-0.016368252798643772,-0.0008402707943259202,-0.006979924140217107,0.003417827535566037,0.0015227348295321003,0.001824256823494313,0.0019337173886791437,0.0007045574790611163,-0.009996866116858115,42966.91190944882
0.016273393487262568,-0.013989185793781413,-0.006882860117311261,0.002819226945365147,0.0014505990680510512,0.0020675464121041745,0.0019430079548657371,0.0006952482577648945,-0.01001619600803341,42985.0
-0.016804923987538644,-0.0028627522897247473,-0.00353962201896978,0.0021425758399621782,0.0013727047101331688,0.0023080458260740866,0.0019513648968956562,0.0006858848001344289,-0.010035497570678547,43002.73572834646
0.016594475785905515,0.019482410131969396,0.0011534769451071957,0.0013945598203754616,0.0012892106437332271,0.0025451794995438493,0.0019587699603953205,0.0006764681315264468,-0.010054770712269892,43020.82381889764
-0.010414350754853282,0.01968323354434571,0.004718362790878262,0.0005876981744518812,0.001200275756805996,0.002778371866653283,0.001965204890991111,0.0006669992772977014,-0.010074015340283885,43038.91190944882
-0.0027043577991672963,0.004946455263908573,0.005312443672070667,-0.00027026656429054085,0.0011060589373062387,0.0030070473615421895,0.001970651434309458,0.00065747926280492,-0.010093231362196878,43057.0
-0.01576104738860193,-0.005820461074383054,0.003611717062844895,-0.001167359649007888,0.0010067190731887306,0.003230630418350363,0.0019750913359767525,0.0006479091134048647,-0.01011241868548529,43074.73572834646
0.000688154275473944,-0.011566833059205812,0.0008343056525646987,-0.002003026164619712,0.0009024150524082363,0.0034485454712176278,0.001978506341619398,0.0006382898544542659,-0.01013157721762552,43092.82381889764
0.018912755173966175,-0.016985912461509958,-0.0018250071000475072,-0.0026533719654042425,0.0007933057629195257,0.003660216954283783,0.0019808782330262647,0.0006286224751474163,-0.01015070686609397,43110.91190944882
-0.019361698690299085,-0.02255248907416829,-0.003171437736269327,-0.0029945029056396865,0.00067955009267737,0.0038650693016886277,0.001982188939383673,0.0006189078172811375,-0.010169807538367015,43129.0
0.019105856246470047,-0.014008860703718403,-0.002436015309180779,-0.0029339640511907832,0.0005615491057259623,0.004062526947571976,0.0019824204370304387,0.000609146675499754,-0.01018887914192108,43147.73572834646
-0.0029883457447865314,0.008127542325352049,-0.0005530189190716481,-0.0025050573142683576,0.0004406725704671943,0.004252014326073631,0.001981554705052971,0.0005993398417000246,-0.010207921584232555,43165.82381889764
-0.019462192808425198,0.01977742165115192,0.001117459821965836,-0.0017725238186697295,0.00031853243139238146,0.0044329558713334105,0.001979573722537629,0.0005894881077787084,-0.010226934772777824,43183.91190944882
0.02036251854581012,0.0025040717553663455,0.0015056448236496242,-0.000801104688192239,0.00019674063299284265,0.0046047760174911,0.001976459468570822,0.0005795922656325704,-0.010245918615033297,43202.0
-0.020819152095122986,-0.016488331064263104,0.0007249411754382782,0.0003225398608668747,7.690911975989287e-05,0.00476689919868652,0.0019721939222389143,0.0005696531071583834,-0.010264873018475357,43219.73572834646
0.008074173390556175,-0.009227564206012518,-0.0006332006531549261,0.0014183393933533137,-3.934234448208434e-05,0.0049187420297264126,0.0019667590626282865,0.0005596714242529111,-0.010283797890580437,43237.82381889764
0.01782085789426925,0.007432331604650129,-0.001555197147137235,0.002261368986183236,-0.0001503183738002225,0.005059645503309032,0.0019601368688253254,0.0005496480088129214,-0.010302693138824905,43255.91190944882
-0.0036955317030216276,0.011221792013326291,-0.0009809149655653567,0.0026744735297097462,-0.00025413838382372877,0.005188765413694705,0.00195230931991641,0.0005395836527351798,-0.010321558670685156,43274.0
-0.011624175932296584,0.0024147333493029794,0.0013950313115886044,0.0026940955781363774,-0.0003484604600785909,0.005305213210367532,0.0019432583949879204,0.0005294791479164509,-0.010340394393637596,43292.73572834646
0.009429679564067782,-0.008639429859789684,0.0036615903551062753,0.002408758464108693,-0.0004295198042384746,0.00540810034281162,0.0019329660731262494,0.0005193352862535032,-0.010359200215158633,43310.82381889764
0.0032668167820692298,-0.006966235558126224,0.0038822040276714244,0.0019089804062976227,-0.0004941148624725681,0.005496538260511077,0.0019214143334177662,0.0005091528596430971,-0.010377976042724647,43328.91190944882
-0.005643398680096134,0.0018835622872426828,0.002187981023311197,0.001284490270166258,-0.0005392891384056929,0.005569638412950007,0.001908585154948862,0.0004989326599820038,-0.010396721783812051,43347.0
-0.011836385998129233,0.006921336377990419,-0.0007476995931757363,0.0005994046555761338,-0.0005620861356626756,0.005626512249612513,0.0018944605168059129,0.0004886754791669886,-0.010415437345897229,43364.73572834646
0.015132035861640556,0.0008798080574236452,-0.004234146631210894,-8.89208143940799e-05,-0.0005596310753901077,0.005666349685900305,0.0018790256496794726,0.0004783821090948224,-0.010434122636456586,43382.82381889764
-0.018707222309942154,-0.006814235684313472,-0.007538464304227984,-0.0007231305166657008,-0.0005294913608700633,0.005688769812933794,0.0018622787906768868,0.00046805334166225677,-0.010452777562966526,43400.91190944882
-0.00031008858551004293,-0.005488637948351526,-0.010006287870908183,-0.0012458688281600518,-0.00046977736109972743,0.005693931435944358,0.0018442214285096087,0.00045768996876607816,-0.010471402032903422,43419.0
0.004051705498990608,0.001413871500581749,-0.01137656246302126,-0.0015997801257984562,-0.0003787147571246302,0.00568210492378637,0.0018248588003144692,0.00044729278230304094,-0.010489995953743694,43437.73572834646
0.02505382662058171,0.0070641712634739754,-0.011617606527778232,-0.001735132947470936,-0.0002545383322683684,0.005653545651613011,0.001804211136929487,0.00043686257416991023,-0.010508559232963732,43455.82381889764
0.025005720412044588,0.005919922253662133,-0.010577331580823931,-0.0016446988406646462,-9.694805992495554e-05,0.005608505246152127,0.0017823024176179963,0.0004264001362634542,-0.010527091778039947,43473.91190944882
0.009177044360314269,-0.0005862278104208031,-0.00772547394708933,-0.0013768989767246778,8.863186040103533e-05,0.005547235334131585,0.0017591566216433351,0.00041590626048044864,-0.010545593496448728,43492.0
-0.008843607021509365,-0.006942476179346435,-0.002952426861984489,-0.0009921608927184287,0.00029534844824691297,0.005469987542279235,0.0017347977282688384,0.0004053817387176327,-0.010564064295666455,43509.73572834646
-0.018308085272220255,-0.006943108509432768,0.0036049508967211097,-0.0005509121257133071,0.0005163487231499964,0.0053770134973229414,0.001709249716757829,0.0003948273628717959,-0.010582504083169545,43527.82381889764
0.0150794396195315,0.0020344953606189703,0.010989213183496311,-0.0001135802127767125,0.00074477970464759,0.005268564825990567,0.0016825365663736514,0.0003842439248397003,-0.010600912766434403,43545.91190944882
-0.012357068546020956,0.006684357708266368,0.01660437794777046,0.00025940730902395987,0.0009737884122770056,0.005144893155009961,0.0016546822563796159,0.00037363221651812476,-0.0106192902529374,43564.0
0.010871224608036457,-0.001638346583803744,0.01817443995706068,0.000507622902621303,0.001196521865575558,0.005006250111108977,0.0016257107660390961,0.00036299302980381446,-0.010637636450154954,43581.73572834646
-0.006096885220655416,-0.006717259559953376,0.016214465538948453,0.0005884230772070255,0.0014060449762495224,0.004852969428846521,0.0015956460746153979,0.00035232715659353766,-0.010655951265563466,43599.82381889764
-0.011264716703025637,-0.0021338558433782427,0.012109331783378474,0.0005300236089176348,0.0015953703526437406,0.004685714064234555,0.0015645121613718626,0.000341635388784064,-0.010674234606639318,43617.91190944882
0.01233268851129715,0.007143180738156599,0.008181063917311528,0.0003773166477821992,0.0017585330071227764,0.0045052322416318505,0.0015323330055718282,0.00033091851827215857,-0.010692486380858913,43636.0
-0.014056779393805795,0.00027608316598382433,0.005869838525097411,0.00017514951375126314,0.0018896119920007747,0.004312272975526159,0.0014991325864786163,0.0003201773369545926,-0.01071070649569865,43653.73572834646
0.017041866626452826,-0.007560685685753631,0.0021335054373667166,-3.058605031533185e-05,0.001981641936682574,0.0041075852804052055,0.001464934883355568,0.0003094126367281388,-0.01072889485863493,43671.82381889764
-0.021004171144695466,0.005102589140245545,-0.005587552836845706,-0.00019356135186094484,0.002027219140713596,0.0038919195509193537,0.0014297638754660164,0.00029862520948955315,-0.010747051377144148,43689.91190944882
0.024093887863477166,0.007082259651744587,-0.014005169126469036,-0.00026923833545680436,0.002020717610287287,0.0036660391121988082,0.0013936435420733035,0.00028781584713559005,-0.010765175958702699,43708.0
-0.024215838655239214,-0.006251949794259124,-0.019053885732727434,-0.00021733027648914826,0.001960731662932009,0.0034307383088538574,0.0013565978624407486,0.00027698534156304515,-0.010783268510786991,43726.73572834646
0.007884569004443343,-0.0049117609329849665,-0.013983541123226147,-1.9542524385540355e-05,0.0018487805274893258,0.0031868188953241643,0.0013186508158317006,0.0002661344846686454,-0.010801328940873397,43744.82381889764
0.01597412905062225,0.0031247570750338716,-0.0011974858314698223,0.00026566473479811177,0.0016868992578340744,0.002935082626049383,0.0012798263815094733,0.00025526406834920623,-0.010819357156438347,43762.91190944882
-0.011115678610421483,0.0031240414076717385,0.011777021325338474,0.0005607715621071301,0.0014771229078411035,0.0026763312554691503,0.0012401485387374199,0.00024437488450145456,-0.010837353064958212,43781.0
0.008839223441275018,-0.002518345885889293,0.016969999145013882,0.000788258018586845,0.0012214865313852365,0.002411366538023148,0.0011996412667788605,0.0002334677250221724,-0.010855316573909413,43798.73572834646
-0.010605969572561885,0.0025790717547842326,0.010328753455109769,0.0008807791013573955,0.0009225309035096649,0.0021409902281510186,0.0011583285448971425,0.00022254338180810948,-0.010873247590768315,43816.82381889764
0.01568434872865783,0.0004753753223599783,-0.0011401481368924814,0.000811480859757673,0.0005850283760114299,0.0018660040802924065,0.0011162343523555898,0.0002116026467560554,-0.010891146023011347,43834.91190944882
-0.021826328508084473,-0.0039784725519360535,-0.010851587085702066,0.0005628495108794001,0.00021509179017788392,0.0015872098488869742,0.0010733826684175473,0.00020064631176276452,-0.01090901177811489,43853.0
0.01579674550119936,0.0014426015707391805,-0.014412809290652119,0.00011716257973382192,-0.00018095732062311143,0.0013054092883743797,0.0010297974723463236,0.00018967516872501268,-0.010926844763555361,43870.73572834646
0.030571456272649,0.005702153590535686,-0.012890084971779734,-0.0005228992814230204,-0.0005967974230236976,0.0010214041531942761,0.000985502743405286,0.000178690009539539,-0.010944644886809136,43888.82381889764
-0.031765567606253015,-0.0017731865146391045,-0.00854111400720285,-0.0012730429113558342,-0.001026106983656022,0.000735996197786314,0.000940522460857733,0.0001676916261031483,-0.010962412055352618,43906.91190944882
0.03096302501382386,-0.006629863925776054,-0.002644646805231477,-0.0020285720215845156,-0.0014625644691522324,0.00044998717659015726,0.0008948806039670333,0.00015668081031257206,-0.010980146176662212,43925.0
-0.022986763602799436,-0.0006407459512920984,0.0036973372382601596,-0.0026847903236289564,-0.001899848346144464,0.00016417884404543477,0.0008486011519965021,0.00014565835406459986,-0.010997847158214306,43943.73572834646
-0.025830263166118406,0.005232900622020117,0.009090590180088374,-0.0031370015290090613,-0.0023316370812648643,-0.00012062704540816033,0.00080170808420947,0.00013462504925598455,-0.011015514907485298,43961.82381889764
0.011578946578672412,0.00644902297290114,0.012067900146734752,-0.0032805093492446914,-0.00275160914114559,-0.00040362873733100377,0.000754225379869272,0.0001235816877835111,-0.011033149331951595,43979.91190944882
0.018839787725241176,0.0026213523497816958,0.01154481454296159,-0.0030394220793276755,-0.003153683595780127,-0.0006840244772834146,0.0007061770182392537,0.00011252906154391559,-0.01105075033908959,43998.0
-0.015477180899463254,-0.004801325000584586,0.007966369789264051,-0.0024533333358260274,-0.0035324749409187256,-0.0009610125108257595,0.0006575869785827185,0.00010146796243399674,-0.011068317836375685,44015.73572834646
-0.006233036091585808,-0.005977447539854022,0.0021295078244717796,-0.0015912933072322328,-0.003882186287220447,-0.001233791083518385,0.0006084792401630471,9.039918235048909e-05,-0.011085851731286263,44033.82381889764
0.01133498712211638,-0.00013033503896966612,-0.004943789872689722,-0.0005209553205189347,-0.00419841760686422,-0.0015015584409216302,0.0005588777822435517,7.932351319017761e-05,-0.011103351931297741,44051.91190944882
-0.011566867075365821,0.006400407514995392,-0.010700735817109858,0.0006904432596434457,-0.004477184834331111,-0.0017635128285958355,0.0005088065840875489,6.82417468498274e-05,-0.0111208183438865,44070.0
0.011037832398811084,0.0014169823970356231,-0.012285536685596083,0.0019756650685843957,-0.004714503904102189,-0.002018852492101346,0.00045828962495838936,5.7154675226200496e-05,-0.011138250876528945,44088.73572834646
0.015778799311218172,-0.006753993493193994,-0.00963007276328787,0.003269449041573886,-0.0049063907506585345,-0.002266775676998529,0.0004073508841194126,4.6063090216065076e-05,-0.011155649436701482,44106.82381889764
-0.01807665427489584,-0.00836741999641271,-0.0036592110913886214,0.00451443931364356,-0.005048861308481242,-0.0025064806288476963,0.0003560143408339293,3.496778371619387e-05,-0.011173013931880488,44124.91190944882
-0.011819776120357669,0.0012398201042785285,0.003665747755415102,0.005655256319765443,-0.005137931512051359,-0.002737165593209218,0.0003043039743653112,2.386954762333213e-05,-0.011190344269542381,44143.0
0.020334507732155813,0.010038119693114076,0.009922905816951171,0.006636520494911574,-0.005169617295849957,-0.0029580288156434227,0.0002522437639768475,1.276917383427092e-05,-0.011207640357163548,44160.73572834646
-0.02028236608497977,0.0062025300486441785,0.013190344063679879,0.007402852274054026,-0.0051398779609723505,-0.0031683251750964612,0.00019985768893189483,1.6674542457661803e-06,-0.011224902102220389,44178.82381889764
-0.01720538969483833,-0.004955642156883615,0.013782316827813387,0.00789887209216483,-0.005044446274970644,-0.003367536084057607,0.00014716972849378968,-9.434819245421568e-06,-0.011242129412189298,44196.91190944882
-0.011280686083989978,-0.012208036566846745,0.012636134127464536,0.00808404285126573,-0.0048798193458408105,-0.003555199588401949,9.420386192585495e-05,-2.0536854742518054e-05,-0.011259322194546678,44215.0
0.019281788304442212,-0.004653825620409612,0.010543386260206521,0.007978131434133234,-0.00464671228945335,-0.0037308537340045656,4.0984068491453244e-05,-3.163786034876276e-05,-0.011276480356768929,44233.73572834646
-0.019590579098143993,0.013299245453973431,0.007839870945160041,0.007619483640817908,-0.004350296954139458,-0.0038941372583337847,-1.2465672546127722e-05,-4.273704416737989e-05,-0.011293603806332441,44251.82381889764
0.0200697221196639,0.008327346762629443,0.004710347586651291,0.007047379383926366,-0.003996276534413253,-0.004045091665231102,-6.612138192352076e-05,-5.383361430161351e-05,-0.011310692450713611,44269.91190944882
-0.020239469187475503,-0.014270797857414868,0.0011771934150608958,0.006301098576065242,-0.003590253533195606,-0.004183859150131255,-0.00011995908037739843,-6.492677885469545e-05,-0.011327746197388865,44288.0
0.020392216498029542,-0.009709118884780373,-0.0026990906865176152,0.005419921129841169,-0.0031378304534073792,-0.004310581908469011,-0.00017395478864444397,-7.601574592986061e-05,-0.011344764953834543,44305.73572834646
-0.021445170232542974,0.012709106945964783,-0.006528338652728569,0.004443126957860764,-0.0026446097979694423,-0.0044254021356791105,-0.00022808452746129175,-8.709972363033933e-05,-0.011361748627527089,44323.82381889764
-0.009046904541543499,0.01625011836916284,-0.009812574133497428,0.0034099959727306645,-0.0021161940698026364,-0.004528462027196315,-0.00028232431756462957,-9.817792005937411e-05,-0.011378697125942886,44341.91190944882
0.00878001539948953,-0.0008521572854505359,-0.01226428636495655,0.002359808087057494,-0.0015581857718278565,-0.00461990377845534,-0.00033665017969113146,-0.00010924954332018,-0.011395610356558339,44360.0
0.030915780599810906,-0.018204903454349528,-0.014046042997822325,0.0013318432134478823,-0.0009761874069659366,-0.004699869584890976,-0.00039103813457745635,-0.00012031380151599648,-0.011412488226849836,44377.73572834646
-0.03448227684372841,-0.006200577329084118,-0.015172279015328045,0.00036538126450847173,-0.00037580147813775366,-0.00476850164193797,-0.0004454642029602415,-0.00013136990275007982,-0.011429330644293788,44395.82381889764
0.03681392361234514,0.020477068868990495,-0.014634680495877298,-0.0005105001688075464,0.0002373695117358368,-0.004825942145031046,-0.0004999044055761917,-0.0001424170551256405,-0.01144613751636656,44413.91190944882
-0.03685594978751613,0.01716339654824693,-0.011525825561959913,-0.0013075327821603512,0.0008577230597339395,-0.004872333289604966,-0.0005543347631619564,-0.00015345446674591495,-0.011462908750544601,44432.0
0.03429646082379599,-0.006128070599626939,-0.006507441920386725,-0.002047650592863628,0.0014796566629357356,-0.004907817271094484,-0.0006087312964542159,-0.00016448134571414108,-0.011479644254304259,44449.73572834646
0.02963224338788516,-0.0214987009809446,-0.0006360952544622156,-0.0027527876182310007,0.0020975678184203695,-0.004932536284934376,-0.0006630700261896214,-0.0001754969001335523,-0.01149634393512197,44467.82381889764
0.0118574759074044,-0.02372520910401334,0.005188004793451607,-0.0034448778755761123,0.002705854023266919,-0.004946632526559346,-0.0007173269731048286,-0.00018650033810739265,-0.011513007700474103,44485.91190944882
-0.007295237566756349,-0.014398120439841476,0.010420933495459228,-0.0041458553822126,0.0032989127745545765,-0.0049502481914041685,-0.0007714781579365299,-0.00019749086773887566,-0.011529635457837074,44504.0
-0.014407323825636989,0.0041277713387651675,0.013598565167394081,-0.004877654155454105,0.0038711415693624737,-0.00494352521524389,-0.0008254998610810893,-0.00020846769713124997,-0.011546227114687273,44522.73572834646
0.012345917644000714,0.021361684504021723,0.012983168489943592,-0.005657741826771656,0.00441693790476971,-0.004926604125414798,-0.0008793697713736292,-0.00021943003438773976,-0.011562782578501098,44540.82381889764
-0.013066983286528,0.021495215780623078,0.007522938789871516,-0.0064857204842659385,0.004930699277855453,-0.00489962343980291,-0.0009330675870995347,-0.0002303770876115952,-0.011579301756754938,44558.91190944882
0.016068366661038083,-0.0013245320593954152,-0.0007467644461892624,-0.007356725830195051,0.005406823185698849,-0.0048627202241304035,-0.0009865744587080724,-0.00024130806490602833,-0.011595784556925212,44577.0
-0.019843872952490602,-0.017490861867693063,-0.00798094239046002,-0.008265893566817072,0.0058397071253790105,-0.004816031273528534,-0.0010398718072393866,-0.0002522221743742862,-0.011612230886488294,44594.73572834646
-0.00374798541765504,-0.01088301792034392,-0.010958711939395684,-0.009208359396390076,0.0062237485939750925,-0.0047596933831285035,-0.0010929410537336972,-0.0002631186241196068,-0.011628640652920616,44612.82381889764
0.024580644558660488,0.003619166971554389,-0.010074893971688318,-0.010165865087569175,0.006553345088566215,-0.004693843348061529,-0.0011457636192312003,-0.00027399662224520516,-0.011645013763698529,44630.91190944882
0.018858335491877574,0.00897373428675923,-0.0066784626126002965,-0.01106657667459753,0.006822894106231532,-0.004618617963458828,-0.001198320924772098,-0.00028485537685432686,-0.011661350126298474,44649.0
0.013160970224652417,0.005799382506969915,-0.002043007251174444,-0.011825266258115329,0.007026793144050175,-0.004534153569828709,-0.0012505948460195036,-0.00029569409605021904,-0.011677649648196816,44666.73572834646
-0.019215985173423506,0.00031760827135161147,0.002700001339142845,-0.012356705938762758,0.0071594396991012665,-0.004440584689187675,-0.0013025690771283193,-0.00030651198793609066,-0.011693912236869974,44684.82381889764
0.013196481172449856,-0.0015359946602662782,0.005780449459035145,-0.012575004605141212,0.007214568056425203,-0.004338045388929376,-0.0013542277668763265,-0.0003173082606151933,-0.011710137799794332,44702.91190944882
0.011523453146216606,-0.00034555724979351885,0.006072542108931321,-0.012386881074752052,0.007183860283703543,-0.0042266735773400154,-0.0014055550640413568,-0.00032808212219074975,-0.011726326244446288,44721.0
-0.006842476149703446,2.2310396752120613e-05,0.004304783344058139,-0.01168310724183745,0.007060813032517105,-0.004106697799029202,-0.0014565351174012085,-0.00033883278076600557,-0.011742477478302257,44738.73572834646
0.004871137401611555,-0.0009064950149856452,0.0019426461028667628,-0.010364378499932887,0.0068398246762540905,-0.003978651530510241,-0.0015071520757337028,-0.0003495594444441834,-0.01175859140883862,44756.82381889764
-0.004719269069120343,0.0029359027516357257,-0.0012507040404237963,-0.00833505542313344,0.006515368861055511,-0.0038431435210492713,-0.001557390087816635,-0.0003602613213285304,-0.011774667943531774,44774.91190944882
0.0059638840252668555,0.0006849207423136968,-0.002556563826060202,-0.005522719536575315,0.006081919233062339,-0.003700782519912376,-0.0016072333024278352,-0.00037093761952226005,-0.011790706989858131,44793.0
0.003263725377673724,-0.009767820400348124,-0.0019968789174599284,-0.0020250561448603337,0.005533949438415604,-0.0035521772763657034,-0.0016566658683450956,-0.00038158754712863175,-0.011806708455294067,44811.73572834646
-0.012719398288582887,-0.012938969953121403,-0.0003634422368410445,0.0017281485951645287,0.004865933123256295,-0.0033979365396753667,-0.0017056719343462295,-0.0003922103122508482,-0.011822672247315999,44829.82381889764
0.01910581532874722,0.0034772271923321414,0.0012458133048397933,0.005229888551351265,0.004072343933725416,-0.003238669059107453,-0.0017542356492090765,-0.00040280512299216734,-0.011838598273400319,44847.91190944882
-0.027562902714341413,0.01941165791921795,0.001357394268013136,0.007973157591551887,0.0031476555159639574,-0.0030749835839280937,-0.0018023411617114076,-0.0004133711874558148,-0.011854486441023429,44866.0
-0.004781101306088613,0.007799622601803952,-0.0007868778044294342,0.009487501054329514,0.002086341516112914,-0.002907488863403406,-0.0018499726206310481,-0.0004239077137450332,-0.011870336657661712,44884.73572834646
0.04499960901749586,-0.014908351124003853,-0.0027855528663092324,0.009439714373425093,0.0008918313679799406,-0.002736793646799491,-0.0018971141747458119,-0.00043441390996303903,-0.011886148830791577,44902.82381889764
0.020315863937115094,-0.024326440435547127,-0.0016087794718648801,0.007658827028863245,-0.0003966223439607104,-0.002563506683382482,-0.0019437499728335134,-0.0004448889842130871,-0.011901922867889408,44920.91190944882
-0.050590355558982544,-0.009458084342484586,0.0036158334091524664,0.004667289653290977,-0.001730811247568124,-0.0023882367224184946,-0.001989864163671953,-0.00045533214459839394,-0.011917658676431618,44939.0
0.04587892732627958,0.023871616237584343,0.007603344664725818,0.001324551120727573,-0.0030625269707014037,-0.0022115925131736373,-0.002035440896038947,-0.00046574259922218836,-0.011933356163894609,44956.73572834646
-0.03760518912135649,0.015689521515897874,0.005384153942722892,-0.0017243630721883434,-0.004343561141219702,-0.002034182804914014,-0.0020804643187122985,-0.0004761195561877251,-0.011949015237754788,44974.82381889764
0.029483809387359092,-0.019506927730730924,-0.0014530804201840365,-0.0041686826867130405,-0.005525705386982038,-0.0018566163469057484,-0.002124918580469823,-0.0004864622235982406,-0.011964635805488504,44992.91190944882
0.014367027715834589,-0.019945882157368547,-0.009692616321670983,-0.005768720392026968,-0.006560751335847585,-0.0016795018884149294,-0.0021687878300893555,-0.0004967698095569393,-0.0119802177745722,45011.0
-0.021846700710687672,0.00233676387602039,-0.016048696516353107,-0.006284788857310764,-0.007400490615675372,-0.0015034481787077414,-0.0022120562163486577,-0.0005070415221670772,-0.01199576105248225,45028.73572834646
0.016253648950640506,0.01746986401962171,-0.016914353022510195,-0.005514101590874483,-0.00800096417928801,-0.0013290639670502247,-0.002254707888025571,-0.0005172765695318803,-0.012011265546695078,45046.82381889764
0.02391670577701663,0.012968372976286823,-0.00988529808889695,-0.003509899857709828,-0.008335210279361812,-0.0011569580027085418,-0.0022967269938979048,-0.0005274741597545849,-0.012026731164687054,45064.91190944882
-0.025342852646907905,-0.004561961679627768,0.0014897624215172987,-0.0007960233625920304,-0.008380552425141689,-0.0009877031033436808,-0.0023380976827434502,-0.0005376335009384397,-0.01204215781393458,45083.0
0.007239162357088524,-0.014597729257994602,0.011680372836582485,0.001995263789540313,-0.008114513560794545,-0.0008216726516946691,-0.002378804103340051,-0.000547753801186643,-0.012057545401914078,45101.73572834646
0.02404342980101767,-0.01610268654614577,0.01737575462782366,0.004231697493748539,-0.0075148753960987795,-0.0006589812648889932,-0.0024188304044655074,-0.0005578342686024493,-0.012072893836101911,45119.82381889764
-0.014247928845356422,-0.014771213998316575,0.018736310475915348,0.005281013645094023,-0.006559475349334389,-0.0004996878515526168,-0.002458160734897603,-0.0005678741112891182,-0.01208820302397449,45137.91190944882
-0.018451951636893178,-0.00970525724987122,0.01703953672293748,0.00470243469031825,-0.005238006346119484,-0.00034385132031145157,-0.00249677924341418,-0.0005778725373498417,-0.01210347287300822,45156.0
0.0160532517050313,0.0006629028990630748,0.012987812364886938,0.002831217718647988,-0.0035976717771892927,-0.000191530579791406,-0.0025346700787930334,-0.000587828754887864,-0.012118703290679508,45173.73572834646
0.0014288080598930497,0.01464174904750339,0.0071038853534186285,0.0002344601140485815,-0.0017378842836756148,-4.278453861844382e-05,-0.002571817389811979,-0.000597741972006429,-0.012133894184464719,45191.82381889764
-0.015740099720800114,0.017935798824620715,0.00013441263800773848,-0.0025106523037499904,0.00023185505752508533,0.00010232789458157223,-0.002608205325248831,-0.000607611396808767,-0.01214904546184028,45209.91190944882
0.018106178474266432,0.0002173108666619309,-0.006156157098760139,-0.0048269337150177415,0.0022020451695164167,0.0002437478111826541,-0.0026438180338813786,-0.0006174362373981146,-0.012164157030282573,45228.0
-0.02126070729160044,-0.017732988107252465,-0.00929084320916233,-0.006142641459675029,0.004068628135052252,0.0003814163025589176,-0.0026786396644874603,-0.0006272157018776897,-0.012179228797268014,45245.73572834646
0.02372789482817883,-0.016036715367372337,-0.007585508891831151,-0.0060419652604247675,0.005753664472120711,0.0005152744600844359,-0.0027126543658448753,-0.0006369489983507533,-0.012194260670272966,45263.82381889764
0.0021998192130489487,-0.0019894165738800493,-0.0030160156981358563,-0.004651176976345356,0.00720204104489198,0.0006452633751332635,-0.0027458462867314248,-0.0006466353349205188,-0.01220925255677386,45281.91190944882
-0.023359990844995192,0.012985067236221847,0.001526775232370118,-0.0022307082106964816,0.00836299051416919,0.0007713241390794888,-0.0027781995759249257,-0.0006562739196902259,-0.012224204364247081,45300.0
0.020537941132689357,0.013634361839285724,0.0031520027601333283,0.0009590094332621777,0.009185745540755439,0.0008933978432972095,-0.0028096983822032038,-0.0006658639607631138,-0.012239116000169022,45318.73572834646
-0.017152626237563903,-0.0025430798558315738,0.0003655639879671588,0.004472676839703613,0.009619538785453872,0.001011425579160471,-0.0028403268543440554,-0.0006754046662423977,-0.012253987372016092,45336.82381889764
0.014819005669074528,-0.010187807867960738,-0.0026990478637657768,0.007084961694449646,0.009613611933699808,0.001125339413411162,-0.002870069141125282,-0.0006848952442313324,-0.012268818387264685,45354.91190944882
-0.011811518962623275,0.0010619450432620364,-0.001737308855705809,0.007586238145184561,0.009117199319134472,0.0012350787645852605,-0.002898909391324712,-0.000694334902833148,-0.012283608953391189,45373.0
-0.014393062796794137,0.007041067162867694,0.0020439476367983948,0.00615128540090904,0.008105708556372052,0.0013407478278776714,-0.0029268317537201414,-0.0007037228501510704,-0.012298358977872018,45390.73572834646
0.015728888249127965,-0.000802273908688028,0.005592307361427806,0.003255455254942727,0.006659856040231492,0.0014424942488061433,-0.002953820377089392,-0.0007130582942883406,-0.01231306836818355,45408.82381889764
-0.015211382124440509,-0.005906170136064241,0.003974417715035103,-0.0004293102589335958,0.00488669622316367,0.0015404656728883824,-0.0029798594102102734,-0.0007223404433481781,-0.012327737031802207,45426.91190944882
0.012804833661559262,0.006503939454829625,-0.004625390193963447,-0.003985829635901448,0.002893283557619429,0.0016348097456421462,-0.003004933001860593,-0.0007315685054338348,-0.012342364876204362,45445.0
-0.009594610721152159,0.0025371598073382013,-0.009628010624795477,-0.006446386065405169,0.0007866724960496343,0.0017256741125851343,-0.0030290253008181524,-0.0007407416886485332,-0.012356951808866432,45462.73572834646
0.007454926801606387,-0.009552046853257293,-0.007118044498169205,-0.007059701759811943,-0.001326082509094856,0.0018132064192351047,-0.0030521204558607924,-0.0007498592010955236,-0.012371497737264788,45480.82381889764
-0.008737379959691443,0.00236722218741063,0.002861176818343298,-0.00599806762090529,-0.0033466000944586205,0.0018975543111097444,-0.0030742026157662846,-0.0007589202508780163,-0.012386002568875861,45498.91190944882
0.011999413773055087,0.01304041619739339,0.011842386206060436,-0.0038791955801581127,-0.005213459637201667,0.0019788654337268238,-0.0030952559293124615,-0.0007679240460992586,-0.012400466211176043,45517.0
-0.016234525779037234,-0.0003562526604483198,0.011917155657207284,-0.0013688743921428347,-0.006882987140113476,0.002057287432604048,-0.0031152645452771294,-0.0007768697948624853,-0.0124148885716417,45534.73572834646
0.020282713823101223,-0.01510269861123191,0.005971715852417686,0.0009530970543173624,-0.008313776990117027,0.002132967953259148,-0.0031342126124381015,-0.0007857567052709222,-0.012429269557749263,45552.82381889764
0.008439932860072961,-0.013598871406006739,-0.0011995071983682062,0.0028318722254917854,-0.00946442357413539,0.002206054641209857,-0.003152084279573187,-0.0007945839854278087,-0.012443609076975117,45570.91190944882
-0.005269049522365194,-0.001705390562554769,-0.007026509112882656,0.004093677116899937,-0.010293521279091559,0.002276695141973914,-0.003168863695460193,-0.0008033508434363766,-0.012457907036795664,45589.0
-0.028440343162263758,0.010263739407227782,-0.010215971530934701,0.004564737724061298,-0.010759664491908502,0.002345037101069013,-0.0031845350088769197,-0.0008120564873998761,-0.012472163344687296,45607.73572834646
-0.010480276022331658,0.013822291782095705,-0.009701124808580448,0.004116829351514305,-0.010838007858273538,0.002411228164012905,-0.0031990823686012027,-0.0008207001254215071,-0.012486377908126406,45625.82381889764
0.03037195276878141,0.007710747390371357,-0.005190927828798827,0.002856860482145247,-0.01056989935885604,0.0024753682762484177,-0.003212489923410847,-0.0008292809656045333,-0.012500550634589404,45643.91190944882
-0.03026953123656546,-0.003654392086093955,0.0009375821715588862,0.001149032676948414,-0.01001305643278986,0.0025373665829185907,-0.003224741822083651,-0.0008377982160521609,-0.012514681431552687,45662.0
0.0012077663169605378,-0.010202157384799761,0.005647595629737036,-0.0005895165608094976,-0.009225148819134053,0.0025970845290916264,-0.0032358222133974245,-0.0008462510848676656,-0.01252877020649264,45679.73572834646
0.023732535689881755,-0.00938579829857629,0.006617051739538689,-0.001957375334275195,-0.008263846256947585,0.002654383559835668,-0.003245715246129986,-0.0008546387801542445,-0.01254281686688568,45697.82381889764
0.027254307713039844,-0.003936997791152552,0.004450842141703965,-0.0026838645722780576,-0.007186945505962283,0.0027091251202189,-0.0032544050690591613,-0.0008629605100151384,-0.012556821320208184,45715.91190944882
0.01136399404422265,0.0026451571966469756,0.0007404369163407674,-0.0027898658573141987,-0.006048237961465682,0.002761170655309459,-0.003261875830962722,-0.0008712154825535884,-0.01257078347393657,45734.0
-0.025561428430728648,0.0056653910485158715,-0.0028426129883098237,-0.0023847670885443904,-0.004880966122782912,0.002810381610175536,-0.0032681116806185114,-0.0008794029058728278,-0.012584703235547218,45752.73572834646
-0.012434682311056607,0.0021580767671935796,-0.004878705757969365,-0.001592958124636654,-0.003703370529731839,0.0028566194298852645,-0.0032730967668043254,-0.0008875219880760777,-0.012598580512516536,45770.82381889764
0.026596269512765808,-0.002961024106038081,-0.005134047145770087,-0.0005452916322531789,-0.002531069594037629,0.002899745559506844,-0.0032768152382979723,-0.0008955719372665854,-0.012612415212320918,45788.91190944882
-0.028499318602692687,-0.004225717109311614,-0.0037454234294794914,0.0006153100789497082,-0.0013796817274253264,0.002939621444108442,-0.0032792512438772877,-0.0009035519615475887,-0.012626207242436757,45807.0
-0.004672424879290255,-0.0017379053197914532,-0.0012206223959474126,0.0017552563258608628,-0.00026482534162000686,0.002976108528758174,-0.0032803889323200497,-0.0009114612690223179,-0.012639956510340451,45824.73572834646
0.005528845042683059,0.0022042064747820208,0.0017157042203699122,0.002744249501980813,0.0007978811516532275,0.0030090682585242356,-0.003280212448243494,-0.0009192990719545849,-0.012653662923508412,45842.82381889764
0.03670654359732467,0.005010096319045767,0.004306063778253479,0.0034519920008100353,0.0017928193406692712,0.003038362078474807,-0.0032787058777887586,-0.0009270646410843137,-0.01266732638941703,45860.91190944882
-0.01631537693817887,0.005044983532684085,0.005827322518342503,0.003748186215849042,0.0027043708137030565,0.003063851433678021,-0.003275853135601257,-0.0009347574186471204,-0.012680946815542686,45879.0
-0.03994789122494598,0.004160242154744446,0.005832445036227831,0.0035139658180094475,0.0035181597456160705,0.0030853977692020655,-0.0032716380944926484,-0.000942376888712395,-0.012694524109361796,45897.73572834646
-0.019041176333917675,0.0038295401042032625,0.004490703028757063,0.0027110945178095546,0.004227781700294311,0.0031028625301150864,-0.0032660446272746147,-0.0009499225353494845,-0.012708058178350768,45915.82381889764
-0.0038383913551735976,0.003509379099804347,0.0022192186575932245,0.0014523870230279225,0.0048400789989229195,0.0031161102671302867,-0.0032590597124038407,-0.0009573938426278001,-0.012721548929985976,45933.91190944882
0.006376763237700712,0.0018825993618286302,-0.0005375890062764214,-0.00011443702859464956,0.005364895005365208,0.0031250180164913294,-0.003250682813867475,-0.0009647902946167344,-0.01273499627174382,45952.0
0.036052493147531575,-0.002172865065849047,-0.003335300891864604,-0.0018416579993173498,0.005812073083484484,0.0031294661718880073,-0.003240916753098828,-0.0009721113753856346,-0.012748400111100714,45969.73572834646
-0.018460006250315113,-0.00850506981190043,-0.005729497928184067,-0.00358155625139934,0.006191456597144052,0.003129335189960404,-0.003229764414481482,-0.0009793565690039072,-0.012761760355533034,45987.82381889764
-0.03183563238411125,-0.011429977701352663,-0.00727576104424754,-0.0051864121470998285,0.006512888910207199,0.003124506409223641,-0.0032172295642740514,-0.0009865253595409068,-0.012775076912517197,46005.91190944882
0.030557469582545186,-0.0054199530577154435,-0.007612521935263719,-0.006508506048677984,0.006786213386537255,0.0031148670380994523,-0.0032033218386417644,-0.0009936172310660506,-0.012788349689529601,46024.0
-0.007993886267651122,0.006583083613994706,-0.006689876420127469,-0.007419857259490564,0.00702127338999751,0.003100314563810766,-0.0031880611525510623,-0.0010006316676486843,-0.012801578594046632,46041.73572834646
-0.03129432336861072,0.0135665000915612,-0.0044574329511141535,-0.007875823215709805,0.007227912284451268,0.003080748925183678,-0.0031714698725715186,-0.0010075681533582173,-0.012814763533544687,46059.82381889764
-0.001870602980127449,0.006830761934585732,-0.000992491521633284,-0.007869319172906678,0.0074162628383625355,0.003056070088343422,-0.003153570392571892,-0.0010144261722640165,-0.012827904415500174,46077.91190944882
0.028112769834019825,-0.006201581669622488,0.0029721904196021495,-0.00739673131383596,0.007595546378953864,0.0030261780194151874,-0.0031343851064208586,-0.0010212052084354673,-0.01284100114738947,46096.0
0.036906723596185076,-0.014864455163946709,0.006538895467946886,-0.0064464589872764355,0.007766997399471877,0.0029909726845242057,-0.003113936285225211,-0.0010279048687038632,-0.01285405363668901,46113.73572834646
-0.0022972612462054173,-0.013070256059862033,0.008882827362269613,-0.005004832482362745,0.007929781333519077,0.0029503540497956768,-0.00309224570904409,-0.0010345252509481868,-0.01286706179087516,46131.82381889764
-0.0354757784757456,-0.001679992212876956,0.009470874415494766,-0.0030581820882295417,0.008083063614697884,0.002904222081354812,-0.003069335035174645,-0.0010410665758093425,-0.012880025517424329,46149.91190944882
-0.03519524260604802,0.013856228109003497,0.007875053761907674,-0.0006250457718584453,0.008226009676610798,0.002852476745326817,-0.0030452259209140945,-0.0010475290639282316,-0.012892944723812904,46168.0
0.030693406165602986,0.01619482232144642,0.0038117785330471143,0.00213164250251547,0.008357784952860265,0.0027950180078369336,-0.0030199400235596465,-0.0010539129359457302,-0.012905819317517294,46186.73572834646
-0.025303021521644896,-0.005831412159928792,-0.0024112001546212633,0.004954479949348413,0.00847755487704877,0.002731745835010355,-0.0029934990004084816,-0.001060218412502764,-0.012918649206013896,46204.82381889764
0.020607775971581456,-0.017224645574205614,-0.0084830892442938,0.007570498497231142,0.00858448488277878,0.0026625601929722654,-0.002965924508757781,-0.0010664457142402104,-0.012931434296779109,46222.91190944882
-0.014115355234483328,0.0019523265939641753,-0.011851014914455792,0.00970673007475442,0.00867774040365275,0.00258736104784791,-0.002937238205904732,-0.001072595061798983,-0.012944174497289329,46241.0
-0.018691020518253356,0.018623313954204624,-0.01102545512147597,0.011134404792764023,0.008756486873273158,0.0025060483657624883,-0.002907461749146567,-0.0010786666758199619,-0.012956869715020948,46258.73572834646
-0.011005940678256203,0.016662151591342097,-0.005440590605833943,0.011801545491125706,0.008819851588710044,0.0024185602493736313,-0.0028766167957804396,-0.0010846607769440686,-0.012969519857450363,46276.82381889764
0.026709044743765575,-0.0007681855819720709,0.0031241786251300424,0.011700006257947345,0.008867176234916747,0.0023249873474686105,-0.0028447250031035736,-0.0010905775858121866,-0.01298212483205399,46294.91190944882
-0.031947666639786695,-0.020907700311567915,0.011067193068410142,0.010820373574431955,0.008899031967219013,0.0022254584453670866,-0.002811808028413131,-0.0010964173230652173,-0.01299468454630819,46313.0
0.03614928194511647,-0.017181189307639764,0.0151626280237371,0.009153667504356859,0.008915556358368291,0.0021201023283887416,-0.002777887529006318,-0.0011021802093440513,-0.013007198907689397,46330.73572834646
-0.03835195835653273,0.004984279298224824,0.014974756666210792,0.00673448741570529,0.008916641997620194,0.0020090926362023092,-0.002742985162180346,-0.001107866465289603,-0.013019667823673989,46348.82381889764
-0.018871553410621595,0.02166758512271648,0.010602704733301728,0.003770949376696886,0.00890200205683429,0.0018927824258725052,-0.0027071225852323827,-0.001113476311542752,-0.013032091201738375,46366.91190944882
0.037294980334838426,0.022490139119641307,0.0024670380324262596,0.0005145486306103875,0.008871304853521111,0.00177156960881314,-0.0026703214554596342,-0.001119009968744417,-0.013044468949358972,46385.0
-0.035249048658892175,0.005410504365153306,-0.007353154660619992,-0.002783219579275479,0.00882421870519121,0.0016458520964379632,-0.0026326034301592843,-0.0011244676575354827,-0.013056800974012113,46403.73572834646
0.0044166587685221855,-0.013158549962111415,-0.015616981371598006,-0.005870860009681969,0.008760411929355113,0.0015160278001607574,-0.002593990166628523,-0.0011298495985568506,-0.01306908718317425,46421.82381889764
0.03083035632133991,-0.021522455215795655,-0.01888430413790904,-0.008496877417330365,0.008679552843523376,0.0013824946313953238,-0.0025545033221645655,-0.0011351560124494254,-0.013081327484321762,46439.91190944882
0.020581510715937307,-0.013142618789310287,-0.014844840557734017,-0.010455157970517402,0.008581309765206529,0.0012456505015554058,-0.0025141645540645735,-0.0011403871198541011,-0.01309352178493106,46458.0
-0.008183477011047281,0.005590065493095088,-0.005707730472371724,-0.011721113483841784,0.008465351011915123,0.001105893322054798,-0.002472995519625777,-0.001145543141411761,-0.013105669992478529,46476.73572834646
-0.026613701733678684,0.018756436690226547,0.005188030716099568,-0.012315537183477724,0.008331344901159691,0.0009636210043072927,-0.002431017876145354,-0.0011506242977633247,-0.013117772014440565,46494.82381889764
0.025811967212635352,0.01445413327799444,0.01470842264984242,-0.012259239347972984,0.008178976802824403,0.0008192314597266209,-0.002388253280920482,-0.0011556308095496816,-0.013129827758293576,46512.91190944882
0.010240974782163643,-0.0025379254737086824,0.020554829887361646,-0.011572974860432508,0.008007876691350488,0.0006731225997266083,-0.00234472339124837,-0.0011605628974117336,-0.013141837131513952,46531.0
-0.023652655494712647,-0.015235392872860864,0.020695630988916202,-0.010277021236585521,0.007817197173803567,0.0005256923357209795,-0.0023004498644262046,-0.00116542078199037,-0.013153800041578092,46548.73572834646
0.00019834889134331515,-0.010060977751680085,0.014070178936865843,-0.008417700264037674,0.007605967252311904,0.00037733857912355403,-0.0022554543577511855,-0.001170204683926495,-0.013165716395962401,46566.82381889764
0.019254688044932917,0.0035102045068591773,0.0034534771763171366,-0.006146005237649541,0.007373215929003771,0.00022845924134809654,-0.00220975852852049,-0.0011749148238610182,-0.013177586102143271,46584.91190944882
0.011977708379624835,0.012300226929629197,-0.0073716376896238705,-0.003639097329095406,0.007117972206007434,7.94522338083807e-05,-0.0021633840340313385,-0.0011795514224348122,-0.013189409067597087,46603.0
0.001593337545090081,0.011621119843149242,-0.015226867593602412,-0.0010741377100495356,0.006839265085451201,-6.928453208182591e-05,-0.0021163525315809006,-0.001184114700288806,-0.013201185199800269,46620.73572834646
-0.01296473900912603,0.0019954228659511885,-0.01939018156014664,0.0013717124478137518,0.006536123569463306,-0.0002173531449087282,-0.002068685678466381,-0.0011886048780638642,-0.0132129144062292,46638.82381889764
0.01324848485946075,-0.011114717402547282,-0.019867058271586586,0.0035458739567936037,0.006207576660172039,-0.0003643556932585464,-0.0020204051319849823,-0.0011930221764009116,-0.013224596594360283,46656.91190944882
-0.015253613184188887,-0.01081020329400509,-0.016980108111241857,0.005395076738779353,0.005852653359705689,-0.0005098942657175403,-0.0019715325494338606,-0.0011973668159408406,-0.013236231671669924,46675.0
-0.009037082433924544,0.0007698734322927276,-0.011854831754751662,0.006894557394419956,0.0054703826701924954,-0.0006535709508718906,-0.00192208958811024,-0.001201639017324545,-0.013247819545634493,46693.73572834646
0.021467898873682674,0.011465912598607929,-0.005806073690282263,0.00802053369806093,0.005059793593760765,-0.0007949878373078508,-0.001872097905311301,-0.0012058390011929266,-0.01325936012373042,46711.82381889764
0.003602601244735767,0.011390397615469448,-1.4210736938134552e-05,0.008749223424047778,0.004619915132538776,-0.0009337470136116322,-0.0018215791583342587,-0.001209966988186876,-0.013270853313434085,46729.91190944882
-0.015949413337281185,0.004711097665378739,0.00494280303682478,0.00905643992300648,0.0041501807123743234,-0.001069450568369464,-0.0017705550044762842,-0.0012140231989473103,-0.013282299022221881,46748.0
-0.022667493150738117,-0.0013649168322212488,0.008900622587455694,0.008915237281505192,0.0036527830231730244,-0.0012017005901675602,-0.0017190471010345646,-0.0012180078541150971,-0.013293697157570231,46765.73572834646
0.018585771592772322,-0.0035724677479205473,0.011765037094668649,0.008293698885673731,0.0031348854552788706,-0.0013300991675921474,-0.001667077105306324,-0.001221921174331166,-0.0133050476269555,46783.82381889764
0.01292874552788578,-0.00980433179854536,0.013430284377113652,0.007170317913526261,0.002604792968215485,-0.0014542483892294516,-0.0016146666745887278,-0.0012257633802364013,-0.013316350337854105,46801.91190944882
-0.007944430939365262,-0.01335106147231338,0.013729128708829976,0.005585061087687681,0.0020708105215065248,-0.0015737503436656932,-0.0015618374661789721,-0.0012295346924716944,-0.013327605197742442,46820.0
0.005794090446062127,-0.004076803311410984,0.01239163485321381,0.00365848084638382,0.0015412430746756525,-0.0016882071194871105,-0.0015086111373742441,-0.0012332353316779723,-0.013338812114096904,46837.73572834646
-0.007780667199368466,0.013171576460717106,0.009012296480666405,0.0015582455406668771,0.0010243955872465094,-0.0017972208052799057,-0.0014550093454717733,-0.001236865518496077,-0.013349970994393896,46855.82381889764
0.01297783103474589,0.005280512272359663,0.0035883328628078495,-0.0005400145252930421,0.0005285730187427735,-0.0019003934896303107,-0.0014010537477687165,-0.0012404254735669657,-0.013361081746109811,46873.91190944882
-0.018681114561763513,-0.012305532225145473,-0.002151831331226141,-0.002460669047325818,6.208032868807703e-05,-0.0019973272611245522,-0.0013467660015622819,-0.0012439154175315163,-0.013372144276721025,46892.0
0.022782310602349445,-0.009326619324732176,-0.006261759789441801,-0.004028087721261289,-0.00036677752339394476,-0.0020876242083488566,-0.0012921677641496597,-0.001247335571030608,-0.013383158493703981,46909.73572834646
0.022723806387318225,0.0009803719131939532,-0.007866084701358403,-0.005066640242929379,-0.0007496955779796108,-0.002170886419889438,-0.0012372806928280398,-0.0012506861547051636,-0.013394124304535052,46927.82381889764
-0.02215318852629921,0.007553252016140943,-0.007107436812525488,-0.005445126160369164,-0.001078368875545295,-0.002246715984332522,-0.0011821264448946094,-0.0012539673891960755,-0.01340504161669063,46945.91190944882
0.020288761073732054,0.010082744655367723,-0.00416042841127197,-0.005211214639864573,-0.0013455509709727627,-0.002314714990264348,-0.0011267266776465766,-0.0012571794951442344,-0.013415910337647111,46964.0
-0.019532585482180554,0.004151478002785885,0.0003843643427114776,-0.004460908863822393,-0.0015489261504833109,-0.002374485526271117,-0.0010711030483811258,-0.0012603226931905374,-0.01342673037488092,46982.73572834646
0.020738199027932606,-0.009710673185956947,0.0040616595382512504,-0.0032885755291861296,-0.0016900239095748676,-0.0024256296809390377,-0.001015277214395456,-0.0012633972039759124,-0.013437501635868414,47000.82381889764
-0.02297213263542254,-0.0062834917060619186,0.004637507276485335,-0.0017878846591814562,-0.001771070417463089,-0.0024677494854388566,-0.0009592708904022887,-0.0012664032481412117,-0.013448224028086025,47018.91190944882
0.02450242122741874,0.008692748183563895,0.0027077490540520404,-8.005514799108571e-05,-0.0017942918433637108,-0.00250044669950066,-0.0009031060625549079,-0.0012693410463273612,-0.013458897459010135,47037.0
0.021186239736204492,0.01096321702594244,-0.00037440037058718116,0.0016034986263744292,-0.0017617886698823098,-0.0025234485449354264,-0.0008468049415358375,-0.00127221081917526,-0.01346952183611714,47054.73572834646
0.005536437869447518,0.0018656097391849527,-0.0034664376018777735,0.003003813414947598,-0.0016751586331843098,-0.0025369856852271466,-0.0007903890427948232,-0.001275012787325789,-0.013480097066883452,47072.82381889764
-0.020475482641763423,-0.009332967372813852,-0.005578157382614389,0.003861925968760836,-0.0015358737828249265,-0.0025414183050192266,-0.0007338760472323105,-0.0012777471714198628,-0.013490623058785445,47090.91190944882
0.0021614168299944384,-0.0153491160811985,-0.005759363079142693,0.003934152841095372,-0.0013454061683595196,-0.0025371114811428563,-0.0006772787435608794,-0.0012804141920983825,-0.013501099719299537,47109.0
0.012381784850329362,-0.015498278976677859,-0.0033442556920917892,0.0031191106432187166,-0.001107999381664255,-0.0025244336135743064,-0.0006206065973480741,-0.0012830140700022359,-0.013511526955902116,47126.73572834646
0.013094841325476765,-0.010061678668066577,0.001207255426455555,0.0016554191846130484,-0.0008389831838987724,-0.00250375371145013,-0.0005638684650012089,-0.0012855470257723232,-0.013521904676069582,47144.82381889764
-0.013364959444225609,0.0007363563525409959,0.006342723106926293,-0.00013712087624797098,-0.000556458878543631,-0.002475440783906821,-0.0005070732029275706,-0.0012880132800495477,-0.01353223278727834,47162.91190944882
0.016322101893979413,0.014008547388676488,0.01029238533169702,-0.0019387088808907036,-0.00027852776907938697,-0.0024398638400809063,-0.0004502296675344614,-0.0012904130534748,-0.013542511197004775,47181.0
-0.02173784648428464,0.021115206921008944,0.011314659358116654,-0.003457723445813813,-2.329115898660533e-05,-0.002397391889108882,-0.00039334671522919264,-0.0012927465666889815,-0.013552739812725286,47198.73572834646
0.028225570171765527,0.00127402155485589,0.00827482178533778,-0.004526023229130957,0.00019114964825416698,-0.0023483939401272567,-0.00033643320241906336,-0.001295014040332993,-0.01356291854191627,47216.82381889764
-0.034037230744874886,-0.023288881947426832,0.002042897455142019,-0.005046697930829885,0.0003466933491624014,-0.0022932390022725848,-0.0002794979855113605,-0.001297215695047726,-0.013573047292054169,47234.91190944882
0.03815876051573047,-0.011327779623045242,-0.005838515406347914,-0.004938367295213944,0.0004300057428475266,-0.0022322960846813495,-0.00022254992091337995,-0.0012993517514740917,-0.013583125970615296,47253.0
-0.04054652682888598,0.01629440845349396,-0.013113094003302296,-0.004138719476946489,0.00044682103877912685,-0.0021659341964901093,-0.00016559786503243928,-0.001301422430252978,-0.013593154485076107,47271.73572834646
0.023172404395892333,0.024577763108172612,-0.01734608439746455,-0.0025902097332808965,0.00040770327741018286,-0.002094585075228787,-0.00010865067427583143,-0.001303427952025294,-0.013603132742912987,47289.82381889764
0.03460715072158508,0.012593696560573669,-0.016719197430151735,-0.00031125929240004855,0.0003234674127676645,-0.0020189313720013102,-5.171720505086157e-05,-0.0013053685374319166,-0.013613060651602336,47307.91190944882
0.04049327006894001,-0.008004617356941694,-0.011880003060975159,0.002375846733795516,0.00020499112727192595,-0.0019397184663050037,5.193686235168137e-06,-0.0013072444071137567,-0.013622938118620549,47326.0
-0.03892317992018839,-0.022809073782605976,-0.004092536029119733,0.005072857262475708,6.322983450659009e-05,-0.0018577694688004266,6.207314317496776e-05,-0.00130905578171173,-0.013632765051444007,47344.73572834646
-0.0057152781100194856,-0.022104684107830102,0.005176421685473688,0.0073815212108104935,-9.055012729193298e-05,-0.0017742184148009498,0.00011891230936122295,-0.0013108028818666993,-0.013642541357549144,47362.82381889764
0.03408183063130607,-0.009655404757077437,0.01364909913984049,0.008903587495969825,-0.0002450046887240195,-0.0016902770707831827,0.00017570232838664683,-0.001312485928219588,-0.013652266944412335,47380.91190944882
-0.009379292676683032,0.0067518491982775306,0.01884497815026005,0.009240805035123653,-0.00038878978039001504,-0.001607157203223725,0.00023243434384394334,-0.001314105141411296,-0.013661941719509971,47399.0
-0.026925751941047456,0.01652882761344535,0.018156435605547718,0.008122851065081652,-0.0005115100259056739,-0.0015259452777594328,0.00028909949932579205,-0.0013156607420827032,-0.013671565590318468,47416.73572834646
0.02273210427986958,0.01089727186894372,0.009933681810642832,0.005791116101212475,-0.0006065660103826065,-0.0014472253672340803,0.0003456889384249122,-0.0013171529508747193,-0.013681138464314221,47434.82381889764
-0.018567319399281676,-0.004804842331629497,-0.0017351653530585424,0.002614918978524455,-0.0006683117696848638,-0.0013714514859146107,0.0004021938047339985,-0.0013185819884282517,-0.01369066024897361,47452.91190944882
0.012967546009453264,-0.011258956783954978,-0.011295734878180096,-0.0010364214679740252,-0.0006911034687935009,-0.0012990755189510273,0.00045860524184573366,-0.0013199480753841746,-0.01370013085177304,47471.0
0.01188811178959545,-0.0035599183550529623,-0.014294092981577364,-0.004793586403274625,-0.0006693946273416976,-0.001230451996841154,0.0005149143933528368,-0.0013212514323834017,-0.013709550180188925,47488.73572834646
-0.010622604174627034,0.009075568384277973,-0.01068044020537769,-0.008284871564024236,-0.000598014088331404,-0.001165560126714083,0.0005711124028480059,-0.0013224922800668436,-0.01371891814169764,47506.82381889764
0.01026476724506911,0.006050386242186351,-0.002003457428087252,-0.011129030973490913,-0.00047188429068609314,-0.0011042855197773939,0.0006271904139239387,-0.0013236708390753779,-0.013728234643775596,47524.91190944882
-0.011029818528520951,-0.008961651858082393,0.007113272633832699,-0.012942433226597987,-0.00028592767332919535,-0.0010465137872386415,0.0006831395701733238,-0.0013247873300499134,-0.013737499593899187,47543.0
0.01266005404231955,-0.006172610193027181,0.009396584348740062,-0.013341446918268775,-3.5066675184168354e-05,-0.0009921305403054323,0.0007389510151888747,-0.0013258419736313426,-0.013746712899544811,47561.73572834646
-0.01480638411900682,0.011203295422760664,0.005849839969279953,-0.01208166506572759,0.0002818089552531041,-0.0009410213901853577,0.000794615892563292,-0.0013268349904605793,-0.013755874468188864,47579.82381889764
0.017126086484756796,0.008220851025289636,0.00015417825113034597,-0.00947557837540243,0.0006499402311967994,-0.0008930719480859662,0.0008501253458892583,-0.0013277666011784915,-0.013764984207307752,47597.91190944882
-0.01937294162884637,-0.014242721704922473,-0.0046978789829515725,-0.005974901976022323,0.0010506008562886752,-0.0008481678252148769,0.0009054705187594868,-0.0013286370264259915,-0.013774042024377863,47616.0
0.021321940084247308,-0.017398415304680535,-0.006009526159197668,-0.0020242365565202956,0.0014650645341704983,-0.0008061946327796595,0.0009606425547666662,-0.001329446486843987,-0.013783047826875592,47633.73572834646
-0.010787280228024955,0.004376963747289511,-0.002571888542859911,0.0019849823712335835,0.0018746049684839512,-0.0007670379819878873,0.001015632597503528,-0.001330195203073384,-0.013792001522277346,47651.82381889764
-0.02266640089063881,0.021602713448089814,0.0021886464865822444,0.00576726340668239,0.002260495862870833,-0.0007305834840471483,0.001070431790562727,-0.0013308833957550428,-0.013800903018059522,47669.91190944882
0.021058860643403527,0.01478802745113578,0.004633007603483716,0.009061822567148499,0.0026040109209728448,-0.000696716750165022,0.0011250312775370073,-0.0013315112855299218,-0.013809752221698501,47688.0
-0.01776458478150513,-0.011694291134327166,0.004818885728973714,0.011607875869954244,0.002886423846431768,-0.0006653233915490996,0.0011794222020190329,-0.0013320790930388476,-0.013818549040670718,47705.73572834646
0.00039863452061988307,-0.025794090602338407,0.0036874770187822928,0.013185324659514733,0.0030890083428893184,-0.0006362890194069388,0.001233595707601511,-0.0013325870389227753,-0.013827293382452524,47723.82381889764
0.010155509727730206,-0.020204296432223802,0.0019382604314972572,0.013769245170708506,0.003193038113987233,-0.0006094992449461432,0.0012875429378771605,-0.0013330353438225772,-0.013835985154520355,47741.91190944882
-0.008629229328363177,-0.0015794035304568497,-8.587395647159589e-05,0.01350059359635982,0.003184315203977345,-0.0005848283224673662,0.0013412550364386641,-0.0013334242283791625,-0.013844624264350586,47760.0
0.009296339622696879,0.009867443064624039,-0.0021210119574857494,0.012534600921317487,0.0030667375352792523,-0.0005620875943711197,0.001394723146878714,-0.0013337539132334101,-0.013853210619419626,47778.73572834646
-0.01050669113099577,0.02115292829694405,-0.003903239383906699,0.011021958432913342,0.0028486614338331033,-0.0005410071090614813,0.001447938412790018,-0.0013340246190262322,-0.013861744127203875,47796.82381889764
0.010153088670036121,0.02545041913904388,-0.005168642048095951,0.009113357418479209,0.0025384257413066783,-0.0005212994306701615,0.0015008919777652913,-0.001334236566398535,-0.013870224695179711,47814.91190944882
-0.00820960941837176,0.0013816764442675712,-0.005717000939577366,0.0069594891653468995,0.002144369299367733,-0.0005026771233288061,0.001553574985397221,-0.0013343899759912215,-0.013878652230823534,47833.0
0.006895299556182525,-0.023146131621956143,-0.0055999569044089936,0.004708124108732859,0.001674830949684018,-0.0004848527511691072,0.0016059785792785124,-0.0013344850684451613,-0.013887026641611778,47850.73572834646
-0.007879743818218573,-0.013543660463720174,-0.004908963931083074,0.0024873137601285383,0.0011381495339233207,-0.0004675388783227612,0.0016580939030018298,-0.0013345220644012574,-0.013895347835020808,47868.82381889764
0.010526622371333786,0.010135360746042767,-0.0036761984197195906,0.00038248448666594235,0.0005426638937534003,-0.0004504480689214478,0.0017099121001599336,-0.001334501184385867,-0.01390361571864159,47886.91190944882
0.0006473193507160893,0.01836448041043014,-0.0018913892194096747,-0.0015592217845485914,-0.00010328712915799914,-0.00043329288709683446,0.0017614243143454777,-0.0013344226472489125,-0.013911830201741499,47905.0
-0.016012718505522567,0.011174299710355192,0.00039623112545488317,-0.0032982253575993066,-0.0007913646931431076,-0.0004157858969806207,0.0018126216891511718,-0.0013342866667362787,-0.01391999119869192,47922.73572834646
0.007380195545667053,-0.0029630688358000005,0.002865851422127421,-0.004791631594180662,-0.0015132299565341276,-0.00039763966270449846,0.001863495368169728,-0.0013340934544669397,-0.0139280986259912,47940.82381889764
0.019648385934315636,-0.01321158447014323,0.005116334781810717,-0.005983286086427788,-0.0022605440776633135,-0.00037856674840014583,0.001914036494993839,-0.0013338432021373255,-0.013936152420060192,47958.91190944882
0.00592721018286727,-0.01159068182226595,0.006784671668381774,-0.0068137194840860475,-0.0030249682148629307,-0.0003582797181992334,0.001964236213216195,-0.001333536025017738,-0.013944152593745892,47977.0
-0.023165624102399352,-0.003804914785843193,0.007684534668065485,-0.007234375378992957,-0.003798163526465181,-0.00033649113623345145,0.002014085666429517,-0.001333172005182869,-0.013952099193090916,47994.73572834646
0.024476218259556197,0.0018820928756218016,0.007714553039667415,-0.0072402165344719015,-0.004571786376833102,-0.0003129135666344981,0.002063575998226479,-0.001332751220921079,-0.01395999226792418,48012.82381889764
0.027015809980973027,0.0029357823866973947,0.006820212557873902,-0.006848717733991744,-0.005336640145336209,-0.0002872595735340377,0.0021126983521998067,-0.0013322737505207724,-0.013967831868074586,48030.91190944882
-0.029207998615955227,0.00340717206077584,0.005093189533610779,-0.006125807025094744,-0.006080120182285726,-0.0002592417210637682,0.0021614438719421763,-0.0013317396722702952,-0.013975618043371088,48049.0
-0.00012453680104983488,0.005129840809293386,0.002663074928235591,-0.005149697257222046,-0.006788632692560674,-0.0002285725733553709,0.002209803701046295,-0.0013311490644580572,-0.013983350843642552,48067.73572834646
0.02939645311001016,0.0043183462213277676,-0.0002901059286699514,-0.003998202645737413,-0.007448982515117429,-0.0001949646945405071,0.0022577689831048756,-0.001330502005372438,-0.013991030318717927,48085.82381889764
-0.02740845358704824,-0.0011173876851151582,-0.0033860117478632466,-0.002749020747829702,-0.008048091147087334,-0.00015813064875088708,0.0023053308617105982,-0.0013297985733017807,-0.013998656518426142,48103.91190944882
0.024499177042120877,-0.003182874520565104,-0.006194222250186661,-0.0014798491206876566,-0.008572880085601765,-0.00011778300011819962,0.0023524804804561815,-0.0013290388465345105,-0.014006229492596068,48122.0
0.01952883967027142,0.0005296987760936029,-0.008188704566529186,-0.0002683853215000858,-0.009010270827792108,-7.363431277410611e-05,0.0023992089829343024,-0.0013282229033589642,-0.014013749291056681,48140.73572834646
-0.01921413565776683,0.0028243595340800816,-0.008466314069518924,0.0008130116940963818,-0.009347184870789732,-2.539715085030608e-05,0.0024455075127376874,-0.0013273508220635734,-0.014021215963636835,48158.82381889764
0.018064521939835786,-0.001393163813361519,-0.006406202292287601,0.0017166371899491402,-0.009570543711725998,2.7215921521529958e-05,0.0024913672134590135,-0.0013264226809366628,-0.014028629560165491,48176.91190944882
-0.01799212154524732,-0.003139862169117735,-0.0028001343963366156,0.0024133242845585405,-0.009667246840402655,8.447033288005801e-05,0.0025367792286909957,-0.0013254385582666388,-0.014035990130471552,48195.0
0.002441060091162942,0.00044154264074053,0.0012924953542404517,0.0028772059097001146,-0.009624027314941164,0.00014646508008374874,0.0025817347020263125,-0.0013243985323418879,-0.01404329772438392,48212.73572834646
0.01873747876455478,0.003976977364833501,0.004883858409346082,0.0030824149971494233,-0.00942728257668675,0.00021296354321471864,0.0026262247770576946,-0.0013233026814507708,-0.014050552391731546,48230.82381889764
0.00808187632960462,0.00239188701033949,0.007159278021137307,0.003005427759908467,-0.00906567494584935,0.0002836506999934124,0.0026702405973778294,-0.0013221510838816884,-0.01405775418234331,48248.91190944882
-0.017643713301172544,-0.001718952139916675,0.008010839486846862,0.002636700872752427,-0.008539232582971899,0.0003582115281403023,0.0027137733065793904,-0.00132094381792299,-0.014064903146048146,48267.0
-0.009579403224379461,-0.004891184040565518,0.007748200679677778,0.0019977830199219993,-0.007859080987459901,0.00043633100537584385,0.0027568140482551184,-0.0013196809618630824,-0.014071999332674978,48284.73572834646
-0.0020606990861487423,-0.006679452918029793,0.006709652933342859,0.0011561077456055226,-0.007041471157857884,0.0005176941094204801,0.002799353965997688,-0.0013183625939903422,-0.0140790427920527,48302.82381889764
0.007200346024684537,-0.007368855556024761,0.005223951396712905,0.00018942797476127713,-0.006103437288638289,0.0006019858179946775,0.0028413842033997976,-0.0013169887925931186,-0.014086033574010252,48320.91190944882
0.010987560633546141,-0.007251373859417593,0.0035618547255489236,-0.0008245033676523769,-0.00506201357427358,0.000688891108818882,0.0028828959040541717,-0.0013155596359598334,-0.014092971728376539,48339.0
-0.010187315004796861,-0.006090484093089031,0.0017707042062785373,-0.0018081174399906567,-0.0039340501259226245,0.0007780949596135707,0.0029238802115534694,-0.0013140752023788423,-0.014099857304980474,48357.73572834646
-0.004851185367669517,-0.002826373164987315,-9.880349950232052e-05,-0.0026845817338632945,-0.0027356607214898505,0.0008692823480991836,0.0029643282694904274,-0.0013125355701385244,-0.014106690353650989,48375.82381889764
0.011498539602531398,0.0034523990554746233,-0.0018790933036689078,-0.003377247824193551,-0.001482775055566083,0.00096213825199617,0.003004231221457735,-0.0013109408175272748,-0.014113470924216975,48393.91190944882
-0.01259651051379939,0.011306155720241746,-0.003375512662240646,-0.003809665467248682,-0.00019112464139817503,0.0010563476490249885,0.003043580211048082,-0.0013092910228334578,-0.014120199066507376,48412.0
-0.015491031862204485,0.011485989622511069,-0.004402506743125291,-0.003905706427855376,0.0011245348128977799,0.0011515955169061236,0.003082366381854174,-0.0013075862643454495,-0.014126874830351098,48429.73572834646
0.0020050176956515784,0.002212909213204263,-0.004819199911651392,-0.0035962782652989972,0.002450508649481317,0.0012475668333599775,0.0031205808774687227,-0.001305826620351642,-0.014133498265577053,48447.82381889764
0.018726449746737508,-0.009823889468725318,-0.004506565013892492,-0.0028671023741841293,0.0037738074899150327,0.0013439465761070463,0.0031582148414844003,-0.0013040121691404087,-0.014140069422014153,48465.91190944882
-0.01792098518768853,-0.012757564252372495,-0.003327959509247211,-0.0017942311519478621,0.0050815725056736006,0.0014404197228677768,0.0031952594174939407,-0.0013021429890001323,-0.01414658834949133,48484.0
0.015993627707456232,0.006153163764987195,-0.0014519392521440046,-0.0004741196266402683,0.006360944868231703,0.001536671251362632,0.0032317057490900006,-0.001300219158219177,-0.014153055097837496,48501.73572834646
-0.01489059281278361,0.013120171860048987,0.0004861375890592734,0.0009967771736885851,0.007599065749064025,0.0016323861393120578,0.00326754497986532,-0.0012982407550859497,-0.014159469716881555,48519.82381889764
0.016288157135580118,-0.007883908222000848,0.0018344732485657933,0.0025220042209886276,0.008783076319645257,0.0017272493644364978,0.0033027682534125815,-0.0012962078578888057,-0.014165832256452437,48537.91190944882
-0.019992088873393453,-0.01306701156430671,0.0022866070988427365,0.004005106487209796,0.00990011775145006,0.0018209459044564397,0.003337366713324481,-0.0012941205449161367,-0.014172142766379058,48556.0
0.024514175325977786,0.0026651635962008104,0.0017582467312492636,0.005350751287566135,0.010937331215953125,0.0019131607370923064,0.0033713315031937236,-0.0012919788944563038,-0.014178401296490343,48573.73572834646
0.008782216362018936,0.012480333449597196,0.0007072853506164643,0.006469245434160045,0.011881857884629133,0.002003578840064569,0.0034046537666130123,-0.0012897829847977142,-0.014184607896615176,48591.82381889764
-0.030210936850021436,0.012481502988487046,-0.0003501577662745993,0.00727661857768583,0.012720838928952755,0.002091885191093692,0.003437324647175047,-0.0012875328942287476,-0.014190762616582494,48609.91190944882
-0.031893583396272435,0.006568955835356109,-0.0011834410699191238,0.007690427467610242,0.013441415520398665,0.002177764767900123,0.003469335288472511,-0.0012852287010377496,-0.014196865506221219,48628.0
-0.03362719543418644,-0.0014871593076924382,-0.0016041936797642781,0.007628548519897947,0.014031987824603966,0.002260902548204313,0.003500676834098119,-0.0012828704835131273,-0.014202916615360259,48646.73572834646
-0.039176322384374775,-0.008026695315088931,-0.0014232237101037153,0.00700905499253773,0.014488016999717234,0.0023409835097267175,0.003531340427644582,-0.0012804583199432637,-0.014208915993828538,48664.82381889764
-0.020277204880122295,-0.010308813848585844,-0.0005171765056947961,0.005806498316372072,0.014814323261497057,0.002417692630187804,0.00356131721270458,-0.0012779922886165225,-0.01421486369145496,48682.91190944882
0.03793152754246222,-0.008861155501214663,0.0009950717845782224,0.004157503544608752,0.015017751841563953,0.0024907148873080194,0.0035905983328708125,-0.0012754724678212745,-0.014220759758068474,48701.0
-0.03553456030895161,-0.004699026546187851,0.0026411400454198412,0.0022396720332680123,0.015105147971538396,0.00255973525880782,0.0036191749317359863,-0.0012728989358459205,-0.014226604243497946,48718.73572834646
-0.01646017614908851,0.0008676714315808185,0.0038669944460095916,0.00023412568799537897,0.01508335688304091,0.0026244387224076643,0.003647038152892799,-0.001270271770978834,-0.014232397197572333,48736.82381889764
-0.012516572067864742,0.005803581222364546,0.004143005801136651,-0.001702418231173268,0.014959159813155924,0.002684574250364051,0.0036741791399339642,-0.0012675910515083883,-0.014238138670120538,48754.91190944882
0.026844653788252005,0.007769764403811331,0.0030231919366384944,-0.0034829622060733585,0.01473908202082366,0.002740146793077736,0.003700589036452149,-0.0012648568557229692,-0.01424382871097148,48773.0
-0.025606466140067553,0.004867060197559548,0.0003784502781056795,-0.005070796549419431,0.014429584770448301,0.0027912252954854755,0.003726258986040089,-0.0012620692619109653,-0.014249467369954054,48790.73572834646
-0.0038302097467506845,-0.0022148398779956568,-0.00305390934962707,-0.006438165935328983,0.014037129326434004,0.002837878702524073,0.00375118013229046,-0.001259228348360735,-0.01425505469689721,48808.82381889764
0.027303133352610143,-0.007015115274965542,-0.006325694429558987,-0.007557315037919536,0.013568176953184947,0.002880175959130299,0.003775343618795955,-0.0012563341933606576,-0.014260590741629834,48826.91190944882
-0.02963131339540306,-0.004051226200426339,-0.008462344751889589,-0.008400488531308597,0.013029188915105303,0.0029181860102409384,0.003798740589149323,-0.0012533868751991371,-0.014266075553980887,48845.0
0.005883607148799622,0.0022854579186968693,-0.00852000894137613,-0.008966346728224321,0.012426626476599239,0.0029519778007927764,0.0038213621869432066,-0.0012503864721645258,-0.014271509183779249,48863.73572834646
0.011414907948207674,0.007274725116753585,-0.006081736158128764,-0.00935066269071083,0.011766950902070918,0.0029816202757226096,0.00384319955577033,-0.0012473330625452366,-0.014276891680853826,48881.82381889764
0.036735015601573745,0.006606087654715048,-0.001061497006537865,-0.009641425898916362,0.011056623455924517,0.0030071823799672067,0.003864243839223389,-0.0012442267246296002,-0.014282223095033575,48899.91190944882
0.03169686468701036,-0.0011290950235499121,0.005525332941619651,-0.009918076027862512,0.010302105402564215,0.0030287330584633496,0.003884486180895087,-0.001241067536706033,-0.014287503476147382,48918.0
-0.01763007331946145,-0.008521718993298712,0.010700096735785794,-0.010260052752570883,0.009509858006394166,0.0030463412561478414,0.0039039177243781207,-0.001237855577062911,-0.014292732874024166,48936.73572834646
-0.03590360891982173,-0.00676409538326349,0.011746789526057374,-0.010747750817244125,0.00868634253181855,0.0030600759179574507,0.003922529613265199,-0.0012345909239886176,-0.014297911338492853,48954.82381889764
0.03336214136427698,0.005026243810838835,0.008762059784583042,-0.011424691401477985,0.007838020243241539,0.003070005569023101,0.003940313410954853,-0.001231273655771492,-0.014303038919382366,48972.91190944882
-0.02868439073366448,0.010300134137250505,0.002519819888258566,-0.012172575388724988,0.0069713524050672975,0.0030761964811730482,0.0039572629341483485,-0.001227903850699963,-0.014308115666521607,48991.0
-0.028552854134234647,0.002752253750273402,-0.005292973579324812,-0.012832409821106554,0.006092800281699997,0.0030787116998940304,0.0039733752258884125,-0.0012244815870623824,-0.014313141629739505,49008.73572834646
0.028607407823887203,-0.011448439781422967,-0.01107494903085419,-0.013245201740744146,0.005208825137543816,0.003077611655719022,0.0039886499441715425,-0.001221006943147142,-0.014318116858864941,49026.82381889764
-0.0301630500931209,-0.003751742278264297,-0.011763879594776901,-0.01325195425948303,0.004325884306726744,0.0030729562689623766,0.004003087257212907,-0.0012174799972426184,-0.014323041403726883,49044.91190944882
0.03182566571338072,0.012409502994399808,-0.00821057372873387,-0.01272392647543121,0.0034494350512963867,0.0030648054599384644,0.004016687333227581,-0.001213900827637188,-0.014327915314154218,49063.0
0.013526710134312907,0.007698641444772402,-0.0021527656228254653,-0.011653750482343576,0.0025812833955746912,0.003053218194822124,0.004029451294570221,-0.0012102695126192243,-0.014332738639975884,49080.73572834646
-0.031584326096368416,-0.00718542049106587,0.004472069720270512,-0.010065490467156041,0.0017234113987214129,0.0030382489614584666,0.004041384741925221,-0.0012065861304771312,-0.014337511431020755,49098.82381889764
-0.01924865526430423,-0.01350314265796419,0.009190626598411439,-0.007983500713257813,0.000878091216349732,0.0030199486464659686,0.004052496877203549,-0.0012028507594992641,-0.014342233737117792,49116.91190944882
0.027378114152054097,-0.0076643953890862225,0.010052405990574892,-0.005432135504038167,4.759500407277271e-05,0.0029983674746913913,0.004062797564087943,-0.001199063477973993,-0.014346905608095893,49135.0
-0.017092743903752886,0.005875888255417799,0.007740294457394065,-0.0024679543995444874,-0.0007658050824963005,0.0029735556709814515,0.0040722966662611985,-0.0011952243641897376,-0.014351527093783975,49153.73572834646
-0.023884772460102306,0.014314297111063277,0.003716294742384138,0.0007236619335432447,-0.0015598368877443433,0.002945563460182895,0.0040810040474060115,-0.0011913334964348404,-0.014356098244010948,49171.82381889764
0.01032513491834849,0.00839872916787813,-0.0006603437525127182,0.00392512755188691,-0.0023322282560581968,0.0029144410671424342,0.004088929571205174,-0.0011873909529976933,-0.014360619108605756,49189.91190944882
0.024334027393143956,-0.003918025837386153,-0.00457020609827898,0.006918856512148391,-0.0030807070318247124,0.002880238716706818,0.004096083101341409,-0.0011833968121666668,-0.014365089737397276,49208.0
0.019616464919710554,-0.012614730343629624,-0.007328835984128272,0.009487262870989553,-0.0038030010594307224,0.0028430066337227647,0.004102474501497499,-0.0011793511522301676,-0.014369510180214451,49225.73572834646
0.0024372340149781267,-0.014852373351256101,-0.008270609388267642,0.01143159297406571,-0.004496838183263099,0.002802795043037015,0.0041081136353561774,-0.0011752540514765482,-0.014373880486886195,49243.82381889764
-0.0287841144860938,-0.009285443960782154,-0.007066322677804166,0.012653749338015868,-0.00515994624770867,0.0027596541694962853,0.004113010366600208,-0.0011711055881942001,-0.014378200707241422,49261.91190944882
-0.013192705708591143,0.0037643015589846674,-0.004449969440543987,0.01317545814370914,-0.005789736412350671,0.00271363423794733,0.004117174558912327,-0.0011669058406714998,-0.014382470891109033,49280.0
0.02891526840047919,0.014430937979078249,-0.0014166344972196287,0.01304325944307799,-0.006383106692825588,0.0026647854732368657,0.004120616075975297,-0.0011626548871968303,-0.014386691088317981,49297.73572834646
-0.014568643950118034,0.013545118143572621,0.001223279102619796,0.012306723111938762,-0.006939984928653816,0.002613158100211637,0.004123344781471868,-0.0011583528060585674,-0.014390861348697135,49315.82381889764
-0.022478376608648213,0.004411629661515183,0.0033802156014854203,0.011017501131839936,-0.007462381065087844,0.0025588023437183517,0.004125370539084769,-0.0011539996755450576,-0.014394981722075458,49333.91190944882
-0.02305516032872183,-0.0063386055531930545,0.005077399340534856,0.009227960113789445,-0.007952637174996306,0.0025017684286037603,0.004126703212496787,-0.001149595573944735,-0.014399052258281836,49352.0
-0.020278658522937434,-0.012386353134989338,0.00631320580352641,0.0069974357335210804,-0.008413095331247773,0.002442106579714594,0.004127352665390674,-0.0011451405795459768,-0.014403073007145186,49369.73572834646
0.019416584760110142,-0.009055536514919641,0.007050410175570683,0.0044074023980218285,-0.00884609760671084,0.0023798670218975722,0.004127328761449158,-0.001140634770637125,-0.014407044018494443,49387.82381889764
-0.019339184165477336,0.001785976782851523,0.007180594584994466,0.0015566813014842764,-0.009253986074254124,0.002315099979999434,0.004126641359109869,-0.0011360782202614313,-0.014410965342158522,49405.91190944882
-0.014636789731480254,0.00832685154743371,0.006533154001447296,-0.0014071807706163102,-0.009639102806746201,0.002247855678866913,0.004125300300952757,-0.0011314709856044916,-0.014414837027966327,49424.0
-0.000880665429332376,0.009074192851347085,0.004949365753493769,-0.00432035061547046,-0.010003789877055674,0.002178184343346742,0.004123315444804272,-0.0011268131390983884,-0.014418659125746773,49442.73572834646
0.017785331869570997,0.005558876131394908,0.0024885655134979307,-0.0070179003583984625,-0.010350389358051132,0.002106136198285639,0.00412069665361378,-0.0011221047582980995,-0.014422431685328784,49460.82381889764
0.02732623543920467,-0.000826193739920798,-0.00033583062723605174,-0.009334902124720611,-0.010681243322601184,0.002031761468530369,0.004117453790330623,-0.0011173459207586029,-0.014426154756541281,49478.91190944882
-0.028987257005354893,-0.00677725424187829,-0.0029039286667312146,-0.011106428039757203,-0.010998693843574428,0.001955110378927624,0.004113596717904175,-0.0011125367040348824,-0.014429828389213178,49497.0
0.02040005886248587,-0.005128010248614806,-0.004632873819668306,-0.012167550228828506,-0.01130508299383943,0.0018762331543241489,0.004109135299283793,-0.0011076771856819438,-0.014433452633173374,49514.73572834646
0.029681690109222884,0.0010484593988859924,-0.005164740073782067,-0.012353340817254841,-0.011602752846264821,0.00179518001956669,0.004104079397418824,-0.0011027674432547707,-0.014437027538250801,49532.82381889764
-0.02889695403610889,0.005827300539453552,-0.004426527957810136,-0.011559176789978252,-0.011892940915447127,0.001712001199501961,0.004098438875258629,-0.0010978075543083075,-0.01444055315427438,49550.91190944882
-0.014061426827420743,0.004429668234997254,-0.002382483535225309,-0.009921654570428148,-0.012172466482894629,0.0016267469189766971,0.004092223595752568,-0.001092797596397581,-0.014444029531073023,49569.0
-0.0060225621163574605,-0.0009807921832436707,0.00024213776025291698,-0.007637675441655624,-0.01243704427184353,0.0015394674028376349,0.004085443421850003,-0.0010877376470775691,-0.014447456718475653,49586.73572834646
0.025939837571468526,-0.006387750529333879,0.002400364314177446,-0.004904140686711893,-0.012682389005530086,0.001450212875931514,0.004078108216500275,-0.0010826277839032438,-0.014450834766311173,49604.82381889764
-0.026130764867103137,-0.007881606525989838,0.003046688998299978,-0.0019179515886480897,-0.0129042154071905,0.0013590335631050454,0.004070227842652751,-0.0010774680844295886,-0.014454163724408506,49622.91190944882
0.027327824366764314,-0.0028867645588939992,0.001663491031965103,0.0011278779828593323,-0.013098238200061008,0.0012659796892049715,0.004061812163256796,-0.0010722586262116062,-0.014457443642596568,49641.0
0.0035617305302508956,0.006164966828361119,-0.0006327111075826367,0.004044667599805413,-0.013260172107377824,0.0011711014790780111,0.0040528710412617705,-0.0010669994868042713,-0.01446067457070428,49659.73572834646
-0.03138803541426524,0.011722418917824037,-0.0023005646081252487,0.006620376968366216,-0.013385731852377174,0.0010744491575709297,0.004043414339617012,-0.001061690743762574,-0.014463856558560553,49677.82381889764
-0.019722402723026083,0.007645800405664031,-0.0022205234071304477,0.008713335348907988,-0.01347063215829528,0.000976072949530424,0.004033451921271887,-0.0010563324746414862,-0.014466989655994302,49695.91190944882
0.004396668132249485,-0.0025854000144916334,-0.0007601281705847831,0.010263209948333516,-0.013510587748368361,0.0008760230798032434,0.004022993649175757,-0.0010509247569960008,-0.014470073912834449,49714.0
0.033521170775244094,-0.01314021054892262,0.001273494129690801,0.01129781708388444,-0.013501313345832653,0.0007743497732361135,0.0040120493862779785,-0.0010454676683811174,-0.0144731093789099,49732.73572834646
-0.029064422084302346,-0.0174611384899652,0.0030539581176797525,0.011864231476997989,-0.013438529245671215,0.0006711088264226087,0.004000628995527907,-0.0010399612863517893,-0.014476096104049591,49750.82381889764
-0.029324048179715585,-0.008536845849226904,0.0038089435797004083,0.012009113864727406,-0.013317581816309421,0.0005663960937826007,0.003988742339874897,-0.001034405688463028,-0.014479034138082426,49768.91190944882
-0.014203068135376112,0.010831167603401751,0.0029960795678161166,0.011764626767381445,-0.013133084480936254,0.00046038408483864163,0.003976399282268311,-0.0010288009522698084,-0.014481923530837316,49787.0
0.018532762770964765,0.019716731589068667,0.0001818147620467477,0.011111149604049997,-0.012882639797982393,0.00035326307995219735,0.00396360968565751,-0.0010231471553271113,-0.014484764332143182,49804.73572834646
-0.015355248961791195,0.0015818381312477656,-0.00432993762016616,0.010016219514614191,-0.01256469666307521,0.00024522335948475363,0.003950383412991838,-0.0010174443751899329,-0.01448755659182896,49822.82381889764
0.014780169221783867,-0.01945609048717422,-0.007340160677316292,0.008447373638955251,-0.012177703971842133,0.00013645520379780075,0.0039367303272206736,-0.0010116926894132544,-0.014490300359723539,49840.91190944882
-0.01704696085471591,-0.004059616495454066,-0.005933207276597836,0.006382754129627182,-0.011720110619910558,2.714889325282445e-05,0.003922660291293352,-0.0010058921755520627,-0.014492995685655848,49859.0
0.020596252247365103,0.017932990970271682,-0.001248148567159983,0.003869058712963157,-0.011190365502907907,-8.250529178870786e-05,0.003908183168159242,-0.0010000429111613263,-0.014495642619454789,49876.73572834646
-0.02315608391164254,0.015215025128361006,0.004469018720653705,0.00106813222032016,-0.010586917516461578,-0.00019231707096528447,0.0038933088207676837,-0.0009941449737960358,-0.014498241210949316,49894.82381889764
0.00206850815919425,0.004386796084661665,0.009166775515314082,-0.0018320449938570712,-0.009908215556198958,-0.00030209616391544715,0.003878047112068081,-0.0009881984410112146,-0.014500791509968294,49912.91190944882
0.02219153603463191,-0.00642543585330092,0.01160462245979887,-0.004643492575123761,-0.009152708517747469,-0.00041165229027769954,0.003862407905009741,-0.0009822033903617855,-0.014503293566340685,49931.0
-0.010619653137029072,-0.014002814329960948,0.010737307266765623,-0.007171912860306666,-0.008318845296734517,-0.0005207951696905497,0.003846401062542044,-0.0009761598994027724,-0.014505747429895383,49948.73572834646
-0.017044308547886255,-0.013205677808938308,0.005633099573547224,-0.009197738951318772,-0.007405074788787483,-0.000629334521792541,0.003830036447614352,-0.0009700680456891502,-0.014508153150461318,49966.82381889764
0.015481411617117542,-0.0007130171078264585,-0.0030684869444365975,-0.01049508664134451,-0.006409845889533789,-0.0007370800662221662,0.0038133239231760074,-0.0009639279067759057,-0.014510510777867386,49984.91190944882
-0.015428264467649245,0.01308341260304922,-0.010499560618340927,-0.010836853391271465,-0.0053328258268977285,-0.0008438415226179352,0.0037962733521763707,-0.0009577395602180231,-0.014512820361942512,50003.0
0.01620188254248331,0.00274012916957655,-0.012095512688629876,-0.010024659960185768,-0.0041809398078174465,-0.0009494286106183772,0.0037788945975648063,-0.0009515030835704894,-0.01451508195251562,50021.73572834646
-0.01663297179791867,-0.014121662192324698,-0.008526837416822667,-0.008060910734438159,-0.0029718699708331706,-0.0010536510498620085,0.0037611975222906686,-0.0009452185543882795,-0.014517295599415614,50039.82381889764
0.016340988853007565,-0.0027055467562547143,-0.0018174362849387674,-0.005252068527833666,-0.0017256831043114698,-0.001156318559987352,0.0037431919893033327,-0.0009388860502264079,-0.014519461352471428,50057.91190944882
-0.0161067594481616,0.016218988100678063,0.0048836470638177,-0.0019722116041944984,-0.0004624459966188951,-0.0012572408606329071,0.0037248878615521158,-0.0009325056486398095,-0.01452157926151197,50076.0
0.016956203483516803,0.015563063910300299,0.008632815948934612,0.0014045817726571939,0.0007977745638780138,-0.0013562276714371986,0.0037062950019864115,-0.0009260774271835268,-0.014523649376366151,50093.73572834646
0.002275671786388708,0.006707812481184104,0.008800089459760576,0.004504233338899259,0.0020349117888126965,-0.001453088712038736,0.003687423273555548,-0.0009196014634124822,-0.014525671746862893,50111.82381889764
-0.021976321220930115,-0.0013367911554311215,0.006430844324390918,0.006977224789018758,0.0032288988898186086,-0.0015476337020760356,0.0036682825392089155,-0.0009130778348817273,-0.014527646422831107,50129.91190944882
0.02485850734818828,-0.006452091844206452,0.002742467601301945,0.00860109779501263,0.004359669078529182,-0.001639672361187628,0.0036488826618958532,-0.0009065066191461879,-0.014529573454099732,50148.0
-0.027282310071164828,-0.01662568397826889,-0.0011874941864307546,0.009293234564278509,0.005407155566577878,-0.0017290144090120092,0.0036292335045657134,-0.0008998878937608847,-0.014531452890497662,50165.73572834646
0.02961766493782657,-0.025486067932464537,-0.004310314660004459,0.008999673763527151,0.006351455250557922,-0.0018154695651877105,0.0036093449301678694,-0.0008932217362807956,-0.014533284781853804,50183.82381889764
-0.03290045105329933,-0.025699422236369063,-0.005577267440616458,0.007663929922631762,0.007175189163900065,-0.0018988475493532536,0.0035892268016516605,-0.0008865082242608922,-0.0145350691779971,50201.91190944882
0.03765748457775274,-0.01918526233455537,-0.004289131436413582,0.005279692449708999,0.007868619612988714,-0.0019789580811471253,0.003568888981966468,-0.0008797474352561923,-0.014536806128756448,50220.0
0.030444942003142263,-0.0051926746784570765,-0.001198189183579381,0.0021235284409039613,0.00842387830120678,-0.0020556108802078582,0.003548341334061621,-0.0008729394468216431,-0.01453849568396078,50237.73572834646
-0.022339548297028593,0.011178883108305412,0.0023798415737988393,-0.0012562489354869424,0.008833096931937148,-0.0021286156661739853,0.003527593720886486,-0.0008660843365122349,-0.014540137893439,50255.82381889764
-0.05182048138768996,0.024044978947144448,0.00510763664950149,-0.004289720069035016,0.009088407208562693,-0.0021977821586839958,0.003506656005390441,-0.0008591821818829852,-0.014541732807020018,50273.91190944882
-0.04762115667206438,0.028588985097763676,0.005820113259475164,-0.006579206751477755,0.009181940834466319,-0.0022629200773764163,0.003485538050522801,-0.0008522330604888352,-0.014543280474532771,50292.0
-0.035285781702679604,0.02207742390085918,0.003924550837886786,-0.007961634924462058,0.009105853083060602,-0.0023238627119194512,0.0034642497192329683,-0.0008452370498848024,-0.014544780945806173,50310.73572834646
0.04289043033418008,0.0009287910576422769,0.000319114793240288,-0.00841378423072828,0.008852393507876996,-0.002380537632100185,0.0034428008744702846,-0.0008381942276258589,-0.014546234270669145,50328.82381889764
-0.032376367035731414,-0.027400542511023168,-0.0037364922848114115,-0.007939506568735039,0.008417128375356813,-0.0024328959777353337,0.0034212013791841103,-0.0008311046712669792,-0.01454764049895055,50346.91190944882
0.02094875957110316,-0.020697938295130548,-0.007045615253525545,-0.006558440975516545,0.007811411090517015,-0.0024808888886416556,0.0033994610963237913,-0.0008239684583631812,-0.0145489996804794,50365.0
-0.013005245751461836,0.01582342129263203,-0.008645516446058755,-0.004322250210946971,0.007060346469473388,-0.0025244675046358573,0.003377589888838691,-0.0008167856664694211,-0.014550311865084528,50383.73572834646
-0.0009184528222500876,0.0245424151991652,-0.007517230596886719,-0.0014044866475462713,0.006191653895396498,-0.0025635829655347455,0.0033555976196781613,-0.0008095563731406831,-0.014551577102594892,50401.82381889764
0.011388543366883917,0.0008089331915043241,-0.0030892625813397578,0.0018182818359177254,0.005233052751456797,-0.002598186411155021,0.0033334941517915782,-0.0008022806559319725,-0.014552795442839392,50419.91190944882
-0.013909219913655728,-0.022353824637170266,0.002654125935468487,0.0049233015620504675,0.0042122624208248294,-0.002628228981313456,0.0033112893481282647,-0.0007949585923982429,-0.014553966935646952,50438.0
0.01568076914619795,-0.01508247530208054,0.007396515857171586,0.0074878188534574334,0.0031570022866710787,-0.002653661815826792,0.003288993071637622,-0.000787590260094527,-0.014555091630846482,50455.73572834646
-0.015959947451213485,0.008572021125873469,0.010094800950802134,0.009089080032744069,0.0020949917321660553,-0.002674436054511775,0.0032666151852689786,-0.0007801757365757538,-0.014556169578266916,50473.82381889764
0.01001935728636096,0.019414191370034504,0.009938152246071452,0.009392337510682082,0.001051995005485054,-0.0026905028371851407,0.003244165551971693,-0.0007727150993969472,-0.014557200827737145,50491.91190944882
0.01386341787902339,0.011573240810800965,0.006345779337842481,0.008444864452946522,4.5030849841521395e-05,-0.002701813303663645,0.0032216540346951274,-0.0007652084261130787,-0.014558185429086098,50510.0
0.013633477892994697,-0.00619588947792273,0.0009478103791503162,0.006501925722332702,-0.0009145369864709796,-0.002708318593764034,0.0031990904963886536,-0.0007576557942791479,-0.014559123432142699,50528.73572834646
-0.014494143639581165,-0.01735464770324459,-0.0040513840991341765,0.0038487825838743697,-0.0018162697201399762,-0.002709969571095519,0.0031764845237940804,-0.0007500572814501111,-0.01456001488673587,50546.82381889764
0.01596226233800271,-0.009996069857092173,-0.0068342358058865295,0.0007706963026053148,-0.002649728567853031,-0.00270671281449406,0.003153841418879978,-0.0007424129651809798,-0.014560859842694493,50564.91190944882
-0.012772588679375913,0.008657010589424322,-0.007130385408968,-0.002447071856440709,-0.0034044747462976545,-0.0026984819068156976,0.003131153487634979,-0.0007347229230267258,-0.014561658349847508,50583.0
-0.021207662587589104,0.016365243795689,-0.005044043888551001,-0.005531492555665133,-0.004070069472161452,-0.002685207250973302,0.0031084098561046034,-0.0007269872325423301,-0.014562410458023842,50600.73572834646
0.024178431093912562,-0.001008117968774071,-0.0010617126102075753,-0.008248204558630848,-0.004636073962131956,-0.002666819965796125,0.0030856003662506886,-0.0007192059712827889,-0.014563116217052398,50618.82381889764
-0.02633358015360387,-0.01624932548891317,0.0026174666073635277,-0.010334040122018577,-0.005092049432896715,-0.002643254033778477,0.00306271772370017,-0.0007113792168030831,-0.014563775676762099,50636.91190944882
0.026550864453334093,-0.006694007906760153,0.003924480942916612,-0.011542415445085436,-0.005427557101143285,-0.002614444153331044,0.0030397553499963443,-0.0007035070466581906,-0.014564388886981847,50655.0
0.017196545782663702,0.008711971385440569,0.003089113026326475,-0.011787528012458722,-0.0056321581835591895,-0.002580325022864472,0.003016706666682455,-0.0006955895384031168,-0.014564955897540564,50672.73572834646
-0.020290054689050086,0.0165395448453772,0.0011161209030500887,-0.011220035120035972,-0.005699425959706138,-0.0025408313407894157,0.0029935650953017636,-0.0006876267695928151,-0.01456547675826718,50690.82381889764
0.015175231672367449,0.010607900797243209,-0.0009842733248235079,-0.01002795289296543,-0.005638916500827742,-0.0024959632653311433,0.0029703240573975592,-0.0006796188177822972,-0.01456595151899061,50708.91190944882
-0.0037750258236377635,-0.0043744010135784205,-0.0023829992806322243,-0.008405905764554347,-0.005463936101783326,-0.0024459827939732983,0.0029469769745130697,-0.0006715657605265285,-0.014566380229539757,50727.0
-0.00819748876392024,-0.01656662692128884,-0.0022906273936617342,-0.006556820386277129,-0.005187725597617628,-0.002391217384014212,0.0029235172681915966,-0.0006634676753805114,-0.01456676293974355,50744.73572834646
0.009606615017470468,-0.012351355576437746,-0.0003949462224833625,-0.004557526716779977,-0.004823525823375349,-0.0023319944927521425,0.002899938359976374,-0.0006553246398992301,-0.014567099699430881,50762.82381889764
-0.014470512491426616,0.011345890294165096,0.002177590662536908,-0.002450675448743656,-0.004384577614101228,-0.0022686415774853777,0.0028762336714106824,-0.0006471367316376651,-0.014567390558430699,50780.91190944882
0.02012837307858489,0.015323667019013276,0.003949408254575808,-0.0002789172748489425,-0.0038841218048399984,-0.002201486095512216,0.002852396624037763,-0.0006389040281507796,-0.014567635566571913,50799.0
-0.023492676396419245,-0.006007881576054006,0.003896275704135952,0.001908357950668444,-0.0033353992306363565,-0.0021308555041309254,0.002828420639400899,-0.0006306266069935846,-0.014567834773683423,50817.73572834646
-0.010505112258321594,-0.013496528430321293,0.0028020995040846947,0.004040043014292345,-0.0027516507265350305,-0.002057077260639807,0.002804299139043347,-0.0006223045457210613,-0.014567988229594158,50835.82381889764
0.02087146850104407,-0.005738725911653882,0.0016613932396187586,0.006059248688708277,-0.002146117127580762,-0.0019804788223371467,0.0027800255445083813,-0.0006139379218882028,-0.014568095984133028,50853.91190944882
5.072920723934942e-05,0.0064569329636498165,0.0005763115400359036,0.007914325033540887,-0.0015320392688182574,-0.0019013876465212446,0.0027555932773392607,-0.0006055268130499778,-0.01456815808712896,50872.0
-0.014083025348258438,0.00985399363061349,-0.0005727708826060686,0.009553622108414803,-0.0009226579852922435,-0.001820131190490343,0.0027309957590792313,-0.0005970712967613673,-0.014568174588410867,50889.73572834646
0.01342914392540232,-0.0015424032386315203,-0.0019687088527353645,0.010925489972954701,-0.00033121411204746395,-0.0017370369115427577,0.002706226411271567,-0.0005885714505773645,-0.014568145537807655,50907.82381889764
-0.015966205514724947,-0.007642817192202152,-0.004057026104678691,0.011988029450739584,0.00022905151587138305,-0.0016524322669767709,0.0026812786554595417,-0.0005800273520529562,-0.014568070985148259,50925.91190944882
0.020728533268953183,-0.004288615087802749,-0.007154491599539838,0.01273834442116595,0.0007448980634195763,-0.0015666447140906862,0.002656145913186417,-0.0005714390787431359,-0.014567950980261582,50944.0
-0.025750612737353514,0.0016534667061420074,-0.010663675600271342,0.013183289527584649,0.0012030846955523608,-0.0014800017101827489,0.0026308216059954394,-0.0005628067082028813,-0.014567785572976527,50961.73572834646
0.0011089041069645344,0.005997183801281295,-0.013756161004299322,0.01332971941334654,0.0015903705772250464,-0.001392830712551278,0.0026052991554298827,-0.0005541303179871551,-0.014567574813122056,50979.82381889764
0.031645059088067785,0.0036103368199839926,-0.015812003365319714,0.013181967129846173,0.0018960364653492017,-0.001305459178494545,0.002579571983033004,-0.0005454099856509749,-0.014567318750527036,50997.91190944882
-0.03181441914782992,-0.0057231363503567985,-0.017045148862107548,0.01273347712570817,0.002120251719606327,-0.0012182145653108364,0.0025536335103480906,-0.0005366457887493153,-0.014567017435020417,51016.0
0.030558464940792365,-0.0068980920613850045,-0.01787801632970769,0.01197196331782179,0.002268916231413315,-0.001131424330298445,0.0025274771589183843,-0.0005278378048371637,-0.014566670916431091,51033.73572834646
0.003543164579102594,0.002412839182933456,-0.018376039343812607,0.010882668597457566,0.002348732127131761,-0.001045415930755658,0.0025010963502871413,-0.0005189861114694856,-0.014566279244587992,51051.82381889764
-0.026390487784898418,0.008572381781081991,-0.017170253137296088,0.009437703387780737,0.0023664015331232593,-0.0009605168239807645,0.0024744845059976547,-0.0005100907862012955,-0.01456584246932003,51069.91190944882
0.005557779926468528,0.0005764620411900178,-0.012997454727419021,0.0076052983570218105,0.0023285942155595683,-0.0008770221070821881,0.0024476350475931526,-0.0005011519065875501,-0.014565360640456122,51088.0
0.021851578075158223,-0.010414499980892222,-0.00654228888753934,0.005441699897507553,0.002241827813419463,-0.0007950747499753799,0.0024205413966169155,-0.0004921695501832423,-0.014564833807825191,51106.73572834646
-0.019249570924994217,-0.010245925132686285,0.0009789102031078066,0.0030267726589411287,0.0021124968597575474,-0.0007146946166516369,0.002393196974612229,-0.00048314379454337766,-0.01456426202125615,51124.82381889764
0.016240781096993243,7.292543136637569e-06,0.00817735580328494,0.0004403812910256835,0.0019469732011948503,-0.0006358788846686393,0.0023655952031223174,-0.00047407471722292797,-0.014563645330577895,51142.91190944882
-0.013346670722566015,0.003035125179073348,0.013621148031253982,-0.002237609556535612,0.0017516286843523847,-0.0005586247315841007,0.002337729503690453,-0.0004649623957768588,-0.014562983785619384,51161.0
0.01172039936742138,0.004883914292842498,0.015880992734103754,-0.004929940962866489,0.0015328351558511625,-0.0004829293349557225,0.002309593297859924,-0.00045580690776018474,-0.014562277436209504,51178.73572834646
-0.012079182440820338,0.01231050096103551,0.013468794552189522,-0.007500552800357139,0.0012969644623122085,-0.000408789872341203,0.002281180007173965,-0.00044660833072786846,-0.014561526332177173,51196.82381889764
0.0036247681819213196,0.008966096494686753,0.005733438995091323,-0.00953909418206022,0.0010503884503565563,-0.00033620352129822847,0.00225248305317586,-0.00043736674223491216,-0.014560730523351318,51214.91190944882
0.015534904771117675,-0.001956643515673357,-0.0036003260354027363,-0.010565990098987219,0.000799478966605214,-0.0002651674593845261,0.002223495857408868,-0.0004280822198362939,-0.01455989005956085,51233.0
-0.01566515931389525,-0.010391294931942163,-0.009696481008942277,-0.010101990371411608,0.0005509326869412003,-0.00019567886415777143,0.0021942118414162385,-0.00041875484108699445,-0.01455900499063468,51251.73572834646
0.013544631330937243,-0.0015095873822928711,-0.00916187171511489,-0.007858567095160042,0.00031274560429547923,-0.00012773491317569184,0.0021646244267412556,-0.00040938468354201324,-0.014558075366401734,51269.82381889764
0.007561963722690205,0.00826927100585471,-0.004374805223260525,-0.004305209029341876,9.323854086099719e-05,-6.133278399595204e-05,0.0021347270349271552,-0.00039997182475630665,-0.014557101236690923,51287.91190944882
-0.006188360902540966,0.005430423747826212,0.0009783684940175821,-0.00010082789157167214,-9.926768116927487e-05,3.530345823717536e-06,0.00210451308751723,-0.0003905163422848863,-0.014556082651331168,51306.0
0.004001037011115097,-0.006601345160324366,0.003525080663616497,0.0040956646005360095,-0.000256452239602392,6.685729872562616e-05,0.0020739760060547304,-0.00038101831368272384,-0.014555019660151386,51323.73572834646
-0.004048439585475578,-0.0017255746140364397,0.0009225181226872722,0.007549900615608638,-0.0003699943122453986,0.00012865089715207549,0.0020431092120829285,-0.0003714778165048155,-0.014553912312980486,51341.82381889764
0.005873392023854056,0.006580881398678651,-0.0022255747260986366,0.00924149008402082,-0.00043157307690533744,0.00018891396354537023,0.002011906127145067,-0.0003618949283061424,-0.014552760659647385,51359.91190944882
-0.008495370241583353,-0.0007870060463733977,-0.0012754571533294028,0.00845881347921621,-0.000436398254951841,0.0002476727271471685,0.00198036017278442,-0.00035226972664166383,-0.014551564749981013,51378.0
0.013387277152100252,-0.008623166625689363,0.001625761879554692,0.005790124650261904,-0.00039382966525317926,0.00030507496764489196,0.0019484647705442612,-0.0003426022890664098,-0.01455032463381027,51396.73572834646
0.013803050301083331,-0.004704773053873347,0.0032519797601307686,0.002110708709793907,-0.00031686936323297745,0.00036140356451809475,0.0019162133419678407,-0.0003328926931353246,-0.014549040360964093,51414.82381889764
-0.01695467109583705,0.011144211586270495,0.0028493955734885407,-0.001853324161490352,-0.0002185473275630684,0.0004169693204945405,0.0018835993085984297,-0.0003231410164034166,-0.014547711981271381,51432.91190944882
0.02000935350301314,0.013793122342470512,0.00020595126693958877,-0.005462765618515682,-0.0001118935369153048,0.0004720830383019988,0.0018506160919792894,-0.0003133473364256728,-0.014546339544561056,51451.0
-0.023233108698155612,-0.002790930143637748,-0.0044744846412836745,-0.008091636143576891,-9.937969961505807e-06,0.0005270555206682332,0.0018172571136536775,-0.0003035117307570651,-0.014544923100662018,51468.73572834646
-0.005289782796565434,-0.01681524387509814,-0.007488142686836803,-0.009113956218968792,7.428939462648197e-05,0.0005821975703210132,0.0017835157951648596,-0.00029363427695258665,-0.014543462699403206,51486.82381889764
0.029612321263093908,-0.016630304970028376,-0.005375139693666497,-0.00811687630787493,0.00013024780989921283,0.0006378199899880995,0.0017493855580561113,-0.0002837150525672183,-0.014541958390613537,51504.91190944882
-0.004204943281312828,0.001466296124187534,0.0005302116576593198,-0.005540066797033879,0.0001573534557968768,0.000694233582397231,0.0017148598238706976,-0.00027375413515594413,-0.014540410224121919,51523.0
-0.03381665629469558,0.0187051258733251,0.006972015625351795,-0.002036328054072935,0.00015751174398200533,0.000751749150276217,0.001679932014151872,-0.00026375160227376645,-0.014538818249757262,51540.73572834646
-0.02728044790813513,0.01650117386400308,0.010815503612950889,0.001741539553380604,0.0001327164240823079,0.0008105891583877073,0.0016445955504428677,-0.00025370753147562955,-0.014537182517348497,51558.82381889764
0.03222841721249169,-0.0006610437268519913,0.01051379043501089,0.0051729601911702375,8.539853203273102e-05,0.0008705387851870455,0.0016088438542870022,-0.0002436220003165663,-0.01453550307672454,51576.91190944882
-0.028294518930873987,-0.01731520559986948,0.006101927649256768,0.00782680949171423,1.8413179521172882e-05,0.000930959133376688,0.001572670347227498,-0.0002334950863515179,-0.014533779977714288,51595.0
0.022795645255913856,-0.005003761764107571,-0.0015400593346058613,0.009546400951667726,-6.530058731757114e-05,0.0009911273712121603,0.0015360684508076425,-0.00022332686713549897,-0.014532013270146676,51612.73572834646
-0.017306258808401365,0.015181713053772533,-0.008572503546558688,0.010235601400377412,-0.00016280372234868124,0.001050320666948985,0.001499031586570699,-0.00021311742022349955,-0.014530203003850621,51630.82381889764
-0.007311327295021808,0.013228919618028589,-0.011314085917549378,0.009797536220376471,-0.00027041573262385864,0.0011078161888426674,0.001461553176059909,-0.00020286682317046702,-0.014528349228655032,51648.91190944882
0.004590335641361051,-0.0008968468267294664,-0.009778535873377679,0.008173827004928065,-0.0003814903379408232,0.00116289110514873,0.0014236266408185678,-0.0001925751535314251,-0.014526451994388824,51667.0
0.010769103102446562,-0.011404371668067827,-0.0051078942506181755,0.00552026868703968,-0.0004886398112838263,0.0012148225841227141,0.0013852454023899144,-0.00018224248886134552,-0.014524511350880924,51685.73572834646
-0.009567937125506375,-0.008329939599827802,0.0011618535594067538,0.002230385376190786,-0.0005844764256370906,0.001262887794020116,0.0013464028823172056,-0.00017186890671520315,-0.014522527347960234,51703.82381889764
-0.016860804796348956,0.0016341337373524383,0.006820793857649429,-0.0012532320235171133,-0.0006616124539848584,0.0013063639030964562,0.001307092502143737,-0.00016145448464800034,-0.014520500035455687,51721.91190944882
0.001196866596982325,0.008098361820204236,0.009517413935296253,-0.004502608976492348,-0.0007126601693113767,0.0013445280796072637,0.0012673076834127362,-0.00015099930021469967,-0.014518429463196189,51740.0
0.026231053241746252,0.006710034346496643,0.007720726634489762,-0.007195682399338468,-0.0007302318446008848,0.0013766574918080544,0.0012270418476674925,-0.00014050343097031263,-0.01451631568101065,51757.73572834646
-0.029128913638826474,-0.0029603704170135144,0.0029626014735504667,-0.009214789489793282,-0.000707044009553604,0.0014021315531233993,0.001186290427998214,-0.00012996695446980186,-0.014514158738728015,51775.82381889764
0.016558326059167596,-0.006115017183003643,-0.002463031952284051,-0.01048971342375062,-0.0006362302207338918,0.0014207386576541448,0.0011450569036829178,-0.00011938994826815744,-0.014511958686177167,51793.91190944882
0.028938623174260093,-0.002179521842663046,-0.006461283603892841,-0.01095023737710438,-0.0005110282914220417,0.0014323694446701882,0.0011033467655465756,-0.00010877248992038477,-0.01450971557318703,51812.0
0.01827855261032619,0.00447905882178971,-0.00783054661646959,-0.010522893856529086,-0.00032792670411771566,0.0014369145534414245,0.0010611655044141387,-9.811465698143733e-05,-0.014507429449586539,51829.73572834646
-0.024872580473039974,0.005867977127927873,-0.005898152761403946,-0.009179813411135366,-9.6416618198076e-05,0.0014342646232377522,0.0010185186111106124,-8.741652700632656e-05,-0.014505100365204596,51847.82381889764
0.023355259015590626,-0.001988502317049473,-0.0006937731542944022,-0.007124278798068816,0.0001707601377403985,0.00142430807236226,0.0009754137974277524,-7.667817755003343e-05,-0.014502728369870111,51865.91190944882
0.012867215357143136,-0.006685962505941043,0.004564260219076969,-0.004618173493788653,0.0004608617351012429,0.0014069244352507497,0.0009318676590246202,-6.589968616750224e-05,-0.014500313513412032,51884.0
-0.022198395510956894,-0.0032736729633762573,0.006956130248260014,-0.0019233809747540478,0.0007611463452879678,0.0013819910253721887,0.000887899012527123,-5.5081130413775004e-05,-0.014497855845659234,51902.73572834646
-0.01423400019147044,0.00555892319284512,0.006430128175726476,0.0007145230630092755,0.0010588721397040992,0.0013493851561955726,0.0008435266745611391,-4.42225878438113e-05,-0.014495355416440656,51920.82381889764
0.020991598201223087,0.008876457197444306,0.003553515910444854,0.003124294416077173,0.0013412972897531305,0.0013089841411898892,0.0007987694617525434,-3.332413601258901e-05,-0.014492812275585208,51938.91190944882
-0.019936541280244805,-0.0006937807194473142,-0.0008296750649422557,0.005187398144929514,0.0015956799668386003,0.0012606652938241245,0.0007536461907272202,-2.2385852475107415e-05,-0.014490226472921825,51957.0
0.001332764191423155,-0.010386539452679467,-0.004566598288347367,0.006794399680913826,0.0018092783423640172,0.0012043059275672512,0.0007081756781110616,-1.140781478634745e-05,-0.014487598058279393,51974.73572834646
0.019326643789582647,-0.009161624587788707,-0.00574729695304635,0.007835864455377645,0.001969350587732906,0.0011397833558882584,0.0006623767405299363,-3.9010050128701055e-07,-0.014484927081486852,51992.82381889764
-0.021121638624990984,0.006006497574024383,-0.004788438993795297,0.008239508669382717,0.0020630559640652285,0.0010670738025396914,0.0006162681946097288,1.0667212825092962e-05,-0.014482213592373115,52010.91190944882
0.0001736415772826315,0.011721268455702795,-0.002827663917148762,0.008078168116441867,0.002080639174103926,0.0009865515360569694,0.0005698688569763431,2.176404763778097e-05,-0.014479457640767085,52029.0
0.026246388503132496,0.0036297879153068973,-0.0008595999116415851,0.007447895414158664,0.002026096040081405,0.0008987736511095332,0.0005231975442556376,3.290032638182051e-05,-0.01447665927649769,52047.73572834646
-0.026547820093365322,-0.01102516618738946,0.0008417731851270811,0.006441259693730783,0.0019066062619657184,0.0008045968510370742,0.0004762730730735164,4.407597150221842e-05,-0.01447381854939386,52065.82381889764
0.00980836751415944,-0.011231765147503976,0.002180934807488999,0.00515554599702349,0.0017292752384695353,0.0007049521404346569,0.00042911426005583773,5.5290905443966265e-05,-0.014470935509284463,52083.91190944882
0.01479676523247128,-0.0008958779778715101,0.0030287362844300916,0.0037069030085722854,0.0015012083683055115,0.0006007705238973191,0.0003817399218285088,6.654505065211669e-05,-0.014468010205998463,52102.0
0.016443403688281816,0.008813663862395732,0.003150235712493854,0.0022130183716842907,0.0012295110501863318,0.0004929830060201499,0.0003341688750173971,7.783832957166738e-05,-0.01446504268936478,52119.73572834646
-0.007351061989214624,0.008934620801197413,0.0023926406130741706,0.0007752139153235696,0.000921288682824638,0.00038252059139818424,0.00028641993624839456,8.91706646476374e-05,-0.01446203300921229,52137.82381889764
-0.008255711212795074,0.0010095940268794342,0.0010388612680200904,-0.0005229975104794494,0.0005836466649331285,0.00027031428462648646,0.00023851192214738691,0.00010054197832502745,-0.01445898121536994,52155.91190944882
0.007350564200681606,-0.006845571204597439,-0.0003419656975903643,-0.0016017610624537288,0.00022369039522445445,0.00015729509030012228,0.00019046364934024475,0.00011195219304887493,-0.014455887357666643,52174.0
-0.009396893235202404,9.951293046728732e-05,-0.0012024805568596304,-0.002381221897328248,-0.0001514747275887301,4.4394013014146796e-05,0.00014229393445286908,0.0001234012312641714,-0.014452751485931305,52192.73572834646
0.013127526663249714,0.004896042062205439,-0.0012629779910876722,-0.0027909462401848194,-0.0005347433047937298,-6.745794263637883e-05,9.40215941111213e-05,0.0001348890154159573,-0.014449573649992855,52210.82381889764
-0.016766436542011206,-0.001330751575472929,-0.00048183729773904445,-0.002816586584599049,-0.0009190050350442524,-0.00017732977205640868,4.566544494090553e-05,0.00014641546794922112,-0.014446353899680192,52228.91190944882
-0.007989195375915857,-0.0035488952102335843,0.00036598321232055644,-0.0025276276133671814,-0.0012963268659211713,-0.0002842904706508724,-2.7556964319168878e-06,0.00015798051130902168,-0.014443092284822264,52247.0
0.020284464875268228,-0.0008964563254033207,0.0005313353376766181,-0.002015308330352294,-0.0016554185163872531,-0.00038740903382469973,-5.122301338143265e-05,0.0001695840679403016,-0.014439788855247947,52264.73572834646
0.0006586450252949169,0.002132370976104052,0.00019698998494821224,-0.0013749085237561944,-0.001983627509541179,-0.0004857544569828416,-9.971768928179262e-05,0.00018122606028814109,-0.014436443660786186,52282.82381889764
-0.019315735703289493,0.0031202640527009376,-0.00020944947362030775,-0.0007143700813478065,-0.0022681616046501952,-0.000578395735530237,-0.00014822090750709572,0.0001929064107975347,-0.014433056751265895,52300.91190944882
0.018354135540016397,0.0012449005148659307,-0.00033765963134912936,-0.00013924880535769147,-0.0024962285609815174,-0.0006644018648718459,-0.00019671385143145922,0.0002046250419134985,-0.014429628176515986,52319.0
0.015857852537588316,-0.0013592474386930997,-0.00018898605874676321,0.00029699295906698874,-0.0026550361378023983,-0.0007428418404125859,-0.000245177704428979,0.00021638187608102093,-0.014426157986365368,52336.73572834646
-0.017942301838617263,-0.00386550281881735,0.00012796321021195159,0.0005732614502191735,-0.0027317920943800787,-0.000812784657557405,-0.00029359364987381197,0.00022817683574515778,-0.014422646230642969,52354.82381889764
0.01892026857791204,-0.005231501930908994,0.000495017715327288,0.0006780253326166627,-0.0027136232384482504,-0.0008733802632447681,-0.0003419428711400541,0.00024000984335090055,-0.014419092959177692,52372.91190944882
-0.005429939919871424,-0.0027150393414015783,0.0008268859949436361,0.00060541413526501,-0.002591483976259448,-0.0009242327343313709,-0.0003902065516018318,0.00025188082134327443,-0.014415498221798467,52391.0
-0.022443323806272127,0.002079950612145186,0.0011681115714011643,0.00037520671532337237,-0.0023741782411659997,-0.0009655483943443922,-0.00043836587463323776,0.00026378969216729544,-0.014411862068334218,52408.73572834646
-0.012897761632341836,0.006590757534329045,0.0015707909291082186,4.346827100290112e-05,-0.0020799608112613997,-0.0009976638905951954,-0.0004864020236084108,0.00027573637826796426,-0.014408184548613843,52426.82381889764
-0.0017373881044392893,0.009351927185050204,0.002076744330256801,-0.00032213491724686604,-0.0017284113246611792,-0.001020915870395153,-0.0005342961819014712,0.00028772080209029386,-0.014404465712466246,52444.91190944882
2.914494835813137e-05,0.00936098538921034,0.0026735310521436378,-0.0006453623975942894,-0.0013388855482471152,-0.0010356409810556371,-0.0005820295328865208,0.0002997428860793247,-0.014400705609720385,52463.0
0.010304393710342934,0.005607737576195493,0.0031624885888198702,-0.0008485800628772466,-0.0009293987388420575,-0.0010421758698880234,-0.0006295832599376952,0.0003118025526800819,-0.01439690429020516,52481.73572834646
0.02516747626004768,-0.0025825663816153523,0.003299191859316305,-0.0008635624598885929,-0.0005148012615281967,-0.0010408590114430905,-0.000676936719189672,0.0003238997243375204,-0.014393061803749461,52499.82381889764
-0.022754107350272588,-0.012253422736822076,0.0028733162771361026,-0.0006629099196332023,-0.00010485404038682547,-0.0010320376508374733,-0.0007240604962113548,0.0003360343234966959,-0.01438917820018223,52517.91190944882
0.019591787302982465,-0.008798631124769599,0.001763656984302294,-0.00027084735356434393,0.00029184586382544395,-0.0010160667068601,-0.0007709175028992773,0.0003482062726026427,-0.014385253529332395,52536.0
-0.0009674068043164415,0.005415084221343439,2.8661702413617355e-05,0.0002633830570457561,0.0006667021261802398,-0.0009933025599082033,-0.0008174691895416966,0.00036041549410033107,-0.014381287841028845,52553.73572834646
-0.014648188607219148,0.013210271967838404,-0.002230828166167473,0.0008868044615574494,0.0010111184217490984,-0.0009641015704073651,-0.0008636770263985176,0.0003726619104347922,-0.014377281185100503,52571.82381889764
0.005056861543816426,0.0021912420667057706,-0.004709651089330597,0.0015464400093310406,0.0013164984256036417,-0.0009288193741785185,-0.0009095032083343302,0.0003849454440510635,-0.014373233611376301,52589.91190944882
0.015041592147840625,-0.011916404898575107,-0.0062853650159734,0.002189312849726838,0.0015742458128154338,-0.0008878090081976039,-0.0009549125290586532,0.00039726601739413346,-0.014369145169685139,52608.0
-0.01692404130067915,-0.012408101599032231,-0.005728687695960305,0.0027630321921721366,0.0017757642584560233,-0.0008414228647222504,-0.0009998704269993503,0.00040962355290902425,-0.014365015909855934,52625.73572834646
0.01892090852730588,0.0006532589061311406,-0.0026062125658382397,0.0032175514863619224,0.0019124574375970324,-0.0007900133360101204,-0.0010443423405842854,0.0004220179730407701,-0.014360845881717633,52643.82381889764
0.01808805649752971,0.011065833746978688,0.0017941631518362678,0.0035034102420580964,0.0019757290253100096,-0.0007339328143188215,-0.0010882937082412976,0.0004344492002343535,-0.014356635135099122,52661.91190944882
0.005142543971164464,0.010325487208017873,0.005826308584614061,0.0035692923304872495,0.0019588383352018876,-0.0006735336919059979,-0.0011316899683982572,0.0004469171569348118,-0.01435238371982931,52680.0
-0.02020115362826744,0.0024575753610287217,0.008200767010432538,0.0033550495155759558,0.0018639470479103947,-0.0006092386207600736,-0.0011744965594830215,0.0004594217655871396,-0.014348091685737122,52697.73572834646
0.0033445677306410317,-0.0061865362226769995,0.008322104112147063,0.002809879197741124,0.00170099173416652,-0.0005417512917926893,-0.0012166789199234455,0.0004719629486363743,-0.014343759082651493,52715.82381889764
0.01594356973346779,-0.007942524520618619,0.005682114679678755,0.0019601250118370136,0.0014813887775907298,-0.00047184565564626605,-0.0012582024881474048,0.00048454062852751665,-0.014339385960401315,52733.91190944882
-0.012727646231019503,0.0010073183679574133,0.0003649380860063602,0.0008937614281959754,0.0012165545618034901,-0.0004002956629632764,-0.0012990327025827271,0.0004971547277055948,-0.014334972368815528,52752.0
0.00961173108113519,0.007041660419100564,-0.005039754063327802,-0.0002900392458952144,0.0009179054704252243,-0.0003278752643861259,-0.001339135001657291,0.0005098051686156157,-0.01433051835772303,52770.73572834646
-0.007743618376840432,-0.002138309895457163,-0.00813967936773525,-0.0014921047031497881,0.0005968578870764289,-0.0002553584105572505,-0.0013784748237989546,0.0005224918737026043,-0.014326023976952755,52788.82381889764
0.008279853015469091,-0.006866387346588688,-0.008460439851212488,-0.0026132626362809367,0.0002648281953775305,-0.00018351905211909852,-0.0014170176074355663,0.0005352147654115495,-0.014321489276333593,52806.91190944882
-0.011610990551392425,0.004842928952312315,-0.006219574687575051,-0.0035700158157906787,-6.676722105100204e-05,-0.00011313113971408457,-0.0014547287909949867,0.0005479737661874822,-0.014316914305694482,52825.0
0.016823026978780038,0.007316564112665713,-0.0025836588299542394,-0.00434156732333595,-0.00038651197858870863,-4.4968623984650795e-05,-0.0014915738129051026,0.0005607687984754353,-0.014312299114864336,52843.73572834646
-0.000261017923085666,-0.0024717820393404294,0.001190732716809746,-0.004922795318362434,-0.0006829896936151109,2.0194544426724e-05,-0.001527518111593712,0.0005735997847203897,-0.01430764375367206,52861.82381889764
-0.026000401724999938,-0.008089092311053843,0.004436060520357065,-0.00530857796031582,-0.0009447839825097949,8.15844148776496e-05,-0.0015625271254887279,0.0005864666473673981,-0.014302948271946597,52879.91190944882
0.026995411004248817,0.0016734720110602051,0.006647151728220989,-0.0054937930691222395,-0.001160478801171897,0.00013842703672569613,-0.0015965662930179894,0.0005993693088614551,-0.014298212719516826,52898.0
-0.007424998810350558,0.00914027339966356,0.007379264235027161,-0.005472853755349319,-0.001319122814858985,0.00018994845932839387,-0.0016296010526093377,0.0006123076916475446,-0.014293437146211684,52915.73572834646
-0.018492607929051726,0.009172805620686291,0.006292866671595898,-0.005251839224260468,-0.0014138829383455107,0.0002353747320433405,-0.0016615968426906623,0.0006252817181707329,-0.014288621601860096,52933.82381889764
-0.017991346182725788,0.0014907450391131803,0.0035483355171521858,-0.004890444687180543,-0.0014474474571949236,0.0002739319042280785,-0.0016925191016898026,0.0006382913108760209,-0.014283766136290966,52951.91190944882
0.013088456432024108,-0.009714133122415971,-4.586709678450235e-05,-0.004461885194769803,-0.0014249511370274318,0.00030502800041975537,-0.0017223332680346146,0.0006513363922084108,-0.014278870799333212,52970.0
-0.001068870685606739,-0.009343835859732395,-0.003518156216021413,-0.00403937579768847,-0.0013522566441814853,0.0003287989458737331,-0.0017510047801529687,0.0006644168846129278,-0.014273935640815753,52987.73572834646
-0.008696673558287557,0.000212562412773727,-0.005914204045946106,-0.003696131546596803,-0.0012354086201752036,0.0003455626410250183,-0.0017784990764727162,0.000677532710534594,-0.014268960710567512,53005.82381889764
0.008288860614364062,0.009991264675310101,-0.0067031190095932815,-0.0035053674921550343,-0.0010804517065265745,0.0003556369863085259,-0.0018047815954217118,0.0006906837924183977,-0.014263946058417392,53023.91190944882
-0.004194609347215276,0.009296884780456783,-0.005658110090439063,-0.0035214369438428027,-0.0008934486179190348,0.0003593482905963487,-0.0018298261838649269,0.0007038700527093766,-0.014258891734194312,53042.0
